{"id":"3a6fc865-e844-4ca6-9d93-c707cfd5f7a0","category":"晋江论坛→网友交流区→碧水江汀 欢迎回来：53088456  退 出","postSubject":"主题：虚假排雷还追着骂各种阴谋论的评论，大家会删掉吗？ [2] 【搜索关键词：排雷】","postUrl":"https://bbs.jjwxc.net/showmsg.php?board=17&keyword=%C5%C5%C0%D7&id=1889250","originalPost":"骂了之后我跟她解释了，她又追着我怼了四五楼各种阴谋论，在第一章，这种评论要删掉吗？\n删掉会不会又回来刷负？\n不删的话真的很影响涨幅和其他读者观感。","numberOfReplies":2,"comments":[{"comment":"删吧，打负就举报违规排雷，很快的","commentTime":"2022-05-09 21:55:31","commentOwner":"= ="},{"comment":"骂了之后我跟她解释了，她又追着我怼了四五楼各种阴谋论，在第一章，这种评论要删掉吗？\n删掉会不会又回来刷负？\n不删的话真的很影响涨幅和其他读者观感。\n№0 ☆☆☆。|889ea5d7于2022-05-09 21:55:02留言☆☆☆\nfpb","commentTime":"2022-05-09 21:55:47","commentOwner":"。"}]}