{"id":"ca035e75-3edb-4954-b54a-7ae550162ede","category":"晋江论坛→网友交流区→碧水江汀 请稍候...","postSubject":"主题：暴躁发言，各种乱七八糟理由负分排雷的请圆润离开好吗 [0] 【搜索关键词：排雷】","postUrl":"https://bbs.jjwxc.net/showmsg.php?board=17&keyword=%C5%C5%C0%D7&id=1648162","originalPost":"看完免费章，就开始给打扯各种理由打负分排雷，正常读者试读完不喜欢就溜了，就你还逼逼赖赖给你能耐的！\n这么喜欢排雷，去玩扫雷啊，雷震子都没您雷点多","numberOfReplies":0,"comments":[]}