{"id":"edb5febb-6a24-416c-9bb0-25f0e1686703","category":"晋江论坛→网友交流区→碧水江汀 请稍候...","postSubject":"主题：如果养崽文，感情线比较后面，cp还没有定，这要怎么排雷啊？ [3] 【搜索关键词：排雷】","postUrl":"https://bbs.jjwxc.net/showmsg.php?board=17&keyword=%C5%C5%C0%D7&id=1653408","originalPost":"已经作话说明cp未定了，我排雷买股吗？感觉怪怪的，主线也不是买股","numberOfReplies":3,"comments":[{"comment":"现在是一边读者喊我无cp为什么不在无cp，一边读者喊我为什么买股不排雷，因为太后面我没大纲啊！","commentTime":"2021-11-27 16:30:41","commentOwner":"=="},{"comment":"cp会是崽崽长大后买股吗？\n那就这样说\n不过养崽文最好定个吧，要不然肯定还是崽崽期就有人嗑，感觉怪怪的？","commentTime":"2021-11-27 16:30:52","commentOwner":"= ="},{"comment":"cp会是崽崽长大后买股吗？\n那就这样说\n不过养崽文最好定个吧，要不然肯定还是崽崽期就有人嗑，感觉怪怪的？\n№2 ☆☆☆= =|d0b773cc于2021-11-27 16:30:52留言☆☆☆\n可能偏买股？我目前想先主亲情线，后面稳定了走感情线，因为我真的还没定，但写着就算没那个意思，肯定也会有人嗑，otz","commentTime":"2021-11-27 16:34:04","commentOwner":"=="}]}