{"id":"88e29cb6-43a1-4ded-b0a4-82a09b53f40a","category":"晋江论坛→网友交流区→碧水江汀 欢迎回来：53088456  退 出","postSubject":"主题：要相信沉默的大多数吧，一个排雷的评论底下有人说感谢排雷云云，然后隔几章我又看见他的评论了 [6] 【搜索关键词：排雷】","postUrl":"https://bbs.jjwxc.net/showmsg.php?board=17&keyword=%C5%C5%C0%D7&id=1913977","originalPost":"这就是没走，还接着看呢？","numberOfReplies":4,"comments":[{"comment":"我有次看一个夹子前排评论区腥风血雨，读者区也吵得不可开交，但是那本文从夹五变成了夹二","commentTime":"2022-05-25 08:45:47","commentOwner":"。"},{"comment":"无法理解，看不下去还要强行看","commentTime":"2022-05-25 08:45:55","commentOwner":"。"},{"comment":"有个读者每章都要留评骂，但是一直看到了最新章。","commentTime":"2022-05-25 08:49:24","commentOwner":"哈哈"},{"comment":"有个读者每章都要留评骂，但是一直看到了最新章。\n№3 ☆☆☆哈哈|d167f378于2022-05-25 08:49:24留言☆☆☆\n哈哈哈哈哈哈哈哈哈哈哈哈哈哈哈这个读者看文时候应该挺纠结啊","commentTime":"2022-05-25 08:50:34","commentOwner":"。"}]}