{"id":"3453e6dc-4a6c-447c-a34c-3109726c0e68","category":"晋江论坛→网友交流区→碧水江汀 欢迎回来：53088456  退 出","postSubject":"主题：发泄贴，某些读者真是以为是的排雷和ky不自知 [10] 【搜索关键词：排雷】","postUrl":"https://bbs.jjwxc.net/showmsg.php?board=17&keyword=%C5%C5%C0%D7&id=1863673","originalPost":"还换小号，还改名字，知不知道点进专栏看的都是一样的啊，掩耳盗铃装什么路人，人身攻击作者的最ex了，骂的就是直接上来人身攻击作者的","numberOfReplies":10,"comments":[{"comment":"有排雷还非得踩一脚，就显你了呗，指导什么指导，连正文都不看，你看个文案排雷还指导作者，你脸真大啊","commentTime":"2022-04-23 16:40:23","commentOwner":"。"},{"comment":"这样其实还好，最主要的是有的时候排雷的话竟然会拿作者和排雷，提示我还是个作者哟，简直大无语事件。","commentTime":"2022-04-23 16:41:12","commentOwner":"。"},{"comment":"换小号刷负，噗，时间差都没多少，点进专栏风格都差不多，留言的时候换名字，精，分啊","commentTime":"2022-04-23 16:41:32","commentOwner":"。"},{"comment":"这样其实还好，最主要的是有的时候排雷的话竟然会拿作者和排雷，提示我还是个作者哟，简直大无语事件。\n№2 ☆☆☆。|8f14d08b于2022-04-23 16:41:12留言☆☆☆\n哦，对，这个读者小号点进去，就能看到，我还是个作者哟，一看就是在jj想写文，但是还没签约上的，一个号注册90天，小号注册10天，啥都不懂，倒是挺自以为是","commentTime":"2022-04-23 16:43:12","commentOwner":"。"},{"comment":"最无语的是，过两天三还要来看看自己的评论，怎么，指导作者的评论，还想着作者回复你，有没有听你话是吧","commentTime":"2022-04-23 16:44:44","commentOwner":"。"},{"comment":"真的有够无语了哈，看完结文不爽，但是有排雷，不好再撒泼，就换小号到我连载文刷负，真特么吐了","commentTime":"2022-04-23 16:46:04","commentOwner":"。"},{"comment":"作者排雷是给看完就弃文的读者，那些看了排雷还要踩一脚的读者，有点自知之明吧，是作者排雷了，还没把你们伺候好，是吧","commentTime":"2022-04-23 17:13:10","commentOwner":"。"},{"comment":"文案排雷了还要在评论区排，排了看见自己评论被压下去了还要再发，说就是腿毛捂嘴作者玻璃心，到底谁玻璃心啊","commentTime":"2022-04-23 17:23:47","commentOwner":"。"},{"comment":"每当看到造谣式排雷，曲解式排雷，我都深感有的人脑子比直肠还拉","commentTime":"2022-04-23 17:30:53","commentOwner":"。"},{"comment":"每当看到造谣式排雷，曲解式排雷，我都深感有的人脑子比直肠还拉\n№9☆☆☆。|b7873348于2022-04-23 17:30:53留言☆☆☆\n。","commentTime":"2022-04-23 17:32:58","commentOwner":"=="}]}