{"id":"6a8d80a3-615f-4e8d-8c73-19ae3fd4a2a5","category":"晋江论坛→网友交流区→碧水江汀 欢迎回来：53088456  退 出","postSubject":"主题：服了，为什么不看文案不看排雷？ [5] 【搜索关键词：排雷】","postUrl":"https://bbs.jjwxc.net/showmsg.php?board=17&keyword=%C5%C5%C0%D7&id=1916248","originalPost":"我文案说了不是女强大女主，标了无脑爽文，隔几天就有人跑出来骂女主不够自强，我真服了","numberOfReplies":5,"comments":[{"comment":"我标了娇妻娇妻看不到吗？","commentTime":"2022-05-26 17:05:50","commentOwner":"。"},{"comment":"气死了气死了，我娇妻言情文写男女主互动怎么了，还“失望”，你为什么要点进来？想看女主自立自强去看女尊、无cp、大女主啊","commentTime":"2022-05-26 17:09:14","commentOwner":"。"},{"comment":"标了也会有人故意来杠……压下去就是了","commentTime":"2022-05-26 17:09:58","commentOwner":"。"},{"comment":"我标了无脑文，然后骂我那些角色都不带脑子吗？我真的好想回你自己都不带脑子看文案，有什么脸骂别人","commentTime":"2022-05-26 17:11:21","commentOwner":"= ="},{"comment":"“先说明我不是杠精，不是极端女拳，不是进行写作指导”\n不是你提前说明这么多？是不是你心里没数吗？","commentTime":"2022-05-26 17:12:30","commentOwner":"。"}]}