{"id":"6de8bac5-ba64-45b8-9753-0349b648a229","category":"晋江论坛→网友交流区→碧水江汀 请稍候...","postSubject":"主题：刚在dy刷到个排雷视频，男主太穷 [15] 【搜索关键词：排雷】","postUrl":"https://bbs.jjwxc.net/showmsg.php?board=17&keyword=%C5%C5%C0%D7&id=1723543","originalPost":"现在穷人不能做男主？这也是雷了吗！！","numberOfReplies":15,"comments":[{"comment":"现在的〒_〒真是千奇百怪","commentTime":"2022-01-18 12:18:45","commentOwner":"……"},{"comment":"？","commentTime":"2022-01-18 12:18:51","commentOwner":"。"},{"comment":"前期可以穷，后期必须富","commentTime":"2022-01-18 12:19:01","commentOwner":"。"},{"comment":"……有些人的雷点真的是雷在磕我想不到的地方（没有恶意，只是感慨）","commentTime":"2022-01-18 12:19:25","commentOwner":"打年糕"},{"comment":"说实话大家看网文就是为了爽，俗称nai头乐\n不看帅哥美女有钱人看啥啊\n正经传统文学几乎都是写底层小人物的，两种受众完全不同，不用太生气","commentTime":"2022-01-18 12:19:37","commentOwner":"=="},{"comment":"我给别人推文，别人问我，男主有钱吗？我瞬间不想回了，男主一个高中生，我说有快七位数的存款了，又有人说，还真不算多，我尼玛","commentTime":"2022-01-18 12:20:11","commentOwner":"。"},{"comment":"正常，大家都是穷人，谁想在网络小说里看男主怎么社畜，怎么还房贷车贷……想想都窒息，不用看小说，身边一抓一大把","commentTime":"2022-01-18 12:21:43","commentOwner":"=="},{"comment":"因为大家想看看别人的生活，不想休息的时候还看自己的苦逼生活","commentTime":"2022-01-18 12:23:31","commentOwner":"。"},{"comment":"人家想看不穷的男主是有罪吗？\n你管别人雷什么呢？没虚假排雷就行","commentTime":"2022-01-18 12:23:47","commentOwner":"= ="},{"comment":"开局可以穷，不接受穷到后期\n当然如果是高武世界主角很牛，那怎么都无所谓","commentTime":"2022-01-18 12:26:16","commentOwner":"= ="},{"comment":"物质上可以穷，但精神上不可以。\n不过想了想网文也不能写先烈","commentTime":"2022-01-18 12:27:16","commentOwner":"= ="},{"comment":"ls说的都对，只是我没想到这也是雷点之一","commentTime":"2022-01-18 12:28:48","commentOwner":"。"},{"comment":"你要习惯，主角太富也是有些人的雷点，也有一些人看不了太富的","commentTime":"2022-01-18 12:33:25","commentOwner":"……"},{"comment":"没在书留言区要求作者排雷就行，沧桑","commentTime":"2022-01-18 12:44:51","commentOwner":"。"},{"comment":"当然雷了","commentTime":"2022-01-18 12:47:24","commentOwner":"。"}]}