{"id":"76ba3927-2f19-489e-854a-34d75eb2602c","category":"晋江论坛→网友交流区→碧水江汀 欢迎回来：53088456  退 出","postSubject":"主题：排雷实在太多，我觉得应该以毒攻毒吧，最简单的写一篇百毒文！ [19] 【搜索关键词：排雷】","postUrl":"https://bbs.jjwxc.net/showmsg.php?board=17&keyword=%C5%C5%C0%D7&id=1964400","originalPost":"具体包含虐身虐心虐全家，替身换心换肾换眼换肝换骨换腿，死男主男二女主全家男主全家最后保留一个书名类似幸存者名单，最好背负全刑法，在骨科无法实现的情况下可搞物理骨科，最好逻辑全无，制作成一本百毒文，只要此书出可保一方平安！！！","numberOfReplies":19,"comments":[{"comment":"哈哈哈哈哈哈好刺激","commentTime":"2022-06-27 22:22:21","commentOwner":"！"},{"comment":"真吐槽，这排啥雷啊，我那几年的古早文那叫一个狠，要我说就那是虐不够，害得我看不到一些作者比较冲动的文了，可惜！","commentTime":"2022-06-27 22:23:34","commentOwner":"隐白"},{"comment":"我在某免费小说外站看过一本差不多的，很多离谱情节，还有重生，我记得女主指甲全被拔了，被关在狗笼子里","commentTime":"2022-06-27 22:24:35","commentOwner":"。"},{"comment":"哈哈哈，镇魂文","commentTime":"2022-06-27 22:25:18","commentOwner":"。"},{"comment":"这个排雷就叫：你的雷区我都有。","commentTime":"2022-06-27 22:25:28","commentOwner":"。"},{"comment":"书名就取《向阳而生》。\n再配一张卖萌可爱系封面，再文案搞搞诈骗表示绝世小甜文，骂到金榜可保全站平安。","commentTime":"2022-06-27 22:25:28","commentOwner":"=="},{"comment":"草，什么舍生取义","commentTime":"2022-06-27 22:26:20","commentOwner":"。"},{"comment":"小时候看过一个和亲的，男主死活不承认自己喜欢女主，女主被虐成傻子，因为心智宛如幼童，被一个很胖很老的大臣qb，毒得我7、8年都没忘","commentTime":"2022-06-27 22:26:40","commentOwner":"。"},{"comment":"这就写","commentTime":"2022-06-27 22:27:37","commentOwner":"= ="},{"comment":"哈哈哈哈","commentTime":"2022-06-27 22:29:39","commentOwner":"。"},{"comment":"哈哈哈哈哈，想看","commentTime":"2022-06-27 22:30:29","commentOwner":"，"},{"comment":"书名就取《向阳而生》。\n再配一张卖萌可爱系封面，再文案搞搞诈骗表示绝世小甜文，骂到金榜可保全站平安。\n№6☆☆☆==|f5843972于2022-06-27 22:25:28留言☆☆☆\n听我说谢谢你","commentTime":"2022-06-27 22:30:38","commentOwner":"。"},{"comment":"你写我一定看","commentTime":"2022-06-27 22:31:16","commentOwner":"HHHHGK"},{"comment":"写吧，我必开小号砸雷谢你舍身取义","commentTime":"2022-06-27 22:31:16","commentOwner":"。"},{"comment":"写吧，想看","commentTime":"2022-06-27 22:31:52","commentOwner":"。"},{"comment":"女主一定要反覆无常\n一会儿要挥剑断情丝，一会儿对过去念念不忘","commentTime":"2022-06-27 22:32:45","commentOwner":"。"},{"comment":"写！","commentTime":"2022-06-27 22:33:55","commentOwner":"。。"},{"comment":"蹲","commentTime":"2022-06-27 23:52:16","commentOwner":"。"},{"comment":"我觉得可，你信不信只要你能无视评论区，你这文的订阅就不会少","commentTime":"2022-06-27 23:57:54","commentOwner":"= ="}]}