{
  "id": "6c314b46-16de-4581-9491-edff27adaeab",
  "category": "晋江论坛→网友交流区→碧水江汀 欢迎回来：53088456  退 出",
  "postSubject": "主题：原来被虚假排雷是这么个感受 [5] 【搜索关键词：排雷】",
  "postUrl": "https://bbs.jjwxc.net/showmsg.php?board=17&keyword=%C5%C5%C0%D7&id=1900899",
  "originalPost": "rt\n我内心气疯了：我有写过这个剧情？我的剧情是这么个意思吗？",
  "numberOfReplies": 5,
  "comments": [
    {
      "comment": "好想把她头摁在那一段上让她看清楚我写的是个什么意思",
      "commentTime": "2022-05-17 00:48:54",
      "commentOwner": "。"
    },
    {
      "comment": "好像有点凶残，但是真的好心梗",
      "commentTime": "2022-05-17 00:51:22",
      "commentOwner": "。"
    },
    {
      "comment": "一般是同行，只想诅咒她",
      "commentTime": "2022-05-17 00:52:08",
      "commentOwner": "。。"
    },
    {
      "comment": "一般是同行，只想诅咒她\n№3 ☆☆☆。。|c54f3651于2022-05-17 00:52:08留言☆☆☆\n如果是同行，那真的诅咒她扑死",
      "commentTime": "2022-05-17 01:01:23",
      "commentOwner": "。"
    },
    {
      "comment": "凶残",
      "commentTime": "2022-05-17 01:03:52",
      "commentOwner": "……"
    }
  ]
}