{"id":"3d0f22b6-07d0-4c8f-bf2a-3d7af44a980d","category":"晋江论坛→网友交流区→碧水江汀 请稍候...","postSubject":"主题：又没人人感觉排雷约等于剧透？ [33] 【搜索关键词：排雷】","postUrl":"https://bbs.jjwxc.net/showmsg.php?board=17&keyword=%C5%C5%C0%D7&id=1728776","originalPost":"感觉不喜欢作者文案排很多雷，很细致那种，会让我感觉很懵逼","numberOfReplies":33,"comments":[{"comment":"都是被逼的…","commentTime":"2022-01-21 13:13:37","commentOwner":"。"},{"comment":"我不知道自己有哪些雷点，一般看到不喜欢的地方就直接弃了，每本都不一样，可能有些文写得舒服就没有感觉","commentTime":"2022-01-21 13:17:18","commentOwner":"。。"},{"comment":"我经历了这样的过程：没标排雷，被骂-紧急标上-标不全，被骂-马上补充（循环几次）-发现自己根本标不全，反正会被骂-全部删掉，爱谁谁\n你再坚持一下，可能作者就快到最后一个阶段了（不是","commentTime":"2022-01-21 13:18:04","commentOwner":"= ="},{"comment":"我现在就面临这个问题……\n我如果排雷吧，基本整个核心梗全拆出来了，不排吧有本类似梗的隔壁被挂了两页出来……","commentTime":"2022-01-21 13:19:15","commentOwner":"。"},{"comment":"我只支持排大众雷点，耽生子这种，像隔壁那种，排了不就是剧透吗，而且今天人格分裂排了，明天是不是性格暴躁什么的也要排？把大纲放上去得了","commentTime":"2022-01-21 13:19:46","commentOwner":"。"},{"comment":"我现在就面临这个问题……\n我如果排雷吧，基本整个核心梗全拆出来了，不排吧有本类似梗的隔壁被挂了两页出来……\n№4 ☆☆☆。|f21249ab于2022-01-21 13:19:15留言☆☆☆\n排雷就和把大结局和幕后黑手名字写文案上是一样的……","commentTime":"2022-01-21 13:19:48","commentOwner":"。"},{"comment":"我一点不想排雷，但是有杠精会骂，也会在文下排雷","commentTime":"2022-01-21 13:20:06","commentOwner":"。。"},{"comment":"至于具体的雷点读者自己去评论区排评论区看，但这样又避免不了虚假排雷","commentTime":"2022-01-21 13:21:17","commentOwner":"。"},{"comment":"我不排，骂我也随便，也不删评，骂就骂了","commentTime":"2022-01-21 13:22:32","commentOwner":"= ="},{"comment":"作为读者，个人很喜欢看有排雷和剧透的评论，因为可以知道会不会踩雷。","commentTime":"2022-01-21 13:23:49","commentOwner":"= ="},{"comment":"以前雷文看多了（当时不觉得雷），现在都没什么感觉了。\n想当年我也是看过生子文的人or2","commentTime":"2022-01-21 13:24:06","commentOwner":"。"},{"comment":"俺觉得排大众雷点就行，洁不洁，BE还HE，，生子不生子（纯爱）\n就……其他的没要求了","commentTime":"2022-01-21 13:24:19","commentOwner":"=="},{"comment":"我也","commentTime":"2022-01-21 13:24:46","commentOwner":"。"},{"comment":"作为读者，个人很喜欢看有排雷和剧透的评论，因为可以知道会不会踩雷。\n№10 ☆☆☆= =|73f120b7于2022-01-21 13:23:49留言☆☆☆\n这个确实，我以前看一个文，攻后面和女人结婚了，受被迫一直藏在暗处，妈啊幸亏我提前看了排雷","commentTime":"2022-01-21 13:24:51","commentOwner":"。"},{"comment":"而且我可能杂食党，我甚至不喜欢标he或者是be","commentTime":"2022-01-21 13:25:21","commentOwner":"。"},{"comment":"反正我讨厌排雷……看到雷点自己会撤的。。","commentTime":"2022-01-21 13:26:21","commentOwner":"。"},{"comment":"而且我可能杂食党，我甚至不喜欢标he或者是be\n№15 ☆☆☆。|7dd9d4eb于2022-01-21 13:25:21留言☆☆☆\n喜欢开放式结局的赞一个","commentTime":"2022-01-21 13:26:30","commentOwner":"。。"},{"comment":"历史引用 展开全部▼\n排雷就和把大结局和幕后黑手名字写文案上是一样的……\n№6 ☆☆☆。|f21249ab于2022-01-21 13:19:48留言☆☆☆\n突然想到，以后是不是一个你根本想不到的角色是凶手都要排雷，因为前期这个角色被塑造得很好","commentTime":"2022-01-21 13:27:45","commentOwner":"。"},{"comment":"好烦，我准备了一本剧情流的大纲，男女主感情方面相爱相杀，我不想文案说明，要不就没拆礼物的感觉了。本来想写剧情上冲突导致两个人感情的拉扯。\n这样再表明，感觉我的文在文案上就被看光了","commentTime":"2022-01-21 13:27:46","commentOwner":"。"},{"comment":"怎么排都排不完，因为每个人的雷点都不一样。哪怕排雷排了五百字，依然会有杠精跳脚说没排全。还不如只放大众雷点，排雷排太多实在影响观看。","commentTime":"2022-01-21 13:28:16","commentOwner":"。"},{"comment":"大众雷点应该排，比如be，换攻，生子，性向频道写无cp，主角是否有前任（已婚）什么的\n还有买股和切片这种特殊的总得说一下吧\n其余的我无所谓","commentTime":"2022-01-21 13:28:22","commentOwner":"——"},{"comment":"买股切片无cp都不标那就是自己找骂","commentTime":"2022-01-21 19:22:13","commentOwner":"。"},{"comment":"大众雷点应该排，比如be，换攻，生子，性向频道写无cp，主角是否有前任（已婚）什么的\n还有买股和切片这种特殊的总得说一下吧\n其余的我无所谓\n№21 ☆☆☆——|d45dfc3a于2022-01-21 13:28:22留言☆☆☆\n是的，大众雷点有必要，但是我觉得太多了太细了的那种没有必要，比如说攻受双向奔赴，攻前期箭头稍粗一点，受后期箭头稍粗一点这种，放在文案上很懵逼，我觉得感情的事情不好说，看文的时候就很懵逼，会一直想到底他咋箭头粗了，啊他早就喜欢上了呀。带着这种想法会冲淡看文的直观感受，规定好了就不想看了","commentTime":"2022-01-21 22:32:21","commentOwner":"。。"},{"comment":"历史引用 展开全部▼\n是的，大众雷点有必要，但是我觉得太多了太细了的那种没有必要，比如说攻受双向奔赴，攻前期箭头稍粗一点，受后期箭头稍粗一点这种，放在文案上很懵逼，我觉得感情的事情不好说，看文的时候就很懵逼，会一直想到底他咋箭头粗了，啊他早就喜欢上了呀。带着这种想法会冲淡看文的直观感受，规定好了就不想看了\n№23 ☆☆☆。。|5d4d9084于2022-01-21 22:32:21留言☆☆☆\n举个例子。。。。。。","commentTime":"2022-01-21 22:32:51","commentOwner":"。。"},{"comment":"感觉到了……","commentTime":"2022-01-21 22:36:42","commentOwner":"zwz"},{"comment":"要是能支持配置两个版本文案就好了。\n加个切换按钮，默认显示不排雷版文案，愿意看排雷（剧透）的读者就点一下切换按钮，显示排雷内容。","commentTime":"2022-01-21 22:41:42","commentOwner":"。"},{"comment":"要是能支持配置两个版本文案就好了。\n加个切换按钮，默认显示不排雷版文案，愿意看排雷（剧透）的读者就点一下切换按钮，显示排雷内容。\n№26 ☆☆☆。|a5baf103于2022-01-21 22:41:42留言☆☆☆\n好主意","commentTime":"2022-01-23 12:56:54","commentOwner":"。。"},{"comment":"是的，比如追妻火葬场，本来是跟着剧情猜能不能成功\n现在，文案里都写得清清楚楚\n就少了很多乐趣","commentTime":"2022-01-23 12:59:31","commentOwner":"。"},{"comment":"是的，比如追妻火葬场，本来是跟着剧情猜能不能成功\n现在，文案里都写得清清楚楚\n就少了很多乐趣\n№28         ☆☆☆。|b4f6a1f7☆于2022-01-23 12:59:31留言        ☆☆☆\n最受不了的是前世的误会也要排雷\n本来情绪是跟着恨前世的大渣男，然后知道真相后恍悟\n现在……","commentTime":"2022-01-23 13:01:05","commentOwner":"。"},{"comment":"是的，比如追妻火葬场，本来是跟着剧情猜能不能成功\n现在，文案里都写得清清楚楚\n就少了很多乐趣\n№28 ；＆ＮＢＳＰ；＆ＮＢＳＰ；＆ＮＢＳＰ；＆ＮＢＳＰ；＆ＮＢＳＰ；＆ＮＢＳＰ；＆ＮＢＳＰ; ☆☆☆。|b4f6a1f7☆于2022-01-23 12:59:31留言 ；＆ＮＢＳＰ；＆ＮＢＳＰ；＆ＮＢＳＰ；＆ＮＢＳＰ；＆ＮＢＳＰ；＆ＮＢＳＰ；＆ＮＢＳＰ;☆☆☆\n最受不了的是前世的误会也要排雷\n本来情绪是跟着恨前世的大渣男，然后知道真相后恍悟\n现在……\n№29☆☆☆。|b4f6a1f7于2022-01-23 13:01:05留言☆☆☆\n可是设计误会的作者\n不准读者骂男主啊…\n作者自己觉得有误会觉得男主被骂委屈","commentTime":"2022-01-23 13:01:59","commentOwner":"。"},{"comment":"噗，才发现标题字打错了，囧","commentTime":"2022-01-23 13:02:12","commentOwner":"。。"},{"comment":"是的，比如追妻火葬场，本来是跟着剧情猜能不能成功\n现在，文案里都写得清清楚楚\n就少了很多乐趣\n№28 ☆☆☆。|b4f6a1f7于2022-01-23 12:59:31留言☆☆☆\n追妻hzc和换cp文侧重点都不一样……一个是酸爽狗血，一个虐渣复仇新恋情，\n目标人群都不一样","commentTime":"2022-01-23 13:02:32","commentOwner":"=="},{"comment":"是的，比如追妻火葬场，本来是跟着剧情猜能不能成功\n现在，文案里都写得清清楚楚\n就少了很多乐趣\n№28 ；＆ＮＢＳＰ；＆ＮＢＳＰ；＆ＮＢＳＰ；＆ＮＢＳＰ；＆ＮＢＳＰ；＆ＮＢＳＰ；＆ＮＢＳＰ; ☆☆☆。|b4f6a1f7☆于2022-01-23 12:59:31留言 ；＆ＮＢＳＰ；＆ＮＢＳＰ；＆ＮＢＳＰ；＆ＮＢＳＰ；＆ＮＢＳＰ；＆ＮＢＳＰ；＆ＮＢＳＰ;☆☆☆\n最受不了的是前世的误会也要排雷\n本来情绪是跟着恨前世的大渣男，然后知道真相后恍悟\n现在……\n№29☆☆☆。|b4f6a1f7于2022-01-23 13:01:05留言☆☆☆\n可是设计误会的作者\n不准读者骂男主啊…\n作者自己觉得有误会觉得男主被骂委屈\n№30         ☆☆☆。|9ade4127☆于2022-01-23 13:01:59留言        ☆☆☆\n为了不被骂男主排的很少吧\n主要都是，如果不说是误会的话，很多人看了文案就不会看文了。\n现在读者就冲着甜宠来的，很多文案如果不排雷，就会被当做非甜宠弃掉","commentTime":"2022-01-23 13:05:01","commentOwner":"。"}]}