{"id":"5c48ed72-b9ba-4416-a5cf-94508a79ab28","category":"晋江论坛→网友交流区→碧水江汀 请稍候...","postSubject":"主题：现言娱乐圈文戏中戏比较多也要排雷吗 [23] 【搜索关键词：排雷】","postUrl":"https://bbs.jjwxc.net/showmsg.php?board=17&keyword=%C5%C5%C0%D7&id=1659971","originalPost":"搞不懂了呜呜","numberOfReplies":23,"comments":[{"comment":"好家伙","commentTime":"2021-12-02 16:46:45","commentOwner":"= ="},{"comment":"果真bs顶流","commentTime":"2021-12-02 16:47:53","commentOwner":"。"},{"comment":"啊这","commentTime":"2021-12-02 16:48:56","commentOwner":"=="},{"comment":"好家伙\n№1☆☆☆= =|937ada4b于2021-12-02 16:46:45留言☆☆☆\n就，很不理解","commentTime":"2021-12-02 16:49:00","commentOwner":"。。"},{"comment":"如果戏中戏不是男女主对手，或者和主线无关的话，会有不喜欢看剧情的读者觉得你在水文。","commentTime":"2021-12-02 16:49:01","commentOwner":"。"},{"comment":"对我而言是雷，会让我觉得你在水文","commentTime":"2021-12-02 16:49:37","commentOwner":"。"},{"comment":"如果戏中戏不是男女主对手，或者和主线无关的话，会有不喜欢看剧情的读者觉得你在水文。\n№5☆☆☆。|d4a6667b于2021-12-02 16:49:01留言☆☆☆\n全是男女主对手戏，或者女主高光戏。现在就很两极分化，一部分人在说戏中戏很精彩，另一部分说戏中戏太多了","commentTime":"2021-12-02 16:51:42","commentOwner":"。。"},{"comment":"代表个人，不看戏中戏，综艺可以","commentTime":"2021-12-02 16:52:35","commentOwner":"。"},{"comment":"代表个人，非常讨厌大篇幅戏中戏","commentTime":"2021-12-02 16:54:33","commentOwner":"。"},{"comment":"迷惑  那拍戏就一笔带过吗\n我个人很喜欢戏中戏","commentTime":"2021-12-02 16:54:54","commentOwner":"。"},{"comment":"我记得有个咸蛋的 受也是娱乐圈的 里面的虐恋戏中戏很火 然后还专门被人做了出来","commentTime":"2021-12-02 16:55:01","commentOwner":"。"},{"comment":"代表个人，不看戏中戏，综艺可以\n№8☆☆☆。|692b997c于2021-12-02 16:52:35留言☆☆☆\n可是主线就是女主一路拍戏到影后","commentTime":"2021-12-02 16:55:35","commentOwner":"。。"},{"comment":"迷惑 ；＆ＮＢＳＰ;那拍戏就一笔带过吗\n我个人很喜欢戏中戏\n№10☆☆☆。|73e3f966于2021-12-02 16:54:54留言☆☆☆\n我也很喜欢呜呜呜根本不准备写综艺","commentTime":"2021-12-02 16:55:50","commentOwner":"。。"},{"comment":"剧情流可以写多点，但是鲜艳就……","commentTime":"2021-12-02 16:56:27","commentOwner":"。"},{"comment":"我也不太喜欢剧中剧，除了那种带着暗示男女主感情线的那种剧。对我而言是雷，但是作者不排我可能就提桶跑路，作者排了我可能就跳定。碰到很喜欢的作者就买了然后不看。","commentTime":"2021-12-02 16:57:05","commentOwner":"全区最美仙女"},{"comment":"俺看到戏中戏就原地跳过的（挠头）","commentTime":"2021-12-02 16:57:06","commentOwner":"厚椰乳莓莓"},{"comment":"如果你能把它写成男主女主花式play，应该没有读者会拒绝？\n我已经开始噌噌噌冒灵感了","commentTime":"2021-12-02 16:57:16","commentOwner":"。"},{"comment":"我记得有个咸蛋的 受也是娱乐圈的 里面的虐恋戏中戏很火 然后还专门被人做了出来\n№11 ☆☆☆。|915edc85于2021-12-02 16:55:01留言☆☆☆\n我应该看过你说的那本，我觉得那本戏中戏很好，比原本的主线剧情写得好","commentTime":"2021-12-02 17:41:27","commentOwner":"。"},{"comment":"有的文戏中戏比本文都还要好看，所以看文，我平常是不喜欢戏中戏的","commentTime":"2021-12-02 17:42:44","commentOwner":"。"},{"comment":"个人不太喜欢，特别不喜欢里面权谋戏中戏","commentTime":"2021-12-02 17:43:41","commentOwner":"。"},{"comment":"情敌每天都在变美，那个剧中剧东宫特别火啊","commentTime":"2022-04-18 13:16:58","commentOwner":"。"},{"comment":"我还蛮喜欢这个套路的，现在都是综艺了，可能也和这几年没什么好看的国产剧有关系（。","commentTime":"2022-04-18 13:18:38","commentOwner":"。"},{"comment":"出现这种情况，大概率是你的戏中戏不好看","commentTime":"2022-04-18 13:19:02","commentOwner":"=="}]}