{"id":"e171616d-9ad1-4f7c-9354-7e7062a35df5","category":"晋江论坛→网友交流区→碧水江汀 欢迎回来：53088456  退 出","postSubject":"主题：原来同时写主攻和主受真的会被排雷 [25] 【搜索关键词：排雷】","postUrl":"https://bbs.jjwxc.net/showmsg.php?board=17&keyword=%C5%C5%C0%D7&id=1821113","originalPost":"尤其是我主攻和主受的人设一样时\n读者有没有想过，我喜欢这么唯主角第一的偏激人设是因为我既不是攻控也不是受控\n我是主角控呢？\n本来还想写狗血虐文\n这下不敢了\n明明我写什么题材都会在文案标好的，我又不诈骗，也不突然喂shi","numberOfReplies":25,"comments":[{"comment":"不要太在意一两个读者说什么，我就是啥都写","commentTime":"2022-03-28 11:06:20","commentOwner":"。"},{"comment":"这是真的，特别主攻写过虫族的，我围观过，很可怕。\n所以我把主攻预收都隐藏了准备开马甲OTL","commentTime":"2022-03-28 11:06:33","commentOwner":"。"},{"comment":"不要太在意一两个读者说什么，我就是啥都写\n№1 ☆☆☆。|5ff5057f于2022-03-28 11:06:20留言☆☆☆\n唉，就是第一次遇见因为我两个都写排雷的，有点懵","commentTime":"2022-03-28 11:07:49","commentOwner":"= ="},{"comment":"这是真的，特别主攻写过虫族的，我围观过，很可怕。\n所以我把主攻预收都隐藏了准备开马甲OTL\n№2 ☆☆☆。|281e8dee于2022-03-28 11:06:33留言☆☆☆\n不想开马甲，三无太难了，就是有点伤心，我每本都好好排雷的，而且因为自己被喂过shi，所以我从来不神来一笔突然改风格","commentTime":"2022-03-28 11:09:06","commentOwner":"= ="},{"comment":"因为这个今天被排雷两次\n狠狠无语了\n世界上真没那么多非黑即白，不是攻控就是受控","commentTime":"2022-03-28 17:48:53","commentOwner":"= ="},{"comment":"气得码字码到一半想去理论\n我以后还想跨性向，不得被人骂死","commentTime":"2022-03-28 17:49:48","commentOwner":"= ="},{"comment":"我还不敢删，怕被缠住！！！","commentTime":"2022-03-28 17:52:45","commentOwner":"= ="},{"comment":"不要太在意一两个读者说什么，我就是啥都写\n№1 ☆☆☆。|5ff5057f★★于2022-03-28 11:06:20留言☆☆☆\n排一下大哥\n正常读者才是大多数","commentTime":"2022-03-28 17:54:44","commentOwner":"。"},{"comment":"排雷是读者自由\n排给有需要的人\n你们的“正常读者”看到排这个又不会在意","commentTime":"2022-03-28 18:03:41","commentOwner":"= ="},{"comment":"排雷是读者自由\n排给有需要的人\n你们的“正常读者”看到排这个又不会在意\n№9 ☆☆☆= =|ad546997于2022-03-28 18:03:41留言☆☆☆\n但是我被认为是为了恰烂钱写主受不可以生气吗？自己的热爱被别人说成这样\n她又不是一句主攻主受排雷，还加了自己的臆想","commentTime":"2022-03-28 18:18:58","commentOwner":"= ="},{"comment":"删掉就可以了，不用在意，总会遇到杠精的","commentTime":"2022-03-28 18:19:54","commentOwner":"。"},{"comment":"历史引用 展开全部▼\n但是我被认为是为了恰烂钱写主受不可以生气吗？自己的热爱被别人说成这样\n她又不是一句主攻主受排雷，还加了自己的臆想\n№10 ☆☆☆= =|1a5f1443于2022-03-28 18:18:58留言☆☆☆\n受控就是这么霸道。洁党只是要求角色洁，受控却要求作者也要“洁”","commentTime":"2022-03-28 18:23:09","commentOwner":"= ="},{"comment":"排给介意的人呗，不是虚假排雷吧？","commentTime":"2022-03-28 18:29:31","commentOwner":"。。。"},{"comment":"你不会是今天读者区被吐槽的那个吧，揉揉咕咕","commentTime":"2022-03-28 18:31:51","commentOwner":"= ="},{"comment":"管天管地管读者排雷呢？你直接评论区对线呗","commentTime":"2022-03-28 18:34:44","commentOwner":"= ="},{"comment":"你不会是今天读者区被吐槽的那个吧，揉揉咕咕\n№14 ☆☆☆= =|b2c1d784于2022-03-28 18:31:51留言☆☆☆\n读者区每天被排雷的很多，今天确实有我，不过你应该说的不是我，今天没多少人讨论我吧","commentTime":"2022-03-28 18:35:09","commentOwner":"= ="},{"comment":"看楼里评论，就能看出读者作者想法不同了","commentTime":"2022-03-28 18:36:44","commentOwner":"。"},{"comment":"写主攻虫族的作者我默认他是攻控，来写主受文我会拉黑，都是血的教训","commentTime":"2022-03-28 18:37:31","commentOwner":"。"},{"comment":"管天管地管读者排雷呢？你直接评论区对线呗\n№15 ☆☆☆= =|1fb7696c于2022-03-28 18:34:44留言☆☆☆\n她可以排雷，我不接受臆想排雷你懂吗？\n她只说我做过的事我无所谓，我不接受的是她说我没做过的事\n而且你怎么知道我没在我评论区说呢","commentTime":"2022-03-28 18:37:59","commentOwner":"= ="},{"comment":"直接删掉\n作者专栏一看便知，还需要她重复？","commentTime":"2022-03-28 18:38:21","commentOwner":"。"},{"comment":"写主攻虫族的作者我默认他是攻控，来写主受文我会拉黑，都是血的教训\n№18 ☆☆☆。|06a651d4于2022-03-28 18:37:31留言☆☆☆\nbgbl跨我都不雷，但这个真的接受不良，每个人雷点不同，楼主无视他们吧","commentTime":"2022-03-28 18:39:11","commentOwner":"。"},{"comment":"不用管，kk圈地罢了，没人要求主受必须是sk主攻必须是gk","commentTime":"2022-03-28 18:39:51","commentOwner":"= ="},{"comment":"历史引用 展开全部▼\n她可以排雷，我不接受臆想排雷你懂吗？\n她只说我做过的事我无所谓，我不接受的是她说我没做过的事\n而且你怎么知道我没在我评论区说呢\n№19 ☆☆☆= =|1a5f1443于2022-03-28 18:37:59留言☆☆☆\nlz惨。别理那些人。真的不明白，为什么一旦作者写了主攻之后，写主受就被说恰烂钱，俺真的不明白。一直以为主受或主攻只是一个视角问题。况且两个男人谈恋爱为什么一定要分得这么清。","commentTime":"2022-03-28 18:43:12","commentOwner":"。"},{"comment":"不用管，看看你的小钱钱就知道这些挑刺的都是少数，我主攻还虐攻呢，有人骂又咋滴？还不一样多的是人看","commentTime":"2022-03-28 18:50:10","commentOwner":"。"},{"comment":"我不懂，为啥还要排雷作者写啥性向。不喜欢的那本不看不就完了，其他读者也会自己看是什么性向什么视角吧？\n不过刚好排掉极端读者，往好处想","commentTime":"2022-03-28 18:50:38","commentOwner":"。"}]}