{"id":"400dece1-5091-43d5-b98b-c6926ec16acd","category":"晋江论坛→网友交流区→碧水江汀 请稍候...","postSubject":"主题：被订阅零，评论一条的小号到文下问排雷了，无语 [1] 【搜索关键词：排雷】","postUrl":"https://bbs.jjwxc.net/showmsg.php?board=17&keyword=%C5%C5%C0%D7&id=1788472","originalPost":"唯一一条评论就是我这里","numberOfReplies":1,"comments":[{"comment":"问完放心再去看dw","commentTime":"2022-03-05 16:47:17","commentOwner":"。"}]}