{"id":"5984248e-519e-44a3-8387-69245b174733","category":"晋江论坛→网友交流区→碧水江汀 欢迎回来：53088456  退 出","postSubject":"主题：观隔壁有感，隔壁那本真的是梦想照进现实了吧，火，但是排雷几大十页，隔壁排雷贴据说几百个了，还都是高楼 [24] 【搜索关键词：排雷】","postUrl":"https://bbs.jjwxc.net/showmsg.php?board=17&keyword=%C5%C5%C0%D7&id=1913581","originalPost":"rt\n这种情况还能若无其事的更新我真的是佩服的，果然是钱不赚白不赚啊。\n随你骂，我收益高就好","numberOfReplies":24,"comments":[{"comment":"其实收益低了。\n原来首金，现在分频十几名。","commentTime":"2022-05-24 23:01:48","commentOwner":"。"},{"comment":"你不会说我妻吧，但是我妻暴雷之前上了首金，暴雷之后一路跌，分金都16还是18名了","commentTime":"2022-05-24 23:02:13","commentOwner":"。"},{"comment":"噢\n可它之前在首金啊\n现在分金十几名欸～","commentTime":"2022-05-24 23:02:41","commentOwner":"=="},{"comment":"话说真的这种恐怖法，大家真的愿意拿收益来换嘛（沉思","commentTime":"2022-05-24 23:02:57","commentOwner":"小号可证"},{"comment":"收藏虚高，收益逐日下跌","commentTime":"2022-05-24 23:03:29","commentOwner":"。"},{"comment":"话说真的这种恐怖法，大家真的愿意拿收益来换嘛（沉思\n№4☆☆☆小号可证|a4db24be于2022-05-24 23:02:57留言☆☆☆\n不看就行，但是她目前成绩下降了，保持住的话我愿意","commentTime":"2022-05-24 23:03:36","commentOwner":"。"},{"comment":"但是它收藏还是好高啊，我还以为……\n原来还是掉收益了啊，呵呵，ykg值得","commentTime":"2022-05-24 23:03:46","commentOwner":"小号可证"},{"comment":"联动他版违规","commentTime":"2022-05-24 23:04:05","commentOwner":"- -"},{"comment":"这本书之前是跟赛博，她作死等捆绑吹的，暴雷之前，隔壁读者区还有挂标题说推荐希望这种类型的大女主文。结果剧情诈骗，把大家都惹怒了","commentTime":"2022-05-24 23:04:18","commentOwner":"。"},{"comment":"ykg是啥意思","commentTime":"2022-05-24 23:05:10","commentOwner":"。"},{"comment":"ykg是啥意思\n№10☆☆☆。|2f2be961于2022-05-24 23:05:10留言☆☆☆\nyou know green","commentTime":"2022-05-24 23:06:03","commentOwner":"。"},{"comment":"5个pbc还屏不住这本文我真是服了……","commentTime":"2022-05-24 23:06:06","commentOwner":"心如止水花开富贵"},{"comment":"ykg是啥意思\n№10☆☆☆。|2f2be961于2022-05-24 23:05:10留言☆☆☆\nyou know green，隔壁给她取的花名，她不是青青绿嘛","commentTime":"2022-05-24 23:06:14","commentOwner":"。"},{"comment":"这本已经有点疯魔了，因为女主名字叫程丹若，是石榴的别称，而石榴的传统寓意是多子，也是排雷点，文字狱都没这么恐怖","commentTime":"2022-05-24 23:07:24","commentOwner":"。"},{"comment":"这本已经有点疯魔了，因为女主名字叫程丹若，是石榴的别称，而石榴的传统寓意是多子，也是排雷点，文字狱都没这么恐怖\n№14 ☆☆☆。|4154110a于2022-05-24 23:07:24留言☆☆☆\n你是不是漏了作者一直在文中强调女主讨厌石榴……还有男主明知女主讨厌石榴还给女主取了石榴相关的字","commentTime":"2022-05-24 23:08:40","commentOwner":"。"},{"comment":"这本已经有点疯魔了，因为女主名字叫程丹若，是石榴的别称，而石榴的传统寓意是多子，也是排雷点，文字狱都没这么恐怖\n№14 ☆☆☆。|4154110a于2022-05-24 23:07:24留言☆☆☆\n但凡她没有强调女主讨厌石榴寓意","commentTime":"2022-05-24 23:10:55","commentOwner":"= ="},{"comment":"这种暴雷程度收益不可能高吧，而且绝对影响她后续的文，没看分金上这本书都被2万收藏的压了","commentTime":"2022-05-24 23:18:52","commentOwner":"。"},{"comment":"关于主角名字，其实我觉得还是g刻意的….女主都明确表明不喜欢石榴了男主还这样搞，说明g知道丹若的含义，并且有意往多子上靠","commentTime":"2022-05-24 23:19:01","commentOwner":"=="},{"comment":"历史引用 展开全部▼\n但凡她没有强调女主讨厌石榴寓意\n№16 ☆☆☆= =|fbcdbc9e于2022-05-24 23:10:55留言☆☆☆\n？什么叫女主讨厌石榴但不讨厌释义？这还能分开？另外女主都讨厌石榴了男主给她取的字还是石榴别称。另外，作者为什么给取这个名字呢？名和男主取的字都是石榴，咋的还能是因为她喜欢吃石榴啊","commentTime":"2022-05-24 23:19:16","commentOwner":"。"},{"comment":"我记得这篇文之前首金前三，现在分金十八被一两万收藏的文压的死死的，收益降了很多，作者还在微博说哭收益","commentTime":"2022-05-24 23:20:45","commentOwner":"。"},{"comment":"别外楼……要打出去打","commentTime":"2022-05-24 23:20:47","commentOwner":"。"},{"comment":"……说明那些什么作者本身戏精、胡言乱语的，只要不是大火作者，其实问题会有但不大……恶心到真正看你文的人会出事","commentTime":"2022-05-24 23:22:44","commentOwner":"。"},{"comment":"我记得这篇文之前首金前三，现在分金十八被一两万收藏的文压的死死的，收益降了很多，作者还在微博说哭收益\n№20☆☆☆。|049aa21e于2022-05-24 23:20:45留言☆☆☆\n哈哈哈哈哈哈这样啊，我爽了，她值得！！\n就是为啥收藏还虚高呢，十几万，虚假繁荣，大家都不取收嘛","commentTime":"2022-05-24 23:24:56","commentOwner":"。"},{"comment":"历史引用 展开全部▼\n哈哈哈哈哈哈这样啊，我爽了，她值得！！\n就是为啥收藏还虚高呢，十几万，虚假繁荣，大家都不取收嘛\n№23 ☆☆☆。|a4db24be于2022-05-24 23:24:56留言☆☆☆\n其实被她恶心到的应该大部分都是正版读者，我看到评论区排雷的还有好多给她投了雷的，啧","commentTime":"2022-05-24 23:26:24","commentOwner":"。"}]}