{"id":"3a76389c-4642-40e4-9b4c-c7e93578a8c7","category":"晋江论坛→网友交流区→碧水江汀 欢迎回来：53088456  退 出","postSubject":"主题：问个问题，按照新规，如果我写清穿，男主皇帝有妃子，这种被读者负分排雷了 [19] 【搜索关键词：排雷】","postUrl":"https://bbs.jjwxc.net/showmsg.php?board=17&keyword=%C5%C5%C0%D7&id=1961485","originalPost":"我能删吗","numberOfReplies":18,"comments":[{"comment":"那肯定不能啊","commentTime":"2022-06-25 19:49:31","commentOwner":"。"},{"comment":"你还想删呢！男非女处，男主有后宫，这不值得一个本月排雷拉黑作者名单吗！","commentTime":"2022-06-25 19:50:20","commentOwner":"= ="},{"comment":"......","commentTime":"2022-06-25 19:57:01","commentOwner":"，，，"},{"comment":"哈哈哈哈","commentTime":"2022-06-25 19:57:25","commentOwner":"。"},{"comment":"拉黑拉黑","commentTime":"2022-06-25 19:57:56","commentOwner":"。"},{"comment":"你还想删呢！男非女处，男主有后宫，这不值得一个本月排雷拉黑作者名单吗！\n№2 ☆☆☆= =|adb7beec于2022-06-25 19:50:20留言☆☆☆\n顺便给你扣个厌女雌竞拜diao的大帽子","commentTime":"2022-06-25 19:59:03","commentOwner":"=="},{"comment":"会在意这个的读者不会看清穿男主皇帝的文，那你又何必管这个评论。","commentTime":"2022-06-25 20:01:27","commentOwner":"。"},{"comment":"会在意这个的读者不会看清穿男主皇帝的文，那你又何必管这个评论。\n№7 ☆☆☆。|da9f6107于2022-06-25 20:01:27留言☆☆☆\n杠精无处不在","commentTime":"2022-06-25 20:05:28","commentOwner":"。"},{"comment":"会在意这个的读者不会看清穿男主皇帝的文，那你又何必管这个评论。\n№7         ☆☆☆。|da9f6107于2022-06-25 20:01:27留言        ☆☆☆\n清穿上夹被打都已经是日经了","commentTime":"2022-06-25 20:06:42","commentOwner":"。"},{"comment":"清穿这个题材以后，可能只存在在武侠分类了","commentTime":"2022-06-25 20:07:30","commentOwner":"。"},{"comment":"清穿这个题材以后，可能只存在在武侠分类了\n№10 ☆☆☆。|b89b82a1于2022-06-25 20:07:30留言☆☆☆\n哈哈哈哈哈哈哈哈","commentTime":"2022-06-25 20:07:46","commentOwner":"。"},{"comment":"然后我写男主皇帝只爱女主一个 不收后宫\n又会被杠不现实\n皇帝怎么可能不纳妾？？？","commentTime":"2022-06-25 20:09:01","commentOwner":"。"},{"comment":"会在意这个的读者不会看清穿男主皇帝的文，那你又何必管这个评论。\n№7 ☆☆☆。|da9f6107于2022-06-25 20:01:27留言☆☆☆\n怎么会，如果能真不去看，也不会总有人声讨清穿文了。","commentTime":"2022-06-25 20:10:01","commentOwner":"……"},{"comment":"清穿文上夹子前排回有帖，夹子看不到她们还会去古穿和衍言看，回来发帖骂。","commentTime":"2022-06-25 20:11:20","commentOwner":"……"},{"comment":"历史引用 展开全部▼\n顺便给你扣个厌女雌竞拜diao的大帽子\n№6 ☆☆☆==|1eeb76c8于2022-06-25 19:59:03留言☆☆☆\n可以，虽然我不看清穿文\n但我看了好心疼","commentTime":"2022-06-25 20:12:15","commentOwner":"。"},{"comment":"清穿文上夹子前排回有帖，夹子看不到她们还会去古穿和衍言看，回来发帖骂。\n№14 ☆☆☆……|71ce7543于2022-06-25 20:11:20留言☆☆☆\n呃，这到底是什么心理","commentTime":"2022-06-25 20:12:35","commentOwner":"。"},{"comment":"历史引用 展开全部▼\n穿清不造反菊花XXX\n满x族也配写，犯贱！\n雌竞！\n你对不起汉族！\n女主那么厉害为什么不穿汉唐宋明！\n……\n这是总能看到的理由，异族王朝近代史耻辱，很多人不喜欢这个朝代能理解，但不理解她们主动开帖骂清穿题材。我很喜欢看清穿文，但不会拿清穿文混淆历史上的清朝。\n№17 ☆☆☆……|71ce7543于2022-06-25 20:17:06留言☆☆☆\n好家伙，原来事黄汉\n虽然我不喜欢清朝，但我也不喜欢皇汉","commentTime":"2022-06-25 20:19:37","commentOwner":"。"},{"comment":"历史引用 展开全部▼\n可以，虽然我不看清穿文\n但我看了好心疼\n№15 ☆☆☆。|75bd6356于2022-06-25 20:12:15留言☆☆☆\n。","commentTime":"2022-06-25 20:39:22","commentOwner":"。"}]}