{"id":"c5609100-e436-41a9-8bba-4c049b9d1782","category":"晋江论坛→网友交流区→碧水江汀 欢迎回来：53088456  退 出","postSubject":"主题：你们读者号看文时会给负分，评论区排雷吗？ [62] 【搜索关键词：排雷】","postUrl":"https://bbs.jjwxc.net/showmsg.php?board=17&keyword=%C5%C5%C0%D7&id=1918587","originalPost":"rt","numberOfReplies":62,"comments":[{"comment":"不会","commentTime":"2022-05-27 23:51:11","commentOwner":"。"},{"comment":"不会，","commentTime":"2022-05-27 23:53:42","commentOwner":"。"},{"comment":"不会，但有时候火气上来了我可能会对在我底下吵架的杠精。","commentTime":"2022-05-27 23:54:14","commentOwner":"。"},{"comment":"不会，被毒到也没有过","commentTime":"2022-05-27 23:54:26","commentOwner":"。"},{"comment":"看是什么，如果是像上次那种照搬原著过签的文我就会（","commentTime":"2022-05-27 23:54:42","commentOwner":"。"},{"comment":"不会，自己都是作者知道写文不容易，怎么可能为难别的作者","commentTime":"2022-05-27 23:54:45","commentOwner":"。"},{"comment":"不会，但有时候火气上来了我可能会对在我底下吵架的杠精。\n№3 ☆☆☆。|e6f0a193于2022-05-27 23:54:14留言☆☆☆\n改字，可能会怼在文底下吵架的杠精","commentTime":"2022-05-27 23:54:58","commentOwner":"。"},{"comment":"不会，除非作者故意喂shi，不然我只会速速取收跑路再也不见","commentTime":"2022-05-27 23:55:11","commentOwner":"。"},{"comment":"不会，我一般看到不喜欢的直接不看。只有在想夸作者的时候才会评论","commentTime":"2022-05-27 23:55:13","commentOwner":"。"},{"comment":"一般不会，除非她写点违法的东西","commentTime":"2022-05-27 23:56:04","commentOwner":"。"},{"comment":"抄袭会","commentTime":"2022-05-27 23:56:31","commentOwner":"……"},{"comment":"一般不，没有那个精力，不好看就弃文","commentTime":"2022-05-27 23:56:46","commentOwner":"。"},{"comment":"不会","commentTime":"2022-05-27 23:56:55","commentOwner":"。"},{"comment":"原则性问题会","commentTime":"2022-05-27 23:57:30","commentOwner":"。"},{"comment":"特别毒的【大众】雷点没在文案排雷，并且我zqsg追文【投雷／营养液】之类的，然后v章踩雷了，就会。","commentTime":"2022-05-27 23:57:41","commentOwner":"。"},{"comment":"如果看专栏功能关闭我会留","commentTime":"2022-05-27 23:58:46","commentOwner":"。"},{"comment":"怜爱作者，我会投雷…然后发现切错了号…哭T﹏T","commentTime":"2022-05-27 23:59:10","commentOwner":"。"},{"comment":"不会，平常都懒得留评……","commentTime":"2022-05-27 23:59:22","commentOwner":"--"},{"comment":"从不评论，偶尔投雷","commentTime":"2022-05-27 23:59:33","commentOwner":"= ="},{"comment":"都不会，但是有时候会忍不住吐槽","commentTime":"2022-05-28 00:00:28","commentOwner":"。"},{"comment":"不会。我来看文是要找快乐的，让我难受的文立刻划走，停留骂人浪费我的精力(所以我弃文率也很高orz)。只有我快乐了才会打开评论区找同伙一起快乐。","commentTime":"2022-05-28 00:00:44","commentOwner":"。。"},{"comment":"当然不会","commentTime":"2022-05-28 00:03:15","commentOwner":"。"},{"comment":"如果太戳雷点我会。我今天在某乎看了个评论小短文，还为此开了会员，结果看到最后之前所有对仇人的折磨都是主角的幻想，主角在精神病院，当时我就心梗得狂喊退钱！！！！！可惜不能打负，没有评分机制\n在晋我还没有遇到让我雷得如此吐血的文","commentTime":"2022-05-28 00:06:55","commentOwner":"。"},{"comment":"不会，一般不看评论区，每次给作者投雷灌营养液什么的都是系统自带的评论","commentTime":"2022-05-28 00:07:22","commentOwner":"。。"},{"comment":"文案已经排雷过的我不会，没有排雷的我会","commentTime":"2022-05-28 00:20:48","commentOwner":"= ="},{"comment":"不会。多大的雷都不评","commentTime":"2022-05-28 00:23:48","commentOwner":"。"},{"comment":"不会，我的评论一般只有三种\n呜呜呜呜、哈哈哈哈、斯哈斯哈","commentTime":"2022-05-28 00:24:33","commentOwner":"。。"},{"comment":"除了抄袭刷分之类的几乎不会，写得好与不好看不是打负的理由，除了人品问题。","commentTime":"2022-05-28 00:25:32","commentOwner":"= ="},{"comment":"不会\n即使踩雷了也是自己憋着生闷气，顶多和朋友口头吐个槽","commentTime":"2022-05-28 00:27:32","commentOwner":"::::::"},{"comment":"抄袭之类的会。而且如果作话让我感到不适（比如日常讨论榜单卖惨求读者别走），或者卡v断更，我会怒起吐槽","commentTime":"2022-05-28 00:28:03","commentOwner":"。"},{"comment":"不会，人家写什么是人家的事，我不爱看就直接关了","commentTime":"2022-05-28 00:28:56","commentOwner":"。"},{"comment":"不会","commentTime":"2022-05-28 00:29:27","commentOwner":"。"},{"comment":"不会。不喜欢就换本看，喜欢就疯狂夸","commentTime":"2022-05-28 00:29:48","commentOwner":"，"},{"comment":"从没，喜欢的会夸夸，不喜欢的默默走。","commentTime":"2022-05-28 00:30:56","commentOwner":"(′へ`、 )"},{"comment":"不会","commentTime":"2022-05-28 00:36:29","commentOwner":"。"},{"comment":"不会，我最气愤的时候给过零分，并且说明了理由","commentTime":"2022-05-28 00:37:06","commentOwner":"。"},{"comment":"怎么的评论基本都是夸夸，只要作者不喂s，譬如近几日读者区顶流那位。\n那我就算是有的文看的不舒服也只是默默弃文。","commentTime":"2022-05-28 00:42:18","commentOwner":"。"},{"comment":"只有抄袭会。挡人财路干嘛呢？","commentTime":"2022-05-28 00:46:40","commentOwner":"=="},{"comment":"不会，除了非常非常非常非常过分。文案诈骗还强行灌shi的","commentTime":"2022-05-28 00:49:23","commentOwner":"。"},{"comment":"我打负分都是直接用作者号的。\n基本上只打过抄袭刷分的","commentTime":"2022-05-28 00:50:29","commentOwner":"。"},{"comment":"不会，只会默默退出","commentTime":"2022-05-28 00:51:59","commentOwner":"。"},{"comment":"作者号亲自打负分的那种\n干嘛我也是看文的读者好嘛","commentTime":"2022-05-28 00:52:50","commentOwner":"这里是麦当劳没有疯狂"},{"comment":"从十多年前第一次进扣扣书城看小说到现在各大阅读APP，再喜欢的书都没有留下过一条评论，撒花都莫得。。。","commentTime":"2022-05-28 00:53:47","commentOwner":"。"},{"comment":"不会，小号只会好评，以及给夹子上被骂的火葬场文或狗血文投雷压评～我是土狗，见不得火葬场文被骂～","commentTime":"2022-05-28 00:54:09","commentOwner":"。"},{"comment":"不会，小号只会好评，以及给夹子上被骂的火葬场文或狗血文投雷压评～我是土狗，见不得火葬场文被骂～\n№44 ☆☆☆。|a7fe0222于2022-05-28 00:54:09留言☆☆☆\n大号不看文～","commentTime":"2022-05-28 00:54:29","commentOwner":"。"},{"comment":"从十多年前第一次进扣扣书城看小说到现在各大阅读APP，再喜欢的书都没有留下过一条评论，撒花都莫得。。。\n№43 ☆☆☆。|ecce7018于2022-05-28 00:53:47留言☆☆☆\n更别提不喜欢的了，只会火速点x","commentTime":"2022-05-28 00:54:54","commentOwner":"。"},{"comment":"不会，我可小天使了。","commentTime":"2022-05-28 00:55:03","commentOwner":"……"},{"comment":"有shi看会","commentTime":"2022-05-28 00:55:49","commentOwner":"。。"},{"comment":"卡v会给负，其他一般不会","commentTime":"2022-05-28 00:57:36","commentOwner":"。"},{"comment":"不会，不喜欢就退出去了，最多和朋友吐槽一下","commentTime":"2022-05-28 00:58:45","commentOwner":"。"},{"comment":"不会。\n上次看的一本真的是气炸我，呃，比如隔壁“火热”的那一本，我真的特别想骂人，但是最后还是忍住了。\n算了算了，同为作者，大家都不容易，我做为作者时也不想看到负分，就这样将心比心，然后我就自己生闷气了。\n啊，有时候真的想不要脸的夸自己善良了","commentTime":"2022-05-28 00:58:51","commentOwner":"。"},{"comment":"不会排雷，打负分是给cx打的","commentTime":"2022-05-28 00:59:03","commentOwner":"。"},{"comment":"复过，不过后来被投诉删掉了，用加更骗营养液，后来都兑现不了，日更变月更，tm的有能拉黑这个功能我绝对再也不想见到她，我给给她投过深水，瞎了眼了。","commentTime":"2022-05-28 01:00:44","commentOwner":"符号"},{"comment":"复过，不过后来被投诉删掉了，用加更骗营养液，后来都兑现不了，日更变月更，tm的有能拉黑这个功能我绝对再也不想见到她，我给给她投过深水，瞎了眼了。\n№53 ☆☆☆符号|117df226于2022-05-28 01:00:44留言☆☆☆\n～一堆错别字不改了T^T","commentTime":"2022-05-28 01:01:36","commentOwner":"符号"},{"comment":"除了cx的，没月石我都专门去签到分享弄了来评价。\n别的印象里看了这么多年没负分过吧不超过两次，有几次吐槽的。大多数叫好，文案前面看进去的基本能从头好评到尾。不过有的评论区读者评论太沙 雕了会忍不住会轮它两天一夜。","commentTime":"2022-05-28 01:14:02","commentOwner":"。"},{"comment":"我最生气的一次也只给了零分","commentTime":"2022-05-28 01:14:29","commentOwner":"。"},{"comment":"不会，私下和基友疯狂吐槽。\n但是最近追了一本，超级下头，有在隔壁排雷楼里附议别人的排雷，真的太气了。各种虐女主，性nue那种，气死了！","commentTime":"2022-05-28 01:35:49","commentOwner":"。"},{"comment":"恶心到的会","commentTime":"2022-05-28 01:36:55","commentOwner":"= ="},{"comment":"不会","commentTime":"2022-05-28 01:53:11","commentOwner":"。"},{"comment":"不会","commentTime":"2022-05-28 01:53:34","commentOwner":"=="},{"comment":"我被喂shi也只打零分。","commentTime":"2022-05-28 01:54:35","commentOwner":"= ="},{"comment":"不","commentTime":"2022-05-28 01:54:46","commentOwner":"= ="}]}