{"id":"7f7a40e7-0297-4513-860a-d2afc00c380b","category":"晋江论坛→网友交流区→碧水江汀 请稍候...","postSubject":"主题：pbc作者开防盗很高，是否需要对被防盗卡住的读者排雷？ [93] 【搜索关键词：排雷】","postUrl":"https://bbs.jjwxc.net/showmsg.php?board=17&keyword=%C5%C5%C0%D7&id=1753869","originalPost":"rt","numberOfReplies":92,"comments":[{"comment":"？？？？？？","commentTime":"2022-02-09 02:27:08","commentOwner":"。"},{"comment":"开防盗高点怎么了（？）我觉得还挺正常的","commentTime":"2022-02-09 02:27:25","commentOwner":"aolz"},{"comment":"凭什么？为什么被防住心里没点数吗（大部分）","commentTime":"2022-02-09 02:27:46","commentOwner":"。。"},{"comment":"不开高点等着盗文狗来盗文吗","commentTime":"2022-02-09 02:27:52","commentOwner":"，"},{"comment":"？？？？？？\n№1 ☆☆☆。|bbac40ba于2022-02-09 02:27:08留言☆☆☆\n瓜主是我本人，被防盗卡住的人小作文，要求我解释，你说奇葩不奇葩…我都不知道说啥","commentTime":"2022-02-09 02:28:07","commentOwner":"。"},{"comment":"文案提一句吧，我之前设置防盗文案上忘了说，好几个读者给我发小作文批判我，给我整麻了","commentTime":"2022-02-09 02:28:24","commentOwner":"。"},{"comment":"所以！！！家人们！！我怎么回复啊！！\n我说等两天能看，她不依不饶让我解释防盗，非说我开百分百？？？？","commentTime":"2022-02-09 02:28:43","commentOwner":"。"},{"comment":"排雷排魔怔了","commentTime":"2022-02-09 02:29:24","commentOwner":"。。"},{"comment":"我觉得需要吧。比方无限流，很多人就爱看某几个副本，这时候订阅率肯定比较低，就会被卡住。","commentTime":"2022-02-09 02:29:37","commentOwner":"=="},{"comment":"还是不要惯着读者比较好，不喜欢看可以不看（）没必要降低防盗给他们看盗文的可能性","commentTime":"2022-02-09 02:29:54","commentOwner":"aolz"},{"comment":"还是不要惯着读者比较好，不喜欢看可以不看（）没必要降低防盗给他们看盗文的可能性\n№10 ☆☆☆aolz|d23e03c1于2022-02-09 02:29:54留言☆☆☆\n倒也不是，她追着我让我解释防盗的事","commentTime":"2022-02-09 02:30:21","commentOwner":"。"},{"comment":"咕咕们开防盗都会在文案上标明吗？","commentTime":"2022-02-09 02:30:44","commentOwner":"。"},{"comment":"咕咕们开防盗都会在文案上标明吗？\n№12 ☆☆☆。|cf608b1c于2022-02-09 02:30:44留言☆☆☆\n我不会，这种有毒操作不是只便宜盗文的吗","commentTime":"2022-02-09 02:31:15","commentOwner":"。"},{"comment":"这能怎么解释，一般读者问我就直接说要么补定要么晚点看，都不能接受建议弃文……自己的文你想开多高的防盗还要读者同意吗","commentTime":"2022-02-09 02:34:16","commentOwner":"。"},{"comment":"无限流，快穿这种应该要","commentTime":"2022-02-09 02:35:54","commentOwner":"。"},{"comment":"这能怎么解释，一般读者问我就直接说要么补定要么晚点看，都不能接受建议弃文……自己的文你想开多高的防盗还要读者同意吗\n№14 ☆☆☆。|2eeb8a71于2022-02-09 02:34:16留言☆☆☆\n我也觉得很离谱啊，负分要求我排雷，我想我排啥呢…排跳定的等几天？","commentTime":"2022-02-09 02:40:13","commentOwner":"。"},{"comment":"历史引用 展开全部▼\n我也觉得很离谱啊，负分要求我排雷，我想我排啥呢…排跳定的等几天？\n№16 ☆☆☆。|0215464e于2022-02-09 02:40:13留言☆☆☆\n非说我骗钱，强制要求全订，因为她全订了，我心想你也可以等啊…和她说了等几天，又在问我比例，说开百分百就排雷","commentTime":"2022-02-09 02:41:41","commentOwner":"。"},{"comment":"………百分百怎么了怎么了？有时候真的搞不懂读者，真的。","commentTime":"2022-02-09 02:42:34","commentOwner":"。"},{"comment":"就开百分百！这没错啊","commentTime":"2022-02-09 02:42:40","commentOwner":"。"},{"comment":"就开百分百！这没错啊\n№19 ☆☆☆。|51b6bbeb于2022-02-09 02:42:40留言☆☆☆\n问题是我看她理直气壮，把我哽住了，不知道咋回，就后悔一开始回复他了，说等几天","commentTime":"2022-02-09 02:43:29","commentOwner":"。"},{"comment":"她应该去质问盗文网，没有盗文就不会有防盗","commentTime":"2022-02-09 02:44:19","commentOwner":"= ="},{"comment":"这种人别理，脑子有病胡搅蛮缠。我连载期间全部开百分之百，就开百分百a'","commentTime":"2022-02-09 02:44:37","commentOwner":"。"},{"comment":"这种人别理，脑子有病胡搅蛮缠。我连载期间全部开百分之百，就开百分百a'\n№22 ☆☆☆。|444672a7于2022-02-09 02:44:37留言☆☆☆\n好的，我睡了，希望明天评论区别被她大闹","commentTime":"2022-02-09 02:45:56","commentOwner":"。"},{"comment":"跟她说如果你能把盗文网都举报，不让它们盗文，我一定不设百分百（）","commentTime":"2022-02-09 02:46:07","commentOwner":"aolz"},{"comment":"刷到这个帖子才想起来我忘记开防盗了，淦……","commentTime":"2022-02-09 02:47:46","commentOwner":"。"},{"comment":"所以！！！家人们！！我怎么回复啊！！\n我说等两天能看，她不依不饶让我解释防盗，非说我开百分百？？？？\n№7☆☆☆。|386bd8e7于2022-02-09 02:28:43留言☆☆☆\n楼主是综的衍生吗……\n刚才别的群看到有人在吐槽……\n综的题材不想看跳过\n一路买到□□十都看不了\n然后最后买到底了才看到","commentTime":"2022-02-09 03:52:51","commentOwner":"= ="},{"comment":"如果是那本的话\n我去你文下看了一下\n她一共发了两条评论，时间间隔4分钟，一条2分一条0分，后面也没有回复顶起\n我不知道你怎么觉得她是不依不饶了","commentTime":"2022-02-09 03:59:13","commentOwner":"= ="},{"comment":"历史引用 展开全部▼\n楼主是综的衍生吗……\n刚才别的群看到有人在吐槽……\n综的题材不想看跳过\n一路买到□□十都看不了\n然后最后买到底了才看到\n№26 ☆☆☆= =|9707ee5d于2022-02-09 03:52:51留言☆☆☆\n可是没必要追着作者排雷防盗吧？而且这本剧情连接是贯通往下的不是快穿也不是无限流那种啊。。。属实没必要吧","commentTime":"2022-02-09 04:02:41","commentOwner":"=="},{"comment":"有小副本的可以提示，普通感情流剧情流小说没必要吧，跳了怎么连得上剧情？","commentTime":"2022-02-09 04:16:10","commentOwner":"……"},{"comment":"有小副本的可以提示，普通感情流剧情流小说没必要吧，跳了怎么连得上剧情？\n№29 ☆☆☆……|5fde1067于2022-02-09 04:16:10留言☆☆☆\n比如不想看副cp，不想看某个配角舞\n100%防盗就是逼着所有内容都要吃，其实读者很难受的，90%我都没什么意见。\n至于快穿 无限流这种容易挑副本看的设置100%更难受","commentTime":"2022-02-09 10:12:50","commentOwner":"。"},{"comment":"防盗只防最新的章节，防盗只有连载期间管用，除了飞升的作者，其他作者都是连载期间赚点钱，又想第一时间看见，又想跳订我也是不理解……\n喜欢跳订的可以去看完结文，完结文没有防盗","commentTime":"2022-02-09 10:16:50","commentOwner":"= ="},{"comment":"妈的看着都忍不了，hyb搞事能不能消停一点啊，找不到可以挑刺的地方从防盗下手了吗？祝hyb本本扑街永远只能看别人在金榜","commentTime":"2022-02-09 11:15:13","commentOwner":"。"},{"comment":"无语子，被偷东西的人防盗门关紧点还是错了？","commentTime":"2022-02-09 11:18:33","commentOwner":"。"},{"comment":"我就知道迟早会变成什么都要排","commentTime":"2022-02-09 11:19:55","commentOwner":"=="},{"comment":"历史引用 展开全部▼\n瓜主是我本人，被防盗卡住的人小作文，要求我解释，你说奇葩不奇葩…我都不知道说啥\n№5 ☆☆☆。|386bd8e7于2022-02-09 02:28:07留言☆☆☆\n直接作者号回复订阅率，底下会有读者帮你骂他","commentTime":"2022-02-09 11:20:00","commentOwner":"。"},{"comment":"如果是那本的话\n我去你文下看了一下\n她一共发了两条评论，时间间隔4分钟，一条2分一条0分，后面也没有回复顶起\n我不知道你怎么觉得她是不依不饶了\n№27 ☆☆☆= =|9707ee5d于2022-02-09 03:59:13留言☆☆☆\n我两点半发帖吐槽我被人说了，你三点半左右来回复我…去看了一圈我评论区，只能看到前一百，所以只发现两条留言，然后就来这说不明白我是怎么觉得她不依不饶，是啊，你只能看到前一百，还隔了一小时，你怎么可能看到全貌呢？","commentTime":"2022-02-09 11:20:23","commentOwner":"。"},{"comment":"hyb本本扑，小群视奸的hyb本本扑","commentTime":"2022-02-09 11:22:38","commentOwner":"。"},{"comment":"历史引用 展开全部▼\n我两点半发帖吐槽我被人说了，你三点半左右来回复我…去看了一圈我评论区，只能看到前一百，所以只发现两条留言，然后就来这说不明白我是怎么觉得她不依不饶，是啊，你只能看到前一百，还隔了一小时，你怎么可能看到全貌呢？\n№36 ☆☆☆。|0215464e于2022-02-09 11:20:23留言☆☆☆\n卧槽，你这个评论人数好多啊，蹭蹭蹭","commentTime":"2022-02-09 11:22:40","commentOwner":"。"},{"comment":"直接甩客服电话，管她呢","commentTime":"2022-02-09 11:22:59","commentOwner":"= ="},{"comment":"晋江允许开防盗，作者开了没问题，让她去告晋江","commentTime":"2022-02-09 11:23:49","commentOwner":"= ="},{"comment":"咕，隔壁区被挂的是你吗","commentTime":"2022-02-09 11:24:20","commentOwner":"。"},{"comment":"历史引用 展开全部▼\n比如不想看副cp，不想看某个配角舞\n100%防盗就是逼着所有内容都要吃，其实读者很难受的，90%我都没什么意见。\n至于快穿 无限流这种容易挑副本看的设置100%更难受\n№30 ☆☆☆。|49a25807于2022-02-09 10:12:50留言☆☆☆\n没人逼你啊，你晚几天看不就行了，最多最多也就晚三天，照你这么说，我们全订的读者有及时看到更新的权利不是很正常吗？凭什么跟你们同时看到文？","commentTime":"2022-02-09 11:28:15","commentOwner":"。"},{"comment":"咕，隔壁区被挂的是你吗\n№41 ☆☆☆。|e31a22c0于2022-02-09 11:24:20留言☆☆☆\n我不知道，我很久没去隔壁了","commentTime":"2022-02-09 11:30:50","commentOwner":"。"},{"comment":"历史引用 展开全部▼\n我两点半发帖吐槽我被人说了，你三点半左右来回复我…去看了一圈我评论区，只能看到前一百，所以只发现两条留言，然后就来这说不明白我是怎么觉得她不依不饶，是啊，你只能看到前一百，还隔了一小时，你怎么可能看到全貌呢？\n№36 ☆☆☆。|0215464e★于2022-02-09 11:20:23留言☆☆☆\n衍生真的有群在shijian啊","commentTime":"2022-02-09 11:31:29","commentOwner":"。"},{"comment":"历史引用 展开全部▼\n比如不想看副cp，不想看某个配角舞\n100%防盗就是逼着所有内容都要吃，其实读者很难受的，90%我都没什么意见。\n至于快穿 无限流这种容易挑副本看的设置100%更难受\n№30☆☆☆。|49a25807于2022-02-09 10:12:50留言☆☆☆\n。","commentTime":"2022-02-09 11:34:12","commentOwner":"。"},{"comment":"历史引用 展开全部▼\n。\n№45 ☆☆☆。|dfa9462f于2022-02-09 11:34:12留言☆☆☆\n没开百分百问题是…","commentTime":"2022-02-09 11:35:09","commentOwner":"。"},{"comment":"废话，当然不用","commentTime":"2022-02-09 11:35:26","commentOwner":"。"},{"comment":"历史引用 展开全部▼\n楼主是综的衍生吗……\n刚才别的群看到有人在吐槽……\n综的题材不想看跳过\n一路买到□□十都看不了\n然后最后买到底了才看到\n№26 ☆☆☆= =|9707ee5d于2022-02-09 03:52:51留言☆☆☆\n我觉得你真的很离谱，直接在论坛爆我这些信息","commentTime":"2022-02-09 11:37:55","commentOwner":"。"},{"comment":"主要是他的排雷有人认同吗？我觉得这要是我的评论区，我的小天使们能把他喷出去","commentTime":"2022-02-09 11:38:11","commentOwner":"。"},{"comment":"你可以开防盗啊，读者也没不让你开，开了防盗在文案说一句也没什么吧，那样不想看副cp和小世界的人就可以提前避开","commentTime":"2022-02-09 11:41:52","commentOwner":"。"},{"comment":"历史引用 展开全部▼\n没人逼你啊，你晚几天看不就行了，最多最多也就晚三天，照你这么说，我们全订的读者有及时看到更新的权利不是很正常吗？凭什么跟你们同时看到文？\n№42 ☆☆☆。|7d424805于2022-02-09 11:28:15留言☆☆☆\n我又没说不支持防盗，8090这种我完全没有意见。比如说有一篇文我订到完结，不想看副cp番外不是很正常么。难道我跳了作者写别的我感兴趣的就都要等三天？就硬杠","commentTime":"2022-02-09 11:43:24","commentOwner":"。"},{"comment":"你可以开防盗啊，读者也没不让你开，开了防盗在文案说一句也没什么吧，那样不想看副cp和小世界的人就可以提前避开\n№50 ☆☆☆。|b779faa8于2022-02-09 11:41:52留言☆☆☆\n这么说一句也不会给盗文网提供什么便利，还能筛选掉不喜欢全订的读者，大家都舒心","commentTime":"2022-02-09 11:43:59","commentOwner":"。"},{"comment":"可是防盗就是为了对应盗文出现的，告诉百分比说不定真就最新章也没有用了，因为这个排雷我觉得有点过","commentTime":"2022-02-09 11:45:41","commentOwner":"=="},{"comment":"又不想花钱全买还不想等，真的就是花点钱就是上帝了呗。\n  本来之前还考虑要不要开百分百，看到这个帖子懂了，我就开百分百的。","commentTime":"2022-02-09 11:47:12","commentOwner":"==="},{"comment":"历史引用 展开全部▼\n我觉得你真的很离谱，直接在论坛爆我这些信息\n№48 ☆☆☆。|0215464e★于2022-02-09 11:37:55留言☆☆☆\n真的无语了，这种不是故意的我都不信，防盗全晋江都有都问题，能这么精准扒出来没问题我都不信","commentTime":"2022-02-09 11:47:32","commentOwner":"。"},{"comment":"有的有被楼上某个鹅心的空星给气到\n这么爱视奸，要不要给你颁个奖啊？","commentTime":"2022-02-09 11:50:19","commentOwner":"啊"},{"comment":"又不想花钱全买还不想等，真的就是花点钱就是上帝了呗。\n??本来之前还考虑要不要开百分百，看到这个帖子懂了，我就开百分百的。\n№54 ☆☆☆===|335d43f8于2022-02-09 11:47:12留言☆☆☆\n我基本不跳订，除了快穿，连无限流看都全订\n但是说句实话，很多时候有的作者真的处理不好副线的内容","commentTime":"2022-02-09 11:57:15","commentOwner":"小號可自证"},{"comment":"感觉到你比那个读者还破防了…\n下头，你写的很好，加油吧","commentTime":"2022-02-09 13:09:16","commentOwner":"rmli"},{"comment":"我怎么看着不大对劲\n楼主你这是得罪hyb，然后现在被人精准找茬了吧。","commentTime":"2022-02-09 13:14:59","commentOwner":"2022年的第一只鸽"},{"comment":"什么题材啊，快穿开百分百是真的赶客，下头","commentTime":"2022-02-09 13:16:03","commentOwner":"。"},{"comment":"所以！！！家人们！！我怎么回复啊！！\n我说等两天能看，她不依不饶让我解释防盗，非说我开百分百？？？？\n№7☆☆☆。|386bd8e7于2022-02-09 02:28:43留言☆☆☆\n不管，排什么排，惯的","commentTime":"2022-02-09 13:18:14","commentOwner":"。"},{"comment":"历史引用 展开全部▼\n不管，排什么排，惯的\n№61☆☆☆。|b76c61f2于2022-02-09 13:18:14留言☆☆☆\n排，被hyb找茬就更别管了，也别回复，举报掉","commentTime":"2022-02-09 13:19:31","commentOwner":"。"},{"comment":"历史引用 展开全部▼\n比如不想看副cp，不想看某个配角舞\n100%防盗就是逼着所有内容都要吃，其实读者很难受的，90%我都没什么意见。\n至于快穿 无限流这种容易挑副本看的设置100%更难受\n№30 ☆☆☆。|49a25807于2022-02-09 10:12:50留言☆☆☆\n副cp就算了，配角还要给你排雷？你讨厌a，她讨厌b，别人讨厌c，作者还写不写文了？一本小说不是只有主角在那里叽叽歪歪，提天天喊同质化，同质化就是你们搞得吧","commentTime":"2022-02-09 13:19:37","commentOwner":"……"},{"comment":"历史引用 展开全部▼\n排，被hyb找茬就更别管了，也别回复，举报掉\n№62☆☆☆。|6c99847a于2022-02-09 13:19:31留言☆☆☆\n不是说排雷是排层主……才发现有歧义","commentTime":"2022-02-09 13:20:10","commentOwner":"。"},{"comment":"不要解释，会被盗文的网站知道你的防盗率","commentTime":"2022-02-09 13:21:13","commentOwner":"。"},{"comment":"我怎么看着不大对劲\n楼主你这是得罪hyb，然后现在被人精准找茬了吧。\n№59 ☆☆☆2022年的第一只鸽|d649d623于2022-02-09 13:14:59留言☆☆☆\n这分明就是啊\n我吃了全部的瓜，总结一下就是，半夜两点半，楼主作者评论区遇到负分，说防盗太高，在她冒头让不要吵架后，读者楼中楼回复要求高防盗排雷，不然自己就排，凌晨三点多，那个负分楼主去新章零分留言就要求排雷，楼上的sj见人精准给出楼主的作者信息，直接说在群里看到了。\n今天上午那个排雷楼主知道了作者来论坛发帖了，骂作者人品有问题，说她把自己挂了，现在问题来了…是谁一开始在群里吐槽作者的呢？又是谁精准爆了楼主的信息的呢？然后又是谁告诉负分楼主她被作者挂了的呢？我愿称之为最强回旋镖，匿名论坛匿名吐槽都能被当成直接挂人，谁看了不说一声牛逼","commentTime":"2022-02-09 13:21:36","commentOwner":"。"},{"comment":"开百分百也是作者自由啊。要么全买今天看，要么忍着过两天看。\n电子产品不也是早买早享受晚买享折扣么。","commentTime":"2022-02-09 13:22:42","commentOwner":"。"},{"comment":"你可以开防盗啊，读者也没不让你开，开了防盗在文案说一句也没什么吧，那样不想看副cp和小世界的人就可以提前避开\n№50☆☆☆。|b779faa8于2022-02-09 11:41:52留言☆☆☆\n为什么一定要在文案标？对作者有这方面要求的你不能自己选个会在文案写清楚12345678910条阅读指南的作者的文看吗？","commentTime":"2022-02-09 13:23:33","commentOwner":"。"},{"comment":"我怎么看着不大对劲\n楼主你这是得罪hyb，然后现在被人精准找茬了吧。\n№59 ☆☆☆2022年的第一只鸽|d649d623于2022-02-09 13:14:59留言☆☆☆\n不知道为啥被吞了…\n这分明就是啊！\n我吃了全部的瓜，总结一下就是，半夜两点半，楼主作者评论区遇到负分，说防盗太高，在她冒头让不要吵架后，读者楼中楼回复要求高防盗排雷，不然自己就排，凌晨三点多，那个负分楼主去新章零分留言就要求排雷，楼上的空星精准给出楼主的作者信息，直接说在群里看到了。\n今天上午那个排雷楼主知道了作者来论坛发帖了，骂作者人品有问题，说她把自己挂了，现在问题来了…是谁一开始在群里吐槽作者的呢？又是谁精准爆了作者的信息的呢？然后又是谁告诉负分楼主她被作者挂了的呢？我愿称之为最强回旋镖，匿名论坛匿名吐槽都能被当成直接挂人，谁看了不说一声牛逼","commentTime":"2022-02-09 13:24:11","commentOwner":"。"},{"comment":"不要惯着读者，会变得不幸","commentTime":"2022-02-09 13:25:07","commentOwner":"。"},{"comment":"要设置百分百就设置买不了那种吧，就跳一章买了结果是防盗真的挺火大","commentTime":"2022-02-09 13:25:18","commentOwner":"= ="},{"comment":"如果是那本的话\n我去你文下看了一下\n她一共发了两条评论，时间间隔4分钟，一条2分一条0分，后面也没有回复顶起\n我不知道你怎么觉得她是不依不饶了\n№27 ☆☆☆= =|9707ee5d于2022-02-09 03:59:13留言☆☆☆\n说的就是你，这位亲爱的空星，就是在点c你…\n我吃了全部，总结一下就是，半夜两点半，楼主作者评论区遇到负分，说防盗太高，在她冒头让不要吵架后，读者楼中楼回复要求高防盗排雷，不然自己就排，凌晨三点多，那个负分楼主去新章零分留言就要求排雷，楼上的空星精准给出楼主的作者信息，直接说在群里看到了。\n今天上午那个排雷楼主知道了作者来论坛发帖了，骂作者人品有问题，说她把自己挂了，现在问题来了…是谁一开始在群里吐槽作者的呢？又是谁精准爆了作者的信息的呢？然后又是谁告诉负分楼主她被作者挂了的呢？我愿称之为最强回旋镖，匿名论坛匿名吐槽都能被当成直接挂人，谁看了不说一声牛","commentTime":"2022-02-09 13:31:03","commentOwner":"。"},{"comment":"历史引用 展开全部▼\n说的就是你，这位亲爱的空星，就是在点c你…\n我吃了全部，总结一下就是，半夜两点半，楼主作者评论区遇到负分，说防盗太高，在她冒头让不要吵架后，读者楼中楼回复要求高防盗排雷，不然自己就排，凌晨三点多，那个负分楼主去新章零分留言就要求排雷，楼上的空星精准给出楼主的作者信息，直接说在群里看到了。\n今天上午那个排雷楼主知道了作者来论坛发帖了，骂作者人品有问题，说她把自己挂了，现在问题来了…是谁一开始在群里吐槽作者的呢？又是谁精准爆了作者的信息的呢？然后又是谁告诉负分楼主她被作者挂了的呢？我愿称之为最强回旋镖，匿名论坛匿名吐槽都能被当成直接挂人，谁看了不说一声牛\n№72 ☆☆☆。|5b3c65b4于2022-02-09 13:31:03留言☆☆☆\n防吞，带一下","commentTime":"2022-02-09 13:31:44","commentOwner":"…"},{"comment":"啊","commentTime":"2022-02-09 13:33:16","commentOwner":"。。。"},{"comment":"历史引用 展开全部▼\n防吞，带一下\n№73☆☆☆…|80f83d58于2022-02-09 13:31:44留言☆☆☆\n感觉还会被吞，带带","commentTime":"2022-02-09 13:33:21","commentOwner":"。"},{"comment":"排一下雷，几个字而已，就放一下呗","commentTime":"2022-02-09 13:33:34","commentOwner":"。"},{"comment":"我最近也遇到好几个来问的了，有的还说我开了百分百，然后有读者在下面留言说，跳了十几章也能看啊\n反正我不回，我开80，非快穿非无限流，这种还被挡的绝大部分都是那啥，还来问真是没自知之明","commentTime":"2022-02-09 13:36:36","commentOwner":"= ="},{"comment":"排一下雷，几个字而已，就放一下呗\n№77 ☆☆☆。|0ae49fdc于2022-02-09 13:33:34留言☆☆☆\n站着说话不腰疼，建议你自己加上给盗文网看","commentTime":"2022-02-09 13:37:33","commentOwner":"。"},{"comment":"说真的，滥用排雷的话，迟早把自己害死，雷震子最好先去治病再看小说","commentTime":"2022-02-09 13:40:01","commentOwner":"= ="},{"comment":"哈哈哈哈说真的这种衍生无限流快穿跳了几章却发现防盗百分百不能看要等的我会直接盗文网，反正都要等不如等盗文嘻嘻嘻\n№74 ☆☆☆。|1f260863于2022-02-09 13:31:46留言☆☆☆\n你是什么恶心东西，作者说了不是无限流，剧情连贯，也没开百分百，还嘻嘻嘻，别给自己看盗文找借口","commentTime":"2022-02-09 13:42:12","commentOwner":"。"},{"comment":"个人很烦开百分百又写了一堆副cp的\n当然我不会评论区吐槽\n我是直接删收藏","commentTime":"2022-02-09 13:46:39","commentOwner":"……"},{"comment":"个人很烦开百分百又写了一堆副cp的\n当然我不会评论区吐槽\n我是直接删收藏\n№82☆☆☆……|f63e6ea1于2022-02-09 13:46:39留言☆☆☆\n+1","commentTime":"2022-02-09 13:47:37","commentOwner":"= ="},{"comment":"不用吧？直接在评论区吐槽你的还是比较少，更多的直接删收藏走人了……","commentTime":"2022-02-09 13:48:02","commentOwner":"夜航"},{"comment":"家人们，没事了，已经解决了，我写的不是快穿，没有副cp，没开百分百。\n主要是真的被楼上某个空星实在把我恶心到了","commentTime":"2022-02-09 13:50:57","commentOwner":"…"},{"comment":"家人们，没事了，已经解决了，我写的不是快穿，没有副cp，没开百分百。\n主要是真的被楼上某个空星实在把我恶心到了\n№85 ☆☆☆…|386bd8e7于2022-02-09 13:50:57留言☆☆☆\n都气到语序混乱了…绝","commentTime":"2022-02-09 13:51:41","commentOwner":"…"},{"comment":"想借楼问下咕咕们，开百分百的话，时间选择几个小时呀","commentTime":"2022-02-09 13:52:42","commentOwner":"。"},{"comment":"想借楼问下咕咕们，开百分百的话，时间选择几个小时呀\n№87 ☆☆☆。|d1dc3975于2022-02-09 13:52:42留言☆☆☆\n百分百，时间选最长","commentTime":"2022-02-09 13:56:49","commentOwner":"。"},{"comment":"历史引用 展开全部▼\n百分百，时间选最长\n№88 ☆☆☆。|f495c99e于2022-02-09 13:56:49留言☆☆☆\n好的，谢谢咕咕","commentTime":"2022-02-09 13:58:04","commentOwner":"。"},{"comment":"全都拉满然后选不可购买，我觉得这样都没买应该也就不存在购买纷争吧","commentTime":"2022-02-09 13:59:10","commentOwner":"=="},{"comment":"我开的就很高，时间也长，骂就骂呗，我自己的文，我乐意这么开，又没有强买强卖","commentTime":"2022-02-09 14:25:52","commentOwner":"= ="},{"comment":"历史引用 展开全部▼\n衍生真的有群在shijian啊\n№44☆☆☆。|3abaa211于2022-02-09 11:31:29留言☆☆☆\n笑死，读者群罢了，打衍生也不必这么打\n而且我在看到这个帖子之前也在那群里劝那个妹子\n如果不能接受那就隔几天去看完她买到的最新章然后江湖不见或者等完结","commentTime":"2022-02-09 14:29:05","commentOwner":"= ="},{"comment":"历史引用 展开全部▼\n笑死，读者群罢了，打衍生也不必这么打\n而且我在看到这个帖子之前也在那群里劝那个妹子\n如果不能接受那就隔几天去看完她买到的最新章然后江湖不见或者等完结\n№92 ☆☆☆= =|9707ee5d于2022-02-09 14:29:05留言☆☆☆\n你就直说是你去传的话说楼主把人挂了的不就得了？\n开个作者号搞这种事，见不见哪？而且这就算挂人啦？你可真会说话","commentTime":"2022-02-09 14:50:13","commentOwner":"。"}]}