{"id":"a5c53f7a-a9d2-4b7d-acec-d56b1eb7c4e8","category":"晋江论坛→网友交流区→碧水江汀 请稍候...","postSubject":"主题：我要不要提前排雷：攻会喊受老婆 [47] 【搜索关键词：排雷】","postUrl":"https://bbs.jjwxc.net/showmsg.php?board=17&keyword=%C5%C5%C0%D7&id=1674618","originalPost":"耽美这个是不是很多人的雷点？","numberOfReplies":47,"comments":[{"comment":"？？？？？？？？？？？？？？？？？","commentTime":"2021-12-13 09:10:24","commentOwner":"= ……"},{"comment":"没必要吧，这不正常？","commentTime":"2021-12-13 09:10:57","commentOwner":"啦啦啦"},{"comment":"雷吗？我觉得还好呀","commentTime":"2021-12-13 09:11:04","commentOwner":"QDQ"},{"comment":"没必要吧，这不正常？\n№2☆☆☆啦啦啦|3ce526e7于2021-12-13 09:10:57留言☆☆☆\n啊，这个可以喊吗QwQ我以为好多人雷这个","commentTime":"2021-12-13 09:11:30","commentOwner":"。"},{"comment":"其实我雷，不过我一直觉得这是个小众雷点，所以不会要求作者主动排","commentTime":"2021-12-13 09:11:38","commentOwner":"。"},{"comment":"这也是雷点？？？这是我的萌点","commentTime":"2021-12-13 09:11:55","commentOwner":"。"},{"comment":"这也是雷点？？？这是我的萌点\n№6☆☆☆。|00d6f3ce于2021-12-13 09:11:55留言☆☆☆\n这也是我的xp！","commentTime":"2021-12-13 09:12:26","commentOwner":"。"},{"comment":"？？？？","commentTime":"2021-12-13 09:12:34","commentOwner":"= ="},{"comment":"上次有个楼不就是说如果把受叫老婆会让人觉得作者把他当女的……其实我觉得还好吧……总不能互叫老公吧？有点奇怪","commentTime":"2021-12-13 09:13:05","commentOwner":"。"},{"comment":"好家伙，晋江真就一步一排雷？","commentTime":"2021-12-13 09:13:24","commentOwner":"。"},{"comment":"我雷，但也不至于看到了就发疯，","commentTime":"2021-12-13 09:13:49","commentOwner":"= ="},{"comment":"上次有个楼不就是说如果把受叫老婆会让人觉得作者把他当女的……其实我觉得还好吧……总不能互叫老公吧？有点奇怪\n№9☆☆☆。|3ad07cc5于2021-12-13 09:13:05留言☆☆☆\n对对对！！！！我就是看了这个才想着要不要提前给读者排雷……泪目.jpg","commentTime":"2021-12-13 09:13:55","commentOwner":"。"},{"comment":"雷的是读者喊老婆，攻受之间是情趣。","commentTime":"2021-12-13 09:14:52","commentOwner":"= ="},{"comment":"呜呜呜我喜欢叫受老婆！就叫老婆！（吸溜）","commentTime":"2021-12-13 09:14:53","commentOwner":"。"},{"comment":"排个屁，什么都排以后还怎么写","commentTime":"2021-12-13 09:14:56","commentOwner":"努力成神呀"},{"comment":"呜呜呜我喜欢叫受老婆！就叫老婆！（吸溜）\n№14 ☆☆☆。|49e1a512于2021-12-13 09:14:53留言☆☆☆\n喜欢攻叫受老婆","commentTime":"2021-12-13 09:15:11","commentOwner":"。"},{"comment":"历史引用 展开全部▼\n喜欢攻叫受老婆\n№16☆☆☆。|49e1a512于2021-12-13 09:15:11留言☆☆☆\n我也","commentTime":"2021-12-13 09:15:25","commentOwner":"。"},{"comment":"排个屁，什么都排以后还怎么写\n№15 ☆☆☆努力成神呀|08425419于2021-12-13 09:14:56留言☆☆☆\n。","commentTime":"2021-12-13 09:15:34","commentOwner":"。"},{"comment":"这都排雷，文还写啥","commentTime":"2021-12-13 09:15:48","commentOwner":"。"},{"comment":"既然这样，那我就不排雷继续写了诶嘿！我的xp圆满了！！","commentTime":"2021-12-13 09:15:51","commentOwner":"。"},{"comment":"这不挺好吗","commentTime":"2021-12-13 09:17:16","commentOwner":"。"},{"comment":"是有人雷啊，读者什么人都有，你写得再好都会有读者挑出其他人想不到的毛病，写一万字排雷都排不完的。","commentTime":"2021-12-13 09:23:10","commentOwner":"。"},{"comment":"我雷","commentTime":"2021-12-13 09:25:45","commentOwner":"。"},{"comment":"我很雷，因为觉得油腻ws，但不至于到作者需要排雷的程度，我看到就默默弃文了","commentTime":"2021-12-13 09:30:13","commentOwner":"= ="},{"comment":"攻喊受老公要不要排雷？","commentTime":"2021-12-13 09:30:56","commentOwner":"。"},{"comment":"我雷，但不会开骂，只会默默离开","commentTime":"2021-12-13 09:48:30","commentOwner":"。"},{"comment":"我雷，但不会开骂，只会默默离开\n№26 ☆☆☆。|94976609于2021-12-13 09:48:30留言☆☆☆\n。","commentTime":"2021-12-13 09:49:33","commentOwner":"。"},{"comment":"会默默点x","commentTime":"2021-12-13 09:52:37","commentOwner":"= ="},{"comment":"受喊攻老婆我也没排雷啊","commentTime":"2021-12-13 09:52:43","commentOwner":"= ="},{"comment":"有必要吗","commentTime":"2021-12-13 09:52:58","commentOwner":"。"},{"comment":"我还挺萌的","commentTime":"2021-12-13 09:53:18","commentOwner":"= ="},{"comment":"雷点太多，排不过来，她们爱看就看，不看就点x，只要不负分人身攻击就行QAQ","commentTime":"2021-12-13 09:54:06","commentOwner":"。。"},{"comment":"不用排吧，但我只喜欢偶尔喊一声调节气氛，全文喊个三五回就差不多了，一直喊会默默弃文","commentTime":"2021-12-13 09:54:31","commentOwner":"。"},{"comment":"这都排雷吗？","commentTime":"2021-12-13 09:57:26","commentOwner":"= ="},{"comment":"不用排，文案对话写一句，有老婆两个字！！！","commentTime":"2021-12-13 10:00:17","commentOwner":"。"},{"comment":"？？？？这有啥的！！！","commentTime":"2021-12-13 10:20:09","commentOwner":"。"},{"comment":"这不至于吧","commentTime":"2021-12-13 10:20:23","commentOwner":"。"},{"comment":"很雷…","commentTime":"2021-12-13 10:20:57","commentOwner":"。"},{"comment":"排个屁，什么都排以后还怎么写\n№15 ☆☆☆努力成神呀|08425419于2021-12-13 09:14:56留言☆☆☆\n。","commentTime":"2021-12-13 10:21:22","commentOwner":"。"},{"comment":"这有啥？？？？\n虽然我也不喜欢，总觉得怪怪的，但我自己写的时候，我也找不到其他代替词啊","commentTime":"2021-12-13 10:21:35","commentOwner":"。"},{"comment":"挠头，这个我也雷，而且据我观察，我评论区经常出现的读者也雷，我还以为这是大众雷点","commentTime":"2021-12-13 10:24:54","commentOwner":"= ="},{"comment":"？这算什么雷点 耽美小说叫老婆的多了海了去了","commentTime":"2021-12-13 10:26:49","commentOwner":"= ="},{"comment":"说实话我雷 但这不用排雷，我会在脑海里自动把老婆改成宝贝（挠头）","commentTime":"2021-12-13 10:26:52","commentOwner":"。"},{"comment":"最近写的配角喊，在文案排了\n但是读者不一定看到……","commentTime":"2021-12-13 10:27:48","commentOwner":"= ="},{"comment":"？？？这有啥雷的？好多文攻都叫受老婆啊","commentTime":"2021-12-13 10:28:19","commentOwner":"fuygiuhgiu"},{"comment":"不用排，文案对话写一句，有老婆两个字！！！\n№35 ☆☆☆。|8f079897于2021-12-13 10:00:17留言☆☆☆\n这个办法好","commentTime":"2021-12-13 10:28:44","commentOwner":"= ="},{"comment":"我雷，但是我觉得这种不到排雷的程度","commentTime":"2021-12-13 10:28:52","commentOwner":"。"}]}