{"id":"fabd349d-45e5-4fc8-ac64-27406fbc1eb2","category":"晋江论坛→网友交流区→碧水江汀 请稍候...","postSubject":"主题：我看过最神奇的排雷又被刷新了 [15] 【搜索关键词：排雷】","postUrl":"https://bbs.jjwxc.net/showmsg.php?board=17&keyword=%C5%C5%C0%D7&id=1842223","originalPost":"男主名声不洁，因为她觉得男主混在男人堆里，有可能和男人勾肩搭背过","numberOfReplies":15,"comments":[{"comment":"？？？？这是什么神奇的脑回路","commentTime":"2022-04-10 12:15:08","commentOwner":"。"},{"comment":"……？","commentTime":"2022-04-10 12:15:14","commentOwner":"。"},{"comment":"哦，还是个看盗文的，牛蛙牛蛙","commentTime":"2022-04-10 12:15:18","commentOwner":"……"},{"comment":"笑死","commentTime":"2022-04-10 12:16:03","commentOwner":"= ="},{"comment":"现在不光女人雷，男人也雷了是吗","commentTime":"2022-04-10 12:16:11","commentOwner":"……"},{"comment":"这是什么奇葩？","commentTime":"2022-04-10 12:16:43","commentOwner":"。"},{"comment":"她怎么不雷男主是人类啊","commentTime":"2022-04-10 12:18:11","commentOwner":"。"},{"comment":"跟男人堆不行，女人堆也不行，那只能在畜生堆里了（doge）","commentTime":"2022-04-10 12:18:50","commentOwner":"马虎娃"},{"comment":"我怀疑是dbj，男主有个关系比较好的部下或者朋友都会被疯狂嘲麦麸","commentTime":"2022-04-10 12:19:56","commentOwner":"……"},{"comment":"物种的多样性我看到这个真是地铁老爷爷看手机","commentTime":"2022-04-10 12:22:30","commentOwner":"……"},{"comment":"有男人在身边：麦麸，恶心\n有女人在身边：不守男德，恶心\n我：……？","commentTime":"2022-04-10 12:23:46","commentOwner":"。"},{"comment":"？？？","commentTime":"2022-04-10 12:28:06","commentOwner":"。"},{"comment":"反问她，男主不混在男人堆，从小混在女人堆当妇女之友你满意吗","commentTime":"2022-04-10 12:31:30","commentOwner":"。"},{"comment":"以后大家都去写孙悟空同人吧，石头缝里蹦出来，从小长在猴子堆里，这总行了吧","commentTime":"2022-04-10 12:32:53","commentOwner":"。"},{"comment":"想请问一下各位咕咕们，怎么查读者的订阅率","commentTime":"2022-04-10 12:33:51","commentOwner":"。"}]}