{"id":"e1ac3a00-4213-4591-b8b9-e32c2a989e12","category":"晋江论坛→网友交流区→碧水江汀 欢迎回来：53088456  退 出","postSubject":"主题：因为说主角团（女孩子们）爱美被排雷了… [30] 【搜索关键词：排雷】","postUrl":"https://bbs.jjwxc.net/showmsg.php?board=17&keyword=%C5%C5%C0%D7&id=1900501","originalPost":"她们在挑化妆品和洗护用品啊！不能爱美吗？？","numberOfReplies":30,"comments":[{"comment":"排雷有病病吧","commentTime":"2022-05-16 20:57:07","commentOwner":"。"},{"comment":"什么背景，末世吗？","commentTime":"2022-05-16 20:57:15","commentOwner":"。"},{"comment":"………………","commentTime":"2022-05-16 20:59:55","commentOwner":"。"},{"comment":"什么背景，末世吗？\n№2☆☆☆。|9a51be34于2022-05-16 20:57:15留言☆☆☆\n不是啊，，因为她们买东西的时候有一句，几个女孩或多或少都有点爱美之心\n就被排雷了\n……是我刻板印象了吗？是不是应该把这个改掉","commentTime":"2022-05-16 21:05:33","commentOwner":"。"},{"comment":"历史引用 展开全部▼\n不是啊，，因为她们买东西的时候有一句，几个女孩或多或少都有点爱美之心\n就被排雷了\n……是我刻板印象了吗？是不是应该把这个改掉\n№4 ☆☆☆。|3233c56a于2022-05-16 21:05:33留言☆☆☆\n。没，是人都是有爱美之心","commentTime":"2022-05-16 21:08:40","commentOwner":"相信看见"},{"comment":"历史引用 展开全部▼\n不是啊，，因为她们买东西的时候有一句，几个女孩或多或少都有点爱美之心\n就被排雷了\n……是我刻板印象了吗？是不是应该把这个改掉\n№4 ☆☆☆。|3233c56a于2022-05-16 21:05:33留言☆☆☆\n女孩子有爱美之心很正常吧。（我没说男孩子不能有爱美之心，也没说女孩子不能没有爱美之心。）","commentTime":"2022-05-16 21:08:41","commentOwner":"= ="},{"comment":"历史引用 展开全部▼\n不是啊，，因为她们买东西的时候有一句，几个女孩或多或少都有点爱美之心\n就被排雷了\n……是我刻板印象了吗？是不是应该把这个改掉\n№4☆☆☆。|3233c56a于2022-05-16 21:05:33留言☆☆☆\n……………现在的确是在有一波人眼里，女孩子画个妆就是 罪恶的消费主义、就是讨好谁谁、媚谁谁、迎合谁谁、为了雌竞。\n所以无视那些人吧","commentTime":"2022-05-16 21:09:33","commentOwner":"。"},{"comment":"改成人都有爱美之心，就没事了吧","commentTime":"2022-05-16 21:11:27","commentOwner":"哈一口"},{"comment":"别改，惯的她们。\n离谱","commentTime":"2022-05-16 21:17:28","commentOwner":"。"},{"comment":"别改\n管他们的","commentTime":"2022-05-16 21:18:56","commentOwner":"= ="},{"comment":"直接在评论区说“第xx章说了女孩子都爱美，我一下子就不想看了”\n评论已经压下去了，但我就是好在意好憋闷啊！！这条评论还有三个点赞","commentTime":"2022-05-16 21:23:42","commentOwner":"。"},{"comment":"别理。","commentTime":"2022-05-16 21:25:15","commentOwner":"。"},{"comment":"直接在评论区说“第xx章说了女孩子都爱美，我一下子就不想看了”\n评论已经压下去了，但我就是好在意好憋闷啊！！这条评论还有三个点赞\n№11 ☆☆☆。|3233c56a☆于2022-05-16 21:23:42留言☆☆☆\n可能这个人恋丑吧。","commentTime":"2022-05-16 21:28:59","commentOwner":"。。"},{"comment":"我不喜欢女孩子或多或少都有点爱美之心这句话，我就没有，仅代表我自己。反正我看不到我，每天还懒得照镜子，我美我丑关我什么事。\n但我也就论坛看到这种贴子会逼逼两句。\n看到文里这么写，我会在心里吐槽作者刻板印象，然后觉得我这种人太少了，也不出现在作者的现实世界里，不是作者世界里的女孩子，没有说服力，不去评论，自行点叉。\n我看楼主的贴子，感觉就是：不是同一个世界的人交流之后，有人会奇怪地到论坛上问：我看到的世界是真的吗？我要不要屈服别人的世界观呢？\n建议：虽然我讨厌楼主的世界观，但我建议保留自己的世界观。你写文在写自己想的东西，又不是在写别人想的东西。一味屈服别人的世界观，还写什么文表达什么。别人觉得什么正确与你无关，你想怎么写怎么写。","commentTime":"2022-05-16 21:30:46","commentOwner":"。"},{"comment":"直接在评论区说“第xx章说了女孩子都爱美，我一下子就不想看了”\n评论已经压下去了，但我就是好在意好憋闷啊！！这条评论还有三个点赞\n№11☆☆☆。|3233c56a于2022-05-16 21:23:42留言☆☆☆\n爱美怎么了，不爱美难道爱丑（而且给点赞的多半也是杠精。往好了想，一句 爱美之心人皆有之 能早点排除掉类似的杠精也不错）","commentTime":"2022-05-16 21:31:08","commentOwner":"。"},{"comment":"在意的话也可以删了，反正这句话不影响剧情和人设。\n不在意的话一笑了之。\n不高兴的话骂回去。\n总之不要委屈自己，不要纠结和内耗。怎么做都是合理的。","commentTime":"2022-05-16 21:31:09","commentOwner":"。"},{"comment":"那些人不爱美是爱丑吗","commentTime":"2022-05-16 21:32:06","commentOwner":"。"},{"comment":"矫枉过正","commentTime":"2022-05-16 21:33:40","commentOwner":"。"},{"comment":"谁不爱美啊我的天，不爱美爱丑啊","commentTime":"2022-05-16 21:36:40","commentOwner":"想升三星"},{"comment":"今日份迷惑get~","commentTime":"2022-05-16 21:46:06","commentOwner":"。"},{"comment":"不爱美恋丑吗","commentTime":"2022-05-16 21:47:28","commentOwner":"。"},{"comment":"谁不爱美啊我的天，连猴子都会给自己耳朵别朵小花花","commentTime":"2022-05-16 22:18:13","commentOwner":"= ="},{"comment":"建议改成有眼睛的动物都或多或少有爱美之心(。)","commentTime":"2022-05-16 22:26:57","commentOwner":"。"},{"comment":"我不喜欢女孩子或多或少都有点爱美之心这句话，我就没有，仅代表我自己。反正我看不到我，每天还懒得照镜子，我美我丑关我什么事。\n但我也就论坛看到这种贴子会逼逼两句。\n看到文里这么写，我会在心里吐槽作者刻板印象，然后觉得我这种人太少了，也不出现在作者的现实世界里，不是作者世界里的女孩子，没有说服力，不去评论，自行点叉。\n我看楼主的贴子，感觉就是：不是同一个世界的人交流之后，有人会奇怪地到论坛上问：我看到的世界是真的吗？我要不要屈服别人的世界观呢？\n建议：虽然我讨厌楼主的世界观，但我建议保留自己的世界观。你写文在写自己想的东西，又不是在写别人想的东西。一味屈服别人的世界观，还写什么文表达什么。别人觉得什么正确与你无关，你想怎么写怎么写。\n№14 ☆☆☆。|5dce5b8c于2022-05-16 21:30:46留言☆☆☆\n尊重恋丑癖——大家能理解有些人品味独特，但是大部分，就是说一千个人里可能才出现一个恋丑癖的情况下，楼主说女生都有爱美之心也不过分吧……\n千分之一的概率是我胡诌的，因为我觉得恋丑癖的概率太小了，感觉一千个里最多最多一个……请不要将千分之一当成调查数据。","commentTime":"2022-05-16 22:43:03","commentOwner":"。"},{"comment":"谁不爱美啊我的天，连猴子都会给自己耳朵别朵小花花\n№22 ☆☆☆= =|dfadf922于2022-05-16 22:18:13留言☆☆☆\n好萌啊哈哈哈哈哈","commentTime":"2022-05-16 22:44:25","commentOwner":"一"},{"comment":"忘了是多久之前看到的评论了，他大概说的就是女主要是喜欢化妆品什么的就庸俗了，她就是要不化妆，要清雅。我当时就有点懵圈了。","commentTime":"2022-05-16 22:45:12","commentOwner":"。"},{"comment":"忘了是多久之前看到的评论了，他大概说的就是女主要是喜欢化妆品什么的就庸俗了，她就是要不化妆，要清雅。我当时就有点懵圈了。\n№26 ☆☆☆。|dded2fd5于2022-05-16 22:45:12留言☆☆☆\n他不是觉得不化妆的女生清雅，他是觉得不化妆还漂亮还不用花钱的女生清雅！","commentTime":"2022-05-16 22:47:30","commentOwner":"。"},{"comment":"真的存在没有爱美之心的人吗？？买个好看的衣服，挑个好看的笔也算是爱美啊，人人都有吧！买个菜还得挑鲜亮好看的呢","commentTime":"2022-05-16 22:48:03","commentOwner":"。"},{"comment":"连鸟类求偶都要展示漂亮的羽毛，还有把窝搭的五颜六色求偶的，爱美之心我觉得说是本能也不为过吧……","commentTime":"2022-05-16 22:59:56","commentOwner":"。"},{"comment":"我不喜欢女孩子或多或少都有点爱美之心这句话，我就没有，仅代表我自己。反正我看不到我，每天还懒得照镜子，我美我丑关我什么事。\n但我也就论坛看到这种贴子会逼逼两句。\n看到文里这么写，我会在心里吐槽作者刻板印象，然后觉得我这种人太少了，也不出现在作者的现实世界里，不是作者世界里的女孩子，没有说服力，不去评论，自行点叉。\n我看楼主的贴子，感觉就是：不是同一个世界的人交流之后，有人会奇怪地到论坛上问：我看到的世界是真的吗？我要不要屈服别人的世界观呢？\n建议：虽然我讨厌楼主的世界观，但我建议保留自己的世界观。你写文在写自己想的东西，又不是在写别人想的东西。一味屈服别人的世界观，还写什么文表达什么。别人觉得什么正确与你无关，你想怎么写怎么写。\n№14 ☆☆☆。|5dce5b8c于2022-05-16 21:30:46留言☆☆☆\n楼主写的不是“几个女孩或多或少都有点爱美之心”么。又没说所有女孩子。","commentTime":"2022-05-16 23:06:16","commentOwner":"——"}]}