{"id":"cfc6ff54-a75b-4373-8624-68e0618bbbc1","category":"晋江论坛→网友交流区→碧水江汀 欢迎回来：53088456  退 出","postSubject":"主题：为什么总有人喜欢在v前负分虚假排雷并弃文告知，这种感觉就像是—— [10] 【搜索关键词：排雷】","postUrl":"https://bbs.jjwxc.net/showmsg.php?board=17&keyword=%C5%C5%C0%D7&id=1938186","originalPost":"开景区展览馆的，前厅免费，中庭后面收费，这人在前厅拉了坨翔跑了，没有任何损失，我还担心这坨翔影响别的旅客，想办法处理掉这坨翔，每每想起我还觉着倒胃口……","numberOfReplies":10,"comments":[{"comment":"因为展览馆的工作人员允许他们拉啊","commentTime":"2022-06-10 10:00:27","commentOwner":"= ="},{"comment":"开景区展览馆的，前厅免费，中庭后面收费，这人在前厅拉了坨翔跑了，没有任何损失，我还担心这坨翔影响别的旅客，想办法处理掉这坨翔，每每想起我还觉着倒胃口……\n№0 ☆☆☆嘿嘿|30766427于2022-06-10 09:58:46留言☆☆☆\n贴切","commentTime":"2022-06-10 10:01:00","commentOwner":"。"},{"comment":"主楼不要太贴切","commentTime":"2022-06-10 10:01:24","commentOwner":"= ="},{"comment":"开景区展览馆的，前厅免费，中庭后面收费，这人在前厅拉了坨翔跑了，没有任何损失，我还担心这坨翔影响别的旅客，想办法处理掉这坨翔，每每想起我还觉着倒胃口……\n№0 ☆☆☆嘿嘿|30766427于2022-06-10 09:58:46留言☆☆☆\n。","commentTime":"2022-06-10 10:01:43","commentOwner":"。"},{"comment":"太真实了","commentTime":"2022-06-10 10:02:07","commentOwner":"默默"},{"comment":"也有可能是同行","commentTime":"2022-06-10 10:02:15","commentOwner":"。"},{"comment":"这种人真的很讨厌很讨厌，","commentTime":"2022-06-10 10:06:10","commentOwner":"也一样"},{"comment":"有可能是小学语文没学好，理解能力跟常人有差异。","commentTime":"2022-06-10 10:08:18","commentOwner":"。"},{"comment":"他还加上写作指导说我第一次写这类文是不是不会写，应该巴拉巴拉，我真的#%*$?","commentTime":"2022-06-10 10:09:18","commentOwner":"嘿嘿"},{"comment":"是那种自卑到需要帮别人认同，多多少少有点虚假热情，就像小学初中的某些学生靠舔而获得朋友，比如“我不喜欢这种，也告知同样不喜欢的，这样我就不是一个人了。”这种心态","commentTime":"2022-06-10 10:17:20","commentOwner":"=="}]}