{"id":"c5374985-d0d9-412d-b021-5b77fb81ef50","category":"晋江论坛→网友交流区→碧水江汀 欢迎回来：53088456  退 出","postSubject":"主题：为什么读者喜欢在免费章最后一章刷负排雷？ [3] 【搜索关键词：排雷】","postUrl":"https://bbs.jjwxc.net/showmsg.php?board=17&keyword=%C5%C5%C0%D7&id=1912952","originalPost":"这种读者是啥意思，免费吃了人家东西，吃到最后，要买货架上商品的时候，立马吐一口口水，说难吃，还大声嚷嚷大家都不要吃，太难吃了！","numberOfReplies":3,"comments":[{"comment":"只能说人畜有别","commentTime":"2022-05-24 16:08:16","commentOwner":"。"},{"comment":"哎","commentTime":"2022-05-24 16:09:15","commentOwner":"= ="},{"comment":"盗文狗的日常操作。","commentTime":"2022-05-24 16:11:12","commentOwner":"。"}]}