{"id":"fae5d5bb-8943-4b36-a468-6f8729621ac2","category":"晋江论坛→网友交流区→碧水江汀 欢迎回来：53088456  退 出","postSubject":"主题：hzc排雷我惊了 [54] 【搜索关键词：排雷】","postUrl":"https://bbs.jjwxc.net/showmsg.php?board=17&keyword=%C5%C5%C0%D7&id=1911919","originalPost":"https://s3.bmp.ovh/imgs/2022/05/23/d152019102d83955.jpg","numberOfReplies":54,"comments":[{"comment":"","commentTime":"2022-05-23 22:06:03","commentOwner":"。"},{"comment":"????X","commentTime":"2022-05-23 22:06:51","commentOwner":"。"},{"comment":"????X\n№2 ☆☆☆。|455dca1a于2022-05-23 22:06:51留言☆☆☆\n牛X","commentTime":"2022-05-23 22:07:09","commentOwner":"。"},{"comment":"…………","commentTime":"2022-05-23 22:07:48","commentOwner":"。"},{"comment":"。。。。。","commentTime":"2022-05-23 22:08:23","commentOwner":"。"},{"comment":"看不到？","commentTime":"2022-05-23 22:08:23","commentOwner":"。"},{"comment":"№1 ☆☆☆。|eaeaecf4于2022-05-23 22:06:03留言☆☆☆\n带一下","commentTime":"2022-05-23 22:08:38","commentOwner":"。"},{"comment":"这是不是bs谁说过啊，虽然不知道说的哪一本，但虐女86和虐男3这个数据好熟悉","commentTime":"2022-05-23 22:08:53","commentOwner":"。"},{"comment":"啊这......","commentTime":"2022-05-23 22:08:59","commentOwner":"。"},{"comment":"看不见图片","commentTime":"2022-05-23 22:09:05","commentOwner":"= ="},{"comment":"这是不是bs谁说过啊，虽然不知道说的哪一本，但虐女86和虐男3这个数据好熟悉\n№8 ☆☆☆。|540ec753于2022-05-23 22:08:53留言☆☆☆\n不是说是小红书的吗","commentTime":"2022-05-23 22:09:14","commentOwner":"。"},{"comment":"图裂了","commentTime":"2022-05-23 22:09:24","commentOwner":"。。"},{"comment":"讲真，如果有读者这么仔细看我的文，我会挺开心的…","commentTime":"2022-05-23 22:09:40","commentOwner":"。"},{"comment":"之前有个贴就是说的这本吧，哈哈","commentTime":"2022-05-23 22:09:41","commentOwner":"= ="},{"comment":"最秀的是全订标哈哈哈哈","commentTime":"2022-05-23 22:10:10","commentOwner":"。"},{"comment":"直接举报排雷，管理会删","commentTime":"2022-05-23 22:10:10","commentOwner":"。。"},{"comment":"讲真，如果有读者这么仔细看我的文，我会挺开心的…\n№13☆☆☆。|fea16ceb于2022-05-23 22:09:40留言☆☆☆\n？","commentTime":"2022-05-23 22:10:29","commentOwner":"。。"},{"comment":"历史引用 展开全部▼\n不是说是小红书的吗\n№11 ☆☆☆。|7a48c41e于2022-05-23 22:09:14留言☆☆☆\n我不看小红书，就常看个bs偶尔看个读者区。感觉是在bs看到过，如果不是bs那可能是读者区吧。","commentTime":"2022-05-23 22:10:40","commentOwner":"。"},{"comment":"。。。这不是讽刺作者只虐女不虐男吗","commentTime":"2022-05-23 22:11:03","commentOwner":"。"},{"comment":"讲真，如果有读者这么仔细看我的文，我会挺开心的…\n№13 ☆☆☆。|fea16ceb于2022-05-23 22:09:40留言☆☆☆\n真遇上你就知道了","commentTime":"2022-05-23 22:11:11","commentOwner":"。"},{"comment":"直接举报排雷，管理会删\n№16 ☆☆☆。。|783a4a7e于2022-05-23 22:10:10留言☆☆☆\n你急了","commentTime":"2022-05-23 22:11:43","commentOwner":"鸭鸭鸭呀"},{"comment":"历史引用 展开全部▼\n我不看小红书，就常看个bs偶尔看个读者区。感觉是在bs看到过，如果不是bs那可能是读者区吧。\n№18 ☆☆☆。|540ec753于2022-05-23 22:10:40留言☆☆☆\n这个图是我在xhs刷到的","commentTime":"2022-05-23 22:11:51","commentOwner":"。"},{"comment":"也可以理解吧，毕竟这个比例确实有点过分了啊","commentTime":"2022-05-23 22:12:02","commentOwner":"。"},{"comment":"图片说的啥？我看不见","commentTime":"2022-05-23 22:12:31","commentOwner":"。。"},{"comment":"为啥你们都能看到，好急啊我也先看","commentTime":"2022-05-23 22:12:32","commentOwner":"。"},{"comment":"图裂了 但我好像已经猜到了，这个隔壁已经涛过一轮了","commentTime":"2022-05-23 22:12:32","commentOwner":"。"},{"comment":"如果不是虚假排雷的话……我觉得可以理解","commentTime":"2022-05-23 22:12:46","commentOwner":"。"},{"comment":"hzc三章虐男？救命，hzc被侮辱了","commentTime":"2022-05-23 22:12:48","commentOwner":"。"},{"comment":"绝，这种hzc确实该排雷，虐男9000字？开玩笑呢","commentTime":"2022-05-23 22:13:07","commentOwner":"。"},{"comment":"86:3确实是一些hzc读者的大雷吧","commentTime":"2022-05-23 22:13:46","commentOwner":"。"},{"comment":"有点恐怖","commentTime":"2022-05-23 22:14:01","commentOwner":"= ="},{"comment":"真的这么夸张吗？虽然经常听碧水说虐男少，但我看过的虽不会1：1，但也不会虐男就几章吧？不是虚假排雷？？如果真的虐男只有几章，我支持，但我觉得是虚假排雷。。太夸张了。。真的有作者这么写？虐男就几章？？？？？","commentTime":"2022-05-23 22:14:26","commentOwner":"=="},{"comment":"就，虽然都说hzc虐男太多会掉苏感。\n但是之前也不能这样轻拿轻放吧……\n而且这个读者还是全订。","commentTime":"2022-05-23 22:14:30","commentOwner":"。"},{"comment":"直接举报排雷，管理会删\n№16 ☆☆☆。。|783a4a7e于2022-05-23 22:10:10留言☆☆☆\n这作者直接关评论区了","commentTime":"2022-05-23 22:14:33","commentOwner":"= ="},{"comment":"历史引用 展开全部▼\n真遇上你就知道了\n№20 ☆☆☆。|b451152e于2022-05-23 22:11:11留言☆☆☆\n图中这种31：1的作者我确实希望她们都能遇到。","commentTime":"2022-05-23 22:14:38","commentOwner":"= ="},{"comment":"如果不是虚假排雷的话……我觉得可以理解\n№27 ☆☆☆。|8110e403于2022-05-23 22:12:46留言☆☆☆\n我觉得也可以理解，前提是有没有虚假排雷","commentTime":"2022-05-23 22:15:05","commentOwner":"=="},{"comment":"虐男少，我需要这种排雷","commentTime":"2022-05-23 22:15:47","commentOwner":"。"},{"comment":"历史引用 展开全部▼\n我觉得也可以理解，前提是有没有虚假排雷\n№36 ☆☆☆==|bdb41dd2于2022-05-23 22:15:05留言☆☆☆\n加一","commentTime":"2022-05-23 22:15:49","commentOwner":"。"},{"comment":"历史引用 展开全部▼\n这作者直接关评论区了\n№34 ☆☆☆= =|3e3197be于2022-05-23 22:14:33留言☆☆☆\n这个作者关评论难道不是被网暴了？全网挂连碧水都有，连新文都被刷负","commentTime":"2022-05-23 22:17:40","commentOwner":"苹果肌"},{"comment":"太恐怖了吧，这不是hzc，是渣贱啊","commentTime":"2022-05-23 22:19:44","commentOwner":"= ="},{"comment":"所以前几天bs说什么读者喜欢看hzc虐女不虐男就很搞笑啊，这个作者以前写的就是hzc不虐男，结果被喷到关闭评论区，文收也不高，钱没赚几个，骂倒是挨了不少，人家后面写hzc改虐男了，文收直接翻三倍。","commentTime":"2022-05-23 22:19:53","commentOwner":"。"},{"comment":"哦，上次不是说这作者可怜，被网暴了吗？反正现在的火葬场作者看来，火葬场就是渣贱","commentTime":"2022-05-23 22:20:40","commentOwner":"。"},{"comment":"整栋楼只剩我加载不出来图片吗，连上面的网址都刷不出来","commentTime":"2022-05-23 22:22:46","commentOwner":"= ="},{"comment":"所以前几天bs说什么读者喜欢看hzc虐女不虐男就很搞笑啊，这个作者以前写的就是hzc不虐男，结果被喷到关闭评论区，文收也不高，钱没赚几个，骂倒是挨了不少，人家后面写hzc改虐男了，文收直接翻三倍。\n№41 ☆☆☆。|676cde1f于2022-05-23 22:19:53留言☆☆☆\n这个是真的太夸张了，就虐三章，做不到1：1，3：2也可以吧，","commentTime":"2022-05-23 22:23:07","commentOwner":"=="},{"comment":"历史引用 展开全部▼\n这个作者关评论难道不是被网暴了？全网挂连碧水都有，连新文都被刷负\n№39 ☆☆☆苹果肌|941bcfed于2022-05-23 22:17:40留言☆☆☆\n她有三本连载，就一个负分评，造什么谣呢","commentTime":"2022-05-23 22:23:27","commentOwner":"= ="},{"comment":"历史引用 展开全部▼\n她有三本连载，就一个负分评，造什么谣呢\n№45 ☆☆☆= =|3e3197be于2022-05-23 22:23:27留言☆☆☆\n谁造谣谁天打雷劈呗，负分被举报了就是没有，我懂了","commentTime":"2022-05-23 22:25:10","commentOwner":"苹果肌"},{"comment":"感觉虐男的好少，好喜欢看虐男的，呜呜呜女孩子那么可爱为啥虐","commentTime":"2022-05-23 22:26:25","commentOwner":"，"},{"comment":"历史引用 展开全部▼\n你急了\n№21☆☆☆鸭鸭鸭呀|144002ac于2022-05-23 22:11:43留言☆☆☆\n这有什么好急的，我以为这是楼主的文，她来问被人排雷了怎么办，我出个主意而已。","commentTime":"2022-05-23 22:26:39","commentOwner":"。"},{"comment":"让我看看图","commentTime":"2022-05-23 22:28:22","commentOwner":"蹲顶助力带师"},{"comment":"哈哈哈哈这虐男的字数，就离谱。","commentTime":"2022-05-23 22:28:45","commentOwner":"。"},{"comment":"人家是全订，我需要这种排雷","commentTime":"2022-05-23 22:29:27","commentOwner":"= ="},{"comment":"看完全楼，我只想说我需要这种排雷，我看火葬场恨不得前三章开始虐","commentTime":"2022-05-23 22:30:47","commentOwner":"。。"},{"comment":"大号被封了，小号爬上来说一句，如果作者没说自己是写hzc也无可厚非，毕竟有的人就是喜欢虐文，或者有被虐倾向。但是要是标注了hzc就不怪人家排雷了吧…你骗人家说这是蛋糕，可好吃了，然后人家咬了一口发现是屎…","commentTime":"2022-05-23 22:40:15","commentOwner":"=="},{"comment":"这怎么了，排雷侠呀","commentTime":"2022-05-23 22:43:32","commentOwner":"小心车台间隙"}]}