{"id":"295c920c-4854-4e7c-a8ca-aed12d5f151c","category":"晋江论坛→网友交流区→碧水江汀 请稍候...","postSubject":"主题：前世今生的文，前世占比十分之三，前世be的话要排雷吗？ [15] 【搜索关键词：排雷】","postUrl":"https://bbs.jjwxc.net/showmsg.php?board=17&keyword=%C5%C5%C0%D7&id=1706224","originalPost":"rt\n前世很虐，女主大渣女。","numberOfReplies":15,"comments":[{"comment":"看你承受能力","commentTime":"2022-01-05 17:58:41","commentOwner":"。"},{"comment":"这仿佛是我发的贴\n我也是前世be，决定快结尾时揭露，怕是喂毒","commentTime":"2022-01-05 17:58:59","commentOwner":"。"},{"comment":"我会在阅读须知里说 但这不算排雷 因为总体是HE的","commentTime":"2022-01-05 17:59:33","commentOwner":"。"},{"comment":"前世he今生为啥还要在一起\n当然前世诸多遗憾，今生修得圆满更带感（不过可以标一下有没有虐）","commentTime":"2022-01-05 17:59:58","commentOwner":"。。"},{"comment":"……一生一世美人骨那样吗","commentTime":"2022-01-05 18:00:23","commentOwner":"diydlhckgd"},{"comment":"不算","commentTime":"2022-01-05 18:00:59","commentOwner":"。"},{"comment":"我默认前世都是be的","commentTime":"2022-01-05 18:01:22","commentOwner":"。"},{"comment":"前世不be，还写啥今生？","commentTime":"2022-01-05 18:01:54","commentOwner":"不说话"},{"comment":"我也默认前世be","commentTime":"2022-01-05 18:04:30","commentOwner":"。"},{"comment":"我也觉得默认前世be","commentTime":"2022-01-05 18:06:19","commentOwner":"方"},{"comment":"这种最好是从今生开始写，一开始就埋前世be的伏笔","commentTime":"2022-01-05 18:07:00","commentOwner":"。"},{"comment":"开头就铺前世伏笔，基调一致","commentTime":"2022-01-05 18:11:11","commentOwner":"= ="},{"comment":"前世be很正常啊","commentTime":"2022-01-05 18:12:53","commentOwner":"。"},{"comment":"同默认前世be","commentTime":"2022-01-05 18:14:42","commentOwner":"＝"},{"comment":"看你在哪儿写啊，十分之三占比不少了，你要是开头就暗示前世很惨还行，千万不要现世甜甜甜突然来个回忆杀前世怎么惨","commentTime":"2022-01-05 18:15:00","commentOwner":"= ="}]}