{"id":"b2515c9a-f480-4873-a1e4-a91144f298b5","category":"晋江论坛→网友交流区→碧水江汀 请稍候...","postSubject":"主题：重生逆袭的题材还能不能写了？我全篇写打脸和逆袭，读者却只纠结于主角上辈子，给差评说不爽，排雷 [5] 【搜索关键词：排雷】","postUrl":"https://bbs.jjwxc.net/showmsg.php?board=17&keyword=%C5%C5%C0%D7&id=1636849","originalPost":"重生逆袭的题材还能不能写了？我全篇写打脸和逆袭，读者却只纠结于主角上辈子，给出差评说不爽，排雷，太无语之类的等等。\n还洋洋洒洒写小作文，明明这辈子碾压性的爽，弥补遗憾。\n书中对前一世的憋屈还做了解释，是工具人觉醒，打脸原书精致利己主义主角。\n是有遗憾和冲突，所以安排她重生。\n真是觉得，读者身上遍布地雷阵，好多雷点都很奇妙，不知道什么时候踩到一个，而且读者是真情实感的愤怒，作为作者就很不知所措。","numberOfReplies":5,"comments":[{"comment":"写啊，干嘛不写？我昨天都被刷了一天排雷了，但那又怎么样，那是我的故事，只有作者能主导，管她们怎么说呢。\n她们要当雷震子就让她们当好了，反正那种人不会追下去的，你要在意的是那些留下来的读者啊咕咕！！","commentTime":"2021-11-14 09:47:55","commentOwner":"。"},{"comment":"你不用理他们啊，有钱就行了，看看你的星星","commentTime":"2021-11-14 09:48:41","commentOwner":"。"},{"comment":"你不用理她们，她们乐意当雷震子让她们当去呗。留下来的读者才值得在意吧咕咕","commentTime":"2021-11-14 09:50:02","commentOwner":"。"},{"comment":"加油，支棱起来","commentTime":"2021-11-14 09:51:09","commentOwner":"。"},{"comment":"读者要的是那种没有一点憋屈的爽，但这种是很难的，先抑后仰才会有爽，读者不懂，你只要写了抑，就会有人因为感觉不舒服开始挑刺，但又怎么可能不写。","commentTime":"2021-11-14 09:54:50","commentOwner":"=="}]}