{"id":"814cdc71-a220-4a34-8073-2b42dff129fd","category":"晋江论坛→网友交流区→碧水江汀 欢迎回来：53088456  退 出","postSubject":"主题：很好，以后写文文案排雷又可以多一条，本文作者会删除影响收益、以及各类写作指导、难听的差评，接受不了的读者退散。感谢晋江 [17] 【搜索关键词：排雷】","postUrl":"https://bbs.jjwxc.net/showmsg.php?board=17&keyword=%C5%C5%C0%D7&id=1961393","originalPost":"。","numberOfReplies":17,"comments":[{"comment":"感觉是个方法","commentTime":"2022-06-25 19:12:23","commentOwner":"啦"},{"comment":"JJ有病，作者啥也不是","commentTime":"2022-06-25 19:16:04","commentOwner":"。"},{"comment":"我会写，要是被投诉封权限了，我就直接关评论区\n就是blx，就是要赚钱，不满可以不看","commentTime":"2022-06-25 19:16:44","commentOwner":"=="},{"comment":"我会写，要是被投诉封权限了，我就直接关评论区\n就是blx，就是要赚钱，不满可以不看\n№3 ☆☆☆==|cdeb3818于2022-06-25 19:16:44留言☆☆☆\n读者能够看到作者删除评论这一sb功能持续下去，那作者肯定要排雷的，，感谢@管三","commentTime":"2022-06-25 19:18:45","commentOwner":"。"},{"comment":"啥都要排雷 累了\n以后我文案写个十几条排雷才行","commentTime":"2022-06-25 19:19:54","commentOwner":"。"},{"comment":"所以建议@冰心  @管三，再在文案上多出一个排雷区呢，这样显眼一点，可以保障读者的权益。","commentTime":"2022-06-25 19:20:53","commentOwner":"。"},{"comment":"谢谢您，我需要这种排雷","commentTime":"2022-06-25 19:21:18","commentOwner":"= ="},{"comment":"可以可以。","commentTime":"2022-06-25 19:21:28","commentOwner":"。"},{"comment":"我以后就写“作者会删除一部分引战或吵架评论，介意勿点”","commentTime":"2022-06-25 19:22:38","commentOwner":"。"},{"comment":"我觉得挺好，大家双向选择","commentTime":"2022-06-25 19:41:52","commentOwner":"= ="},{"comment":"我以后就写“作者会删除一部分引战或吵架评论，介意勿点”\n№9 ☆☆☆。|5f267cc3于2022-06-25 19:22:38留言☆☆☆\n对对，这个排雷简洁～","commentTime":"2022-06-25 21:23:51","commentOwner":"。"},{"comment":"拉黑的事暂且不提，往后写文的作者要是不关评论区，绝对要在文案添这一条，晋江的神操作，除了拱火啥也不会","commentTime":"2022-06-25 21:25:07","commentOwner":"。"},{"comment":"对，我个人觉得文案添加这条非常有必要，以免删了评论，通知读者回来和我对线","commentTime":"2022-06-25 21:26:50","commentOwner":"。。。"},{"comment":"可以","commentTime":"2022-06-25 21:27:15","commentOwner":"。"},{"comment":"谢谢您，我需要这种排雷\n№7 ☆☆☆= =|432db2bf于2022-06-25 19:21:18留言☆☆☆\n。","commentTime":"2022-06-25 21:28:05","commentOwner":"= ="},{"comment":"异常感谢，这就加上","commentTime":"2022-06-25 21:38:06","commentOwner":"。"},{"comment":"还有还有，我还有一招，咕们多开几个小号压评呀，再次感谢晋江","commentTime":"2022-06-25 21:58:51","commentOwner":"。"}]}