{"id":"bf4a1cb0-8975-47bf-97c9-47c9168deb58","category":"晋江论坛→网友交流区→碧水江汀 欢迎回来：53088456  退 出","postSubject":"主题：有人总在第一章求排雷怎么破？ [10] 【搜索关键词：排雷】","postUrl":"https://bbs.jjwxc.net/showmsg.php?board=17&keyword=%C5%C5%C0%D7&id=1984824","originalPost":"咕咕们遇到过吗？","numberOfReplies":10,"comments":[{"comment":"打零分还自己顶自己，大无语","commentTime":"2022-07-12 08:24:44","commentOwner":"。"},{"comment":"骂他 问她为什么在评论区喂shit","commentTime":"2022-07-12 08:24:58","commentOwner":"。"},{"comment":"骂他 问她为什么在评论区喂shit\n№2 ☆☆☆。|7aa8ac5a于2022-07-12 08:24:58留言☆☆☆\n不想看就别看别影响别的读者心情","commentTime":"2022-07-12 08:25:14","commentOwner":"。"},{"comment":"我都无视","commentTime":"2022-07-12 08:25:30","commentOwner":"。"},{"comment":"历史引用 展开全部▼\n不想看就别看别影响别的读者心情\n№3☆☆☆。|7aa8ac5a于2022-07-12 08:25:14留言☆☆☆\n她看个一两章不就知道要不要看了？一直在第一章问我真的会谢，没人理她还一直问","commentTime":"2022-07-12 08:26:41","commentOwner":"。"},{"comment":"我都无视\n№4☆☆☆。|7a8fc81e于2022-07-12 08:25:30留言☆☆☆\n她一直刷存在感，乌鱼子","commentTime":"2022-07-12 08:27:09","commentOwner":"。"},{"comment":"历史引用 展开全部▼\n她看个一两章不就知道要不要看了？一直在第一章问我真的会谢，没人理她还一直问\n№5 ☆☆☆。|f9de94ff于2022-07-12 08:26:41留言☆☆☆\n别理 找朋友或者让别的读者多评论一下把他刷下去","commentTime":"2022-07-12 08:27:39","commentOwner":"。"},{"comment":"要不就别理，要不就拿小号回吧","commentTime":"2022-07-12 08:28:09","commentOwner":"。"},{"comment":"真别理，没意义，还会被追着继续问下去","commentTime":"2022-07-12 08:29:31","commentOwner":"。"},{"comment":"恶意的吧","commentTime":"2022-07-12 08:33:54","commentOwner":"____"}]}