{"id":"ebcfcd85-0e5c-4d73-b7bc-44203471f80c","category":"晋江论坛→网友交流区→碧水江汀 欢迎回来：53088456  退 出","postSubject":"主题：pbc评论 为什么阻止他人买文不算排雷呢？ [2] 【搜索关键词：排雷】","postUrl":"https://bbs.jjwxc.net/showmsg.php?board=17&keyword=%C5%C5%C0%D7&id=1964042","originalPost":"v前章节总有人问要不要买（这个我理解），然后有的人就专门在底下回：别买","numberOfReplies":2,"comments":[{"comment":"v前章节总有人问要不要买（这个我理解），然后有的人就专门在底下回：别买\n№0☆☆☆。|c9c3acf1于2022-06-27 17:13:54留言☆☆☆\n没有任何理由，就写别买，但是按照排雷投诉投诉不掉","commentTime":"2022-06-27 17:14:29","commentOwner":"。"},{"comment":"这是什么新兴的公益事业吗？确实可以帮助作者提升作品质量吗？","commentTime":"2022-06-27 17:16:30","commentOwner":"。"}]}