{"id":"38c80b37-4654-4bb9-9507-b52276772c26","category":"晋江论坛→网友交流区→碧水江汀 欢迎回来：53088456  退 出","postSubject":"主题：作者基友查了她后台，最初抱团来排雷的四个人没有一个订阅过她的文 [102] 【搜索关键词：排雷】","postUrl":"https://bbs.jjwxc.net/showmsg.php?board=17&keyword=%C5%C5%C0%D7&id=1984923","originalPost":"真讽刺。是不是故意拿作者发泄生活怨气你们自己心里清楚...","numberOfReplies":94,"comments":[{"comment":"就是拿隔壁当枪使\n带节奏排除异己","commentTime":"2022-07-12 09:37:35","commentOwner":"。"},{"comment":"绝了，","commentTime":"2022-07-12 09:38:02","commentOwner":"。"},{"comment":"隔壁经常被当枪使，哎","commentTime":"2022-07-12 09:38:15","commentOwner":"。。"},{"comment":"……","commentTime":"2022-07-12 09:38:41","commentOwner":"。"},{"comment":"","commentTime":"2022-07-12 09:38:43","commentOwner":"……"},{"comment":"……","commentTime":"2022-07-12 09:39:30","commentOwner":"。"},{"comment":"。。？","commentTime":"2022-07-12 09:39:39","commentOwner":"。"},{"comment":"这不是最近夹子经常有的现象吗，一群人不看文，把评论区搅的乌烟瘴气，然后下了夹子就都不见了，我一直觉得，这些人这么报团，应该是有组织有群吧","commentTime":"2022-07-12 09:39:39","commentOwner":"啦啦啦啦啦"},{"comment":"不是经常这样吗？晋江继续搞，搞死作者算了","commentTime":"2022-07-12 09:40:17","commentOwner":"。"},{"comment":"啊啊啊，有人能说说前情吗？我咋一进来就变天了","commentTime":"2022-07-12 09:40:29","commentOwner":"，，"},{"comment":"……","commentTime":"2022-07-12 09:40:42","commentOwner":"。"},{"comment":"离谱","commentTime":"2022-07-12 09:41:17","commentOwner":"……"},{"comment":"啥？又是啥事","commentTime":"2022-07-12 09:41:51","commentOwner":"。"},{"comment":"这种就是故意搞人！","commentTime":"2022-07-12 09:42:14","commentOwner":"基槽"},{"comment":"笑死了，说不定就是看盗文的","commentTime":"2022-07-12 09:42:24","commentOwner":"galelovely"},{"comment":"","commentTime":"2022-07-12 09:42:56","commentOwner":"= ="},{"comment":"毕竟全网唯一一个引导鼓励网暴创作者的两口子平台","commentTime":"2022-07-12 09:43:03","commentOwner":"= ="},{"comment":"我观察过，不订阅的人最喜欢在前三章排雷。","commentTime":"2022-07-12 09:43:23","commentOwner":"。"},{"comment":"绝了，这就是被维护的那部分人吗？","commentTime":"2022-07-12 09:43:25","commentOwner":"。"},{"comment":"","commentTime":"2022-07-12 09:43:25","commentOwner":"= ="},{"comment":"绝了","commentTime":"2022-07-12 09:43:39","commentOwner":"鲁鲁修的寂寞"},{"comment":"说不出话了……","commentTime":"2022-07-12 09:44:30","commentOwner":"可自证"},{"comment":"作者基友也经历过wb我记得","commentTime":"2022-07-12 09:44:40","commentOwner":"= ="},{"comment":"那天在夹子上因为受喜欢攻被受梦女被抱团的文，受不了帮作者说了几句话\n发现把评论区搅得乌烟瘴气的，一直就那个三个人。\n根本不听别人说话，反复那些含有极大戾气的掐挑\n那个时候就在想有禁言功能就好了，","commentTime":"2022-07-12 09:44:43","commentOwner":"。"},{"comment":"dd","commentTime":"2022-07-12 09:44:45","commentOwner":"。。。。"},{"comment":"懂了。就是道听途说来的“雷点”，自己也没求证过，可能也根本不会是受众，但就是正好抓住一个可以发散的点，表现得好像自己被欺骗过感情似的，跑去拱火的心态。骂了一天，爽了一天后，再去寻找下一个目标。\n这种人里很多不是正常看文的。","commentTime":"2022-07-12 09:45:07","commentOwner":"。"},{"comment":"懂了。就是道听途说来的“雷点”，自己也没求证过，可能也根本不会是受众，但就是正好抓住一个可以发散的点，表现得好像自己被欺骗过感情似的，跑去拱火的心态。骂了一天，爽了一天后，再去寻找下一个目标。\n这种人里很多不是正常看文的。\n№27 ☆☆☆。|fc6ce06c于2022-07-12 09:45:07留言☆☆☆\n。","commentTime":"2022-07-12 09:45:20","commentOwner":"= ="},{"comment":"六月飞雪也不过如此了，\n我是活在典故中吗","commentTime":"2022-07-12 09:45:56","commentOwner":"。"},{"comment":"d单单这一个月，多少作者本来有希望的文虚假排雷和抱团wb毁掉了？","commentTime":"2022-07-12 09:45:59","commentOwner":"。"},{"comment":"唉能不能告那几个人啊","commentTime":"2022-07-12 09:46:01","commentOwner":"。"},{"comment":"懂了。就是道听途说来的“雷点”，自己也没求证过，可能也根本不会是受众，但就是正好抓住一个可以发散的点，表现得好像自己被欺骗过感情似的，跑去拱火的心态。骂了一天，爽了一天后，再去寻找下一个目标。\n这种人里很多不是正常看文的。\n№27☆☆☆。|fc6ce06c于2022-07-12 09:45:07留言☆☆☆\n是的，我文里排雷的都是0订阅的。","commentTime":"2022-07-12 09:46:01","commentOwner":"。"},{"comment":"我观察过，不订阅的人最喜欢在前三章排雷。\n№18 ☆☆☆。|98be1fed☆于2022-07-12 09:43:23留言☆☆☆\n尤其是第一章","commentTime":"2022-07-12 09:46:48","commentOwner":"涡轮"},{"comment":"d单单这一个月，多少作者本来有希望的文虚假排雷和抱团wb毁掉了？\n№30 ☆☆☆。|54941579于2022-07-12 09:45:59留言☆☆☆\n我光记得就有三五本了吧？这不是三五本文，这是这几个作者几个月甚至一年的心血。","commentTime":"2022-07-12 09:47:01","commentOwner":"。"},{"comment":"同","commentTime":"2022-07-12 09:47:01","commentOwner":"。"},{"comment":"懂了。就是道听途说来的“雷点”，自己也没求证过，可能也根本不会是受众，但就是正好抓住一个可以发散的点，表现得好像自己被欺骗过感情似的，跑去拱火的心态。骂了一天，爽了一天后，再去寻找下一个目标。\n这种人里很多不是正常看文的。\n№27 ☆☆☆。|fc6ce06c于2022-07-12 09:45:07留言☆☆☆\n。","commentTime":"2022-07-12 09:47:07","commentOwner":"。"},{"comment":"@iceheart @管理员03 看看吧","commentTime":"2022-07-12 09:47:45","commentOwner":"= ="},{"comment":"懂了。就是道听途说来的“雷点”，自己也没求证过，可能也根本不会是受众，但就是正好抓住一个可以发散的点，表现得好像自己被欺骗过感情似的，跑去拱火的心态。骂了一天，爽了一天后，再去寻找下一个目标。\n这种人里很多不是正常看文的。\n№27 ☆☆☆。|fc6ce06c于2022-07-12 09:45:07留言☆☆☆\n是的，我说的那本文文案都写得明明白白\n那几个人好像抓住什么了不起把柄一样，迫不可待冲过来wb\n就算知道自己没道理了，也要胡搅蛮缠继续发疯","commentTime":"2022-07-12 09:47:51","commentOwner":"。"},{"comment":"我记得，隔壁网站作者自己还能设置粉丝级数达到多少级才能评论，而粉丝级数是看读者在这本书消费了多少，大多数作者都是设置的最低级，也就是购买过一章本书正版就可以评论了，也算是筛选了一部分单纯发泄的人","commentTime":"2022-07-12 09:48:10","commentOwner":"。"},{"comment":"真的是心酸又难过。","commentTime":"2022-07-12 09:48:13","commentOwner":"。"},{"comment":"我支持起诉那些wb的0订阅读者，我愿意捐钱。","commentTime":"2022-07-12 09:48:47","commentOwner":"。。。"},{"comment":"t","commentTime":"2022-07-12 09:50:19","commentOwner":"。"},{"comment":"冰心管三，你们俩睡得着吗？","commentTime":"2022-07-12 09:50:21","commentOwner":"。"},{"comment":"太心酸了","commentTime":"2022-07-12 09:50:49","commentOwner":"= ="},{"comment":"真的就……好难过。","commentTime":"2022-07-12 09:51:11","commentOwner":"。"},{"comment":"我觉得以后作者排了雷可以在文案标上文下人身辱骂，虚假排雷，带节奏的已经截图收集信息汇报给律师起诉，直接发律师函，不要觉得工程量大，整这个玩意来更有用，和他们辩是辩不过来的。（我们作者其实可以联合起来，感觉jj现在作者就是因为太散，整天被网站区别对待，有新功能损害作者利益的不需要通过作者同意，当然他还打着为你好的旗号。还有一些没花钱的读者也可以随意来文下指点江山。）\n还有我不懂“排雷”这种现象是怎么起来的？以前那些作者没排雷，文依然很多人看，就算很雷现在也有很多人会时不时地翻出来看。\n真的我不懂，你的雷点可能就是别人的萌点，还有望周知，你看的不是定制文，作者写出的文不是只服务你一个。我真的不明白你都雷了还会花钱去看？","commentTime":"2022-07-12 09:52:54","commentOwner":"。"},{"comment":"他基友是那个小猫吗？小猫之前在你区被怀疑双签开小号凹紫微星人设网///暴，也自残过……唉，蛮可怜的。","commentTime":"2022-07-12 09:52:56","commentOwner":"= ="},{"comment":"他基友是那个小猫吗？小猫之前在你区被怀疑双签开小号凹紫微星人设网///暴，也自残过……唉，蛮可怜的。\n№49 ☆☆☆= =|71a02d63于2022-07-12 09:52:56留言☆☆☆\n是的，是她。我也记得那件事，唉","commentTime":"2022-07-12 09:53:36","commentOwner":"= ="},{"comment":"就是感觉现在作者真的是被逼得一步一步让步自己的权利。","commentTime":"2022-07-12 09:53:47","commentOwner":"。"},{"comment":"我觉得以后作者排了雷可以在文案标上文下人身辱骂，虚假排雷，带节奏的已经截图收集信息汇报给律师起诉，直接发律师函，不要觉得工程量大，整这个玩意来更有用，和他们辩是辩不过来的。（我们作者其实可以联合起来，感觉jj现在作者就是因为太散，整天被网站区别对待，有新功能损害作者利益的不需要通过作者同意，当然他还打着为你好的旗号。还有一些没花钱的读者也可以随意来文下指点江山。）\n还有我不懂“排雷”这种现象是怎么起来的？以前那些作者没排雷，文依然很多人看，就算很雷现在也有很多人会时不时地翻出来看。\n真的我不懂，你的雷点可能就是别人的萌点，还有望周知，你看的不是定制文，作者写出的文不是只服务你一个。我真的不明白你都雷了还会花钱去看？\n№48 ☆☆☆。|4e8d5d84于2022-07-12 09:52:54留言☆☆☆\n现在雷：我不喜欢的就是雷，你也不准看，你们都不许看！她写了我不喜欢的东西，她不配写文，活该被网暴！","commentTime":"2022-07-12 10:02:11","commentOwner":"= ="},{"comment":"他基友是那个小猫吗？小猫之前在你区被怀疑双签开小号凹紫微星人设网///暴，也自残过……唉，蛮可怜的。\n№49 ☆☆☆= =|71a02d63♥♥于2022-07-12 09:52:56留言☆☆☆\n写文不仅有读者排雷\n还有同行玩阴的","commentTime":"2022-07-12 10:02:53","commentOwner":"=="},{"comment":"睁开眼睛看看吧……","commentTime":"2022-07-12 10:04:14","commentOwner":"。"},{"comment":"d","commentTime":"2022-07-12 10:06:00","commentOwner":"。"},{"comment":"就是hyb用来排除异己的，恶心死了","commentTime":"2022-07-12 10:08:19","commentOwner":"。。"},{"comment":"dd","commentTime":"2022-07-12 10:08:43","commentOwner":"=="},{"comment":"什么乐色啊……","commentTime":"2022-07-12 10:08:54","commentOwner":"。"},{"comment":"服了","commentTime":"2022-07-12 10:11:10","commentOwner":"路人乙沉迷恰瓜"},{"comment":"就是hyb用来排除异己的，恶心死了\n№56☆☆☆。。|e35bbfc5于2022-07-12 10:08:19留言☆☆☆\n如果是hyb，能交给编辑处理吗","commentTime":"2022-07-12 10:11:41","commentOwner":"。"},{"comment":"d","commentTime":"2022-07-12 10:15:43","commentOwner":"基槽"},{"comment":"真无语","commentTime":"2022-07-12 10:22:24","commentOwner":"=="},{"comment":"救。。好可怜。。。","commentTime":"2022-07-12 10:23:18","commentOwner":"。"},{"comment":"所以又变成同行排除异己了？一天天的净往作者身上推锅\n网上有戾气的人多了去了，别整天以为都是hyb同行","commentTime":"2022-07-12 10:24:51","commentOwner":"= ="},{"comment":"所以又变成同行排除异己了？一天天的净往作者身上推锅\n网上有戾气的人多了去了，别整天以为都是hyb同行\n№65☆☆☆= =|b41e0e59于2022-07-12 10:24:51留言☆☆☆\n没有证据的事别乱瞎说","commentTime":"2022-07-12 10:25:32","commentOwner":"= ="},{"comment":"太滑稽了","commentTime":"2022-07-12 10:33:46","commentOwner":"。"},{"comment":"删评论提醒简直是杠精检查哪个作者居然敢删他的贵评后的利器，不用麻烦就能得到晋江官方给的精准报复作者名单。\njj仿佛在说：觉得报复不听话作者太麻烦吗，觉得不好检索吗，我们帮你归纳了名单噢，这些作者居然删了你的评诶，快去找茬吧\njj为了激化矛盾太努力了，感动！\npps\n北京市12345可以试试，全国各地的市名＋12345都是政府官方平台，vx上直接就能搜！！！！你有理有据投诉后他们必须回访的那种，一投一个准，我同事在济南12345投诉开发商，政府电话回访问他对处理结果满意吗","commentTime":"2022-07-12 10:34:11","commentOwner":"。"},{"comment":"太滑稽了\n№67 ☆☆☆。|64e75f97于2022-07-12 10:33:46留言☆☆☆\n北京12345，vx就能搜","commentTime":"2022-07-12 10:34:28","commentOwner":"。"},{"comment":"可以告这四个人吗\n真想知道他们皮下是人是鬼 有几个是真读者","commentTime":"2022-07-12 11:41:36","commentOwner":"。"},{"comment":"告吧，给这些人一些教训","commentTime":"2022-07-12 11:45:53","commentOwner":"。"},{"comment":"dd","commentTime":"2022-07-12 11:50:57","commentOwner":"。"},{"comment":"能告这四个人吗","commentTime":"2022-07-12 11:51:53","commentOwner":"。。"},{"comment":"我记得，隔壁网站作者自己还能设置粉丝级数达到多少级才能评论，而粉丝级数是看读者在这本书消费了多少，大多数作者都是设置的最低级，也就是购买过一章本书正版就可以评论了，也算是筛选了一部分单纯发泄的人\n№39 ☆☆☆。|86f5e728于2022-07-12 09:48:10留言☆☆☆\n就这个功能很难吗？多少作者说过，在v章排雷一个屁都不放，说白了就是要正版读者，正版读者怎么样，作者都是接受的。弄这个功能，无论是作者这边还是读者那边，都不会说什么了。包括有作者提出订阅率显示的问题，不都是分辨正版读者的手段吗。这个功能既能分出正盗，还能管理评论区，两全其美，不好吗？","commentTime":"2022-07-12 11:51:57","commentOwner":"。。。"},{"comment":"可以告这四个人吗\n真想知道他们皮下是人是鬼 有几个是真读者\n№70 ☆☆☆。|ecd09d15于2022-07-12 11:41:36留言☆☆☆\n。","commentTime":"2022-07-12 11:52:12","commentOwner":"。。"},{"comment":"能告他们吗","commentTime":"2022-07-12 11:52:23","commentOwner":"——"},{"comment":"可以告这四个人吗\n真想知道他们皮下是人是鬼 有几个是真读者\n№70 ☆☆☆。|ecd09d15于2022-07-12 11:41:36留言☆☆☆\n。","commentTime":"2022-07-12 11:52:30","commentOwner":"。。"},{"comment":"能告他们吗","commentTime":"2022-07-12 11:52:31","commentOwner":"——"},{"comment":"我记得，隔壁网站作者自己还能设置粉丝级数达到多少级才能评论，而粉丝级数是看读者在这本书消费了多少，大多数作者都是设置的最低级，也就是购买过一章本书正版就可以评论了，也算是筛选了一部分单纯发泄的人\n№39 ☆☆☆。|86f5e728于2022-07-12 09:48:10留言☆☆☆\n就这个功能很难吗？多少作者说过，在v章排雷一个屁都不放，说白了就是要正版读者，正版读者怎么样，作者都是接受的。弄这个功能，无论是作者这边还是读者那边，都不会说什么了。包括有作者提出订阅率显示的问题，不都是分辨正版读者的手段吗。这个功能既能分出正盗，还能管理评论区，两全其美，不好吗？","commentTime":"2022-07-12 11:52:37","commentOwner":"。。。"},{"comment":"我记得，隔壁网站作者自己还能设置粉丝级数达到多少级才能评论，而粉丝级数是看读者在这本书消费了多少，大多数作者都是设置的最低级，也就是购买过一章本书正版就可以评论了，也算是筛选了一部分单纯发泄的人\n№39 ☆☆☆。|86f5e728于2022-07-12 09:48:10留言☆☆☆\n。","commentTime":"2022-07-12 11:52:50","commentOwner":"。"},{"comment":"可以告这四个人吗\n真想知道他们皮下是人是鬼 有几个是真读者\n№70 ☆☆☆。|ecd09d15于2022-07-12 11:41:36留言☆☆☆\n。","commentTime":"2022-07-12 11:52:57","commentOwner":"。。"},{"comment":"我记得，隔壁网站作者自己还能设置粉丝级数达到多少级才能评论，而粉丝级数是看读者在这本书消费了多少，大多数作者都是设置的最低级，也就是购买过一章本书正版就可以评论了，也算是筛选了一部分单纯发泄的人\n№39 ☆☆☆。|86f5e728于2022-07-12 09:48:10留言☆☆☆\n就这个功能很难吗？多少作者说过，在v章排雷一个屁都不放，说白了就是要正版读者，正版读者怎么样，作者都是接受的。弄这个功能，无论是作者这边还是读者那边，都不会说什么了。包括有作者提出订阅率显示的问题，不都是分辨正版读者的手段吗。这个功能既能分出正盗，还能管理评论区，两全其美，不好吗？","commentTime":"2022-07-12 11:52:59","commentOwner":"。。。"},{"comment":"可以告这四个人吗\n真想知道他们皮下是人是鬼 有几个是真读者\n№70 ☆☆☆。|ecd09d15于2022-07-12 11:41:36留言☆☆☆\n。","commentTime":"2022-07-12 11:53:19","commentOwner":"。。"},{"comment":"可以告这四个人吗\n真想知道他们皮下是人是鬼 有几个是真读者\n№70 ☆☆☆。|ecd09d15于2022-07-12 11:41:36留言☆☆☆\n。","commentTime":"2022-07-12 11:54:09","commentOwner":"。。"},{"comment":"唉","commentTime":"2022-07-12 11:54:27","commentOwner":"= ="},{"comment":"可怕","commentTime":"2022-07-12 11:55:57","commentOwner":"。"},{"comment":"历史引用 展开全部▼\n。\n№83☆☆☆。。|6b0d3c54于2022-07-12 11:53:19留言☆☆☆\n晋江不肯提供“读者”信息，说“作者就该被评手论足”","commentTime":"2022-07-12 11:56:52","commentOwner":"。"},{"comment":"恶毒到不能恶毒了，晋江就是帮凶","commentTime":"2022-07-12 11:57:48","commentOwner":"0_0"},{"comment":"发生什么了，有没有课代表！！","commentTime":"2022-07-12 11:58:14","commentOwner":"。"},{"comment":"我就不懂了，jj可以用订阅率精准到读者防盗，怎么就不能把订阅率搞个牌子放到前台。评论每本书的时候，不就是带了一个防盗区间的牌子吗","commentTime":"2022-07-12 11:59:01","commentOwner":"。"},{"comment":"能告他们吗？","commentTime":"2022-07-12 11:59:34","commentOwner":"——"},{"comment":"我愿意捐钱","commentTime":"2022-07-12 11:59:55","commentOwner":"0_0"},{"comment":"不花一分钱，就可以逼死一个人","commentTime":"2022-07-12 12:00:40","commentOwner":"= ="},{"comment":"越看越气，真的想让晋江出个0订阅无法评论的功能，0订阅dwg的排雷最为致命","commentTime":"2022-07-12 12:01:10","commentOwner":"九十no"},{"comment":"历史引用 展开全部▼\n晋江不肯提供“读者”信息，说“作者就该被评手论足”\n№89 ☆☆☆。|28bdb358于2022-07-12 11:56:52留言☆☆☆\n牲口，帮凶","commentTime":"2022-07-12 12:02:17","commentOwner":"。"},{"comment":"我愿意捐钱 给太太告这四个恶心的人，太恶心了！明晃晃的0%订阅，呕","commentTime":"2022-07-12 12:07:40","commentOwner":"。"},{"comment":"关闭评论区吧，唉","commentTime":"2022-07-12 12:10:42","commentOwner":"小晚风"},{"comment":"这不是最近夹子经常有的现象吗，一群人不看文，把评论区搅的乌烟瘴气，然后下了夹子就都不见了，我一直觉得，这些人这么报团，应该是有组织有群吧\n№8 ☆☆☆啦啦啦啦啦|a3e44e93于2022-07-12 09:39:39留言☆☆☆\n。","commentTime":"2022-07-12 12:19:41","commentOwner":"fpb"}]}