{"id":"ea6491c7-4839-4e84-80b4-693648f6c47e","category":"晋江论坛→网友交流区→碧水江汀 欢迎回来：53088456  退 出","postSubject":"主题：不要去某大眼搜自己的文，会被气死，因为女主给男主做饭被排雷了 [18] 【搜索关键词：排雷】","postUrl":"https://bbs.jjwxc.net/showmsg.php?board=17&keyword=%C5%C5%C0%D7&id=1799277","originalPost":"可我写的是美食文啊啊啊啊啊啊！！！！天底下女人都不能喜欢做菜了？！","numberOfReplies":18,"comments":[{"comment":"大眼是啥","commentTime":"2022-03-13 13:03:54","commentOwner":"。"},{"comment":"大眼是啥\n№1 ☆☆☆。|f2a23e65于2022-03-13 13:03:54留言☆☆☆\nwb","commentTime":"2022-03-13 13:04:12","commentOwner":"= ="},{"comment":"大眼是啥\n№1 ☆☆☆。|f2a23e65于2022-03-13 13:03:54留言☆☆☆\n微薄吧","commentTime":"2022-03-13 13:04:24","commentOwner":"。"},{"comment":"wb的极端女quan是这样的","commentTime":"2022-03-13 13:04:44","commentOwner":"。"},{"comment":"咕咕。有的读者，哪怕你女主对男主笑一下都是要骂的。不是女主的问题，单纯就是讨厌所有顶着男主名头的角色。","commentTime":"2022-03-13 13:04:58","commentOwner":"。"},{"comment":"安啦，我也被骂文笔差不堪入目之类的","commentTime":"2022-03-13 13:05:10","commentOwner":"。"},{"comment":"？？？不可理喻","commentTime":"2022-03-13 13:07:51","commentOwner":"。"},{"comment":"？？？？","commentTime":"2022-03-13 13:09:17","commentOwner":"= ="},{"comment":"啊？离大谱了","commentTime":"2022-03-13 13:11:23","commentOwner":"。"},{"comment":"我的攻由于没有很大力的去追受而被排雷qwq","commentTime":"2022-03-13 13:11:48","commentOwner":"。"},{"comment":"？？？","commentTime":"2022-03-13 13:12:10","commentOwner":"。"},{"comment":"排雷是排给有需要的人\n说累了","commentTime":"2022-03-13 13:13:14","commentOwner":"= ="},{"comment":"这种倒是没啥，排也不影响正常读者。最可恶的是抓住一个小点，夸大其词造y式排雷","commentTime":"2022-03-13 13:13:22","commentOwner":"。"},{"comment":"排雷是排给有需要的人\n说累了\n№12 ☆☆☆= =|ff2e6f86于2022-03-13 13:13:14留言☆☆☆\n吐槽也是自己的权利\n说累了","commentTime":"2022-03-13 13:14:55","commentOwner":"。"},{"comment":"我的攻因为喜欢粘着受被排雷\n说他烦（微笑）","commentTime":"2022-03-13 13:25:48","commentOwner":"。"},{"comment":"排雷是排给有需要的人\n说累了\n№12 ☆☆☆= =|ff2e6f86于2022-03-13 13:13:14留言☆☆☆\n啧啧，这就想捂嘴啦","commentTime":"2022-03-13 13:26:34","commentOwner":"= ="},{"comment":"排雷是排给有需要的人\n说累了\n№12 ☆☆☆= =|ff2e6f86于2022-03-13 13:13:14留言☆☆☆\n什么样的人需要排雷女主给男主做饭？","commentTime":"2022-03-13 13:28:00","commentOwner":"。"},{"comment":"历史引用 展开全部▼\n什么样的人需要排雷女主给男主做饭？\n№17 ☆☆☆。|1919d45b于2022-03-13 13:28:00留言☆☆☆\n疾病的种类有很多，正常人不需要的东西，有很多病人是需要的。","commentTime":"2022-03-13 13:30:29","commentOwner":"。。。"}]}