{"id":"b5b916ca-75e0-4d54-a738-6435016d4028","category":"晋江论坛→网友交流区→碧水江汀 请稍候...","postSubject":"主题：……为什么有读者会认为排雷正常 [106] 【搜索关键词：排雷】","postUrl":"https://bbs.jjwxc.net/showmsg.php?board=17&keyword=%C5%C5%C0%D7&id=1630955","originalPost":"点进评论区，如果看到长篇小作文式排雷，我只会觉得烦然后弃文，哪怕文可能很好看\n之前就因为这个原因，差点错过了几本好文……","numberOfReplies":106,"comments":[{"comment":"有人正经排雷，有人带情绪的……怎么说，客观公正看待问题。","commentTime":"2021-11-09 10:08:54","commentOwner":"。"},{"comment":"我看完结文之前，点开评论区的话，通常都不会再看下去。所以我现在都不看评论区了，除非连载文","commentTime":"2021-11-09 10:09:27","commentOwner":"。"},{"comment":"我还见过脑补式排雷的，自己没看懂，然后脑补出雷点，开始写小作文。\n要不是因为我看过作者的文，我都要相信了。","commentTime":"2021-11-09 10:10:10","commentOwner":"= ="},{"comment":"我还见过脑补式排雷的，自己没看懂，然后脑补出雷点，开始写小作文。\n要不是因为我看过作者的文，我都要相信了。\n№3 ☆☆☆= =|1c64b089于2021-11-09 10:10:10留言☆☆☆\n是的！","commentTime":"2021-11-09 10:11:49","commentOwner":"。"},{"comment":"我还见过脑补式排雷的，自己没看懂，然后脑补出雷点，开始写小作文。\n要不是因为我看过作者的文，我都要相信了。\n№3 ☆☆☆= =|1c64b089于2021-11-09 10:10:10留言☆☆☆\n确实。隔壁还有人说一个没毛病的文，看不懂没写清楚。自己理解不对还坚持要让排雷伏在免费章，或者觉得自己不杠凭什么不听意见。这种人实在太多了，所以免费章排雷根本不行。v章用户触电好歹还在看文的份上，多看两眼。","commentTime":"2021-11-09 10:12:55","commentOwner":"。"},{"comment":"有人正经排雷，有人带情绪的……怎么说，客观公正看待问题。\n№1 ☆☆☆。|d9e49e4d于2021-11-09 10:08:54留言☆☆☆\n。","commentTime":"2021-11-09 10:14:09","commentOwner":"。"},{"comment":"我接受不了在免费章，尤其是完结文在免费章排雷的小作文。","commentTime":"2021-11-09 10:15:44","commentOwner":"= ="},{"comment":"有人正经排雷，有人带情绪的……怎么说，客观公正看待问题。\n№1 ☆☆☆。|d9e49e4d于2021-11-09 10:08:54留言☆☆☆\n.","commentTime":"2021-11-09 10:16:33","commentOwner":"。"},{"comment":"我也碰到过乱排雷的，还是排三观雷，真绝望。\n刚看了个伏笔，不看反转，然后负2排雷，","commentTime":"2021-11-09 10:16:37","commentOwner":"。"},{"comment":"我说实话，在有些文下免费章排雷。为什么招人烦？因为他们说没有雷点就不用在乎，这完全没意识到自己的话有戾气让人看着就烦。读者第1眼在评论区看到是他，烦的不行跑了，不要觉得是自己说了对别人才跑。","commentTime":"2021-11-09 10:17:41","commentOwner":"。"},{"comment":"我现在根本就不信排雷了，看见排雷只想让那些排雷的gun","commentTime":"2021-11-09 10:18:23","commentOwner":"=="},{"comment":"这是现在的大环境了，就连vb发点东西也要打tag，必须给加一大堆注意事项，有cp向的话不允许打宽泛的，不然如果有吃别家的逛主tag刷到了会冲过来骂人，然后超话站队抽奖转发一条龙……","commentTime":"2021-11-09 10:19:25","commentOwner":"。"},{"comment":"乱排雷的太多了","commentTime":"2021-11-09 10:19:51","commentOwner":"。"},{"comment":"可能是被mrg之类的作者搞ptsd了？","commentTime":"2021-11-09 10:21:00","commentOwner":"。"},{"comment":"还有作者自己排了雷，在底下骂排雷内容的","commentTime":"2021-11-09 10:21:32","commentOwner":"= ="},{"comment":"我对站长现在还相信评论区是用来交流大为震撼，付费章节希望还大点。要说微博这种自由开冲平台，也有关注后7天后才能评论。这7天就是让人无成本冲人加冷静期。","commentTime":"2021-11-09 10:21:43","commentOwner":"。"},{"comment":"还有作者自己排了雷，在底下骂排雷内容的\n№15 ☆☆☆= =|8cfcc35e于2021-11-09 10:21:32留言☆☆☆\n俗称根据作者在文案和章节的排雷排雷。","commentTime":"2021-11-09 10:22:12","commentOwner":"。"},{"comment":"可能是被mrg之类的作者搞ptsd了？\n№14 ☆☆☆。|a49165de于2021-11-09 10:21:00留言☆☆☆\n那种放毒程度放到论坛都会被骂，可很大一部分排雷就很离谱。","commentTime":"2021-11-09 10:24:38","commentOwner":"。"},{"comment":"可能是被mrg之类的作者搞ptsd了？\n№14 ☆☆☆。|a49165de于2021-11-09 10:21:00留言☆☆☆\nmrg谁啊","commentTime":"2021-11-09 10:25:53","commentOwner":"= ="},{"comment":"历史引用 展开全部▼\nmrg谁啊\n№19 ☆☆☆= =|5690bd78于2021-11-09 10:25:53留言☆☆☆\n莫如归，结局突然be还阴阳怪气读者那个","commentTime":"2021-11-09 10:26:55","commentOwner":"。"},{"comment":"因为害怕被气，实在是已经被某些作者坑怕了。\n比如sn，mrg之流的。","commentTime":"2021-11-09 10:27:29","commentOwner":"。。"},{"comment":"读者有合作者不同意见甚至误解的权利。但是在免费章让误解和个人情绪一定要待在上面就很离谱。","commentTime":"2021-11-09 10:32:26","commentOwner":"。"},{"comment":"小作文不太接受，但是提出排雷的点我还是可以接受的","commentTime":"2021-11-09 10:35:19","commentOwner":"日日暴富"},{"comment":"我看文，特别是完结文，从来都是看正文决定要不要继续看下去，而且看文过程中要么扎进去读完，要么看不进去弃文，评论区对我就是摆设，可能只有终篇的时候才会注意到评论区。不过追连载，的确在等文的时候会刷评论打发时间。","commentTime":"2021-11-09 11:35:28","commentOwner":"遥遥无期"},{"comment":"你是错过了，那真喂shi的排雷读者要也不行吗？bt引人不适，直接说乱排雷不好吗？？？什么叫读者认为排雷正常，你买东西不看买家评论的吗？","commentTime":"2021-11-09 11:40:08","commentOwner":"。"},{"comment":"我希望像点文学习一下，选择屏蔽，我想看就打开，不想看就关上","commentTime":"2021-11-09 11:40:14","commentOwner":"。"},{"comment":"所以我压根不信评论区的小作文排雷，情绪化和偏向性太明显，自己看了正文就知道完全不是那个样子……挺无语的反正，我坚信一篇文合不合胃口只有自己亲眼看了才知道，不合就及时止损走，合就高高兴兴看完","commentTime":"2021-11-09 11:41:05","commentOwner":"=="},{"comment":"买才叫卖家评论。很大一部分排雷都是在免费章，也不是读者说什么都对。","commentTime":"2021-11-09 11:43:13","commentOwner":"。"},{"comment":"所以我压根不信评论区的小作文排雷，情绪化和偏向性太明显，自己看了正文就知道完全不是那个样子……挺无语的反正，我坚信一篇文合不合胃口只有自己亲眼看了才知道，不合就及时止损走，合就高高兴兴看完\n№27 ☆☆☆==|bb794f09于2021-11-09 11:41:05留言☆☆☆\n我也，而且大家萌点不同，她的雷说不定是我的萌点呢","commentTime":"2021-11-09 11:49:10","commentOwner":"。"},{"comment":"我差点被脑补排雷骗过，要不是我全订了我就信了。说的有鼻子有眼的，但是其实是她自己没看清楚，曲解了作者意思，真无语了。\n真有雷点的读者，一般会默默退出去，或者在那一张简评说一下然后离开。那些长排雷一般是自己脑补了，意识过剩（注意用词，我说的不是绝对）。","commentTime":"2021-11-09 11:50:29","commentOwner":"。"},{"comment":"乱排雷不可，但正经排雷为啥不行？给不吃香菜的人提醒一句这菜底下有香菜，又没投诉你乱做菜。有的作者就爱给读者喂shi，还怪读者互帮互助避shi？","commentTime":"2021-11-09 11:54:38","commentOwner":"。"},{"comment":"我觉得还好 之前没信评论区跑去看文 结果看完之后只后悔为什么不信 白白浪费时间","commentTime":"2021-11-09 11:55:59","commentOwner":""},{"comment":"乱排雷不可，但正经排雷为啥不行？给不吃香菜的人提醒一句这菜底下有香菜，又没投诉你乱做菜。有的作者就爱给读者喂shi，还怪读者互帮互助避shi？\n№31 ☆☆☆。|f08c1e9e于2021-11-09 11:54:38留言☆☆☆\n。如果是乱排雷，底下肯定会有看过的读者反驳。我每次看文，都会打开第一章评论区，如果有不同时间内容相似的排雷，那肯定是文里真的有这个情节，而这个情节我个人雷不雷，自有我自己的判断。","commentTime":"2021-11-09 12:02:11","commentOwner":"。"},{"comment":"历史引用 展开全部▼\n。如果是乱排雷，底下肯定会有看过的读者反驳。我每次看文，都会打开第一章评论区，如果有不同时间内容相似的排雷，那肯定是文里真的有这个情节，而这个情节我个人雷不雷，自有我自己的判断。\n№33 ☆☆☆。|92dcd68a于2021-11-09 12:02:11留言☆☆☆\n。","commentTime":"2021-11-09 12:05:56","commentOwner":"星迢迢"},{"comment":"历史引用 展开全部▼\n。\n№34 ☆☆☆星迢迢|90fc8bde于2021-11-09 12:05:56留言☆☆☆\n。","commentTime":"2021-11-09 12:07:44","commentOwner":"= ="},{"comment":"以前我也不理解，因为我无论是当读者还是成为作者之后，看到不喜欢的就直接点叉，压根不会费时间排雷\n现在混碧水久了，就理解了\n无论读者还是作者，部分人很容易被挑起情绪，一挑起情绪就想发表看法长篇大论。也因此会出现不少扭曲正文的排雷\n跟读者这个身份无关，跟人有关","commentTime":"2021-11-09 12:09:54","commentOwner":"。"},{"comment":"有的排雷是客观雷，真的很需要\n比如我并不想看一本号称甜文的文行文过半冒出一个搅浑水三十章还不下线的恶毒配角，\n有的就……很喜欢脑补，这种排雷一般带有很强烈的主观情绪，很容易看出来的，我就只信一半，自己看文","commentTime":"2021-11-09 12:12:47","commentOwner":"咕咕"},{"comment":"已经有一两年看文不看评论区了，评论区的含金量越来越低，反正一章章买，也没啥损失","commentTime":"2021-11-09 12:13:48","commentOwner":"111"},{"comment":"有的排雷是客观雷，真的很需要\n比如我并不想看一本号称甜文的文行文过半冒出一个搅浑水三十章还不下线的恶毒配角，\n有的就……很喜欢脑补，这种排雷一般带有很强烈的主观情绪，很容易看出来的，我就只信一半，自己看文\n№37☆☆☆咕咕|97dac34b于2021-11-09 12:12:47留言☆☆☆\n一般小作文客观情绪都挺重的\n但是很多逻辑清晰1234简洁说重点的排雷其实都很有用，一般都是真的","commentTime":"2021-11-09 12:14:25","commentOwner":"咕咕"},{"comment":"历史引用 展开全部▼\n一般小作文客观情绪都挺重的\n但是很多逻辑清晰1234简洁说重点的排雷其实都很有用，一般都是真的\n№39☆☆☆咕咕|97dac34b于2021-11-09 12:14:25留言☆☆☆\n主观，打错","commentTime":"2021-11-09 12:14:41","commentOwner":"咕咕"},{"comment":"有的排雷是客观雷，真的很需要\n比如我并不想看一本号称甜文的文行文过半冒出一个搅浑水三十章还不下线的恶毒配角，\n有的就……很喜欢脑补，这种排雷一般带有很强烈的主观情绪，很容易看出来的，我就只信一半，自己看文\n№37 ☆☆☆咕咕|97dac34b于2021-11-09 12:12:47留言☆☆☆\n。","commentTime":"2021-11-09 12:16:19","commentOwner":"这昵称好难起"},{"comment":"主要是小作文排雷，本来就情绪化很严重\n然后还会有一堆没有看文的在下面说\n“谢谢排雷”\n“天呐太恶心了幸好我没看”\n有几个看文的读者反驳，但根本反驳不过。","commentTime":"2021-11-09 12:19:54","commentOwner":"=="},{"comment":"有的排雷是客观雷，真的很需要\n比如我并不想看一本号称甜文的文行文过半冒出一个搅浑水三十章还不下线的恶毒配角，\n有的就……很喜欢脑补，这种排雷一般带有很强烈的主观情绪，很容易看出来的，我就只信一半，自己看文\n№37 ☆☆☆咕咕|97dac34b于2021-11-09 12:12:47留言☆☆☆\n像我刚看了一篇文，攻受结婚两三年了，但是之前攻当兵了，没有见过面，攻回家后和受相处的很好，受也喜欢上了攻，但是其中一个配角喜欢受，之前也没表过白，攻回家了，去和受表白了，还当着攻的面对受说：你改变注意了随时找我………，且在这之前没几天攻还救了这个配角一命！！！！我当时就弃了文","commentTime":"2021-11-09 12:21:55","commentOwner":"这昵称好难起"},{"comment":"这种情况建议用小号把好的话题楼顶上去，排雷的话题楼靠后，要是真的想看排雷，新读者也会翻到底部，不想看排雷的读者看到的是有趣的话题楼","commentTime":"2021-11-09 12:23:46","commentOwner":"。"},{"comment":"以前我也不理解，因为我无论是当读者还是成为作者之后，看到不喜欢的就直接点叉，压根不会费时间排雷\n现在混碧水久了，就理解了\n无论读者还是作者，部分人很容易被挑起情绪，一挑起情绪就想发表看法长篇大论。也因此会出现不少扭曲正文的排雷\n跟读者这个身份无关，跟人有关\n№36 ☆☆☆。|c8a32b32于2021-11-09 12:09:54留言☆☆☆\n。","commentTime":"2021-11-09 12:24:05","commentOwner":"+1"},{"comment":"历史引用 展开全部▼\n像我刚看了一篇文，攻受结婚两三年了，但是之前攻当兵了，没有见过面，攻回家后和受相处的很好，受也喜欢上了攻，但是其中一个配角喜欢受，之前也没表过白，攻回家了，去和受表白了，还当着攻的面对受说：你改变注意了随时找我………，且在这之前没几天攻还救了这个配角一命！！！！我当时就弃了文\n№43 ☆☆☆这昵称好难起|efebd918☆于2021-11-09 12:21:55留言☆☆☆\n……我就不觉得这个剧情有什么雷的，就挺正常挺拉扯的啊。\n如果是这样陈述的排雷，我觉得还挺好，只要别夸大事实然后全是语气宣泄就好。","commentTime":"2021-11-09 12:26:03","commentOwner":"=="},{"comment":"历史引用 展开全部▼\n……我就不觉得这个剧情有什么雷的，就挺正常挺拉扯的啊。\n如果是这样陈述的排雷，我觉得还挺好，只要别夸大事实然后全是语气宣泄就好。\n№46 ☆☆☆==|7f2e1bd8于2021-11-09 12:26:03留言☆☆☆\n我当时弃了文，没排雷，没评论，我基本不评论，评论的内容基本都是打赏地雷的那一句","commentTime":"2021-11-09 12:27:50","commentOwner":"橘子yyds"},{"comment":"感觉喜欢排雷的读者都特别自以为是，觉得自己不喜欢的全世界肯定都不喜欢\n事实上你个人的雷点说不定是别人喜欢的","commentTime":"2021-11-09 12:29:53","commentOwner":"=="},{"comment":"历史引用 展开全部▼\n……我就不觉得这个剧情有什么雷的，就挺正常挺拉扯的啊。\n如果是这样陈述的排雷，我觉得还挺好，只要别夸大事实然后全是语气宣泄就好。\n№46 ☆☆☆==|7f2e1bd8于2021-11-09 12:26:03留言☆☆☆\n而且我雷的是在主角结婚的情况下还想挖墙角，不是上赶着当三嘛，如果喜欢的是单身，那无所谓，问题是那个配角知道受结婚了！！","commentTime":"2021-11-09 12:30:58","commentOwner":"橘子yyds"},{"comment":"呃，不正常吗？","commentTime":"2021-11-09 12:31:46","commentOwner":"=="},{"comment":"因为可以避免踩雷，我觉得只要不是造谣排雷，不管作为作者还是读者都挺高兴的","commentTime":"2021-11-09 12:35:26","commentOwner":"lccgg"},{"comment":"因为可以避免踩雷，我觉得只要不是造谣排雷，不管作为作者还是读者都挺高兴的\n№51 ☆☆☆lccgg|16154cce于2021-11-09 12:35:26留言☆☆☆\n指我本人，读者＋作者","commentTime":"2021-11-09 12:36:01","commentOwner":"lccgg"},{"comment":"还有人看文案脑补排雷……世界之大无奇不有","commentTime":"2021-11-09 12:37:25","commentOwner":"。"},{"comment":"emm正常排雷也就算了，恶意/脑补/贷款排雷对我这种扑街伤害真的很大。并不是所有的恶意排雷都会有正常读者来反驳的，像我某篇文，连载期只有一千收而已，被人排雷的那两天评论区就是乌烟瘴气。本身读者基数就小，大部分都是只看文不评论的，压根不知道评论区怎么了，第二天才有读者发现不对劲来帮我反驳。但没有用哇，那些恶意排雷别人看到了就是看到了，谁还会再回来看评论。反正就，不能因为我扑街就该遭受这些吧","commentTime":"2021-11-09 12:43:04","commentOwner":"= ="},{"comment":"因为会踩雷","commentTime":"2021-11-09 12:44:08","commentOwner":"。"},{"comment":"感觉喜欢排雷的读者都特别自以为是，觉得自己不喜欢的全世界肯定都不喜欢\n事实上你个人的雷点说不定是别人喜欢的\n№48 ☆☆☆==|5af88a42于2021-11-09 12:29:53留言☆☆☆\n那不是更好吗，喜欢的人看到了就美滋滋被安利了\n三赢","commentTime":"2021-11-09 12:47:42","commentOwner":"。"},{"comment":"恶意排雷的读者比厕所里的蛆还恶心，不如一坨屎","commentTime":"2021-11-09 12:49:04","commentOwner":"。。。"},{"comment":"因为有作者觉得写雷也很正常。此处cue带读者走出舒适区那位","commentTime":"2021-11-09 12:50:07","commentOwner":"= ="},{"comment":"因为有的作者不以为自己写得雷，反而威胁排雷的读者呢:)\n我觉得雷，说一句怎么了？管天管地，还要管我觉得雷不雷啊？","commentTime":"2021-11-09 12:55:49","commentOwner":"= ="},{"comment":"srds作者也有创作自由","commentTime":"2021-11-09 13:07:21","commentOwner":"。"},{"comment":"这种事不必讨论了，无解","commentTime":"2021-11-09 13:15:44","commentOwner":"。"},{"comment":"哦，but我只看要么文案作者主动写排雷的文，要么评论区有读者写排雷的文，不亮雷点的文即便文里没雷点我也不看，怕被糊屎","commentTime":"2021-11-09 13:17:40","commentOwner":"。"},{"comment":"希望多点排雷","commentTime":"2021-11-09 13:25:43","commentOwner":"= ="},{"comment":"emm正常排雷也就算了，恶意/脑补/贷款排雷对我这种扑街伤害真的很大。并不是所有的恶意排雷都会有正常读者来反驳的，像我某篇文，连载期只有一千收而已，被人排雷的那两天评论区就是乌烟瘴气。本身读者基数就小，大部分都是只看文不评论的，压根不知道评论区怎么了，第二天才有读者发现不对劲来帮我反驳。但没有用哇，那些恶意排雷别人看到了就是看到了，谁还会再回来看评论。反正就，不能因为我扑街就该遭受这些吧\n№54 ☆☆☆= =|6b1a06ee于2021-11-09 12:43:04留言☆☆☆\n抱抱你。\n我还遇到一个sjb看了一句文案就排雷的，类似于我文案开头写男主是个花花公子，文案结尾解释都是伪装没有碰过别人没有喜欢过别人。结果sjb只看了第一句就小作文排雷，说现在怎么还有作者写花花公子男主，指导现在的男主要怎么样怎么样。","commentTime":"2021-11-09 13:29:54","commentOwner":"。。。"},{"comment":"正经排雷不要脑补式排雷，那我会很感谢他的\n有些雷点不是用作者文案上写一两句话能概括的，我宁可错过一本好文一两年，也不想踩雷一次","commentTime":"2021-11-09 13:33:12","commentOwner":"= ="},{"comment":"正经排雷我还挺需要的，再也不想在文里看见无预警突然反攻，攻身体被日过，攻受有mob背景之类的突然踩雷，一次能恶心n年","commentTime":"2021-11-09 13:39:46","commentOwner":"。"},{"comment":"反正我现在很少看排雷对帖，看她们排雷还不如自己先去看一遍小说再做定论","commentTime":"2021-11-09 13:50:32","commentOwner":"= ="},{"comment":"对作者说的话：永远佩服不在文案上排雷的作者。佩服她们自信，佩服她们不迎合煞笔，佩服她们对原创，对自己的作品，对文艺思想有着最包容的最尊重。","commentTime":"2021-11-09 13:56:03","commentOwner":"。。"},{"comment":"就是因为恶意和脑补排雷的太多，导致我现在一看到评论有排雷的都想怼一怼","commentTime":"2021-11-09 14:00:56","commentOwner":"……"},{"comment":"主观排雷我不行（）\n就是作者没那个意思她自己看出了这个意思就硬往作者头上扣这种\n如果是正常的排雷我倒还能接受","commentTime":"2021-11-09 14:02:47","commentOwner":"。"},{"comment":"我挺喜欢排雷的，真的非常有用啊！当真的吃到shi发现已经有别人帮你排雷了，真的很庆幸没有踩到更大的shi，而且现在排雷都是上原文排雷的，虚假排雷很少了，看到没上原文的排雷你就划走就行，但是上原文的排雷人，我十分感谢有她们的存在","commentTime":"2021-11-09 14:10:48","commentOwner":"。。"},{"comment":"我挺喜欢排雷的，真的非常有用啊！当真的吃到shi发现已经有别人帮你排雷了，真的很庆幸没有踩到更大的shi，而且现在排雷都是上原文排雷的，虚假排雷很少了，看到没上原文的排雷你就划走就行，但是上原文的排雷人，我十分感谢有她们的存在\n№71 ☆☆☆。。|28f01eb1???于2021-11-09 14:10:48留言☆☆☆\n当然我一般但是在论坛搜排雷，所以都会上原文排雷，因为我不喜欢看评论，因为评论区排雷到还好，我可以专门去搜一下，怕的是看到吵架，尤其是那种两边都有理的吵架最为致命，因为觉得都有道理","commentTime":"2021-11-09 14:13:03","commentOwner":"。。"},{"comment":"可能因为骚操作的作者也有吧，我没排过雷，但我看文前一定会去看评论，如果是完本，看之前我一定会搜它的评价。\n以为是he结果是be，以为是追妻火葬场，结果写到一半是个扬骨灰的换主角文，以为看的是甜甜恋爱文，然后男主被人轮。\n我每次吃到毒都痛心疾首，骂自己是狗，上了大当","commentTime":"2021-11-09 14:16:22","commentOwner":"。"},{"comment":"我还见过脑补式排雷的，自己没看懂，然后脑补出雷点，开始写小作文。\n要不是因为我看过作者的文，我都要相信了。\n№3 ☆☆☆= =|1c64b089于2021-11-09 10:10:10留言☆☆☆\n我怀疑被排雷的那个倒霉作者就是我，那个读者自己脑补我后续发展，连着写了五个长篇小作文排我，给我气得","commentTime":"2021-11-09 14:17:34","commentOwner":"，，"},{"comment":"我觉得大多数作者都应该讨厌评论区排雷\n骂也骂不得，说也说不得，删也删不得。","commentTime":"2021-11-09 14:19:09","commentOwner":"虽然但是"},{"comment":"你遇见过吗？作者写文文案最开始写的cp是a和b，我追更新到一半，a和b没有什么苗头，我倔强的等，只看到作者说换cp了。。。人麻了，攻换人了。","commentTime":"2021-11-09 14:21:11","commentOwner":"= ="},{"comment":"全订且在最后一章排雷，完全能接受（自己的文被排过）\n但免费章就算了","commentTime":"2021-11-09 14:21:20","commentOwner":"。"},{"comment":"感觉喜欢排雷的读者都特别自以为是，觉得自己不喜欢的全世界肯定都不喜欢\n事实上你个人的雷点说不定是别人喜欢的\n№48 ☆☆☆==|5af88a42于2021-11-09 12:29:53留言☆☆☆\n那不就行了，雷的人跑了，喜欢的留下，筛选读者","commentTime":"2021-11-09 14:22:32","commentOwner":"＝＝"},{"comment":"你遇见过吗？作者写文文案最开始写的cp是a和b，我追更新到一半，a和b没有什么苗头，我倔强的等，只看到作者说换cp了。。。人麻了，攻换人了。\n№76 ☆☆☆= =|f8fd07c3♥♥♥于2021-11-09 14:21:11留言☆☆☆\n讲真原创区我忍了，但是这文是衍生区的啊，你一开始就说攻不是b，我压根看都不会看啊。","commentTime":"2021-11-09 14:23:16","commentOwner":"= ="},{"comment":"正常排雷可以理解，我能接受就是卡v排雷，作者是某种水产，有明显的三观私活，石锤的抄袭（抄袭我会先来bs看看有没有瓜是不是被冤枉的）之类的，其他我鸟都不鸟自己判断好坏。","commentTime":"2021-11-09 14:37:03","commentOwner":"啦啦啦略略因为"},{"comment":"srds 创作自由啊 谁愿意承认自己写出来的东西是雷啊 你雷这个她雷那个 我别写好了","commentTime":"2021-11-09 14:42:15","commentOwner":"。。"},{"comment":"srds 创作自由啊 谁愿意承认自己写出来的东西是雷啊 你雷这个她雷那个 我别写好了\n№81 ☆☆☆。。|25e9124e于2021-11-09 14:42:15留言☆☆☆\n？又没让作者改文，排雷是给有需要的人，不雷的就看呗又没人拦着","commentTime":"2021-11-09 20:21:52","commentOwner":"。"},{"comment":"排雷夹带私货和添油加醋的我真的会吐","commentTime":"2021-11-09 20:23:14","commentOwner":"。"},{"comment":"因为有的读者被膈应怕了吧，比如mrg，比如xc，比如sn，大结局喂你一口大shi。\n另外还有更可怕的，男主喜欢pc(不是大女主那本文)，真喜欢，还有男主为了一点点钱被by过，言情男主被男的那啥了……读者真的扛不住这种雷。","commentTime":"2021-11-09 20:29:08","commentOwner":"。。"},{"comment":"因为有的读者被膈应怕了吧，比如mrg，比如xc，比如sn，大结局喂你一口大shi。\n另外还有更可怕的，男主喜欢pc(不是大女主那本文)，真喜欢，还有男主为了一点点钱被by过，言情男主被男的那啥了……读者真的扛不住这种雷。\n№84 ☆☆☆。。|51d93147于2021-11-09 20:29:08留言☆☆☆\n不过脑补排雷真的不可，太主观的也不可。\n然而无奈的是，大部分文不算雷却被排雷，我说的可怕的那种文，因为小众数据不高，不看的早被吓跑了，留下的都是能接受的，这种的排雷反而很少，点进去看到一半/快大结局了才知道有多shi。","commentTime":"2021-11-09 20:33:33","commentOwner":"。。"},{"comment":"我还见过脑补式排雷的，自己没看懂，然后脑补出雷点，开始写小作文。\n要不是因为我看过作者的文，我都要相信了。\n№3 ☆☆☆= =|1c64b089☆于2021-11-09 10:10:10留言☆☆☆\n哈哈哈，这算啥，有人还要发帖质问，你删评论不会心痛吗？","commentTime":"2021-11-09 20:35:17","commentOwner":"---"},{"comment":"上面有些人弄不清主观排雷和客观排雷的区别啊……客观排雷没啥可说的，但大部分小作文都是主观排雷，而且还有很多看上去是客观排雷的，其实是这个读者根本没看懂，或者看了盗文就来排雷，排的内容根本不对，把男配a做的事安到男配b头上，还排雷说女主和男配b这种恶毒的人交朋友，然而人家b根本就没做过那种事，麻了，新读者根本没能力分辨这种排雷是假的，还以为是真的，你说怎么办？","commentTime":"2021-11-09 20:38:38","commentOwner":"。"},{"comment":"哦豁我号出来了！正常排雷当然没问题啊，但脑补排雷拒绝，碰到瞎理解的，我要不直接删除，删除不了就回复，如果有不看我回复说感谢排雷的也无所谓，爱看不看","commentTime":"2021-11-09 20:40:57","commentOwner":"= ="},{"comment":"纯读者，觉得排雷正常，但接受不了乱排雷。\n曾经见过一篇文里有人愤愤不平说渣贱的，看下面的解释说根本不是。我自己去看了，才知道就是很正常的互宠。那人可能是极端控，不舔的都渣，另一个就是j。","commentTime":"2021-11-09 20:41:35","commentOwner":"。。"},{"comment":"是不是主观臆造很好看出来啊，如果其他读者都在纠结怎么打负，那排雷十有□□是真的，如果其他读者解释了楼主反而破防，那这个楼主八成有问题。我是喜欢排雷，我宁愿不看这本书也不想被恶心一整天。","commentTime":"2021-11-09 20:45:09","commentOwner":"= ="},{"comment":"上面有些人弄不清主观排雷和客观排雷的区别啊……客观排雷没啥可说的，但大部分小作文都是主观排雷，而且还有很多看上去是客观排雷的，其实是这个读者根本没看懂，或者看了盗文就来排雷，排的内容根本不对，把男配a做的事安到男配b头上，还排雷说女主和男配b这种恶毒的人交朋友，然而人家b根本就没做过那种事，麻了，新读者根本没能力分辨这种排雷是假的，还以为是真的，你说怎么办？\n№87 ☆☆☆。|18d82e4d于2021-11-09 20:38:38留言☆☆☆\n~","commentTime":"2021-11-09 20:45:31","commentOwner":"。"},{"comment":"很多读者就是脑补式排雷，还有脑补式鉴抄，作者写个情节，还没写后续，读者就发小作文骂肯定要写什么什么很雷的情节、作者要抄谁谁谁，她抢先一步排雷骂作者肯定没错\n每次看到这种排雷都忍不住同情鸽头","commentTime":"2021-11-09 20:49:32","commentOwner":"= ="},{"comment":"为什么有读者会认为排雷不正常，比如lz你？地图炮有意思吗","commentTime":"2021-11-09 20:53:38","commentOwner":"= ="},{"comment":"历史引用 展开全部▼\n？又没让作者改文，排雷是给有需要的人，不雷的就看呗又没人拦着\n№82 ☆☆☆。|f08c1e9e???于2021-11-09 20:21:52留言☆☆☆\n。","commentTime":"2021-11-09 21:50:10","commentOwner":"。。"},{"comment":"为什么有读者会认为排雷不正常，比如lz你？地图炮有意思吗\n№93 ☆☆☆= =|d1f0518c???于2021-11-09 20:53:38留言☆☆☆\n。","commentTime":"2021-11-09 21:51:19","commentOwner":"。。"},{"comment":"看到这个标题我疑惑了一下，没有限定哪种排雷吗？可以撕出几百楼吧，居然没翻页也是奇了。\n随即想到这里是bs，也正常。","commentTime":"2021-11-09 21:55:18","commentOwner":"=="},{"comment":"这么地图炮的标题挂着居然没有撕出几百楼真是奇了，随即想到这里是bs也正常。","commentTime":"2021-11-09 21:57:19","commentOwner":"=="},{"comment":"为啥不能排雷？？？？？？","commentTime":"2021-11-09 22:06:08","commentOwner":"。"},{"comment":"为什么不能排雷？我是真雷双强里相方压一头和摄像头主视角还有攻控写的主受文了，是踩到能恶心的三天不进晋江的程度，这种文里有排雷就是菩萨行为啊，当然作者写文都是按自己的喜好写的，谁会说自己的喜好是个雷呢，所以真的需要排雷。","commentTime":"2021-11-09 22:37:30","commentOwner":"。"},{"comment":"哦，对了，忘记说我的观点了，支持排雷，但反对恶意扭曲事实的排雷。\n一直觉得能排雷是晋江的优点，我看文都要先看有无排雷的，如果有，就要考虑一下。\n对于恶意排雷，晋江是可以申请删 评论的。\n所以，我感觉排雷是晋江的优点，就好比网络，现在网络诈骗的特别多，但不能说网络是错的。对网络批判没有意义。关键还是用他的人。","commentTime":"2021-11-10 09:49:59","commentOwner":"---"},{"comment":"什么不能排雷？\n走出舒适圈那位结局强行给读者喂shi，\n我差不多恶心了快一年，真的想到那文我就想吐，看到那个名字我就觉得眼睛疼。\n要是我没追文，是等完结了看到评论区的排雷，我就不必遭上面的罪了。","commentTime":"2021-11-10 10:00:20","commentOwner":"。"},{"comment":"为啥不能排雷...有的作者写着写着跑路了，等到三个月快解v又回来更个shi结尾，然后改个名字下本书继续搞这些。我已经是对各种喂shi剧情接受良好的人了，不是剧情特别离奇我都可以接受\n只恨jj没有拉黑作者的功能","commentTime":"2021-11-10 10:01:19","commentOwner":"= ="},{"comment":"另外，排雷也能让读者少遇到楼主这样的作者，也能避免看楼主这种人写的文","commentTime":"2021-11-10 10:08:37","commentOwner":"。"},{"comment":"啊？？你这标题？？排雷不正常吗？？","commentTime":"2021-11-10 10:10:45","commentOwner":"。"},{"comment":"因为有写雷点我是绝对不会看的，就像是qd的多女主文，那感觉就像是吃屎","commentTime":"2021-11-10 10:17:45","commentOwner":"得得"},{"comment":"一篇轻松搞笑逻辑夸张的文下，有人用现实三观写了一篇小作文，内容不评价，只能说看文的视角不同有差异，我看就是图个乐，她要找深意，也是控制不了的。但结尾加一句非杆非写作指导，有异议您说得都对，就让人很不舒服了，怎么有了这句话就是免死金牌了？一种我很谦虚和平，怼我的都是无理取闹的讽刺感。","commentTime":"2021-11-10 10:21:02","commentOwner":"++"}]}