{"id":"c81a903a-343f-47e6-959b-527d416f4822","category":"晋江论坛→网友交流区→碧水江汀 请稍候...","postSubject":"主题：话说 你们看隔壁的帖子了嘛？我第一次知道虐文有这么多分类，怪不得有人总怪排雷不到位 [6] 【搜索关键词：排雷】","postUrl":"https://bbs.jjwxc.net/showmsg.php?board=17&keyword=%C5%C5%C0%D7&id=1765088","originalPost":"是因为对文章类型的理解不一样，这就是所为的信息差吧233\n\n虐文：主角大多为感情受虐\n虐主：主角事业受虐，但是最后一定能绝地反击\n虐女/受/攻（到具体视角）：主角感情受虐，大部分来自官配\n\n但不论怎么样，默认he，be另标。","numberOfReplies":6,"comments":[{"comment":"啊这，结尾是he就行了吧，过程没点波折不就没看点了……","commentTime":"2022-02-16 15:59:08","commentOwner":"。"},{"comment":"啊这","commentTime":"2022-02-16 15:59:45","commentOwner":"。"},{"comment":"啊这，我分不清","commentTime":"2022-02-16 16:00:56","commentOwner":"= ="},{"comment":"我一直默认是第一种……\n而且hzc文我也默认感情受虐，后期虐回去，结果今天看有人说，虐回去这不是爽文吗，就，阿巴阿巴","commentTime":"2022-02-16 16:02:12","commentOwner":"= ="},{"comment":"我一直默认是第一种……\n而且hzc文我也默认感情受虐，后期虐回去，结果今天看有人说，虐回去这不是爽文吗，就，阿巴阿巴\n№4 ☆☆☆=  =|0b893fdd于2022-02-16 16:02:12留言☆☆☆\nhhh，对，还不能一直虐，还得必须虐回去。","commentTime":"2022-02-16 16:06:16","commentOwner":"。"},{"comment":"是因为对文章类型的理解不一样，这就是所为的信息差吧233\n虐文：主角大多为感情受虐\n虐主：主角事业受虐，但是最后一定能绝地反击\n虐女/受/攻（到具体视角）：主角感情受虐，大部分来自官配\n但不论怎么样，默认he，be另标。\n№0 ☆☆☆。|2dc5a9f1于2022-02-16 15:57:09留言☆☆☆\n又加了一条，管你怎么虐，最后一定要虐回去，不然是喂shi。哈哈哈哈哈哈哈。","commentTime":"2022-02-16 16:14:58","commentOwner":"。"}]}