{"id":"b48e7e96-bdf8-4bfd-adf4-1868a00bb560","category":"晋江论坛→网友交流区→碧水江汀 请稍候...","postSubject":"主题：言情文里有个副本的女配有一点点百合情节要排雷吗 [2] 【搜索关键词：排雷】","postUrl":"https://bbs.jjwxc.net/showmsg.php?board=17&keyword=%C5%C5%C0%D7&id=1733545","originalPost":"不会明写出来，而且特别特别少，就是这个女配a帮过女配b，b就对a特别偏执，a能感觉到b对自己的疯狂，就疏远b，b就把a害死了，还囚禁了a的魂魄。后来a被主角救出来，有自己的c","numberOfReplies":2,"comments":[{"comment":"不会明写出来，而且特别特别少，就是这个女配a帮过女配b，b就对a特别偏执，a能感觉到b对自己的疯狂，就疏远b，b就把a害死了，还囚禁了a的魂魄。后来a被主角救出来，有自己的c\n№0 ☆☆☆。|5f4c6fa6于2022-01-24 21:29:43留言☆☆☆\n有自己的cp，咋没打全","commentTime":"2022-01-24 21:30:15","commentOwner":"。"},{"comment":"不明写还好吧","commentTime":"2022-01-24 21:30:39","commentOwner":"。"}]}