{"id":"d648c5f6-45a2-4fa3-9c71-6e5add530f0e","category":"晋江论坛→网友交流区→碧水江汀 请稍候...","postSubject":"主题：pbc吐黑泥，气死我了，一天到晚排雷是你的事业吗？ [8] 【搜索关键词：排雷】","postUrl":"https://bbs.jjwxc.net/showmsg.php?board=17&keyword=%C5%C5%C0%D7&id=1641588","originalPost":"我明确说拒绝写作指导了\n（不看不能点叉吗？）\n\n跟我瞎排雷，还“我来给大家排一个”，我主受视角，我什么时候说过哪怕一个字的“互宠”？！\n\n攻宠受！攻宠受！攻宠受！！在主受视角是必须标注的雷点了？\n\n而且还像是必须排似的，因为没人排，她就来了，她以为这是每篇文必须的吗？","numberOfReplies":8,"comments":[{"comment":"哪怕是上个世纪的玛丽苏，也是男主宠女主啊！\n难道我要特别标出来？！","commentTime":"2021-11-18 10:28:51","commentOwner":"。"},{"comment":"啊，攻宠受也是雷点了吗？\n我以前喜欢写受暗恋攻还被按头过攻控……","commentTime":"2021-11-18 10:29:35","commentOwner":"。"},{"comment":"“两人付出不对等，互宠党谨慎”，\n对，你说的都没错，不是虚假排雷，但这是排雷理由吗？这就好像你在一篇感情流里排雷“这文感情占比太多了”，你说的没错，但是what？这是雷？","commentTime":"2021-11-18 10:30:47","commentOwner":"。"},{"comment":"直接一键举报了","commentTime":"2021-11-18 10:31:25","commentOwner":"。"},{"comment":"问题是她没虚假排雷，对，她说的对，我家受就是要被宠，就是付出不对等，就是攻宠受了\n惯她毛病，无非是因为很多文直接攻宠受不解释，而我有些受宠攻的部分，有点互宠就让她得寸进尺？\n我没标注互宠啊，得寸进尺是吧？就应该一点也不宠！！","commentTime":"2021-11-18 10:33:34","commentOwner":"。"},{"comment":"恶心死了，我就是脾气大，比直接骂我写的不好还让我烦\n而且还说了些别的，更恶心，语气很好，但高高在上踩地捧高，感谢哦呵呵呵","commentTime":"2021-11-18 10:34:56","commentOwner":"。"},{"comment":"那些直接写攻宠受的，也没人bb，而我写互宠倾向偏宠受多一些，就是雷了\n我心里写互宠倾向，我没说出来啊，我没当卖点啊，我没表态啊\n跟我说“付出不对等”，我想问你是端水大师吗？爱情是算账吗？","commentTime":"2021-11-18 10:37:20","commentOwner":"。"},{"comment":"恶心死了，早上好心情都没了","commentTime":"2021-11-18 10:37:47","commentOwner":"。"}]}