{"id":"c27f2205-70fe-41c1-8127-d38e91ae215c","category":"晋江论坛→网友交流区→碧水江汀 欢迎回来：53088456  退 出","postSubject":"主题：在明确排雷的情况下还被读者在免费章刷负骂文案骗子怎么不去死，投诉几次都是未发现问题 [5] 【搜索关键词：排雷】","postUrl":"https://bbs.jjwxc.net/showmsg.php?board=17&keyword=%C5%C5%C0%D7&id=1809448","originalPost":"审核的心偏到北美洲去了是吧？","numberOfReplies":5,"comments":[{"comment":"投诉辱骂试试？","commentTime":"2022-03-20 11:20:05","commentOwner":"。"},{"comment":"投诉辱骂试试？\n№1 ☆☆☆。|7fe2ec42于2022-03-20 11:20:05留言☆☆☆\n就是投诉的人身攻击，脏话","commentTime":"2022-03-20 11:21:06","commentOwner":"。"},{"comment":"此贴在网友评审中被判定为不通过，专审人员正在进行复审，暂时屏蔽，请稍候！\n№0 ☆☆☆。|6921b932于2022-03-20 11:19:18留言☆☆☆\n审核的心都偏到北美洲去了吗？","commentTime":"2022-03-20 11:21:38","commentOwner":"。"},{"comment":"审核就是烧饼，出门两百码","commentTime":"2022-03-20 11:22:24","commentOwner":"= ="},{"comment":"哈，真有你的，又是“未发现问题”\n这已经是投诉第六次了，原来在晋江审核眼里，读者骂作者去死不是人身攻击啊！","commentTime":"2022-03-20 17:31:32","commentOwner":"= ="}]}