{"id":"afff1300-3997-43aa-86f1-7506bfd31723","category":"晋江论坛→网友交流区→碧水江汀 请稍候...","postSubject":"主题：这几天夹子评论区回归正常，排雷正常了一些，人身攻击少了一些，组团刷负辱骂作者的少了一些，各位咕咕和好心的读者功不可没，似乎从那天夹5开始，一切都好转了 [9] 【搜索关键词：排雷】","postUrl":"https://bbs.jjwxc.net/showmsg.php?board=17&keyword=%C5%C5%C0%D7&id=1767298","originalPost":"大家真的很棒","numberOfReplies":9,"comments":[{"comment":"风气在改善","commentTime":"2022-02-17 23:00:54","commentOwner":"。"},{"comment":"我也觉得，","commentTime":"2022-02-17 23:01:11","commentOwner":"。"},{"comment":"希望越来越好 像是刚才那个帖子的读者越来越少","commentTime":"2022-02-17 23:01:17","commentOwner":"- -"},{"comment":"什么夹五啊，没吃到瓜","commentTime":"2022-02-17 23:01:35","commentOwner":"。"},{"comment":"有没有，想过，可能，假设，或许（有些人上学去了？）别骂我，我只是猜想，那天一直在帮忙，很明显能看出有不少的人还在上学中","commentTime":"2022-02-17 23:02:24","commentOwner":"。"},{"comment":"有没有，想过，可能，假设，或许（有些人上学去了？）别骂我，我只是猜想，那天一直在帮忙，很明显能看出有不少的人还在上学中\n№5 ☆☆☆。|ec28d9b7于2022-02-17 23:02:24留言☆☆☆\n哈哈哈哈哈哈那群出口成脏的确实有好多小学生","commentTime":"2022-02-17 23:03:33","commentOwner":"姜眠"},{"comment":"有没有，想过，可能，假设，或许（有些人上学去了？）别骂我，我只是猜想，那天一直在帮忙，很明显能看出有不少的人还在上学中\n№5 ☆☆☆。|ec28d9b7于2022-02-17 23:02:24留言☆☆☆\n哈哈哈哈哈哈其实不用加假设！","commentTime":"2022-02-17 23:04:57","commentOwner":"。"},{"comment":"有没有，想过，可能，假设，或许（有些人上学去了？）别骂我，我只是猜想，那天一直在帮忙，很明显能看出有不少的人还在上学中\n№5☆☆☆。|ec28d9b7于2022-02-17 23:02:24留言☆☆☆\n。","commentTime":"2022-02-17 23:05:33","commentOwner":"。"},{"comment":"其实感觉并没有，这几天给作者贡献了全本订阅，也在评论区发声，很多读者开始说捂嘴了，反感不让看了文案就评论（当然这一点我也很不理解，文案不吸引走就得了），事情总是一个阶段一个样，感觉再过一段时间，又要开始逆反，就要排雷排雷","commentTime":"2022-02-17 23:07:19","commentOwner":"。"}]}