{"id":"773cd693-7555-4c86-8b0a-03141b5c51a1","category":"晋江论坛→网友交流区→碧水江汀 请稍候...","postSubject":"主题：小调查，隔壁帖子有感，大家觉得自己写得最成功的文案大约多少字？除去排雷和带预收 [19] 【搜索关键词：排雷】","postUrl":"https://bbs.jjwxc.net/showmsg.php?board=17&keyword=%C5%C5%C0%D7&id=1653666","originalPost":"我写了七百多字\n……","numberOfReplies":19,"comments":[{"comment":"我心里觉得最成功的，50字\n实际上数据最好的一本，300字","commentTime":"2021-11-27 20:32:06","commentOwner":"= ="},{"comment":"我心里觉得最成功的，50字\n实际上数据最好的一本，300字\n№1 ☆☆☆= =|2941c5c7于2021-11-27 20:32:06留言☆☆☆\n五十字你也太强了","commentTime":"2021-11-27 20:32:27","commentOwner":"。"},{"comment":"298字","commentTime":"2021-11-27 20:32:53","commentOwner":"。"},{"comment":"600，感觉我就是个文案欺诈，内容和文案完全不是一个水平\n点烟","commentTime":"2021-11-27 20:33:40","commentOwner":"。。"},{"comment":"历史引用 展开全部▼\n五十字你也太强了\n№2 ☆☆☆。|6df906b1于2021-11-27 20:32:27留言☆☆☆\n虽然50字，实际上完结也有几大千收\n说明应该还算不错的吧","commentTime":"2021-11-27 20:34:04","commentOwner":"= ="},{"comment":"三四百字吧","commentTime":"2021-11-27 20:34:30","commentOwner":"。"},{"comment":"我目前只有一篇字数少于500\n羡慕会写文案都","commentTime":"2021-11-27 20:35:27","commentOwner":"。"},{"comment":"我目前只有一篇字数少于500\n羡慕会写文案都\n№7 ☆☆☆。|eba2c55f于2021-11-27 20:35:27留言☆☆☆\n我从没有少于五百过…","commentTime":"2021-11-27 20:36:04","commentOwner":"。"},{"comment":"dd","commentTime":"2021-11-27 20:37:05","commentOwner":"。"},{"comment":"dd  ","commentTime":"2021-11-27 20:39:15","commentOwner":"。"},{"comment":"dd","commentTime":"2021-11-27 20:41:31","commentOwner":"思想污秽之人"},{"comment":"700多","commentTime":"2021-11-27 20:43:11","commentOwner":"。。"},{"comment":"700多\n№12 ☆☆☆。。|421f1539于2021-11-27 20:43:11留言☆☆☆\n现在预收快一千了","commentTime":"2021-11-27 20:43:31","commentOwner":"。。"},{"comment":"550","commentTime":"2021-11-27 20:46:01","commentOwner":"。"},{"comment":"快八百","commentTime":"2021-11-27 20:46:48","commentOwner":"。"},{"comment":"历史引用 展开全部▼\n现在预收快一千了\n№13 ☆☆☆。。|421f1539于2021-11-27 20:43:31留言☆☆☆\n那咕咕带得怎么样（不方便的话就不回答，谢谢咕咕）","commentTime":"2021-11-27 20:46:54","commentOwner":"。"},{"comment":"六十字，预收时涨了三四千，简单明了萌点突出，重点是，文案随手一写没有反复改，太爽了呜呜呜","commentTime":"2021-11-27 20:51:29","commentOwner":"。"},{"comment":"没感觉有写的好的\n基本字数都两三百，有一本五百多","commentTime":"2021-11-27 20:55:02","commentOwner":"。"},{"comment":"六十字，预收时涨了三四千，简单明了萌点突出，重点是，文案随手一写没有反复改，太爽了呜呜呜\n№17 ☆☆☆。|4f2c5a7d于2021-11-27 20:51:29留言☆☆☆\n听你说完就已经爽到了","commentTime":"2021-11-27 20:57:45","commentOwner":"。"}]}