{"id":"a708bb46-f8b2-451d-93f5-c25a30acec7f","category":"晋江论坛→网友交流区→碧水江汀 欢迎回来：53088456  退 出","postSubject":"主题：pbc排雷，现实向剧情文，我觉得我已经努力写排雷了，努力写了十几条 [12] 【搜索关键词：排雷】","postUrl":"https://bbs.jjwxc.net/showmsg.php?board=17&keyword=%C5%C5%C0%D7&id=1919484","originalPost":"这十几条也不全是雷吧，某些就是想提醒一下，算是防止误跳坑指南。比如：女主不是好人，男主非圣母。这种的我都专门写了一条。\n\n我希望喜欢ky的人不要随便跳我的坑，跳了再指指点点很没意思。我真的已经努力防他们了……\n\n我写的现实向剧情文，非要当爽文看是为什么啊，女主确实有金手指，很厉害，但是整本文没有爽文甜文tag，干嘛又排我一些没用的东西……\n\n点进标签精准搜索喜欢看的文不好吗。","numberOfReplies":12,"comments":[{"comment":"我只是听说有些人雷点比较奇怪，我尊重个人雷点，但是跑我文底下指指点点就没必要了吧真的是。","commentTime":"2022-05-28 17:38:16","commentOwner":"。"},{"comment":"这十几条也不全是雷吧，某些就是想提醒一下，算是防止误跳坑指南。比如：女主不是好人，男主非圣母。这种的我都专门写了一条。\n我希望喜欢ky的人不要随便跳我的坑，跳了再指指点点很没意思。我真的已经努力防他们了……\n我写的现实向剧情文，非要当爽文看是为什么啊，女主确实有金手指，很厉害，但是整本文没有爽文甜文tag，干嘛又排我一些没用的东西……\n点进标签精准搜索喜欢看的文不好吗。\n№0 ☆☆☆。|07da9798于2022-05-28 17:37:12留言☆☆☆\nfpb","commentTime":"2022-05-28 17:38:31","commentOwner":"。"},{"comment":"幸好可以举报恶意排雷，这个得谢谢审核，可以删掉，唉。","commentTime":"2022-05-28 17:39:05","commentOwner":"。"},{"comment":"我和你一样，也写了很多，后来我发现，她们不管的，只是向找个理由给你扣帽子。\n后来我都删了。","commentTime":"2022-05-28 17:44:01","commentOwner":"……"},{"comment":"想起我朋友几年前写的咸蛋，是正常世界设定，有bl也有bg，txl是需要面对一些争议和压力的。\n文案排雷了，标了he。\n大结局是攻受没有结婚，但是永远在一起，家里也支持，他们俩还领养了宝，很可爱很幸福。\n没想到去年被翻出来排雷，说甜文为什么要弄这种憋屈设定，最后攻受都不能结婚生子。\n我……emmm……\n人家压根也没说甜吧，只是标了he。而且现实向的能得到家里支持永远在一起也很幸福好吗。","commentTime":"2022-05-28 17:44:08","commentOwner":"。"},{"comment":"我和你一样，也写了很多，后来我发现，她们不管的，只是向找个理由给你扣帽子。\n后来我都删了。\n№4 ☆☆☆……|c62564e6于2022-05-28 17:44:01留言☆☆☆\n是的……想ky的人真的不看也不听。","commentTime":"2022-05-28 17:44:29","commentOwner":"。"},{"comment":"对了我的主角是美强惨……这个读者还说我虐女，说主角太惨了。\n咱就是说，有没有一种可能，我写了她是美强惨呢。","commentTime":"2022-05-28 17:46:04","commentOwner":"。"},{"comment":"想起我朋友几年前写的咸蛋，是正常世界设定，有bl也有bg，txl是需要面对一些争议和压力的。\n文案排雷了，标了he。\n大结局是攻受没有结婚，但是永远在一起，家里也支持，他们俩还领养了宝，很可爱很幸福。\n没想到去年被翻出来排雷，说甜文为什么要弄这种憋屈设定，最后攻受都不能结婚生子。\n我……emmm……\n人家压根也没说甜吧，只是标了he。而且现实向的能得到家里支持永远在一起也很幸福好吗。\n№5 ☆☆☆。|07da9798于2022-05-28 17:44:08留言☆☆☆\n现实向，又不是abo，怎么生子?这种读者简直有病吧！是想dy吗她们","commentTime":"2022-05-28 17:46:18","commentOwner":"(?????????"},{"comment":"对了我的主角是美强惨……这个读者还说我虐女，说主角太惨了。\n咱就是说，有没有一种可能，我写了她是美强惨呢。\n№7 ☆☆☆。|07da9798于2022-05-28 17:46:04留言☆☆☆\n而且惨只在回忆里，正文只有强","commentTime":"2022-05-28 17:46:22","commentOwner":"。"},{"comment":"历史引用 展开全部▼\n现实向，又不是abo，怎么生子?这种读者简直有病吧！是想dy吗她们\n№8 ☆☆☆(?????????|36cf8242于2022-05-28 17:46:18留言☆☆☆\n真的有人闭眼ky，作者收到这种评论心梗","commentTime":"2022-05-28 17:47:37","commentOwner":"。"},{"comment":"我之前排雷写的比第一章都长，后来发现没有用，干脆不排了","commentTime":"2022-05-28 17:50:29","commentOwner":"。"},{"comment":"我之前排雷写的比第一章都长，后来发现没有用，干脆不排了\n№11 ☆☆☆。|e8c31e0d于2022-05-28 17:50:29留言☆☆☆\n我以后也要考虑放弃了，排雷也防不住有心人ky，反而说太多让正常读者都不敢看了","commentTime":"2022-05-28 17:52:23","commentOwner":"。"}]}