{"id":"b9f061c3-e1bb-4eda-9f3b-efb142a68494","category":"晋江论坛→网友交流区→碧水江汀 欢迎回来：53088456  退 出","postSubject":"主题：请问写男非女c或者女非男c的文，文案排雷，还会挨喷吗？严重吗？ [3] 【搜索关键词：排雷】","postUrl":"https://bbs.jjwxc.net/showmsg.php?board=17&keyword=%C5%C5%C0%D7&id=1964053","originalPost":"跃跃欲试，又有点怂，想提前了解一下前辈们的遭遇。\n成绩如何，挨骂很多吗？咳","numberOfReplies":3,"comments":[{"comment":"这个不算lx贴吧？如果不可以讨论我自行闭麦_(:з)∠)_","commentTime":"2022-06-27 17:28:28","commentOwner":"。"},{"comment":"不文案诈骗就不会被冲，但肯定有ky，这个避免不了","commentTime":"2022-06-27 17:28:48","commentOwner":"。"},{"comment":"不文案诈骗就不会被冲，但肯定有ky，这个避免不了\n№2 ☆☆☆。|d040e7f4于2022-06-27 17:28:48留言☆☆☆\n文案会写明谁非谁c咳","commentTime":"2022-06-27 17:30:47","commentOwner":"。"}]}