{"id":"1a211248-6846-44c3-ad31-8cc6ef80990b","category":"晋江论坛→网友交流区→碧水江汀 请稍候...","postSubject":"主题：晚上去看电影，有推荐或者排雷的咩？ [7] 【搜索关键词：排雷】","postUrl":"https://bbs.jjwxc.net/showmsg.php?board=17&keyword=%C5%C5%C0%D7&id=1672258","originalPost":"Rt","numberOfReplies":7,"comments":[{"comment":"我朋友说扬名立万好看","commentTime":"2021-12-11 13:52:05","commentOwner":"。。。。"},{"comment":"我朋友说扬名立万好看\n№1 ☆☆☆。。。。|f71b4bb4于2021-12-11 13:52:05留言☆☆☆\n嗯嗯嗯","commentTime":"2021-12-11 14:50:15","commentOwner":"大大你回来啊"},{"comment":"我朋友也说扬名立万不错。","commentTime":"2021-12-11 14:52:00","commentOwner":"= ="},{"comment":"在家看吧，我今天看了一部老电影《我们俩》，真好康，听说方面没票房。\n我就奇了怪了，这么好看的电影怎么没票房？而且我感觉豆瓣8.7分低了，这部电影绝对值9分啊","commentTime":"2021-12-11 14:52:19","commentOwner":"。"},{"comment":"别看古董局中局  别看别看\n可以大骂好几天的程度","commentTime":"2021-12-11 14:52:41","commentOwner":"。"},{"comment":"扬名立万不错  门锁有点恐怖女主有点无脑","commentTime":"2021-12-11 14:52:59","commentOwner":"。"},{"comment":"粉红色高跟鞋","commentTime":"2021-12-11 14:58:48","commentOwner":"。"}]}