{"id":"ad5889a1-1b55-4835-acea-31e0e26409c6","category":"晋江论坛→网友交流区→碧水江汀 请稍候...","postSubject":"主题：笑死，刷wb发现被和女神太太一起排雷了。狂喜。 [10] 【搜索关键词：排雷】","postUrl":"https://bbs.jjwxc.net/showmsg.php?board=17&keyword=%C5%C5%C0%D7&id=1712668","originalPost":"谢谢你，排雷人.jpg四舍五入我和女神贴贴。","numberOfReplies":10,"comments":[{"comment":"哈哈哈哈哈哈哈哈哈哈哈哈","commentTime":"2022-01-10 21:46:37","commentOwner":"。"},{"comment":"已经截图准备裱起来了。哈哈哈哈哈哈哈哈哈哈哈哈哈哈","commentTime":"2022-01-10 21:47:11","commentOwner":"。"},{"comment":"哈哈哈哈哈哈哈","commentTime":"2022-01-10 21:47:49","commentOwner":"。"},{"comment":"哈哈哈哈哈如果遇到这样的情况我也会开心死的\n何德何能居然和女神站在同一档","commentTime":"2022-01-10 21:54:34","commentOwner":"菜鸡儿"},{"comment":"哈哈哈哈哈","commentTime":"2022-01-10 21:55:04","commentOwner":"=="},{"comment":"哈哈哈哈","commentTime":"2022-01-10 21:59:15","commentOwner":"振翅待飞咕"},{"comment":"哈哈哈哈哈哈哈哈","commentTime":"2022-01-10 22:00:46","commentOwner":"坚持日更鸭"},{"comment":"哈哈哈哈哈嗝","commentTime":"2022-01-10 22:01:12","commentOwner":"111"},{"comment":"笑死","commentTime":"2022-01-10 22:02:40","commentOwner":"。"},{"comment":"草，我，我也想…不过我不够资格就是了","commentTime":"2022-01-10 22:06:04","commentOwner":"。"}]}