{"id":"f9502106-5c5f-44bb-a631-7edaaabe9b4e","category":"晋江论坛→网友交流区→碧水江汀 请稍候...","postSubject":"主题：就无语，我写了二十多万字，你居然看了第一章就开始排雷，什么人啊！真想怼他！ [1] 【搜索关键词：排雷】","postUrl":"https://bbs.jjwxc.net/showmsg.php?board=17&keyword=%C5%C5%C0%D7&id=1643831","originalPost":"气死了气死了气死了","numberOfReplies":1,"comments":[{"comment":"有没有想过\n他可能是看了盗文然后跑来发疯","commentTime":"2021-11-19 23:59:59","commentOwner":"……"}]}