{"id":"b6d34889-4fc9-4b95-aa94-fab6fd1dedaa","category":"晋江论坛→网友交流区→碧水江汀 欢迎回来：53088456  退 出","postSubject":"主题：你有推荐和排雷的美工/铺子吗？ [7] 【搜索关键词：排雷】","postUrl":"https://bbs.jjwxc.net/showmsg.php?board=17&keyword=%C5%C5%C0%D7&id=1935554","originalPost":"如题。","numberOfReplies":7,"comments":[{"comment":"自己搜","commentTime":"2022-06-08 17:45:18","commentOwner":"。"},{"comment":"dd","commentTime":"2022-06-08 17:45:28","commentOwner":"小泽"},{"comment":"谢谢你。\n请问怎么搜最有效率呢？","commentTime":"2022-06-08 17:46:33","commentOwner":"小泽"},{"comment":"谢谢你。\n请问怎么搜最有效率呢？\n№3 ☆☆☆小泽|ef3b4b4e于2022-06-08 17:46:33留言☆☆☆\n搜搜关键词看看，比如现言这种~","commentTime":"2022-06-08 18:16:57","commentOwner":"。"},{"comment":"搜美工二字","commentTime":"2022-06-08 18:17:22","commentOwner":"。。"},{"comment":"如果有人不知道走私马玫瑰（曾用名走私玫瑰）又贵又戏多还侵权，我都会伤心的","commentTime":"2022-06-08 18:18:14","commentOwner":"。"},{"comment":"瓜太郎排雷，过了出稿日期，催稿消息全都不回装死","commentTime":"2022-06-08 18:20:54","commentOwner":"。"}]}