{"id":"45392ea8-7fe9-4735-972f-6dc15df04f58","category":"晋江论坛→网友交流区→碧水江汀 欢迎回来：53088456  退 出","postSubject":"主题：笑死了，一个人不看文案已经标过的排雷，进来第一章骂我，被我读者直接怼回去了 [0] 【搜索关键词：排雷】","postUrl":"https://bbs.jjwxc.net/showmsg.php?board=17&keyword=%C5%C5%C0%D7&id=1859048","originalPost":"“文案有的真的没必要再问一遍，眼睛不要可以捐给需要的人”\n读者原话\n牛哇","numberOfReplies":0,"comments":[]}