{"id":"aceeaf5d-27b7-44d1-80fe-66c53a34c369","category":"晋江论坛→网友交流区→碧水江汀 请稍候...","postSubject":"主题：这年头还有看文案排雷…… [8] 【搜索关键词：排雷】","postUrl":"https://bbs.jjwxc.net/showmsg.php?board=17&keyword=%C5%C5%C0%D7&id=1720385","originalPost":"就无语=_=","numberOfReplies":8,"comments":[{"comment":"看了眼ID觉得有些要求，以前好像追过我同类型的文，单那次也是边追边骂","commentTime":"2022-01-16 00:59:23","commentOwner":"＝＝"},{"comment":"这次是没看正文直接看文案下定论，我……","commentTime":"2022-01-16 00:59:43","commentOwner":"＝＝"},{"comment":"还有不看文也不看文案，上来凭文名排雷的……","commentTime":"2022-01-16 01:00:54","commentOwner":"= ="},{"comment":"还有不看文也不看文案，上来凭文名排雷的……\n№3 ☆☆☆= =|0b6e29c3于2022-01-16 01:00:54留言☆☆☆\n这种更奇葩……","commentTime":"2022-01-16 01:03:43","commentOwner":"＝＝"},{"comment":"搞得我都想删她评论，看着有点那啥，嗐","commentTime":"2022-01-16 01:04:28","commentOwner":"＝＝"},{"comment":"忍住了，压评吧:）","commentTime":"2022-01-16 01:04:43","commentOwner":"＝＝"},{"comment":"看了眼ID觉得有些要求，以前好像追过我同类型的文，单那次也是边追边骂\n№1 ☆☆☆＝＝|b7a85f5b于2022-01-16 00:59:23留言☆☆☆\n才发现打错字，要求——眼熟","commentTime":"2022-01-16 01:05:08","commentOwner":"＝＝"},{"comment":"历史引用 展开全部▼\n这种更奇葩……\n№4☆☆☆＝＝|b7a85f5b于2022-01-16 01:03:43留言☆☆☆\n没有最奇葩只有更奇葩哈哈，就是说一个人想杠人想喷人的时候，哪怕你再解释她也会揪着你不放","commentTime":"2022-01-16 01:09:05","commentOwner":"= ="}]}