{"id":"f29d89f9-cd73-4841-a79f-fb7e5a736757","category":"晋江论坛→网友交流区→碧水江汀 请稍候...","postSubject":"主题：求助，咕们，为什么作收涨了，文收却掉了，是被排雷了吗？ [7] 【搜索关键词：排雷】","postUrl":"https://bbs.jjwxc.net/showmsg.php?board=17&keyword=%C5%C5%C0%D7&id=1721078","originalPost":"QAQ","numberOfReplies":7,"comments":[{"comment":"dd","commentTime":"2022-01-16 17:20:51","commentOwner":"。"},{"comment":"ddd","commentTime":"2022-01-16 17:21:22","commentOwner":"。"},{"comment":"救命！","commentTime":"2022-01-16 17:22:04","commentOwner":"。"},{"comment":"不是一个人","commentTime":"2022-01-16 17:22:08","commentOwner":"。"},{"comment":"那我直接完结下本见吧呜呜","commentTime":"2022-01-16 17:22:30","commentOwner":"。"},{"comment":"。","commentTime":"2022-01-16 17:23:19","commentOwner":"。"},{"comment":"顶顶","commentTime":"2022-01-16 17:27:56","commentOwner":"。"}]}