{"id":"491c7cfd-d8c1-48d9-a9bb-abcbdc01e5b9","category":"晋江论坛→网友交流区→碧水江汀 请稍候...","postSubject":"主题：暴言，现在的小说越来越千篇一律，离不了读者的负分排雷和追着骂 [43] 【搜索关键词：排雷】","postUrl":"https://bbs.jjwxc.net/showmsg.php?board=17&keyword=%C5%C5%C0%D7&id=1687008","originalPost":"写文束手束脚","numberOfReplies":42,"comments":[{"comment":"自己能力次就别怨别人了，写那玩意还真当严肃文学了","commentTime":"2021-12-22 01:41:29","commentOwner":"= ="},{"comment":"有一说一，不针对任何人但是某些读者道德感真的太高了","commentTime":"2021-12-22 01:41:33","commentOwner":"。"},{"comment":"自己能力次就别怨别人了，写那玩意还真当严肃文学了\n№1 ☆☆☆= =|2266a53a于2021-12-22 01:41:29留言☆☆☆\n放屁吧你\n写一点不同的剧情，就能被追着骂","commentTime":"2021-12-22 01:41:51","commentOwner":"。"},{"comment":"自己写得烂一味模仿还怪别人？","commentTime":"2021-12-22 01:42:03","commentOwner":"= ="},{"comment":"可以关闭评论区","commentTime":"2021-12-22 01:42:11","commentOwner":"。"},{"comment":"有一说一，不针对任何人但是某些读者道德感真的太高了\n№2 ☆☆☆。|326d94fa于2021-12-22 01:41:33留言☆☆☆\nnsdd","commentTime":"2021-12-22 01:42:15","commentOwner":"。"},{"comment":"每日一问，读者架着刀在你脖子上不让你写了吗？\n作者没有一点主观能动性吗？","commentTime":"2021-12-22 01:42:38","commentOwner":"。"},{"comment":"网络文学本来就是快餐，提供给大众的娱乐。\n你要是想与众不同，那就不要走到大众面前接受评判啊。","commentTime":"2021-12-22 01:42:50","commentOwner":"…"},{"comment":"建议关闭评论区，起码这样我不会看到你的文","commentTime":"2021-12-22 01:43:21","commentOwner":"。"},{"comment":"亲亲 不要2g啦 现在可以选择关闭评论区了哦～","commentTime":"2021-12-22 01:43:24","commentOwner":"= ="},{"comment":"暴言，现在的小说越来越千篇一律，离不了作者跟风金榜热题材，什么赚钱写什么","commentTime":"2021-12-22 01:43:39","commentOwner":"。"},{"comment":"","commentTime":"2021-12-22 01:44:12","commentOwner":"又开始挑对立了是吧？"},{"comment":"历史引用 展开全部▼\n放屁吧你\n写一点不同的剧情，就能被追着骂\n№3 ☆☆☆。|3798010b☆于2021-12-22 01:41:51留言☆☆☆\n拉倒吧，就一网络快餐文学，也不看看你那笔力跟逻辑够不够格，装什么大头锤","commentTime":"2021-12-22 01:44:17","commentOwner":"= ="},{"comment":"嗯嗯嗯 都是读者的问题 读者滚出晋江文学城（可以吗？满意吗？不激化矛盾了？","commentTime":"2021-12-22 01:45:08","commentOwner":"= ="},{"comment":"hzc天天被骂，怎么不见作者不写啊","commentTime":"2021-12-22 01:45:13","commentOwner":"。"},{"comment":"读者没不让作者写啊，但是作者写了闹着要挂人，要举报的不也是读者，经历过古早文的都知道那时候的作者什么都写吧，因为那时候举报无用，挂人也无用，现在时代不同喽","commentTime":"2021-12-22 01:45:24","commentOwner":"= ="},{"comment":"自己烂不要怪别人，怎么不说自己追热点写套路想的脑洞撑不起来吸引不到人呢","commentTime":"2021-12-22 01:45:34","commentOwner":"=="},{"comment":"不喜欢别人对你指手画脚是吧？\n关闭评论区，请——","commentTime":"2021-12-22 01:46:01","commentOwner":"。"},{"comment":"是的，我本来想写一个贪慕虚荣的女主，却因为美貌，在爱情场上无往不胜。后来被读者骂的滑跪了。","commentTime":"2021-12-22 01:46:08","commentOwner":"= ="},{"comment":"的确是，不过关掉评论区就无所谓了，反正舞不到我面前","commentTime":"2021-12-22 01:46:08","commentOwner":"。"},{"comment":"你空星是被骂出来的是吧，咋不见人五星大佬比你被骂的少啊？","commentTime":"2021-12-22 01:46:29","commentOwner":"= ="},{"comment":"不，我觉得是因为千篇一律的文有固定受众且受众不小的原因，也因此很多作者为了收益光顾着写热题材，长此以往千篇一律也就成了常态","commentTime":"2021-12-22 01:47:24","commentOwner":"=="},{"comment":"不敢关评论区舍不得那点积分，又嫌读者有评论权利。\n怂得要死。","commentTime":"2021-12-22 01:47:36","commentOwner":"= ="},{"comment":"不，我觉得是因为千篇一律的文有固定受众且受众不小的原因，也因此很多作者为了收益光顾着写热题材，长此以往千篇一律也就成了常态\n№22 ☆☆☆==|c52dd86b于2021-12-22 01:47:24留言☆☆☆\n病句了，把原因或者因为删了","commentTime":"2021-12-22 01:48:21","commentOwner":"=="},{"comment":"写网文本来就是这样啊。\n你要想挣钱，那就商业化，讨好读者。而且读者付费了，就有评价的权利啊。总有人说读者订阅就几分钱，那是因为你的文字只能卖出这些钱啊。钱少不是捂嘴的理由。\n你要想标新立异还不挨骂，那你就别入v呗。谁要是骂免费文，我第一个帮你骂他。","commentTime":"2021-12-22 01:49:11","commentOwner":"…"},{"comment":"咱就是说有没有一种可能性，部分作者追热点造成了一部分同质化，部分读者排雷负分也造成了一部分同质化呢","commentTime":"2021-12-22 01:49:19","commentOwner":"。"},{"comment":"你还不如骂jj不让写","commentTime":"2021-12-22 01:50:10","commentOwner":"。"},{"comment":"咱就是说有没有一种可能性，部分作者追热点造成了一部分同质化，部分读者排雷负分也造成了一部分同质化呢\n№26 ☆☆☆。|3bee85b6于2021-12-22 01:49:19留言☆☆☆\n同质化的本质是商业化。不商业化，我看lofter上挺多元的","commentTime":"2021-12-22 01:50:18","commentOwner":"…"},{"comment":"咱就是说有没有一种可能性，部分作者追热点造成了一部分同质化，部分读者排雷负分也造成了一部分同质化呢\n№26 ☆☆☆。|3bee85b6于2021-12-22 01:49:19留言☆☆☆\n有这种可能，都比较浮躁","commentTime":"2021-12-22 01:50:48","commentOwner":"。"},{"comment":"余华这个级别的作家都能接受读者批评呢，lz可真是一点批评都不能受","commentTime":"2021-12-22 01:51:30","commentOwner":"…"},{"comment":"关闭评论区果然是把好刀子，一会儿喷鸽头居然敢关评论区恰烂钱无视读者权益，一会儿又拿来堵作者的嘴，敢对读者的意见不满？那就关评论区啊！\n一鱼双吃算是让你们玩明白了，牛啊牛啊","commentTime":"2021-12-22 01:51:31","commentOwner":"。"},{"comment":"我写个女主谈好几段恋爱的文，文案标的清清楚楚，知道有多少人长篇大论的说我三观不正说我不是正常人说女主贱说女主是鸡的么？","commentTime":"2021-12-22 01:51:33","commentOwner":"。"},{"comment":"以前被骂到停更两年，现在看开了，读者怎么骂跟我没关系了，我只想写我的故事","commentTime":"2021-12-22 01:51:59","commentOwner":"。"},{"comment":"历史引用 展开全部▼\n同质化的本质是商业化。不商业化，我看lofter上挺多元的\n№28 ☆☆☆…|bc5407ce于2021-12-22 01:50:18留言☆☆☆\n真的吗，我怎么感觉大部分软件的戾气都比以前重了，不过lofter那种确实好点","commentTime":"2021-12-22 01:52:29","commentOwner":"。"},{"comment":"……大家都是心心人，为啥你们今天晚上像吃了枪药一样","commentTime":"2021-12-22 01:53:03","commentOwner":"。"},{"comment":"哈哈，排雷也没用，照样打负骂，她不喜欢的就是垃圾，还能随便人身攻击，骂也不能骂回去","commentTime":"2021-12-22 01:53:20","commentOwner":"。"},{"comment":"历史引用 展开全部▼\n同质化的本质是商业化。不商业化，我看lofter上挺多元的\n№28☆☆☆…|bc5407ce于2021-12-22 01:50:18留言☆☆☆\n老福特为了热度写的文其实也不好看，也是千篇一律的梗","commentTime":"2021-12-22 01:53:59","commentOwner":"= ="},{"comment":"历史引用 展开全部▼\n老福特为了热度写的文其实也不好看，也是千篇一律的梗\n№38 ☆☆☆= =|ba42bff8于2021-12-22 01:53:59留言☆☆☆\n但是更多太太不是为了热度写文啊","commentTime":"2021-12-22 01:54:30","commentOwner":"…"},{"comment":"历史引用 展开全部▼\n真的吗，我怎么感觉大部分软件的戾气都比以前重了，不过lofter那种确实好点\n№35 ☆☆☆。|3bee85b6于2021-12-22 01:52:29留言☆☆☆\n以前，尤其是同人时期，产粮太太的地位挺高的，无论怎么写都有人尊重。因为那时候绝大部分都是为爱发电。\n但是现在jj开始商业化了，作者比起“太太”，更像是一个卖家，只不过卖的是自己的文字。所以才会有批评、排雷之类的。大家为了赚钱，也更倾向选择热题材。\n男频点家那边更不用说，商业化更高，同质化更高，读者地位更高，作者更怂。\njj多少还是保留了一些同人时期的习惯","commentTime":"2021-12-22 01:59:08","commentOwner":"…"},{"comment":"历史引用 展开全部▼\n以前，尤其是同人时期，产粮太太的地位挺高的，无论怎么写都有人尊重。因为那时候绝大部分都是为爱发电。\n但是现在jj开始商业化了，作者比起“太太”，更像是一个卖家，只不过卖的是自己的文字。所以才会有批评、排雷之类的。大家为了赚钱，也更倾向选择热题材。\n男频点家那边更不用说，商业化更高，同质化更高，读者地位更高，作者更怂。\njj多少还是保留了一些同人时期的习惯\n№40 ☆☆☆…|bc5407ce于2021-12-22 01:59:08留言☆☆☆\n但我见过不少免费网站为爱发电的太太都被各种所谓的三观问题道德问题骂得封笔了，所以我仍然认为有一部分原因出自这种风向。","commentTime":"2021-12-22 02:00:40","commentOwner":"。"},{"comment":"历史引用 展开全部▼\n但我见过不少免费网站为爱发电的太太都被各种所谓的三观问题道德问题骂得封笔了，所以我仍然认为有一部分原因出自这种风向。\n№41 ☆☆☆。|3bee85b6于2021-12-22 02:00:40留言☆☆☆\n这东西分正反两面吧。\n体感这几年网络上，经常出现一些群体性行为，特别容易走极端。\n或者是极端的吹捧拥护，或者是极端的鄙夷谩骂。爱之欲其生，恨之欲其死。\n好的是，极端的吹捧搞火了一帮人，一些作者在以前也收获不到这么追捧的读者。\n坏的是，很容易集体出警，排除异己。","commentTime":"2021-12-22 02:04:23","commentOwner":"…"},{"comment":"历史引用 展开全部▼\n这东西分正反两面吧。\n体感这几年网络上，经常出现一些群体性行为，特别容易走极端。\n或者是极端的吹捧拥护，或者是极端的鄙夷谩骂。爱之欲其生，恨之欲其死。\n好的是，极端的吹捧搞火了一帮人，一些作者在以前也收获不到这么追捧的读者。\n坏的是，很容易集体出警，排除异己。\n№42 ☆☆☆…|bc5407ce于2021-12-22 02:04:23留言☆☆☆\n确实，有些作者乘了这种风向培养出一群腿毛，但我的的确确看到不少作者因为这个不敢写稍微异于大众风向的东西了，可能的确很多东西发展到某一个阶段都会经过这样一种异变叭，希望以后环境还能变好。","commentTime":"2021-12-22 02:10:25","commentOwner":"。"}]}