{"id":"5c1b4c0f-7cf5-46cc-9b13-d9632315094d","category":"晋江论坛→网友交流区→碧水江汀 欢迎回来：53088456  退 出","postSubject":"主题：我想问一下，能不能在文案上挂“没有排雷习惯也禁止读者评论区排我的雷，介意误入”这种。 [51] 【搜索关键词：排雷】","postUrl":"https://bbs.jjwxc.net/showmsg.php?board=17&keyword=%C5%C5%C0%D7&id=1867044","originalPost":"我真的受够了，我想要写作自由。","numberOfReplies":50,"comments":[{"comment":"能，但更血雨腥风","commentTime":"2022-04-25 17:45:46","commentOwner":"。"},{"comment":"挺好的，你和读者双向排雷","commentTime":"2022-04-25 17:45:55","commentOwner":"= ="},{"comment":"你可以直接不排，但是评论区无法紧张排雷，见到直接删就是了","commentTime":"2022-04-25 17:46:18","commentOwner":"。"},{"comment":"能，但更血雨腥风\n№1 ☆☆☆。|9a29ff7c于2022-04-25 17:45:46留言☆☆☆\n。她们可能会嚷嚷着评论自由……","commentTime":"2022-04-25 17:46:21","commentOwner":"。"},{"comment":"能啊，但是读者想排还是排，还能因为这句话吐槽","commentTime":"2022-04-25 17:46:34","commentOwner":"，，"},{"comment":"其实我觉得挺好，但很多人做不到自觉不进入，而是会在评论区和各种地方排雷你，排雷理由就是【她居然不排雷这么嚣张】","commentTime":"2022-04-25 17:46:43","commentOwner":"。"},{"comment":"你可以直接关闭评论区","commentTime":"2022-04-25 17:46:58","commentOwner":"=="},{"comment":"你可以直接不排，但是评论区无法紧张排雷，见到直接删就是了\n№3☆☆☆。|f3be243a于2022-04-25 17:46:18留言☆☆☆\n可是负分那种删不掉啊还有会盯着我评论区的那种，见到我删就过来发疯，而我什么三观歪的点都没写就是正常剧情需要女主憋屈了一下","commentTime":"2022-04-25 17:47:14","commentOwner":"。"},{"comment":"可以直接关掉评论区","commentTime":"2022-04-25 17:47:47","commentOwner":"。"},{"comment":"勇士……不过有可能被 喜欢只看文案就打负的 盯上","commentTime":"2022-04-25 17:48:28","commentOwner":"= ="},{"comment":"能，还是会有，不过能筛选掉一些读者，读者也会觉得你干涉他们的评论自由吧。","commentTime":"2022-04-25 17:48:35","commentOwner":"。"},{"comment":"正常读者不会瞎排雷，杠精不会因为你不让就走，如果你写了喂shi剧情，正常读者被恶心到后不会管你让不让排雷，毕竟她们受害，综上所述，禁止不了","commentTime":"2022-04-25 17:48:36","commentOwner":"。"},{"comment":"我在闲情好像看见过有坐着写过类似大，一堆人准备去或者已经去打负了","commentTime":"2022-04-25 17:50:02","commentOwner":"。。。"},{"comment":"正常读者不会瞎排雷，杠精不会因为你不让就走，如果你写了喂shi剧情，正常读者被恶心到后不会管你让不让排雷，毕竟她们受害，综上所述，禁止不了\n№12 ☆☆☆。|7a4d0d9c于2022-04-25 17:48:36留言☆☆☆\n。杠精不会因为你说不能排就不排，这样只会让一些正常读者望而却步，觉得你是不是要写什么大雷了。\n你不想排雷的话直接不排就行了啊。","commentTime":"2022-04-25 17:51:10","commentOwner":"。"},{"comment":"但是看着真的像雷人预警","commentTime":"2022-04-25 17:51:30","commentOwner":"= ="},{"comment":"我看到心理会不舒服选择不看这篇文，但我能想象到有些同样心理不舒服的会和你对着干，看完然后评论区排雷","commentTime":"2022-04-25 17:52:29","commentOwner":"。"},{"comment":"但是看着真的像雷人预警\n№15 ☆☆☆= =|45d7da58于2022-04-25 17:51:30留言☆☆☆\n。正常应该不会特意挂一个不排雷的","commentTime":"2022-04-25 17:54:12","commentOwner":"。"},{"comment":"干脆就什么也不写\n排被骂不排也被骂\n费事","commentTime":"2022-04-25 17:58:17","commentOwner":"。"},{"comment":"但是看着真的像雷人预警\n№15 ☆☆☆= =|45d7da58于2022-04-25 17:51:30留言☆☆☆\n。","commentTime":"2022-04-25 17:58:28","commentOwner":"。"},{"comment":"不要吧","commentTime":"2022-04-25 17:59:08","commentOwner":"。"},{"comment":"不用写，不排就好了，因为一样也禁止不了一些喜欢排雷的读者。大不了见到排雷就删掉，删不了就压评。","commentTime":"2022-04-25 18:01:54","commentOwner":"。"},{"comment":"这样会得罪读者的说实话，干脆不说比较好","commentTime":"2022-04-25 18:02:42","commentOwner":"111"},{"comment":"勇气可嘉，虽然我不说，但我佩服","commentTime":"2022-04-25 18:03:42","commentOwner":"。。。"},{"comment":"没啥问题吧，不过这句话挺劝退的，不是大神的话，数据大约会很惨烈","commentTime":"2022-04-25 18:05:13","commentOwner":"。"},{"comment":"作为读者的话，看到这种我会选择直接不看。\n虽然平时看文是不会留负面评论也没什么雷点的人，但不知为什么很害怕遇到脾气爆的作者和xfxy的评论区","commentTime":"2022-04-25 18:06:53","commentOwner":"。"},{"comment":"可以 但是像我这种读者不会看","commentTime":"2022-04-25 18:09:23","commentOwner":"。。"},{"comment":"历史引用 展开全部▼\n。正常应该不会特意挂一个不排雷的\n№18☆☆☆。|6ca51e3f于2022-04-25 17:54:12留言☆☆☆\n他们就挂","commentTime":"2022-04-25 18:13:16","commentOwner":"。"},{"comment":"可以啊，我见过这种，评论区还挺和谐，如果有ky的，会有其他读者帮忙怼，因为你文案写的很明白了","commentTime":"2022-04-25 18:14:39","commentOwner":"=="},{"comment":"可以，双向排雷，有雷点的读者基本不会点去了","commentTime":"2022-04-25 18:16:33","commentOwner":"。"},{"comment":"说实话这样只会激怒杠精，膈应正常读者。","commentTime":"2022-04-25 18:16:34","commentOwner":"……"},{"comment":"说实话这样只会激怒杠精，膈应正常读者。\n№31 ☆☆☆……|ae10e7fe于2022-04-25 18:16:34留言☆☆☆\n。","commentTime":"2022-04-25 18:17:20","commentOwner":"。。"},{"comment":"我觉得只要你不写有大众雷点的文，不拍雷也没啥事……不管是大神粉红还是小透明，文案不拍雷的太多了，真的","commentTime":"2022-04-25 18:18:13","commentOwner":"。"},{"comment":"我写过类似的，然后被编cue了","commentTime":"2022-04-25 18:18:31","commentOwner":"。"},{"comment":"我觉得只要你不写有大众雷点的文，不拍雷也没啥事……不管是大神粉红还是小透明，文案不拍雷的太多了，真的\n№33 ☆☆☆。|6b42b20c于2022-04-25 18:18:13留言☆☆☆\n而且你没权利禁止别人排雷……只要不是人参和无端谩骂以及扭曲情节造谣，就算你膈应，也没权利禁止，咕咕们再讨厌杠精也没谁会在文案禁止抬杠的……专心写文吧还是","commentTime":"2022-04-25 18:20:48","commentOwner":"。"},{"comment":"可能会激起读者逆反心理","commentTime":"2022-04-25 18:21:27","commentOwner":"。"},{"comment":"我从来没排过雷，文案不写除了文案以外的","commentTime":"2022-04-25 18:23:33","commentOwner":"=="},{"comment":"真的不如上面说的关闭评论区…玻璃心可以不看","commentTime":"2022-04-25 18:24:36","commentOwner":"。"},{"comment":"你可以关评论区，你又不能管读者怎么做","commentTime":"2022-04-25 18:25:11","commentOwner":"= ="},{"comment":"关评论区，爱怎么自由怎么自由","commentTime":"2022-04-25 18:26:16","commentOwner":"。"},{"comment":"杠精看到了其实只会更上头：你不让排？我偏要看看你写了什么这么担心被排","commentTime":"2022-04-25 18:28:18","commentOwner":"= ="},{"comment":"我看到心理会不舒服选择不看这篇文，但我能想象到有些同样心理不舒服的会和你对着干，看完然后评论区排雷\n№16 ☆☆☆。|f899666d于2022-04-25 17:52:29留言☆☆☆\n我也，看到这个我都不会点开文","commentTime":"2022-04-25 18:31:13","commentOwner":"。"},{"comment":"但是看着真的像雷人预警\n№15 ☆☆☆= =|45d7da58于2022-04-25 17:51:30留言☆☆☆\n。","commentTime":"2022-04-25 18:32:48","commentOwner":"。。"},{"comment":"其实有些人不喜欢这文，发对文的吐槽，对我来说压根就没什么。\n但是现在有一小些人纯粹是去找认同感的“新潮”，她不一定有多讨厌这部小说，但是她发现哇塞这小说某个点别人可能会雷的时候，兴致勃勃，评论区，匿名区，或者在别人讨论这本小说的时候，冲到对方面前，来上一句排雷……\n以上的话，可能还不算特别让人无语，也算正常吧。\n但有些人特别明显，特别有那种倾诉欲……\n排雷之后，开头或者末尾接一句“排雷给需要的姐妹，大家有需要自领”“大家不用谢我哈”“我替姐妹们排雷了。”\n又或者说无人回复她，她就会发新的评论，让自己的排雷言论出现在排雷区上方。\n如果是论坛帖子，那就会有些人自顾自地锲而不舍地顶贴。\n这几种行为结合起来，其实排不排雷对她们也没太重要了，而是这种行为会让她们得到关注度。\n心里得到满足。","commentTime":"2022-04-25 18:34:33","commentOwner":"=="},{"comment":"其实有些人不喜欢这文，发对文的吐槽，对我来说压根就没什么。\n但是现在有一小些人纯粹是去找认同感的“新潮”，她不一定有多讨厌这部小说，但是她发现哇塞这小说某个点别人可能会雷的时候，兴致勃勃，评论区，匿名区，或者在别人讨论这本小说的时候，冲到对方面前，来上一句排雷……\n以上的话，可能还不算特别让人无语，也算正常吧。\n但有些人特别明显，特别有那种倾诉欲……\n排雷之后，开头或者末尾接一句“排雷给需要的姐妹，大家有需要自领”“大家不用谢我哈”“我替姐妹们排雷了。”\n又或者说无人回复她，她就会发新的评论，让自己的排雷言论出现在排雷区上方。\n如果是论坛帖子，那就会有些人自顾自地锲而不舍地顶贴。\n这几种行为结合起来，其实排不排雷对她们也没太重要了，而是这种行为会让她们得到关注度。\n心里得到满足。\n№44 ☆☆☆==|6469a112于2022-04-25 18:34:33留言☆☆☆\n。","commentTime":"2022-04-25 18:38:00","commentOwner":"梦想家"},{"comment":"这对我来说跟关了评论区差不多吧，就是作者和读者都不允许评论区出现任何非赞美的言论呗，下头","commentTime":"2022-04-25 18:42:22","commentOwner":"。"},{"comment":"历史引用 展开全部▼\n。\n№32 ☆☆☆。。|3a5ada8c于2022-04-25 18:17:20留言☆☆☆\n。","commentTime":"2022-04-25 18:46:30","commentOwner":"= ="},{"comment":"就算你关了评论区.xhs 也有人排雷，就只是你看不到罢了","commentTime":"2022-04-25 18:50:31","commentOwner":"= ="},{"comment":"就算你关了评论区.xhs 也有人排雷，就只是你看不到罢了\n№48☆☆☆= =|6a8f3891于2022-04-25 18:50:31留言☆☆☆\n排雷怪可多了，一点点错都不能有，不然就上升作者本人的人格批判","commentTime":"2022-04-25 18:51:28","commentOwner":"= ="},{"comment":"写过类似的，收获“为什么不让排雷，你到底有没有雷”评论若干，体感不影响，反正糊是最好保护色，高星作者不推荐","commentTime":"2022-04-25 18:54:10","commentOwner":"= ="},{"comment":"从不评论型读者\n看到这类文案肯定不会看文\n总感觉会有he变be这类大雷","commentTime":"2022-04-25 18:58:47","commentOwner":"= ="}]}