{"id":"1c9c5914-7f01-49e6-b247-60eff2d09734","category":"晋江论坛→网友交流区→碧水江汀 请稍候...","postSubject":"主题：吐槽，文案排雷第x章有某某剧情介意别看，第x-1章作话强调下一章有某某内容介意别看 [3] 【搜索关键词：排雷】","postUrl":"https://bbs.jjwxc.net/showmsg.php?board=17&keyword=%C5%C5%C0%D7&id=1633213","originalPost":"然后收到两个负分：某某内容真恶心\n……你们图什么啊图什么啊！！！\n\n还有，文案写不是爽文不是爽文，作话说不是爽文也没打爽文标签\n评论：爽点都找不准，作者不会写爽文吧？\n……你图什么啊图什么啊！！！","numberOfReplies":3,"comments":[{"comment":"抖m","commentTime":"2021-11-11 08:40:07","commentOwner":"小酋皇"},{"comment":"崩溃呐喊，这世界上不是只有爽文的！！！","commentTime":"2021-11-11 08:41:00","commentOwner":"苦闷"},{"comment":"唉，我昨天也是碰到专门弃文的，排雷的那种，可我文案上自己标排雷都标了十几条，就感觉很可笑，就是不要眼睛，非来找存在感","commentTime":"2021-11-11 08:43:54","commentOwner":"。"}]}