{"id":"aaf6dc06-2f4f-4be9-ab13-7f515a6fe1cb","category":"晋江论坛→网友交流区→碧水江汀 欢迎回来：53088456  退 出","postSubject":"主题：如果一个太太周三晚上只写了三万整，但她第一章正文里夹带了排雷的一段话，如为防止某些人不看文案作话，特此提示本文XXXX，hyb看到了，举报她字数不足骗榜伪梗，太太能上榜吗？ [139] 【搜索关键词：排雷】","postUrl":"https://bbs.jjwxc.net/showmsg.php?board=17&keyword=%C5%C5%C0%D7&id=1858987","originalPost":"rbt","numberOfReplies":137,"comments":[{"comment":"啊？","commentTime":"2022-04-20 20:42:00","commentOwner":"。"},{"comment":"删掉这段排雷，字数就达不到三万整了","commentTime":"2022-04-20 20:42:02","commentOwner":"= ="},{"comment":"啊这","commentTime":"2022-04-20 20:42:19","commentOwner":"。"},{"comment":"未曾设想的道路","commentTime":"2022-04-20 20:42:30","commentOwner":""},{"comment":"这也太hyb了吧，都三万了一段排雷的话能有多长= =","commentTime":"2022-04-20 20:42:39","commentOwner":"。。。"},{"comment":"这...作话会成算正文字数嘛？","commentTime":"2022-04-20 20:42:48","commentOwner":"。"},{"comment":"如今的人真的越来越可怕了","commentTime":"2022-04-20 20:43:00","commentOwner":"咕咕"},{"comment":"这...作话会成算正文字数嘛？\n№6☆☆☆。|c8d0dc65于2022-04-20 20:42:48留言☆☆☆\n太太放正文里，没放作话","commentTime":"2022-04-20 20:43:13","commentOwner":"= ="},{"comment":"未曾设想的道路\n№4☆☆☆  |1c55ae0e于2022-04-20 20:42:30留言☆☆☆\n。","commentTime":"2022-04-20 20:43:49","commentOwner":"= ="},{"comment":"作话可以放正文前面（）","commentTime":"2022-04-20 20:43:53","commentOwner":"。"},{"comment":"作话不是可以放在前面的吗","commentTime":"2022-04-20 20:43:55","commentOwner":"。"},{"comment":"历史引用 展开全部▼\n太太放正文里，没放作话\n№8 ☆☆☆= =|af6b3fcb于2022-04-20 20:43:13留言☆☆☆\n那我就不懂了，我就一读者","commentTime":"2022-04-20 20:43:58","commentOwner":"。"},{"comment":"这……举报判定通过就是太太确实惨，但是也是她的问题，毕竟她原本算的时候也把排雷字数算进去了？","commentTime":"2022-04-20 20:44:09","commentOwner":"。"},{"comment":"这也太hyb了吧，都三万了一段排雷的话能有多长= =\n№5☆☆☆。。。|d6e80faf于2022-04-20 20:42:39留言☆☆☆\n大概50个字","commentTime":"2022-04-20 20:44:12","commentOwner":"= ="},{"comment":"去提醒那个太太改了吧，放到作话里，然后补一下字数，现在还来得及","commentTime":"2022-04-20 20:44:15","commentOwner":"咕咕"},{"comment":"我个人不觉得骗榜，就是不知道hyb会不会举报成功，希望太太多写一点","commentTime":"2022-04-20 20:44:22","commentOwner":"。"},{"comment":"应该不能吧，只要被hyb保留了证据就可以算作是伪更","commentTime":"2022-04-20 20:44:32","commentOwner":"。"},{"comment":"历史引用 展开全部▼\n大概50个字\n№14 ☆☆☆= =|af6b3fcb于2022-04-20 20:44:12留言☆☆☆\n太太但凡写3050呢……唉","commentTime":"2022-04-20 20:44:54","commentOwner":"。"},{"comment":"算吧...去年不是有个帖子在闹某个鞭腿榜的太太修文导致12点不足100字，虽然一小时后她补上了，但还是被闹的编辑给她撤了一个月榜单了...","commentTime":"2022-04-20 20:45:23","commentOwner":"= ="},{"comment":"什么叫hyb啊？晋江上榜的规定就是三万字少一个字都不行，骗榜就是骗榜，叫什么屈打什么hyb？要点脸ok？","commentTime":"2022-04-20 20:45:48","commentOwner":"=="},{"comment":"算吧...去年不是有个帖子在闹某个鞭腿榜的太太修文导致12点不足100字，虽然一小时后她补上了，但还是被闹的编辑给她撤了一个月榜单了...\n№19☆☆☆= =|8c975ef9于2022-04-20 20:45:23留言☆☆☆\n我记得这个，黑三期了","commentTime":"2022-04-20 20:45:51","commentOwner":"。"},{"comment":"去提醒那个太太改了吧，放到作话里，然后补一下字数，现在还来得及\n№15☆☆☆咕咕|b405feb8于2022-04-20 20:44:15留言☆☆☆\n好的","commentTime":"2022-04-20 20:45:52","commentOwner":"= ="},{"comment":"就我而言，不管有意无意，我不喜欢作话放正文哦……\n毕竟我看文都关作话的，我不喜欢看作话","commentTime":"2022-04-20 20:45:55","commentOwner":"。"},{"comment":"什么叫hyb啊？晋江上榜的规定就是三万字少一个字都不行，骗榜就是骗榜，叫什么屈打什么hyb？要点脸ok？\n№20☆☆☆==|9d4f336a于2022-04-20 20:45:48留言☆☆☆\n。","commentTime":"2022-04-20 20:46:15","commentOwner":"。"},{"comment":"就我而言，不管有意无意，我不喜欢作话放正文哦……\n毕竟我看文都关作话的，我不喜欢看作话\n№23☆☆☆。|614584c2于2022-04-20 20:45:55留言☆☆☆\n她是排雷，担心别人不看作话看不到","commentTime":"2022-04-20 20:46:23","commentOwner":"= ="},{"comment":"什么叫hyb啊？晋江上榜的规定就是三万字少一个字都不行，骗榜就是骗榜，叫什么屈打什么hyb？要点脸ok？\n№20☆☆☆==|9d4f336a★★★于2022-04-20 20:45:48留言☆☆☆\n自己太太要骗榜就想打举报的人是hyb？lz你脸呢？","commentTime":"2022-04-20 20:46:46","commentOwner":"=="},{"comment":"就我而言，不管有意无意，我不喜欢作话放正文哦……\n毕竟我看文都关作话的，我不喜欢看作话\n№23 ☆☆☆。|614584c2于2022-04-20 20:45:55留言☆☆☆\n。我也讨厌正文掺杂不相关内容的……","commentTime":"2022-04-20 20:46:47","commentOwner":"。"},{"comment":"情理上大家能理解，但严格说起来确实不合规矩，一旦被举报就无了","commentTime":"2022-04-20 20:47:01","commentOwner":"。"},{"comment":"是不是作话放前面了？","commentTime":"2022-04-20 20:47:05","commentOwner":"。"},{"comment":"历史引用 展开全部▼\n她是排雷，担心别人不看作话看不到\n№25 ☆☆☆= =|af6b3fcb于2022-04-20 20:46:23留言☆☆☆\n可以排文案去","commentTime":"2022-04-20 20:47:34","commentOwner":"。"},{"comment":"不算，如果这也算，那么，每章开头都写文名、作者名、章节名、始发晋江文学城的作者都算，怎么不去举报她们？","commentTime":"2022-04-20 20:47:47","commentOwner":"= ="},{"comment":"为什么要这样给hyb留下把柄呢","commentTime":"2022-04-20 20:47:49","commentOwner":"。"},{"comment":"我既不理解排雷写正文里的，也不理解写踩线字数的，更不理解把举报骗榜说成hyb……","commentTime":"2022-04-20 20:48:04","commentOwner":"。"},{"comment":"为什么要这样给hyb留下把柄呢\n№32☆☆☆。|6f9750f9于2022-04-20 20:47:49留言☆☆☆\n多写50字可破","commentTime":"2022-04-20 20:48:19","commentOwner":"。"},{"comment":"我既不理解排雷写正文里的，也不理解写踩线字数的，更不理解把举报骗榜说成hyb……\n№33☆☆☆。|0bdee180??于2022-04-20 20:48:04留言☆☆☆\n。","commentTime":"2022-04-20 20:48:30","commentOwner":"=="},{"comment":"我既不理解排雷写正文里的，也不理解写踩线字数的，更不理解把举报骗榜说成hyb……\n№33 ☆☆☆。|0bdee180于2022-04-20 20:48:04留言☆☆☆\n。","commentTime":"2022-04-20 20:48:33","commentOwner":"。"},{"comment":"不算，如果这也算，那么，每章开头都写文名、作者名、章节名、始发晋江文学城的作者都算，怎么不去举报她们？\n№31 ☆☆☆= =|49f7e200于2022-04-20 20:47:47留言☆☆☆\n人家字数够了为什么要举报？根本不是一个情况瞎举什么例","commentTime":"2022-04-20 20:48:42","commentOwner":"。"},{"comment":"历史引用 展开全部▼\n她是排雷，担心别人不看作话看不到\n№25 ☆☆☆= =|af6b3fcb于2022-04-20 20:46:23留言☆☆☆\n排雷写文案，我单纯不喜欢把作话放正文，她这样做我以后都会避雷她的，跟排不排雷没关系，你放章节里踩雷的人看见了都进来吃雷了照样骂，除了水字数没意义。","commentTime":"2022-04-20 20:48:57","commentOwner":"。"},{"comment":"什么叫hyb啊？晋江上榜的规定就是三万字少一个字都不行，骗榜就是骗榜，叫什么屈打什么hyb？要点脸ok？\n№20 ☆☆☆==|9d4f336a于2022-04-20 20:45:48留言☆☆☆\n。\n可以说是没注意，不小心，毕竟人都会有失误的时候，但是说别人举报她就是hyb就很搞笑了","commentTime":"2022-04-20 20:49:24","commentOwner":"。"},{"comment":"会不会作话放正文前面了？会很容易当成正文","commentTime":"2022-04-20 20:49:39","commentOwner":"。"},{"comment":"历史引用 展开全部▼\n。\n№36 ☆☆☆。|ebf0cf94于2022-04-20 20:48:33留言☆☆☆\n。","commentTime":"2022-04-20 20:49:54","commentOwner":"。"},{"comment":"历史引用 展开全部▼\n可以排文案去\n№30 ☆☆☆。|ebf0cf94于2022-04-20 20:47:34留言☆☆☆\n有些人就不看文案不看作话甚至写在正文里的排雷都不看，想骂作者就骂，哪怕作者在文案、作话、正文都解释了","commentTime":"2022-04-20 20:50:24","commentOwner":"= ="},{"comment":"不算，如果这也算，那么，每章开头都写文名、作者名、章节名、始发晋江文学城的作者都算，怎么不去举报她们？\n№31 ☆☆☆= =|49f7e200于2022-04-20 20:47:47留言☆☆☆\n因为楼主的例子是三万整，但凡正文再多几十个字呢…","commentTime":"2022-04-20 20:50:33","commentOwner":"= ="},{"comment":"虽然HYB很无语，但不合规矩就是不合规矩，还记得上次那个因为改文少了3个字被撤榜的作者吗？规则就是规则。","commentTime":"2022-04-20 20:51:12","commentOwner":"=="},{"comment":"删掉这段排雷，字数就达不到三万整了\n№2 ☆☆☆= =|af6b3fcb于2022-04-20 20:42:02留言☆☆☆\n虽然是无意的，但能属于骗榜吧？","commentTime":"2022-04-20 20:51:24","commentOwner":"。"},{"comment":"历史引用 展开全部▼\n人家字数够了为什么要举报？根本不是一个情况瞎举什么例\n№37 ☆☆☆。|cfc96de1于2022-04-20 20:48:42留言☆☆☆\n说的是删除这些就不够字数，你瞎杠什么？","commentTime":"2022-04-20 20:51:28","commentOwner":"= ="},{"comment":"作话可以放正文前面（）\n№10 ☆☆☆。|bfb60b49于2022-04-20 20:43:53留言☆☆☆\n有人会屏蔽作话","commentTime":"2022-04-20 20:51:47","commentOwner":"。"},{"comment":"50个字随便敲敲键盘不就出来了，干嘛要用那些凑数啊，不理解。","commentTime":"2022-04-20 20:52:58","commentOwner":"。"},{"comment":"所以一般建议不要卡字数，是有原因的","commentTime":"2022-04-20 20:53:12","commentOwner":"。"},{"comment":"你到底开了几个号","commentTime":"2022-04-20 20:53:14","commentOwner":"=="},{"comment":"00:00还没过 就给人定性骗榜了？","commentTime":"2022-04-20 20:53:18","commentOwner":"。。"},{"comment":"作话可以设置放在文章前面吧","commentTime":"2022-04-20 20:53:22","commentOwner":"。"},{"comment":"历史引用 展开全部▼\n有些人就不看文案不看作话甚至写在正文里的排雷都不看，想骂作者就骂，哪怕作者在文案、作话、正文都解释了\n№42 ☆☆☆= =|49f7e200于2022-04-20 20:50:24留言☆☆☆\n那在正文再写有什么意义吗？在文案写了，他们不看是他们的事，打负也不占上风，何必用影响普通读者观感的行为去对抗疯子读者？","commentTime":"2022-04-20 20:53:24","commentOwner":"。"},{"comment":"违规了就是违规了，作话放正文违规，放正文不多加字数导致实际不满三万字，也是违规。\n希望明白一个事实，规则是给读者看的正文要求三万字，少一字都是违规。","commentTime":"2022-04-20 20:53:37","commentOwner":"。"},{"comment":"不算，如果这也算，那么，每章开头都写文名、作者名、章节名、始发晋江文学城的作者都算，怎么不去举报她们？\n№31 ☆☆☆= =|49f7e200于2022-04-20 20:47:47留言☆☆☆\n作话排雷可以设置在文章最前面，望周知\n她写到正文里，就当是没注意好了，那别人举报她也不冤啊","commentTime":"2022-04-20 20:53:51","commentOwner":"。"},{"comment":"说到底一个排雷能有多少字，正文就不能随便多写几个吗？这么简单的事，为什么非要踩骗榜的边缘线。","commentTime":"2022-04-20 20:54:16","commentOwner":"=="},{"comment":"正文里放作话了那就多补字数，加作话还卡3万整，榜单又不怕他多几十个几百个字，卡着字数倒让人感觉是故意凑字数。","commentTime":"2022-04-20 20:55:58","commentOwner":"。"},{"comment":"历史引用 展开全部▼\n那在正文再写有什么意义吗？在文案写了，他们不看是他们的事，打负也不占上风，何必用影响普通读者观感的行为去对抗疯子读者？\n№53 ☆☆☆。|ebf0cf94于2022-04-20 20:53:24留言☆☆☆\n有道理，不要给疯子眼神，那这个排雷的作者挺惨的，估计是被疯子逼疯了。才50个字，如果不是周三23：59分发，应该不存在赶不赢的情况，也不是故意骗榜，楼主去提醒一下吧","commentTime":"2022-04-20 21:01:43","commentOwner":"= ="},{"comment":"我觉得就是骗榜。排雷谁会放正文里？人家举报也没什么，lz为啥说人hyb……","commentTime":"2022-04-20 21:03:07","commentOwner":"。"},{"comment":"历史引用 展开全部▼\n有道理，不要给疯子眼神，那这个排雷的作者挺惨的，估计是被疯子逼疯了。才50个字，如果不是周三23：59分发，应该不存在赶不赢的情况，也不是故意骗榜，楼主去提醒一下吧\n№58☆☆☆= =|49f7e200于2022-04-20 21:01:43留言☆☆☆\n才50个字不能多写50个，非要踩在骗榜的边缘？","commentTime":"2022-04-20 21:03:25","commentOwner":"=="},{"comment":"是这个贴重出江湖吗？【不明白整天盯着别人有没有伪更的人是什么心理，我五十九分复制了三百个字，零点七分改的，给我举报了，什么hyb大脑梗】，这贴给我的印象太深了\n另外，违规就是违规，三十个，三个字都是违规，能准准的踩在三万字的线上，也是一种本事","commentTime":"2022-04-20 21:06:00","commentOwner":"= ="},{"comment":"如果xxxxx","commentTime":"2022-04-20 21:06:45","commentOwner":"。"},{"comment":"是这个贴重出江湖吗？【不明白整天盯着别人有没有伪更的人是什么心理，我五十九分复制了三百个字，零点七分改的，给我举报了，什么hyb大脑梗】，这贴给我的印象太深了\n另外，违规就是违规，三十个，三个字都是违规，能准准的踩在三万字的线上，也是一种本事\n№62☆☆☆= =|df5e1d3d??于2022-04-20 21:06:00留言☆☆☆\n动不动把人打成hyb的真无语","commentTime":"2022-04-20 21:07:59","commentOwner":"=="},{"comment":"是这个贴重出江湖吗？【不明白整天盯着别人有没有伪更的人是什么心理，我五十九分复制了三百个字，零点七分改的，给我举报了，什么hyb大脑梗】，这贴给我的印象太深了\n另外，违规就是违规，三十个，三个字都是违规，能准准的踩在三万字的线上，也是一种本事\n№62 ☆☆☆= =|df5e1d3d于2022-04-20 21:06:00留言☆☆☆\n这个是绿贴，那这个贴也可能是绿？亏我真情实感分析半天","commentTime":"2022-04-20 21:08:15","commentOwner":"= ="},{"comment":"今天才周三，对吧？","commentTime":"2022-04-20 21:11:21","commentOwner":"。"},{"comment":"有个问题，今天才周三，明天才会换榜，不满三万字的，鞭腿还没上呢？哪来的骗榜？如果已经上榜了，晋江有哪个榜单周更新要三万字？","commentTime":"2022-04-20 21:18:58","commentOwner":"……"},{"comment":"为什么要这样给hyb留下把柄呢\n№32☆☆☆。|6f9750f9于2022-04-20 20:47:49留言☆☆☆\n我也不明白","commentTime":"2022-04-20 21:21:42","commentOwner":"。"},{"comment":"有个问题，今天才周三，明天才会换榜，不满三万字的，鞭腿还没上呢？哪来的骗榜？如果已经上榜了，晋江有哪个榜单周更新要三万字？\n№67 ☆☆☆……|e4c22c78于2022-04-20 21:18:58留言☆☆☆\n就是现在去举报，然后明天上不了榜\n这个贴子可能是绿，认真回复有点像傻子……","commentTime":"2022-04-20 21:22:06","commentOwner":"= ="},{"comment":"随便润色两句，也够五十个字了，既然知道申榜就该守规矩啊，大家都勤勤恳恳攒字数，为什么因为你少五十个字而去共情你呢。担心人家hyb，那就不要给人家茬口嘛，又给那些人茬口又自己委屈，算怎么回事嘛？","commentTime":"2022-04-20 22:36:42","commentOwner":"。"},{"comment":"啊这……","commentTime":"2022-04-21 08:50:07","commentOwner":"。"},{"comment":"原来如此","commentTime":"2022-04-21 08:54:55","commentOwner":"=="},{"comment":"什么叫hyb啊？晋江上榜的规定就是三万字少一个字都不行，骗榜就是骗榜，叫什么屈打什么hyb？要点脸ok？\n№20 ☆☆☆==|9d4f336a于2022-04-20 20:45:48留言☆☆☆\n。","commentTime":"2022-04-21 08:59:09","commentOwner":"666999"},{"comment":"原来如此\n№72 ☆☆☆==|52033867于2022-04-21 08:54:55留言☆☆☆\n所以楼主昨天晚上就想这么干了？\n离谱，你就这么差这几百个字吗","commentTime":"2022-04-21 09:21:03","commentOwner":"。"},{"comment":"是不是搞错了情况，她是把排雷放进了作话，然后把作话放进了正文。\n这不叫骗榜什么还叫偏榜？真是搞笑","commentTime":"2022-04-21 09:25:51","commentOwner":"。"},{"comment":"历史引用 展开全部▼\n有些人就不看文案不看作话甚至写在正文里的排雷都不看，想骂作者就骂，哪怕作者在文案、作话、正文都解释了\n№42 ☆☆☆= =|49f7e200于2022-04-20 20:50:24留言☆☆☆\n？？\n那你大可以满三万字就再加这50个字，只要正文满三万字了，你爱怎么排雷怎么排雷，排个一万字都行。\n问题是，正文不满三万字，懂吗？","commentTime":"2022-04-21 09:27:02","commentOwner":"＝＝"},{"comment":"什么叫hyb啊？晋江上榜的规定就是三万字少一个字都不行，骗榜就是骗榜，叫什么屈打什么hyb？要点脸ok？\n№20 ☆☆☆==|9d4f336a★★★于2022-04-20 20:45:48留言☆☆☆\n。","commentTime":"2022-04-21 09:28:27","commentOwner":"=="},{"comment":"作话不能放在正文，被举报也很正常","commentTime":"2022-04-21 09:28:34","commentOwner":"。"},{"comment":"历史引用 展开全部▼\n？？\n那你大可以满三万字就再加这50个字，只要正文满三万字了，你爱怎么排雷怎么排雷，排个一万字都行。\n问题是，正文不满三万字，懂吗？\n№77 ☆☆☆＝＝|191695b3于2022-04-21 09:27:02留言☆☆☆\n啊，我想回复的是别的楼的","commentTime":"2022-04-21 09:29:50","commentOwner":"＝＝"},{"comment":"不算骗榜，但举报了估计成立\n\n所以以后更新字数要交谨慎再谨慎","commentTime":"2022-04-21 09:30:51","commentOwner":"。"},{"comment":"历史引用 展开全部▼\n人家字数够了为什么要举报？根本不是一个情况瞎举什么例\n№37☆☆☆。|cfc96de1于2022-04-20 20:48:42留言☆☆☆\n这不是系统自己安排的吗？大家都一个格式啊","commentTime":"2022-04-21 09:31:51","commentOwner":"。"},{"comment":"虽然但是我觉得作者自己都忘了","commentTime":"2022-04-21 09:32:54","commentOwner":"。"},{"comment":"不算骗榜，但举报了估计成立\n所以以后更新字数要交谨慎再谨慎\n№81 ☆☆☆。|6063a975于2022-04-21 09:30:51留言☆☆☆\n建议吃今天的瓜，楼主有点像提前来bs咨询套答案……","commentTime":"2022-04-21 09:35:32","commentOwner":"。"},{"comment":"各位，多注意一下就好。我章节开头如果写“第x章”，周三我都要注意多一百个字上去的，就是为了以防万一","commentTime":"2022-04-21 09:36:30","commentOwner":"。。"},{"comment":"你好，差一个字都不能上榜，他可以多写300字正文，但他没有，所以不合规，被举报是应该的，大佬和新人一视同仁，是你喜欢的作者，你也不能双标","commentTime":"2022-04-21 09:43:06","commentOwner":"。"},{"comment":"楼主，你都有功夫来碧水问，为什么不趁着发帖功夫把那两三百字补齐，我就是不太理解\n№75☆☆☆。|5901a1e4于2022-04-21 09:22:57留言☆☆☆\n已经过了0点，回天乏术，就来碧水喊冤呗","commentTime":"2022-04-21 09:44:03","commentOwner":"。"},{"comment":"历史引用 展开全部▼\n已经过了0点，回天乏术，就来碧水喊冤呗\n№87☆☆☆。|cf449155于2022-04-21 09:44:03留言☆☆☆\n不对，你周三晚上8点开贴，还没到0点，提前预知吗？这个帖子有点迷啊？？","commentTime":"2022-04-21 09:45:08","commentOwner":"。"},{"comment":"这楼真是茶香四溢","commentTime":"2022-04-21 09:46:05","commentOwner":"。"},{"comment":"历史引用 展开全部▼\n不对，你周三晚上8点开贴，还没到0点，提前预知吗？这个帖子有点迷啊？？\n№88 ☆☆☆。|cf449155于2022-04-21 09:45:08留言☆☆☆\n可能昨天8点就有这个想法，看到有些人说没事就心动了（狗头）","commentTime":"2022-04-21 09:46:20","commentOwner":"。"},{"comment":"一视同仁啊，50个字不是字啊，排雷就不能在写满3万字后再排雷吗？好多人说才50个字不是故意的，就巧了，刚好拉到3万字这个节点，就结束了，真的能有这么巧吗？再说不是说才50个字，那凑起来很难吗？","commentTime":"2022-04-21 09:46:24","commentOwner":"呃"},{"comment":"所以楼主你周三晚上8点开贴啥意思？你举报的？还是8点举报中心就有那个作者了？","commentTime":"2022-04-21 09:46:58","commentOwner":"。"},{"comment":"所以楼主你周三晚上8点开贴啥意思？你举报的？还是8点举报中心就有那个作者了？\n№92 ☆☆☆。|15becf6e于2022-04-21 09:46:58留言☆☆☆\n你看不懂吗，那个作者昨晚11点更的，如果是一件事，这明显是她提前产生想法，想钻空子，特意来问啊","commentTime":"2022-04-21 09:48:12","commentOwner":"。"},{"comment":"历史引用 展开全部▼\n可能昨天8点就有这个想法，看到有些人说没事就心动了（狗头）\n№90☆☆☆。|ab1b7519于2022-04-21 09:46:20留言☆☆☆\n这个楼有点奇怪，逐渐诡异。周三晚上八点就盯上别人，而不是去提醒违规，虽然没有义务提醒……啧","commentTime":"2022-04-21 09:48:22","commentOwner":"。"},{"comment":"所以楼主你周三晚上8点开贴啥意思？你举报的？还是8点举报中心就有那个作者了？\n№92 ☆☆☆。|15becf6e于2022-04-21 09:46:58留言☆☆☆\n8点举报中心肯定没那个作者，现在举报中心的榜单周期还是上周四到这周三的，去举报会显示不在本榜榜期内。","commentTime":"2022-04-21 09:48:30","commentOwner":"。"},{"comment":"历史引用 展开全部▼\n这个楼有点奇怪，逐渐诡异。周三晚上八点就盯上别人，而不是去提醒违规，虽然没有义务提醒……啧\n№94 ☆☆☆。|15becf6e?于2022-04-21 09:48:22留言☆☆☆\n就不是一个啊，之前看，那个帖子的作者11、58分才更新","commentTime":"2022-04-21 09:49:38","commentOwner":"。"},{"comment":"历史引用 展开全部▼\n你看不懂吗，那个作者昨晚11点更的，如果是一件事，这明显是她提前产生想法，想钻空子，特意来问啊\n№93☆☆☆。|ab1b7519于2022-04-21 09:48:12留言☆☆☆\n有这心思，多写300字不就行了，至于8点跑来发个帖，水300字几分钟的事","commentTime":"2022-04-21 09:49:45","commentOwner":"。"},{"comment":"历史引用 展开全部▼\n这个楼有点奇怪，逐渐诡异。周三晚上八点就盯上别人，而不是去提醒违规，虽然没有义务提醒……啧\n№94 ☆☆☆。|15becf6e于2022-04-21 09:48:22留言☆☆☆\n这……建议你吃完瓜再猜。","commentTime":"2022-04-21 09:50:35","commentOwner":"。"},{"comment":"历史引用 展开全部▼\n这……建议你吃完瓜再猜。\n№98☆☆☆。|ab1b7519于2022-04-21 09:50:35留言☆☆☆\n和隔壁贴说的不是一个人吗？？？我吃错了瓜","commentTime":"2022-04-21 09:51:42","commentOwner":"。"},{"comment":"网站明令，不允许作者在正文部分放作话、排雷等等非正文内容，不管你太太是不是伪更，有没有骗榜，她首先就违背了网站规定，这被人举报不是活该吗？","commentTime":"2022-04-21 09:51:58","commentOwner":"揣手手"},{"comment":"两边都很令人迷惑，骗榜作者就差50个字不能多写一点吗？hyb有必要这样挨个蹲，自己没有自己的生活？","commentTime":"2022-04-21 09:53:06","commentOwner":"。"},{"comment":"两边都很令人迷惑，骗榜作者就差50个字不能多写一点吗？hyb有必要这样挨个蹲，自己没有自己的生活？\n№101 ☆☆☆。|de55c87f于2022-04-21 09:53:06留言☆☆☆\n估计就是作者本人开小号来问啊，这边问骗榜50字，那边问穿插无关番外第二天替换","commentTime":"2022-04-21 09:54:42","commentOwner":"。"},{"comment":"历史引用 展开全部▼\n估计就是作者本人开小号来问啊，这边问骗榜50字，那边问穿插无关番外第二天替换\n№102☆☆☆。|ebf0cf94于2022-04-21 09:54:42留言☆☆☆\n哦原来是自曝，那没事了","commentTime":"2022-04-21 09:55:29","commentOwner":"。"},{"comment":"两边都很令人迷惑，骗榜作者就差50个字不能多写一点吗？hyb有必要这样挨个蹲，自己没有自己的生活？\n№101 ☆☆☆。|de55c87f于2022-04-21 09:53:06留言☆☆☆\n举报骗榜不算hyb，不要张口来","commentTime":"2022-04-21 09:55:51","commentOwner":"= ="},{"comment":"历史引用 展开全部▼\n估计就是作者本人开小号来问啊，这边问骗榜50字，那边问穿插无关番外第二天替换\n№102☆☆☆。|ebf0cf94于2022-04-21 09:54:42留言☆☆☆\n50个字，发个帖子字数都够了","commentTime":"2022-04-21 09:56:03","commentOwner":"。"},{"comment":"盲生你发现了华点。。。。\n晚上8点bs发帖，提前预知当晚会有个太太以这种形式被“HYB”举报\n然后真有太太在11点47更新了一章作话放正文，凑够3W字。。。","commentTime":"2022-04-21 09:56:19","commentOwner":"=="},{"comment":"两边都很令人迷惑，骗榜作者就差50个字不能多写一点吗？hyb有必要这样挨个蹲，自己没有自己的生活？\n№101 ☆☆☆。|de55c87f于2022-04-21 09:53:06留言☆☆☆\n这算啥hyb啊。。。","commentTime":"2022-04-21 09:56:49","commentOwner":"。"},{"comment":"盲生你发现了华点。。。。\n晚上8点bs发帖，提前预知当晚会有个太太以这种形式被“HYB”举报\n然后真有太太在11点47更新了一章作话放正文，凑够3W字。。。\n№106☆☆☆==|5db3882c于2022-04-21 09:56:19留言☆☆☆\n所以我很迷惑，我看不懂，到底在干嘛？","commentTime":"2022-04-21 09:57:13","commentOwner":"。"},{"comment":"作话明明可以放开头，为什么非要写在正文里","commentTime":"2022-04-21 09:58:27","commentOwner":"= ="},{"comment":"网站明令，不允许作者在正文部分放作话、排雷等等非正文内容，不管你太太是不是伪更，有没有骗榜，她首先就违背了网站规定，这被人举报不是活该吗？\n№100 ☆☆☆揣手手|9e3fb52d于2022-04-21 09:51:58留言☆☆☆\n排。\n真正只是顺便放个排雷稳压3w线，也不可能一点意识都没有。\n要是正文可以放作话以后都不用担心换榜差字数了，直接文案复制，甚至新文文案复制一遍，凑几百个字，第二天再替换说还是觉得应该放作话","commentTime":"2022-04-21 09:58:55","commentOwner":"= ="},{"comment":"……我昨天看到了一个这样做的……提醒的话删掉就不够3W了……但懒得管，但作为是作者的读者，追更体验好差，就怪怪的，告诉我说为了榜单赶紧写凑字数的，写一半说不写了字数够了，害得我特意回头去数了","commentTime":"2022-04-21 09:59:29","commentOwner":"。"},{"comment":"为什么这种帖子前面一定全都是护的。\n晋江规定如此，让你家太太多写几个字不就行了，搞什么玩意儿的hyb。\nhyb可不是这种人emm。","commentTime":"2022-04-21 10:01:43","commentOwner":"我是保子"},{"comment":"看了一下仅看楼主，估计看到前面几层有人一起骂hyb，放心了，觉得自己骗榜也没事","commentTime":"2022-04-21 10:02:30","commentOwner":"= ="},{"comment":"上鞭腿的话，需要上榜前一周更满七千字么？还是只要字数够三万，收藏够，前一周更新不满七千字也行？","commentTime":"2022-04-21 10:04:17","commentOwner":"。"},{"comment":"历史引用 展开全部▼\n举报骗榜不算hyb，不要张口来\n№104 ☆☆☆= =|2d67b76c于2022-04-21 09:55:51留言☆☆☆\n。","commentTime":"2022-04-21 10:06:22","commentOwner":"。"},{"comment":"虽然规则是规则，但一般读者……会去关注别人的更新的字数吗","commentTime":"2022-04-21 10:06:24","commentOwner":"。"},{"comment":"上鞭腿的话，需要上榜前一周更满七千字么？还是只要字数够三万，收藏够，前一周更新不满七千字也行？\n№114☆☆☆。|1b825d07于2022-04-21 10:04:17留言☆☆☆\n一般开文日更10天到上榜3万，就没你说的这个周7000的问题，周7000应该是真对断更的情况，那就是要双重满足。","commentTime":"2022-04-21 10:07:27","commentOwner":"。"},{"comment":"虽然规则是规则，但一般读者……会去关注别人的更新的字数吗\n№116 ☆☆☆。|9c5b6c2b于2022-04-21 10:06:24留言☆☆☆\n没有说骗榜正确的意思","commentTime":"2022-04-21 10:07:43","commentOwner":"。"},{"comment":"历史引用 展开全部▼\n没有说骗榜正确的意思\n№118 ☆☆☆。|9c5b6c2b??于2022-04-21 10:07:43留言☆☆☆\n作者不是更要关注？谁愿意被挤榜单，你愿意？","commentTime":"2022-04-21 10:08:53","commentOwner":"。"},{"comment":"历史引用 展开全部▼\n没有说骗榜正确的意思\n№118 ☆☆☆。|9c5b6c2b于2022-04-21 10:07:43留言☆☆☆\n所以……作者不能追文，作者不能数榜？","commentTime":"2022-04-21 10:09:32","commentOwner":"。"},{"comment":"看了一下仅看楼主，估计看到前面几层有人一起骂hyb，放心了，觉得自己骗榜也没事\n№113         ☆☆☆= =|2d67b76c于2022-04-21 10:02:30留言        ☆☆☆\n如果真是这样的话，前排一起骂hyb的可就把楼主害惨了\n以为舆论没事，结果自己被黑三期\n要么停下来不写，一个月后再上鞭腿\n要么黑三期的四个月期间入v，连累V后榜","commentTime":"2022-04-21 10:09:36","commentOwner":"=="},{"comment":"看了一下仅看楼主，估计看到前面几层有人一起骂hyb，放心了，觉得自己骗榜也没事\n№113 ；＆ＮＢＳＰ；＆ＮＢＳＰ；＆ＮＢＳＰ；＆ＮＢＳＰ；＆ＮＢＳＰ；＆ＮＢＳＰ；＆ＮＢＳＰ; ☆☆☆= =|2d67b76c于2022-04-21 10:02:30留言 ；＆ＮＢＳＰ；＆ＮＢＳＰ；＆ＮＢＳＰ；＆ＮＢＳＰ；＆ＮＢＳＰ；＆ＮＢＳＰ；＆ＮＢＳＰ;☆☆☆\n如果真是这样的话，前排一起骂hyb的可就把楼主害惨了\n以为舆论没事，结果自己被黑三期\n要么停下来不写，一个月后再上鞭腿\n要么黑三期的四个月期间入v，连累V后榜\n№121☆☆☆==|5db3882c于2022-04-21 10:09:36留言☆☆☆\n为什么说把楼主害惨了，只能说自作自受","commentTime":"2022-04-21 10:11:01","commentOwner":"。"},{"comment":"上鞭腿的话，需要上榜前一周更满七千字么？还是只要字数够三万，收藏够，前一周更新不满七千字也行？\n№114 ☆☆☆。|1b825d07于2022-04-21 10:04:17留言☆☆☆\n够三万就行","commentTime":"2022-04-21 10:12:07","commentOwner":"。"},{"comment":"看了一下仅看楼主，估计看到前面几层有人一起骂hyb，放心了，觉得自己骗榜也没事\n№113 ；＆ＮＢＳＰ；＆ＮＢＳＰ；＆ＮＢＳＰ；＆ＮＢＳＰ；＆ＮＢＳＰ；＆ＮＢＳＰ；＆ＮＢＳＰ; ☆☆☆= =|2d67b76c于2022-04-21 10:02:30留言 ；＆ＮＢＳＰ；＆ＮＢＳＰ；＆ＮＢＳＰ；＆ＮＢＳＰ；＆ＮＢＳＰ；＆ＮＢＳＰ；＆ＮＢＳＰ;☆☆☆\n如果真是这样的话，前排一起骂hyb的可就把楼主害惨了\n以为舆论没事，结果自己被黑三期\n要么停下来不写，一个月后再上鞭腿\n要么黑三期的四个月期间入v，连累V后榜\n№121☆☆☆==|5db3882c于2022-04-21 10:09:36留言☆☆☆\n害？楼主自己春秋笔法，怀着目的跑来试探引导，有计划伪更骗榜，这个害不太对吧？前排也有让他提醒作者快点替换，还来得及的说法啊\n（免鉴定，我不是前排）","commentTime":"2022-04-21 10:13:34","commentOwner":"= ="},{"comment":"什么叫hyb啊？晋江上榜的规定就是三万字少一个字都不行，骗榜就是骗榜，叫什么屈打什么hyb？要点脸ok？\n№20 ☆☆☆==|9d4f336a于2022-04-20 20:45:48留言☆☆☆\n不至于吧，排雷最多二三十字，这就算作者有意骗榜了？不感觉离谱么？","commentTime":"2022-04-21 10:14:34","commentOwner":"。"},{"comment":"历史引用 展开全部▼\n不至于吧，排雷最多二三十字，这就算作者有意骗榜了？不感觉离谱么？\n№125 ☆☆☆。|e2e24a88于2022-04-21 10:14:34留言☆☆☆\n她那个排雷有两三百字了。。。","commentTime":"2022-04-21 10:16:17","commentOwner":"。"},{"comment":"历史引用 展开全部▼\n不至于吧，排雷最多二三十字，这就算作者有意骗榜了？不感觉离谱么？\n№125 ☆☆☆。|e2e24a88于2022-04-21 10:14:34留言☆☆☆\n？那为什么不写在作者有话说，也可以选择放在章节最开始啊","commentTime":"2022-04-21 10:16:24","commentOwner":"。"},{"comment":"她但凡多更五十个字都不会有这样的争议","commentTime":"2022-04-21 10:17:43","commentOwner":"咕咕"},{"comment":"历史引用 展开全部▼\n她那个排雷有两三百字了。。。\n№126 ☆☆☆。|693a4995于2022-04-21 10:16:17留言☆☆☆\n那就离谱了","commentTime":"2022-04-21 10:17:58","commentOwner":"。"},{"comment":"什么叫hyb啊？晋江上榜的规定就是三万字少一个字都不行，骗榜就是骗榜，叫什么屈打什么hyb？要点脸ok？\n№20 ☆☆☆==|9d4f336a于2022-04-20 20:45:48留言☆☆☆\n不至于吧，排雷最多二三十字，这就算作者有意骗榜了？不感觉离谱么？\n№125         ☆☆☆。|e2e24a88★于2022-04-21 10:14:34留言        ☆☆☆\n那怎么就不能再多写二三十字？","commentTime":"2022-04-21 10:19:05","commentOwner":"。"},{"comment":"这明显就是骗榜，谁会把作话放正文，而且昨天周三最后一天赶榜，理中客滚吧","commentTime":"2022-04-21 10:20:21","commentOwner":"。"},{"comment":"这明显就是骗榜，谁会把作话放正文，而且昨天周三最后一天赶榜，理中客滚吧\n№131 ☆☆☆。|cc79f4df于2022-04-21 10:20:21留言☆☆☆\n昨天咬牙赶完榜了，没有实施骗榜行为","commentTime":"2022-04-21 10:24:40","commentOwner":"= ="},{"comment":"历史引用 展开全部▼\n昨天咬牙赶完榜了，没有实施骗榜行为\n№132 ☆☆☆= =|af6b3fcb于2022-04-21 10:24:40留言☆☆☆\n楼主","commentTime":"2022-04-21 10:24:55","commentOwner":"= ="},{"comment":"我既不理解排雷写正文里的，也不理解写踩线字数的，更不理解把举报骗榜说成hyb……\n№33☆☆☆。|0bdee180于2022-04-20 20:48:04留言☆☆☆\n。","commentTime":"2022-04-21 10:35:38","commentOwner":"= ="},{"comment":"这个是五千收耽频太太？？何必呢……","commentTime":"2022-04-21 13:27:42","commentOwner":"。"},{"comment":"历史引用 展开全部▼\n。\n№134 ☆☆☆= =|739de2df于2022-04-21 10:35:38留言☆☆☆\n。","commentTime":"2022-04-21 13:30:39","commentOwner":"。"},{"comment":"历史引用 展开全部▼\n昨天咬牙赶完榜了，没有实施骗榜行为\n№132 ☆☆☆= =|af6b3fcb于2022-04-21 10:24:40留言☆☆☆\n……你让我沉默，如果真的是那个帖子，截图你骗榜两百字的证据都在，你怎么敢说的","commentTime":"2022-04-21 13:32:20","commentOwner":"= ="},{"comment":"在线观猴","commentTime":"2022-04-21 13:42:08","commentOwner":"。"},{"comment":"？排雷还可以写文案上，为什么一定要写正文","commentTime":"2022-04-21 13:46:21","commentOwner":"= ="}]}