{"id":"e9376af2-6209-4089-91ce-c255238466f5","category":"晋江论坛→网友交流区→碧水江汀 请稍候...","postSubject":"主题：如果剧情有生子，但是标签没有标，可以在文案里排雷吗？意外踩雷真的好难受。 [18] 【搜索关键词：排雷】","postUrl":"https://bbs.jjwxc.net/showmsg.php?board=17&keyword=%C5%C5%C0%D7&id=1722694","originalPost":"文案真的看的挺喜欢，标签和文案都没有排雷生子，结果番外有……\n幸好没有点进去，就提醒咕咕们一下。\n遇到脾气暴躁点的读者，很容易被骂……\n我就给咕咕们提个醒。","numberOfReplies":18,"comments":[{"comment":"文案真的看的挺喜欢，标签和文案都没有排雷生子，结果番外有……\n幸好没有点进去，就提醒咕咕们一下。\n遇到脾气暴躁点的读者，很容易被骂……\n我就给咕咕们提个醒。\n№0 ☆☆☆。|eb38679c于2022-01-17 19:51:38留言☆☆☆\nfpb","commentTime":"2022-01-17 19:51:44","commentOwner":"。"},{"comment":"耽还是言？","commentTime":"2022-01-17 19:52:02","commentOwner":"。"},{"comment":"言情还是耽美啊，言情正常","commentTime":"2022-01-17 19:52:17","commentOwner":"。"},{"comment":"这本来就是排雷放标签吧，不排被骂不冤","commentTime":"2022-01-17 19:52:30","commentOwner":"——"},{"comment":"实不相瞒，我就是暴躁的那种，在耽美里碰见这种情况我真的会骂。","commentTime":"2022-01-17 19:53:35","commentOwner":"。"},{"comment":"我言情番外都有生子，没有骂的","commentTime":"2022-01-17 19:53:53","commentOwner":"。。"},{"comment":"是耽美","commentTime":"2022-01-17 19:54:09","commentOwner":"。"},{"comment":"言情可，耽美的话会狠狠骂","commentTime":"2022-01-17 19:55:02","commentOwner":"。"},{"comment":"是耽美\n№7 ☆☆☆。|eb38679c于2022-01-17 19:54:09留言☆☆☆\n支持标注","commentTime":"2022-01-17 19:56:30","commentOwner":"。"},{"comment":"可以，这不得恶心死","commentTime":"2022-01-17 20:00:44","commentOwner":"菩萨"},{"comment":"雷生子的看到真的巨恶","commentTime":"2022-01-17 20:02:08","commentOwner":"。"},{"comment":"我言情番外都有生子，没有骂的\n№6 ☆☆☆。。|d51d370d于2022-01-17 19:53:53留言☆☆☆\n。。。如果言情生子都要被骂，这地球炸了也无妨","commentTime":"2022-01-17 20:04:08","commentOwner":"。。"},{"comment":"我言情番外都有生子，没有骂的\n№6 ☆☆☆。。|d51d370d于2022-01-17 19:53:53留言☆☆☆\n这不是很正常吗，骂才不正常吧","commentTime":"2022-01-17 20:10:21","commentOwner":"咸鱼2号"},{"comment":"历史引用 展开全部▼\n。。。如果言情生子都要被骂，这地球炸了也无妨\n№12 ☆☆☆。。|6e99e38d于2022-01-17 20:04:08留言☆☆☆\n骂言情生子的人怕是石头里蹦出来，不然我想不出来有什么理由。不过如果女主生了儿子，再说一句“生儿子不吃亏”那我支持刷负到作者退圈。","commentTime":"2022-01-17 20:10:33","commentOwner":"=="},{"comment":"啊这，耽美我要是看到这种，估计要恶心好久","commentTime":"2022-01-17 20:11:17","commentOwner":"阿帕尼"},{"comment":"言情客，甚至会想看，耽美的话我就会变成暴躁读者","commentTime":"2022-01-17 20:12:04","commentOwner":"………"},{"comment":"离谱！！！！！惊天巨雷！！！！！！","commentTime":"2022-01-17 20:13:37","commentOwner":"=="},{"comment":"实不相瞒，我就是暴躁的那种，在耽美里碰见这种情况我真的会骂。\n№5 ☆☆☆。|b8ea2521于2022-01-17 19:53:35留言☆☆☆\n。","commentTime":"2022-01-17 20:14:01","commentOwner":"=="}]}