{"id":"4c77c6ab-4973-4c43-a10a-31d8eecc3540","category":"晋江论坛→网友交流区→碧水江汀 欢迎回来：53088456  退 出","postSubject":"主题：一个感想：成神之前，如果为了赚钱，就不要写什么奇奇怪怪的一看就有可能被排雷的设定 [2] 【搜索关键词：排雷】","postUrl":"https://bbs.jjwxc.net/showmsg.php?board=17&keyword=%C5%C5%C0%D7&id=1896426","originalPost":"。\n当然是以赚钱为追求，如果只是想写着玩儿，写得高兴，那你想怎么样都行，能过审就行……","numberOfReplies":2,"comments":[{"comment":"什么都有可能被排雷，你见得排雷太少了","commentTime":"2022-05-14 10:04:01","commentOwner":"=="},{"comment":"什么都有可能被排雷，你见得排雷太少了\n№1 ☆☆☆==|f3799c20于2022-05-14 10:04:01留言☆☆☆\n重点是奇奇怪怪啦，比如说非要在言情频写男主交过男朋友这种……","commentTime":"2022-05-14 10:04:52","commentOwner":"。"}]}