{"id":"98358ad2-b59b-4f94-82f8-ebdf58a264e2","category":"晋江论坛→网友交流区→碧水江汀 请稍候...","postSubject":"主题：耽美和百合放一个号上写会被排雷吗？ [23] 【搜索关键词：排雷】","postUrl":"https://bbs.jjwxc.net/showmsg.php?board=17&keyword=%C5%C5%C0%D7&id=1782681","originalPost":"如题。","numberOfReplies":23,"comments":[{"comment":"dd","commentTime":"2022-03-01 15:57:13","commentOwner":"。"},{"comment":"耽美读者不会\n百合读者不清楚","commentTime":"2022-03-01 15:57:38","commentOwner":"——"},{"comment":"鳖怕，不用管","commentTime":"2022-03-01 15:57:41","commentOwner":"= ="},{"comment":"有可能，不过你要是言情耽美百合都写的话应该没事……","commentTime":"2022-03-01 15:58:34","commentOwner":"= ="},{"comment":"看你运气，沉默的还是大多数，但是不能否认，确实有一些极端的","commentTime":"2022-03-01 15:59:03","commentOwner":"。"},{"comment":"耽美读者无所谓","commentTime":"2022-03-01 16:01:22","commentOwner":"。"},{"comment":"言情耽美百合都写，没被排雷。谁闲的没事干啊，真有这种人也不必顾虑，有病的是她不是你","commentTime":"2022-03-01 16:04:26","commentOwner":"。。"},{"comment":"感觉会有一部分人介意的","commentTime":"2022-03-01 16:04:40","commentOwner":"= ="},{"comment":"我言情百合放一个号 目前没看到有人骂","commentTime":"2022-03-01 16:04:42","commentOwner":"。"},{"comment":"我纯百合读者，表示无所谓，至于其他人就不知道了","commentTime":"2022-03-01 16:05:09","commentOwner":"。"},{"comment":"耽美读者不介意","commentTime":"2022-03-01 16:05:47","commentOwner":"。"},{"comment":"你只要不互相推过去推过来，读者一般都不会说啥，像我这种杂食，巴不得喜欢的作者每个频道来一本","commentTime":"2022-03-01 16:05:58","commentOwner":"= ="},{"comment":"你只要不互相推过去推过来，读者一般都不会说啥，像我这种杂食，巴不得喜欢的作者每个频道来一本\n№12 ☆☆☆= =|80cd2510于2022-03-01 16:05:58留言☆☆☆\n好嘞，谢谢宝子们","commentTime":"2022-03-01 16:06:37","commentOwner":"。"},{"comment":"写了本耽美因为缘更放那了，后面写百合，读者推文的时候把这个当雷点说了，还说我迷途知返，不过是dbj的推文，也就碰到过这一个，其它都是各看各的不会管","commentTime":"2022-03-01 16:10:07","commentOwner":"= ="},{"comment":"耽美读者不会，专栏挂其他性向还不如主攻主受都写来得有争议","commentTime":"2022-03-01 16:11:23","commentOwner":"。"},{"comment":"只要不推文给读者，应该就没事","commentTime":"2022-03-01 16:11:54","commentOwner":"= ="},{"comment":"别互相推文引流就没关系","commentTime":"2022-03-01 16:12:59","commentOwner":"。。。"},{"comment":"耽美读者不会，专栏挂其他性向还不如主攻主受都写来得有争议\n№15 ☆☆☆。|0ff6745d于2022-03-01 16:11:23留言☆☆☆\n哦豁，那我要写，两个放一起，产生化学效应（狗头）","commentTime":"2022-03-01 16:17:12","commentOwner":"。"},{"comment":"介意的都是脑壳有病的，你随便写点正常的东西他们也介意。别在乎","commentTime":"2022-03-01 16:17:39","commentOwner":"。"},{"comment":"介意的都是脑壳有病的，你随便写点正常的东西他们也介意。别在乎\n№19 ☆☆☆。|d5437744于2022-03-01 16:17:39留言☆☆☆\n好","commentTime":"2022-03-01 16:18:57","commentOwner":"。"},{"comment":"不会","commentTime":"2022-03-01 16:20:37","commentOwner":"。"},{"comment":"如果不介意没关系。如果很容易被评论影响建议分开。\n我深夜看文，看过好几个百合作者的评论区里会有人说“哟写言情了”“不写百合了？”\n早上看就被作者删掉了。\n所以还是有人会指手画脚的。\n但是也有杂食党给你的预收点一点\n所以有好有坏","commentTime":"2022-03-01 16:21:28","commentOwner":"。"},{"comment":"历史引用 展开全部▼\n哦豁，那我要写，两个放一起，产生化学效应（狗头）\n№18☆☆☆。|1175a309于2022-03-01 16:17:12留言☆☆☆\n让风雨来得更猛烈一些吧.jpg","commentTime":"2022-03-01 16:24:32","commentOwner":"。"}]}