{"id":"4ee4c0ef-e1fc-4b01-9958-61bfa187d036","category":"晋江论坛→网友交流区→碧水江汀 欢迎回来：53088456  退 出","postSubject":"主题：想问下高星咕咕们，你们面对网上关于自己的曲解评论和虚假排雷，一般会怎么看待呀？ [1] 【搜索关键词：排雷】","postUrl":"https://bbs.jjwxc.net/showmsg.php?board=17&keyword=%C5%C5%C0%D7&id=1880650","originalPost":"比如一些一传十十传百，即使你解释澄清了以后也已经传出去了的假消息，该怎么处理，或者该怎么排解呢？\n\n因为我也遇到过类似的事情，虽然已经拿出证据出了，大多数的人已经接受流言，不会再相信我说的话，所以想要问问这样该怎么办\n\n（补充一下，我是今天突然想起来发帖问的，事情也是很久很久以前的事了，和最近论坛的一切都无关哈！！不要误伤，先么么哒大家）","numberOfReplies":1,"comments":[{"comment":"比如一些一传十十传百，即使你解释澄清了以后也已经传出去了的假消息，该怎么处理，或者该怎么排解呢？\n因为我也遇到过类似的事情，虽然已经拿出证据出了，大多数的人已经接受流言，不会再相信我说的话，所以想要问问这样该怎么办\n（补充一下，我是今天突然想起来发帖问的，事情也是很久很久以前的事了，和最近论坛的一切都无关哈！！不要误伤，先么么哒大家）\n№0☆☆☆白砂糖|a7fb926d于2022-05-04 13:56:29留言☆☆☆\nfpb一下","commentTime":"2022-05-04 13:56:48","commentOwner":"白砂糖"}]}