{"id":"0b8e02ea-ded5-4473-8a71-2f38a531561e","category":"晋江论坛→网友交流区→碧水江汀 欢迎回来：53088456  退 出","postSubject":"主题：咕咕们，你们或许遇到过只看了文案然后给你们做全文分析排雷的，但你们遇到过只看了书名然后全文分析排雷的吗？ [1] 【搜索关键词：排雷】","postUrl":"https://bbs.jjwxc.net/showmsg.php?board=17&keyword=%C5%C5%C0%D7&id=1938098","originalPost":"真就离谱","numberOfReplies":1,"comments":[{"comment":"不是我的文。但看到过只看题材就骂 这种文一定是@%～#/写这种文的都%?/@/看这种文的都%?#a@s#……-2","commentTime":"2022-06-10 08:44:36","commentOwner":"。"}]}