{"id":"cff81274-7981-4cc4-91d3-dd4f99b41154","category":"晋江论坛→网友交流区→碧水江汀 欢迎回来：53088456  退 出","postSubject":"主题：赞踩功能又没有删评拉黑权利，一想到以后只能看着评论区里dbj团建和虚假排雷的群魔乱舞高赞评论，我简直要晕过去了 [13] 【搜索关键词：排雷】","postUrl":"https://bbs.jjwxc.net/showmsg.php?board=17&keyword=%C5%C5%C0%D7&id=1623640","originalPost":"我只是码点字赚点奶茶，受这种委屈真的合适吗，晋江，你觉得真的合适吗","numberOfReplies":13,"comments":[{"comment":"别说点家，点家作者可以删除，作者找的信任的读者也可以管理评论区，什么乱七八糟的评论一出来就直接删掉了\n浪国博主想删哪个删哪个，想拉黑哪个拉黑哪个，怕什么\n晋江，你能不能学点儿好的呢","commentTime":"2021-11-03 11:38:49","commentOwner":"最后一个小号"},{"comment":"出了这种功能，以后我真的永远不能看评论区了。\n晋江，这就是你的目的吗？为了让我不再因为评论气得无心码字，所以干脆敞开评论区让我完全不看？？？","commentTime":"2021-11-03 11:39:05","commentOwner":"。"},{"comment":"玩这种粉圈本来就是作者能管理书评区的，之前本章说段评大家都不要，就是因为没有管理权容易群魔乱舞，这下直接给你赞踩养蛊……我麻了","commentTime":"2021-11-03 11:40:03","commentOwner":"。"},{"comment":"只有点赞没有权重我能接受\n但是他既然放了踩的功能，就代表一定会把权重加进去","commentTime":"2021-11-03 11:41:41","commentOwner":"。"},{"comment":"出了这种功能，以后我真的永远不能看评论区了。\n晋江，这就是你的目的吗？为了让我不再因为评论气得无心码字，所以干脆敞开评论区让我完全不看？？？\n№2 ☆☆☆。|450aaab7★于2021-11-03 11:39:05留言☆☆☆\ndbj还自带点赞团，点赞高了，普通读者也会不由自主觉得那么多人点赞肯定说的很有道理，跟风dbj\n以后评论区要带节奏太容易了，报个小团体想怎么带怎么带，难不成我以后每天写文都要在作话里和她们对线吗","commentTime":"2021-11-03 11:42:15","commentOwner":"最后一个小号"},{"comment":"排","commentTime":"2021-11-03 11:42:55","commentOwner":"。"},{"comment":"历史引用 展开全部▼\ndbj还自带点赞团，点赞高了，普通读者也会不由自主觉得那么多人点赞肯定说的很有道理，跟风dbj\n以后评论区要带节奏太容易了，报个小团体想怎么带怎么带，难不成我以后每天写文都要在作话里和她们对线吗\n№5☆☆☆最后一个小号|b52134e0于2021-11-03 11:42:15留言☆☆☆\n。","commentTime":"2021-11-03 11:42:59","commentOwner":"。"},{"comment":"玩这种粉圈本来就是作者能管理书评区的，之前本章说段评大家都不要，就是因为没有管理权容易群魔乱舞，这下直接给你赞踩养蛊……我麻了\n№3 ☆☆☆。|0437dd18☆于2021-11-03 11:40:03留言☆☆☆\n对，为什么不给管理评论区的权利啊！！","commentTime":"2021-11-03 11:43:06","commentOwner":"最后一个小号"},{"comment":"比起dbj我更担心wsn，众所周知男人最喜欢抱团，想想以后女强文和小甜饼底下全是男人的辱骂，百合文底下全是男人的意，淫。窒息","commentTime":"2021-11-03 11:46:00","commentOwner":"咕"},{"comment":"还有像之前那个plph，那么疯那么狂，“上一个抄袭的已经被我们弄死了”，几个作者经得住这么折腾，都不需要说什么，发点儿跟风代餐之类的洗脑包一直点赞点到最上面，其他读者一看就说哦这个作者是xx的代餐\n，一般作者怎么遭得住","commentTime":"2021-11-03 11:46:43","commentOwner":"最后一个小号"},{"comment":"随便晋江怎么折腾吧，感觉管理已经不想单纯做小说软件了，净往粉圈饭圈撕逼方向发展","commentTime":"2021-11-03 11:47:00","commentOwner":"。"},{"comment":"笑吐了，前几天还说大家一起撑过去，那么多作者给你发声，没两天过来反打一把","commentTime":"2021-11-03 11:56:21","commentOwner":"。"},{"comment":"什么鬼？一个翻页卡的问题几个月才解决掉，为啥还要搞些莫名其妙的功能？神经病啊","commentTime":"2021-11-03 11:58:45","commentOwner":"QAQ"}]}