{"id":"279e5fe6-996f-4d91-9390-f61c4ba51ccc","category":"晋江论坛→网友交流区→碧水江汀 欢迎回来：53088456  退 出","postSubject":"主题：看到喜欢的太太被人莫名其妙排雷是什么感受 [2] 【搜索关键词：排雷】","postUrl":"https://bbs.jjwxc.net/showmsg.php?board=17&keyword=%C5%C5%C0%D7&id=1867120","originalPost":"有人攻击说这种小说都能签约，竟然还有人就通过一个简单的情节就说作者知三当三，有的还说作者是梦女……","numberOfReplies":2,"comments":[{"comment":"可是她有我这样的读者爱啊，这些排雷的都没有呀～","commentTime":"2022-04-25 18:45:36","commentOwner":"。"},{"comment":"而且我想问，作者写的角色人物有必要上升到作者本人身上吗？？","commentTime":"2022-04-25 18:46:38","commentOwner":"= ="}]}