{"id":"809ebc69-98cc-410b-b4ff-abe69d2d1d8c","category":"晋江论坛→网友交流区→碧水江汀 请稍候...","postSubject":"主题：写甜文 女主性单恋 这个要不要排雷 [2] 【搜索关键词：排雷】","postUrl":"https://bbs.jjwxc.net/showmsg.php?board=17&keyword=%C5%C5%C0%D7&id=1734614","originalPost":"就是女主之前谈过很多段恋爱，但都是很短暂的，想排雷，但是怕排雷了也会被骂，所以在纠结要不要改成女主crush个很多个，但是都是“短暂地爱了一下”","numberOfReplies":2,"comments":[{"comment":"自己dd","commentTime":"2022-01-25 17:05:36","commentOwner":"。。"},{"comment":"我个人不雷","commentTime":"2022-01-25 17:13:24","commentOwner":"。"}]}