{"id":"4d2a9d9b-6672-4115-875b-290e903820a3","category":"晋江论坛→网友交流区→碧水江汀 请稍候...","postSubject":"主题：第一章排雷什么意思！ [7] 【搜索关键词：排雷】","postUrl":"https://bbs.jjwxc.net/showmsg.php?board=17&keyword=%C5%C5%C0%D7&id=1685945","originalPost":"是看了还是没看","numberOfReplies":7,"comments":[{"comment":"第一章也会有什么雷嘛……","commentTime":"2021-12-21 12:28:56","commentOwner":"。。"},{"comment":"怀疑看dw的？","commentTime":"2021-12-21 12:30:24","commentOwner":"。"},{"comment":"第一章就有雷？我的天","commentTime":"2021-12-21 12:31:08","commentOwner":"。。"},{"comment":"可能是看了后面然后专门到第一章排雷的？\n不是可以看订阅率吗你查一下呗","commentTime":"2021-12-21 12:32:02","commentOwner":"。"},{"comment":"是看文案排雷还是看免费章排雷还是排雷v章有订阅还是排雷v文没订阅，最后一种情况直接怼","commentTime":"2021-12-21 12:32:06","commentOwner":"。"},{"comment":"破案了，她看了，只是没看完，因为我的文被分在了【没看完不好看】的专栏里，突然就不生气了","commentTime":"2021-12-21 12:32:19","commentOwner":"。"},{"comment":"也可能是详情页默认发到了第一章","commentTime":"2021-12-21 12:32:40","commentOwner":"。"}]}