{"id":"a03c5e08-d989-484b-ac01-3eaae151ac71","category":"晋江论坛→网友交流区→碧水江汀 欢迎回来：53088456  退 出","postSubject":"主题：现在还能写女扮男装吗？会被读者集体排雷吗？ [16] 【搜索关键词：排雷】","postUrl":"https://bbs.jjwxc.net/showmsg.php?board=17&keyword=%C5%C5%C0%D7&id=1808435","originalPost":"女主女扮男装，男主不可自拔的爱上，经过自我怀疑、反复纠结、内心拉扯，最后女主掉马，皆大欢喜。\n这种经典爽点，应该有相当多人吃。但害怕言情里参杂“伪耽美”，会劝退很多读者。这种桥段还能写吗？有市场吗？","numberOfReplies":16,"comments":[{"comment":"我不雷，但我雷点很高","commentTime":"2022-03-19 16:53:26","commentOwner":"。"},{"comment":"过时了","commentTime":"2022-03-19 16:53:48","commentOwner":"。"},{"comment":"不是经常能看到吗？男扮女装，女扮男装\n以为自己弯了其实没弯，以为自己没弯其实弯了","commentTime":"2022-03-19 16:54:35","commentOwner":"。"},{"comment":"古言我可以","commentTime":"2022-03-19 16:54:53","commentOwner":"。"},{"comment":"女扮男装的点在于男主对女主的态度是，我爱的是你的人，不是你的性别\n至少对我来说是这样\n而且女主一定要有自己的事业线啊啊啊我看女扮男装就是冲着女主搞事业去的，最好还能英雄救美一下那什么【……】","commentTime":"2022-03-19 16:55:43","commentOwner":"=="},{"comment":"我喜欢，是文案标了我就会感兴趣的一类","commentTime":"2022-03-19 16:56:33","commentOwner":"。"},{"comment":"我一直很吃，女扮男装大女主，但现在见的少了","commentTime":"2022-03-19 16:56:38","commentOwner":"。"},{"comment":"我超爱呜呜呜，可是现在好少","commentTime":"2022-03-19 16:59:23","commentOwner":"。"},{"comment":"女扮男装的点在于男主对女主的态度是，我爱的是你的人，不是你的性别\n至少对我来说是这样\n而且女主一定要有自己的事业线啊啊啊我看女扮男装就是冲着女主搞事业去的，最好还能英雄救美一下那什么【……】\n№5 ☆☆☆==|16f8abe7于2022-03-19 16:55:43留言☆☆☆\n。","commentTime":"2022-03-19 17:30:43","commentOwner":"。"},{"comment":"过时了\n№2 ☆☆☆。|5ebe0353于2022-03-19 16:53:48留言☆☆☆\n我个人认为，女扮男装千古流行，这个梗实在是太古老、太经典了","commentTime":"2022-03-19 17:31:42","commentOwner":"。"},{"comment":"我一直很喜欢女扮男装题材，尤其是爱上女主以后男主的纠结犹豫然后勇敢爱，最后发现女主是女的的惊喜（没有说喜欢男人就不喜喔，只是这是言情女扮男装的一个经典桥段），我永远爱这种。","commentTime":"2022-03-19 17:34:34","commentOwner":"。"},{"comment":"我现在就有一本这个设定","commentTime":"2022-03-19 17:40:47","commentOwner":"。"},{"comment":"我爱","commentTime":"2022-03-19 17:41:16","commentOwner":"。"},{"comment":"我不雷，但我知道有人雷，最好标一下男扮女装，但楼主要是心里强大那就无所谓了","commentTime":"2022-03-19 17:43:04","commentOwner":"。"},{"comment":"以前不雷，直到好多次在电视看上看见那种女扮男装强走剧情后，就......","commentTime":"2022-03-19 19:04:14","commentOwner":"。"},{"comment":"我准备写的","commentTime":"2022-03-19 19:11:27","commentOwner":"=="}]}