{"id":"71736fae-70b7-4736-9a10-6203b9ba62f8","category":"晋江论坛→网友交流区→碧水江汀 欢迎回来：53088456  退 出","postSubject":"主题：有没有咕咕能说说这样怎么排雷 [19] 【搜索关键词：排雷】","postUrl":"https://bbs.jjwxc.net/showmsg.php?board=17&keyword=%C5%C5%C0%D7&id=1816440","originalPost":"前面是平静日常，但是有很隐晦的伏笔，中期刀，主角会报复回去，但这个刀是很重要的转折。\n而且结局是TE。\n快入v了，焦虑。","numberOfReplies":19,"comments":[{"comment":"TE是...","commentTime":"2022-03-25 02:05:43","commentOwner":"阿巴巴"},{"comment":"te是啥","commentTime":"2022-03-25 02:05:49","commentOwner":"。"},{"comment":"true ending","commentTime":"2022-03-25 02:06:42","commentOwner":"阿巴巴"},{"comment":"true ending又是啥意思啊","commentTime":"2022-03-25 02:07:04","commentOwner":"=="},{"comment":"真实结局","commentTime":"2022-03-25 02:07:48","commentOwner":"= ="},{"comment":"TE就是，自然而然的结局，不算HE或者BE。true ending，真实的结局","commentTime":"2022-03-25 02:07:51","commentOwner":"。"},{"comment":"反正TE结局也不用讨好读者，如果要是不想剧透，你可以标注现实向，不排雷，有雷者等完结问评论区排雷，","commentTime":"2022-03-25 02:08:04","commentOwner":"阿巴巴"},{"comment":"要不排雷就直接标，结局te。","commentTime":"2022-03-25 02:08:20","commentOwner":"= ="},{"comment":"就是喂shi并美名其曰为现实的意思吗","commentTime":"2022-03-25 02:08:35","commentOwner":"——"},{"comment":"就是喂shi并美名其曰为现实的意思吗\n№9☆☆☆——|9731ea87于2022-03-25 02:08:35留言☆☆☆\n。\n我笑了","commentTime":"2022-03-25 02:09:03","commentOwner":"= ="},{"comment":"感觉文案的话不能用 True Ending 这么高阶的概念，一般游戏才会有了，读者不一定能 get 到。\n我感觉可以就想想这结局到底算 HE 还是 BE，算团圆结尾还是悲剧结尾，然后整一个预警。\n“结局并不完全 HE”之类的。","commentTime":"2022-03-25 02:09:33","commentOwner":"= ="},{"comment":"文案标了结局TE，主角独美无cp。\n但是中间的刀是真的虐，又虐身（没有不和谐，就是一点那啥实验）又虐心。\n我怕被打负分，所以想自己在v前章排雷，但完全不知道该咋排，我总不能说主角未来会被那啥实验吧，这是剧透orz","commentTime":"2022-03-25 02:10:10","commentOwner":"。"},{"comment":"感觉文案的话不能用 True Ending 这么高阶的概念，一般游戏才会有了，读者不一定能 get 到。\n我感觉可以就想想这结局到底算 HE 还是 BE，算团圆结尾还是悲剧结尾，然后整一个预警。\n“结局并不完全 HE”之类的。\n№11☆☆☆= =|58829733于2022-03-25 02:09:33留言☆☆☆\n那不就是be\n好好标be不行吗\n读者更讨厌另类he\n你不信去隔壁区搜搜","commentTime":"2022-03-25 02:10:40","commentOwner":"= ="},{"comment":"哦我知道什么意思了\n但其实这种一般就是另一种be的意思了","commentTime":"2022-03-25 02:10:44","commentOwner":"=="},{"comment":"要不加个致郁向结局吧","commentTime":"2022-03-25 02:12:45","commentOwner":"。"},{"comment":"哦我知道什么意思了\n但其实这种一般就是另一种be的意思了\n№14 ☆☆☆==|95a1c4e7于2022-03-25 02:10:44留言☆☆☆\n我也有点觉得是be，但是想想主角最后把欺负过自己的全报复回去了，站在了权利的最顶端，除了孤家寡人外就没啥别的了……又感觉不算be","commentTime":"2022-03-25 02:12:59","commentOwner":"。"},{"comment":"那就标中期有刀，结尾主角独美。","commentTime":"2022-03-25 02:19:48","commentOwner":"。"},{"comment":"以及这种情况该怎么排雷。\n主角被人追求（这个人是主角家出事前一直资助的孤儿），当时情况特殊，对方就声称主角是他妻子，但实际完全没有结婚，对方意外死亡后把所有遗产交给了主角。两人毫无感情纯朋友，但是主角会以对方未亡人的身份活动一段时间，现在排雷是【伪遗孀（没结婚）】\n这种正常情况下需要排雷吗？（我怂我先排了）","commentTime":"2022-03-25 02:30:45","commentOwner":"。"},{"comment":"开放式结局？","commentTime":"2022-03-25 02:31:57","commentOwner":"＝＝"}]}