{"id":"0f9a9618-eb18-4e23-867e-c92ebb1cb324","category":"晋江论坛→网友交流区→碧水江汀 请稍候...","postSubject":"主题：刷某音刷到一个推文吐槽排雷，是jj的文，配图是jj评论区，女主嫁入豪门生了三个孩子，被排雷是生育工具 [9] 【搜索关键词：排雷】","postUrl":"https://bbs.jjwxc.net/showmsg.php?board=17&keyword=%C5%C5%C0%D7&id=1789969","originalPost":"某音这个推文up就说现在的jj这种生怀流的文特别特别多，评论区不出意外开始各种吐槽jj的文怎样怎样\n有个路人评论问你们真的在jj看过文吗，都看的盗文吧？这个路人被追着骂了过百的评论，太惨了","numberOfReplies":9,"comments":[{"comment":"救命，路人好惨，但也侧面说明盗文狗确实多，而且还不以为耻反以为荣。真的无语","commentTime":"2022-03-06 17:52:00","commentOwner":"。"},{"comment":"话说真的生了三个嘛……","commentTime":"2022-03-06 18:00:03","commentOwner":"……"},{"comment":"和盗文狗讲廉耻和跟牛弹琴有什么区别","commentTime":"2022-03-06 18:00:20","commentOwner":"。"},{"comment":"某音不是经常有生五六胎七八胎的农村女人接男宝么\n那么喜欢冲怎么不冲那些\n外站不是以前也很流行什么几胎几胎的 怎么不冲他们\n现在好几地方冲JJ和正版读者变成zzzq了","commentTime":"2022-03-06 18:02:47","commentOwner":"= ="},{"comment":"某音不是经常有生五六胎七八胎的农村女人接男宝么\n那么喜欢冲怎么不冲那些\n外站不是以前也很流行什么几胎几胎的 怎么不冲他们\n现在好几地方冲JJ和正版读者变成zzzq了\n№4 ☆☆☆= =|ec99d3d7于2022-03-06 18:02:47留言☆☆☆\n他们人多势众【doge】","commentTime":"2022-03-06 18:04:15","commentOwner":"....."},{"comment":"可是现在不是鼓励三胎吗","commentTime":"2022-03-06 18:08:29","commentOwner":"。"},{"comment":"他们可能代入的不是主角，而是代入了二十年后二十年后争家产的崽子身上了（点烟）","commentTime":"2022-03-06 18:19:08","commentOwner":"咿呀咿呀哟"},{"comment":"上次看见抖音一个96年的姑娘拼八胎生儿子的，都没有这批作者被冲的凶。","commentTime":"2022-03-06 18:20:41","commentOwner":"。"},{"comment":"众所周知，现在晋江作者是最好打的 一条狗都能冲晋江作者喊两嗓子，但晋江作者不仅不被保护，连反击都不行","commentTime":"2022-03-06 18:21:58","commentOwner":"。"}]}