{"id":"20e4d49b-691a-42c2-afa9-bd8e110c47c4","category":"晋江论坛→网友交流区→碧水江汀 欢迎回来：53088456  退 出","postSubject":"主题：我一早上都蹲在碧水，十几分钟内冒出三四个关于排雷或者女处男非的帖子，红大衣删掉了几个，又冒出两个关于拉黑读者的帖子，这是来钓鱼吗？ [5] 【搜索关键词：排雷】","postUrl":"https://bbs.jjwxc.net/showmsg.php?board=17&keyword=%C5%C5%C0%D7&id=1920458","originalPost":"直钩","numberOfReplies":5,"comments":[{"comment":"bs人已经够少了，再少都刷不了贴了","commentTime":"2022-05-29 10:35:48","commentOwner":"。"},{"comment":"有些sb很喜欢两区联动来回挑的\n然后特别会用个体指代全体，拎着一个三星一个五星代表全bs，再去把读者区的某些无心一心拎过来\n不知道是不是贱的","commentTime":"2022-05-29 10:37:10","commentOwner":"= ="},{"comment":"花式钓鱼","commentTime":"2022-05-29 10:37:26","commentOwner":"= ="},{"comment":"以后洁党帖直接别进，这种帖子一定会吵架，吵到最后一定歪到男女两性\n\n珍惜号子，远离违规贴","commentTime":"2022-05-29 10:38:13","commentOwner":"。"},{"comment":"踢一脚。","commentTime":"2022-05-29 20:41:41","commentOwner":"。"}]}