{"id":"fc8eb748-73e4-4149-be51-2fd600808e04","category":"晋江论坛→网友交流区→碧水江汀 请稍候...","postSubject":"主题：pbc吐槽，一条长评排雷，本来觉得没啥，结尾她突然来一句［算了，我也没买，就不多说了］ [20] 【搜索关键词：排雷】","postUrl":"https://bbs.jjwxc.net/showmsg.php?board=17&keyword=%C5%C5%C0%D7&id=1752721","originalPost":"见不见","numberOfReplies":20,"comments":[{"comment":"！离谱","commentTime":"2022-02-08 12:59:58","commentOwner":"举例子"},{"comment":"离谱","commentTime":"2022-02-08 13:00:18","commentOwner":"姣如人间月"},{"comment":"离大谱","commentTime":"2022-02-08 13:00:36","commentOwner":"。"},{"comment":"这还不是多说，他多说要说多少？","commentTime":"2022-02-08 13:00:48","commentOwner":"。"},{"comment":"这还不是多说，他多说要说多少？\n№4 ☆☆☆。|9e1c9aa5于2022-02-08 13:00:48留言☆☆☆\n高低整个三千字","commentTime":"2022-02-08 13:02:07","commentOwner":"。"},{"comment":"dwg排tm呢","commentTime":"2022-02-08 13:02:42","commentOwner":"。"},{"comment":"气笑了","commentTime":"2022-02-08 13:19:51","commentOwner":"。"},{"comment":"？？？离大谱","commentTime":"2022-02-08 13:20:20","commentOwner":"。"},{"comment":"离大谱","commentTime":"2022-02-08 13:20:34","commentOwner":"。"},{"comment":"离谱","commentTime":"2022-02-08 13:20:58","commentOwner":"。"},{"comment":"删了","commentTime":"2022-02-08 13:21:09","commentOwner":"。。"},{"comment":"删了\n№11 ☆☆☆。。|25c9dc52于2022-02-08 13:21:09留言☆☆☆\n打的零分，投诉都被驳回了","commentTime":"2022-02-08 13:21:40","commentOwner":"。"},{"comment":"历史引用 展开全部▼\n打的零分，投诉都被驳回了\n№12☆☆☆。|ac126483于2022-02-08 13:21:40留言☆☆☆\n试试作者号在下面回复订阅率，然后再投诉“盗文评论”","commentTime":"2022-02-08 13:22:56","commentOwner":"。"},{"comment":"好家伙","commentTime":"2022-02-08 13:30:30","commentOwner":"废"},{"comment":"投诉，选其他，理由填“盗文读者发表不实恶意评论”","commentTime":"2022-02-08 13:32:05","commentOwner":"= ="},{"comment":"啊这","commentTime":"2022-02-08 13:33:00","commentOwner":"。"},{"comment":"盗文评论，不管什么都能删","commentTime":"2022-02-08 13:34:23","commentOwner":"。"},{"comment":"好贱呐","commentTime":"2022-02-08 13:34:46","commentOwner":"。"},{"comment":"好jian","commentTime":"2022-02-08 13:35:44","commentOwner":"厚椰乳莓莓"},{"comment":"摸摸lz","commentTime":"2022-02-08 13:36:55","commentOwner":"倒吸一口凉皮"}]}