{"id":"4c454a60-fa39-4e9a-b799-9021bda83433","category":"晋江论坛→网友交流区→碧水江汀 欢迎回来：53088456  退 出","postSubject":"主题：我们不能以订阅率设置评论门槛，读者能在免费章评论v章排雷。 [4] 【搜索关键词：排雷】","postUrl":"https://bbs.jjwxc.net/showmsg.php?board=17&keyword=%C5%C5%C0%D7&id=1942361","originalPost":"怎么想想好像都挺复杂，确实免费章正常读者不能评论难受，但是大家不都是不想看见不正常的读者么QAQ。","numberOfReplies":4,"comments":[{"comment":"我的","commentTime":"2022-06-13 04:43:56","commentOwner":"QWQ"},{"comment":"我感觉任何一个网站 db wb tb b站 qd dy xhs 甚至wxpyq 创作者都能自己管理评论区 不知道为什么jj不行","commentTime":"2022-06-13 04:51:33","commentOwner":"。"},{"comment":"所以自我定位是和taobao一样的购物平台吗\n觉得作者是商家？可是tb也有刷单欸","commentTime":"2022-06-13 04:59:53","commentOwner":"。"},{"comment":"搞个作者自主管理评论区置顶就可以了吧，差评排雷只要不在首页显示有好一点","commentTime":"2022-06-13 05:07:02","commentOwner":"。"}]}