{"id":"5b6b378a-ca4c-4587-892b-b5e5995cad73","category":"晋江论坛→网友交流区→碧水江汀 欢迎回来：53088456  退 出","postSubject":"主题：文下来了个排雷长评后，收益无了 [11] 【搜索关键词：排雷】","postUrl":"https://bbs.jjwxc.net/showmsg.php?board=17&keyword=%C5%C5%C0%D7&id=1960397","originalPost":"本来就是很扑的文，完结后一个月顶多就杯奶茶钱，现在连瓶矿泉水都买不起了 emo了很久，好像觉得自己被彻底否定了，连码字时都会一直想起长评里说的话，敲出来的字没有一个是满意的","numberOfReplies":11,"comments":[{"comment":"摸摸头","commentTime":"2022-06-25 00:07:36","commentOwner":"。"},{"comment":"举报删除，或者砸雷压下去，过一两天直接删掉","commentTime":"2022-06-25 00:08:20","commentOwner":"= ="},{"comment":"举报吧","commentTime":"2022-06-25 00:08:32","commentOwner":"=="},{"comment":"唉，我也是，抱头痛哭，今天一个字没码","commentTime":"2022-06-25 00:08:37","commentOwner":"涂星星！"},{"comment":"举报删除，或者砸雷压下去，过一两天直接删掉\n№2☆☆☆= =|2e890820于2022-06-25 00:08:20留言☆☆☆\n我从不惯着，收钱事大，你瞎逼逼关我鸟事，你排雷出花也改不了我水平上不去的事，还耽误心情，留他干嘛，删！","commentTime":"2022-06-25 00:09:27","commentOwner":"= ="},{"comment":"叫基友压下去","commentTime":"2022-06-25 00:09:52","commentOwner":"= ="},{"comment":"删评的话要不要把钱退回给她，还是直接把这个钱拿去压评","commentTime":"2022-06-25 00:09:57","commentOwner":"。"},{"comment":"删评的话要不要把钱退回给她，还是直接把这个钱拿去压评\n№7☆☆☆。|5696cf39于2022-06-25 00:09:57留言☆☆☆\n不退，你都挨骂了退什么，删评本就是作者权利\n你怕她回来找茬，直接举报删除，举报理由随意，我以前管理不给我删，我发了个求情说我小号发错了给我删了","commentTime":"2022-06-25 00:11:02","commentOwner":"= ="},{"comment":"删评的话要不要把钱退回给她，还是直接把这个钱拿去压评\n№7 ☆☆☆。|5696cf39于2022-06-25 00:09:57留言☆☆☆\n退毛退，惯得，她又不是没看书","commentTime":"2022-06-25 00:11:05","commentOwner":"。"},{"comment":"直接压下去","commentTime":"2022-06-25 00:11:31","commentOwner":"。"},{"comment":"好的谢谢各位咕咕，我大概知道要怎么处理了，谢谢呜呜呜","commentTime":"2022-06-25 00:13:40","commentOwner":"。"}]}