{"id":"f90b69a3-b6ca-4d3a-99ee-50931e6b88ae","category":"晋江论坛→网友交流区→碧水江汀 请稍候...","postSubject":"主题：我不知道又被哪里排雷了，最近又多了一群人过来刷我，痛苦面具 [1] 【搜索关键词：排雷】","postUrl":"https://bbs.jjwxc.net/showmsg.php?board=17&keyword=%C5%C5%C0%D7&id=1686690","originalPost":"还是那种本文订阅0\n晋江总订阅不超过20%的\n已经查了某组和dy\n还有哪里可以查吗？\n唉，其实查到我也没办法\n我只能痛苦面具……","numberOfReplies":1,"comments":[{"comment":"vb？","commentTime":"2021-12-21 22:03:18","commentOwner":"。"}]}