{"id":"2ec249ee-1dcf-44e4-b3fb-fe00ba9cc52a","category":"晋江论坛→网友交流区→碧水江汀 欢迎回来：53088456  退 出","postSubject":"主题：夹子当天如果有人在你们文下虚假排雷/恶意负分，咕咕们会怎样应对？ [18] 【搜索关键词：排雷】","postUrl":"https://bbs.jjwxc.net/showmsg.php?board=17&keyword=%C5%C5%C0%D7&id=1985914","originalPost":"我真的很想很想对线，但害怕被疯子缠上。触及法律的话，我真想告她了。","numberOfReplies":18,"comments":[{"comment":"压评\n对线互怼了一次被排雷了","commentTime":"2022-07-12 20:50:45","commentOwner":"。"},{"comment":"删掉，反正现在能删了","commentTime":"2022-07-12 20:50:47","commentOwner":"--"},{"comment":"压了，不然我怕他赖上我","commentTime":"2022-07-12 20:51:05","commentOwner":"。"},{"comment":"删了不是有通知吗","commentTime":"2022-07-12 20:51:54","commentOwner":"......"},{"comment":"如果面对一群人，根本对线不过来，还可能会被围殴","commentTime":"2022-07-12 20:52:25","commentOwner":"。"},{"comment":"先压\n再怼\n留下痕迹了再删。\n想告就告吧，我记得这段时间好几个科普互联网法院怎么告的贴，好像也不贵，就几百。","commentTime":"2022-07-12 20:52:34","commentOwner":"= ="},{"comment":"多看垃圾一眼算我输","commentTime":"2022-07-12 20:52:54","commentOwner":"。"},{"comment":"我会很生气，然后无能狂怒","commentTime":"2022-07-12 20:52:55","commentOwner":"呜呜"},{"comment":"我这执拗劲会去告，让他们收一下传票","commentTime":"2022-07-12 20:53:39","commentOwner":"。"},{"comment":"先截图再删，整理成文件夹留着以后被盯上对线","commentTime":"2022-07-12 20:53:45","commentOwner":"。"},{"comment":"正常负面就压，恶意骂人就删","commentTime":"2022-07-12 20:53:53","commentOwner":"夏"},{"comment":"先截图再删，整理成文件夹留着以后被盯上对线\n№10 ☆☆☆。|da21deee于2022-07-12 20:53:45留言☆☆☆\n一个人一个文件夹","commentTime":"2022-07-12 20:54:20","commentOwner":"。"},{"comment":"告","commentTime":"2022-07-12 20:54:39","commentOwner":"。。"},{"comment":"压评的话，他们会刷。","commentTime":"2022-07-12 20:54:46","commentOwner":"= ="},{"comment":"说实在的，jj这波其实就是故意搞人心态，真正想要搞你，哪怕就算你有这种方式，也会惨。jj可是出了名审核离谱的地方，到时候他给你刷上几百个负分，到时候总有一条管理员能让作者没权利的，之后作者就连理都没有了。","commentTime":"2022-07-12 20:56:38","commentOwner":"＝＝"},{"comment":"多了的话就关评论区 然后文案告诉大家被想复合的疯子前夫找了水军来骂人 毁我事业 断我生活来源 不得不关评","commentTime":"2022-07-12 20:56:51","commentOwner":"。"},{"comment":"管三真的是有才","commentTime":"2022-07-12 20:57:04","commentOwner":"＝＝"},{"comment":"搜集证据，等有实力的时候有一个告一个，甚至我都不需要赢，就是要对方三次元掉皮，让它们身边人看看它们是什么德性","commentTime":"2022-07-12 20:58:42","commentOwner":"又被封了啊"}]}