{"id":"b82bd1fe-e291-45e8-9002-428f10a6be5e","category":"晋江论坛→网友交流区→碧水江汀 请稍候...","postSubject":"主题：评分：2星。理由：文挺好看的，可以更高分，但极其讨厌遇到不好的言论，作者拿文案上的【排雷】堵嘴，那你写的时候这个没排，那个也没排，无语 [9] 【搜索关键词：排雷】","postUrl":"https://bbs.jjwxc.net/showmsg.php?board=17&keyword=%C5%C5%C0%D7&id=1673889","originalPost":"……所以对各位咕咕进行真诚奉劝，不要在评论区为自己进行解释，不然你就是不让别人说话。\n\n但对方是打的分，我也无法回复，可我还是想说点儿什么，不然我的眼泪止不住。\n\n首先，评论区那不是不好的言论，是负分的、盗文的违规排雷和辱骂，我真的很讨厌有的人长了眼睛就是不看作者已经列出来的排雷事项。\n\n晋江读者千千万，写本人这本书的作者却只有我一个，而我不可能写自己的雷点，所以我怎么知道每个人都雷什么呢？那些没排的这个、那个，在今天之前我是真不知道。\n\n看书的是人，写书的也是人，对于那些文都没看完就虚假排雷和骂的言论，我不能反驳？我能查订阅率，对方看没看完书我很清楚，所以，明明我的排雷项已经写得清清楚楚，为什么还要再过来踩一脚？一个人骂我，我忍着，几个人骂我，我忍着，几十个人骂我，我还要忍着吗？我不会忍，当谁没脾气？但我实在没想到我让对方好好看我提前排好的雷都能被人当成雷来排。\n\n我看见一星言论，真的没反应，毕竟读者很多，有人喜欢就有人不喜欢，看到二星，我也没什么感觉，但这条真的很让人破防。\n原来一个人被骂了，不可以解释。\n\n好了，我发泄完了，擦擦眼泪继续搞作业。\n\n最后，我想许个小小的愿望，愿隔着网络，每个人都可以学着相互尊重。","numberOfReplies":9,"comments":[{"comment":"……所以对各位咕咕进行真诚奉劝，不要在评论区为自己进行解释，不然你就是不让别人说话。\n但对方是打的分，我也无法回复，可我还是想说点儿什么，不然我的眼泪止不住。\n首先，评论区那不是不好的言论，是负分的、盗文的违规排雷和辱骂，我真的很讨厌有的人长了眼睛就是不看作者已经列出来的排雷事项。\n晋江读者千千万，写本人这本书的作者却只有我一个，而我不可能写自己的雷点，所以我怎么知道每个人都雷什么呢？那些没排的这个、那个，在今天之前我是真不知道。\n看书的是人，写书的也是人，对于那些文都没看完就虚假排雷和骂的言论，我不能反驳？我能查订阅率，对方看没看完书我很清楚，所以，明明我的排雷项已经写得清清楚楚，为什么还要再过来踩一脚？一个人骂我，我忍着，几个人骂我，我忍着，几十个人骂我，我还要忍着吗？我不会忍，当谁没脾气？但我实在没想到我让对方好好看我提前排好的雷都能被人当成雷来排。\n我看见一星言论，真的没反应，毕竟读者很多，有人喜欢就有人不喜欢，看到二星，我也没什么感觉，但这条真的很让人破防。\n原来一个人被骂了，不可以解释。\n好了，我发泄完了，擦擦眼泪继续搞作业。\n最后，我想许个小小的愿望，愿隔着网络，每个人都可以学着相互尊重。\n№0 ☆☆☆。|5c24cbf0于2021-12-12 18:24:06留言☆☆☆\nf","commentTime":"2021-12-12 18:24:11","commentOwner":"。"},{"comment":"抱抱咕咕","commentTime":"2021-12-12 18:26:05","commentOwner":"。"},{"comment":"我的宝，网络钢筋学不会尊重的，出去吃个烤串吧，钢筋现实生活一定不幸福，才天天在网上负能量，你比它幸福多了！在乎它干啥？","commentTime":"2021-12-12 18:26:25","commentOwner":"=="},{"comment":"抱抱咕咕","commentTime":"2021-12-12 18:27:30","commentOwner":"OAQ"},{"comment":"大大写得好好看！！亲亲抱抱举高高（飞扑）","commentTime":"2021-12-12 18:27:50","commentOwner":"OAQ"},{"comment":"小手一挥，地雷一堆！","commentTime":"2021-12-12 18:28:06","commentOwner":"OAQ"},{"comment":"大大怎么这么会写！想要30个币的交易（疯狂暗示）","commentTime":"2021-12-12 18:28:46","commentOwner":"OAQ"},{"comment":"抱抱咕咕，网络上很多人真的没有心的，不值得我们伤心","commentTime":"2021-12-12 18:28:46","commentOwner":"。"},{"comment":"谢谢各位咕咕呀，心情好多啦","commentTime":"2021-12-12 18:38:12","commentOwner":"。"}]}