{"id":"ab14f1f0-13de-415a-b9f9-b19e56102c60","category":"晋江论坛→网友交流区→碧水江汀 请稍候...","postSubject":"主题：因为文笔太差被人排雷了 [10] 【搜索关键词：排雷】","postUrl":"https://bbs.jjwxc.net/showmsg.php?board=17&keyword=%C5%C5%C0%D7&id=1737853","originalPost":"emmmmm然而这是我第一本万收文","numberOfReplies":10,"comments":[{"comment":"emmmmm然而这是我第一本万收文\n№0 ☆☆☆。|38432bc6于2022-01-27 18:13:28留言☆☆☆\n别是个杠精吧","commentTime":"2022-01-27 18:14:18","commentOwner":"。"},{"comment":"我在某组经常看到话都说不利索的号排雷别人文笔不好，点进主页一看说自己写文产粮好难然后放弃了\nso，不要管ta","commentTime":"2022-01-27 18:15:24","commentOwner":"，"},{"comment":"历史引用 展开全部▼\n别是个杠精吧\n№1☆☆☆。|6c9da9da于2022-01-27 18:14:18留言☆☆☆\n我也不知道，这条赞还很多，我……","commentTime":"2022-01-27 18:15:32","commentOwner":"。"},{"comment":"我的日常","commentTime":"2022-01-27 18:15:37","commentOwner":"= ="},{"comment":"别管，一般都是盗文狗排雷，指点江山那种，","commentTime":"2022-01-27 18:17:21","commentOwner":"。"},{"comment":"我的评论\nA——文笔上乘，剧情太幼稚了，看不下去\nB——剧情很精彩，文笔太小白了，看不下去\nC——剧情俗套，文笔平平，一般般（但全订了）\n只能说读者对文笔的定义都不同，随他去吧","commentTime":"2022-01-27 18:18:31","commentOwner":"。"},{"comment":"别理他","commentTime":"2022-01-27 18:21:29","commentOwner":"。"},{"comment":"看收益","commentTime":"2022-01-27 18:24:10","commentOwner":"。。"},{"comment":"没事，文笔好也一样被骂的…我文笔不行，但看到一本文评论下面，说文笔太好不想仔细看了劝作者不要太卖弄就弃了的","commentTime":"2022-01-27 18:26:37","commentOwner":"。"},{"comment":"我没被说过文笔，被说过枯燥矫情……","commentTime":"2022-01-27 18:29:01","commentOwner":"。"}]}