{"id":"9e2e51dc-66b3-4187-b398-5372c65aabcb","category":"晋江论坛→网友交流区→碧水江汀 欢迎回来：53088456  退 出","postSubject":"主题：压评之后，违规排雷的负分评论还在被不断点赞… [7] 【搜索关键词：排雷】","postUrl":"https://bbs.jjwxc.net/showmsg.php?board=17&keyword=%C5%C5%C0%D7&id=1822976","originalPost":"从昨晚到现在举报好多次了，但每次举报都显示管理员正在处理中\n好愁啊本来今天就凉，请问各位美咕，这种情况要不要怼回去","numberOfReplies":7,"comments":[{"comment":"从昨晚到现在举报好多次了，但每次举报都显示管理员正在处理中\n好愁啊本来今天就凉，请问各位美咕，这种情况要不要怼回去\n№0 ☆☆☆。|11a7e4e6于2022-03-29 15:08:59留言☆☆☆\nf","commentTime":"2022-03-29 15:09:09","commentOwner":"。"},{"comment":"含泪dd","commentTime":"2022-03-29 15:09:57","commentOwner":"。"},{"comment":"再dd quq","commentTime":"2022-03-29 15:10:59","commentOwner":"。"},{"comment":"没办法……举报不掉只能当看不见，最好别下场\n越是排雷杠非正面的评论点赞越多，我早麻了","commentTime":"2022-03-29 15:14:03","commentOwner":"。"},{"comment":"多压几条把它压到后面几页","commentTime":"2022-03-29 15:15:11","commentOwner":"。"},{"comment":"没办法……举报不掉只能当看不见，最好别下场\n越是排雷杠非正面的评论点赞越多，我早麻了\n№4 ☆☆☆。|1025a541于2022-03-29 15:14:03留言☆☆☆\n抱抱咕咕 quq","commentTime":"2022-03-29 15:25:00","commentOwner":"。"},{"comment":"多压几条把它压到后面几页\n№5 ☆☆☆。|eae57e2b于2022-03-29 15:15:11留言☆☆☆\n已经压了好多quq","commentTime":"2022-03-29 15:27:30","commentOwner":"。"}]}