{"id":"d14da4bf-823f-46ac-bc26-394f22176d03","category":"晋江论坛→网友交流区→碧水江汀 欢迎回来：53088456  退 出","postSubject":"主题：pbc 吐槽 为什么我没有评论啊阿啊 有人排雷骂骂我也好 [6] 【搜索关键词：排雷】","postUrl":"https://bbs.jjwxc.net/showmsg.php?board=17&keyword=%C5%C5%C0%D7&id=1968470","originalPost":"我太想被人评论了我爆哭\n为什么三无这么凉啊","numberOfReplies":6,"comments":[{"comment":"从来没有见过这种要求","commentTime":"2022-06-30 22:21:07","commentOwner":"我的号子"},{"comment":"从来没有见过这种要求\n№1 ☆☆☆我的号子|ae7f2709于2022-06-30 22:21:07留言☆☆☆\n。","commentTime":"2022-06-30 22:21:27","commentOwner":"。"},{"comment":"想挨骂？我可会了，你真的受得住吗？","commentTime":"2022-06-30 22:21:51","commentOwner":"。"},{"comment":"从来没有见过这种要求\n№1 ☆☆☆我的号子|ae7f2709于2022-06-30 22:21:07留言☆☆☆\n。","commentTime":"2022-06-30 22:21:55","commentOwner":"。"},{"comment":"我求你们了骂我吧 我改个男非是不是就能被评论了\n可我真的很精神洁癖\n本m还能使出什么诡计才能吸引到人的注意啊","commentTime":"2022-06-30 22:22:08","commentOwner":"。"},{"comment":"想挨骂？我可会了，你真的受得住吗？\n№3☆☆☆。|b7e1b684于2022-06-30 22:21:51留言☆☆☆\n十万字了没有评论 我真的受不了了","commentTime":"2022-06-30 22:22:47","commentOwner":"。"}]}