{"id":"6c453cd0-cc72-4def-85ae-e9fb5a335d15","category":"晋江论坛→网友交流区→碧水江汀 请稍候...","postSubject":"主题：求教，配角试图xq攻（没成功），如何在不剧透的情况下排雷啊 [20] 【搜索关键词：排雷】","postUrl":"https://bbs.jjwxc.net/showmsg.php?board=17&keyword=%C5%C5%C0%D7&id=1707117","originalPost":"攻对配角做了很过分的事情导致配角小时候被xq，配角心理阴影\n但不想被读者痛骂，求教","numberOfReplies":20,"comments":[{"comment":"fpb，攻对配角做了很过分的事情导致配角小时候被xq，配角有心理阴影，试图xq攻，没成功，被暴打\n想写这个情节但不想被读者痛骂，求教","commentTime":"2022-01-06 04:03:52","commentOwner":"。。。"},{"comment":"等等，到底谁xq谁？\n你这标题是配角xq攻，主楼是配角被xq？\n是配角小时候被xq导致后来想xq攻？我被绕迷糊了，以及，这个攻好low哦","commentTime":"2022-01-06 04:05:51","commentOwner":"。"},{"comment":"等等，到底谁xq谁？\n你这标题是配角xq攻，主楼是配角被xq？\n是配角小时候被xq导致后来想xq攻？我被绕迷糊了，以及，这个攻好low哦\n№2 ☆☆☆。|d1ecc925于2022-01-06 04:05:51留言☆☆☆\n对对对就是配角小时候被xq，长大后试图xq攻\n攻错在不知情的情况下把小时候的配角交给了ltp","commentTime":"2022-01-06 04:06:53","commentOwner":"。。。"},{"comment":"……怎么样都会被骂，要么不写，要么就头铁写","commentTime":"2022-01-06 04:10:27","commentOwner":"。。。"},{"comment":"好毒啊，日攻low攻","commentTime":"2022-01-06 04:13:24","commentOwner":"= ="},{"comment":"都好毒啊…不论是攻导致配角被xq还是配角想xq攻，我都无法接受","commentTime":"2022-01-06 04:15:13","commentOwner":"废材"},{"comment":"好毒啊，日攻low攻\n№5 ☆☆☆= =|1b10cca8于2022-01-06 04:13:24留言☆☆☆\n你好，想问一下是觉得这个攻差点被日就变low了吗？还是说觉得攻犯错误让配角被xq这一点使得攻变low了？\n（因为我的构想是因为配角的缘故间接导致家破人亡，所以攻很厌恶配角，想要甩掉这个包袱，把配角丢给了道貌昂然的ltp）","commentTime":"2022-01-06 04:16:21","commentOwner":"。。。"},{"comment":"后一个，太low了，再怎么报复还这样，不犯罪吗","commentTime":"2022-01-06 04:18:14","commentOwner":"。"},{"comment":"这俩有一个点都很毒，加一起毒上加毒\n直接主攻+文案写“ri攻特供”吧","commentTime":"2022-01-06 04:18:45","commentOwner":"= ="},{"comment":"真的不要写这种剧情啊，现在你非常想写，可能过几年你就后悔了。\n我当初就差点写了差不多类似于xq剧情，现在十分庆幸，还好没写了，不然自己都被自己毒到","commentTime":"2022-01-06 04:19:03","commentOwner":"？"},{"comment":"后一个，太low了，再怎么报复还这样，不犯罪吗\n№8 ☆☆☆。|51f184da于2022-01-06 04:18:14留言☆☆☆\n不是，不好意思没表达清楚，攻不知道那个人是ltp，攻和受都很穷，和配角没血缘关系，ltp有钱说能让配角接受更好的教育，就让ltp带走配角了","commentTime":"2022-01-06 04:19:58","commentOwner":"。。。"},{"comment":"为什么女频网站报复人要用xing来做惩罚？？真的看你主楼就非常不适了","commentTime":"2022-01-06 04:20:01","commentOwner":"= ="},{"comment":"这种点写了就等着一辈子被读者挖黑历史排雷吧","commentTime":"2022-01-06 04:20:31","commentOwner":"= ="},{"comment":"为什么女频网站报复人要用xing来做惩罚？？真的看你主楼就非常不适了\n№12 ☆☆☆= =|675ce83d于2022-01-06 04:20:01留言☆☆☆\n好的，不好意思给您带来不适了，可能是我古早狗血文看太多了导致现在构思激烈冲突跳不出这种套路，我再想想有什么办法圆配角这一条线","commentTime":"2022-01-06 04:27:06","commentOwner":"。。。"},{"comment":"历史引用 展开全部▼\n好的，不好意思给您带来不适了，可能是我古早狗血文看太多了导致现在构思激烈冲突跳不出这种套路，我再想想有什么办法圆配角这一条线\n№14☆☆☆。。。|45a2573c于2022-01-06 04:27:06留言☆☆☆\n你让他被打一顿然后残疾了不行吗，比如少个手指/变成瘸子\n然后配角也想让攻少个手指/变成瘸子","commentTime":"2022-01-06 04:27:53","commentOwner":"= ="},{"comment":"历史引用 展开全部▼\n你让他被打一顿然后残疾了不行吗，比如少个手指/变成瘸子\n然后配角也想让攻少个手指/变成瘸子\n№15 ☆☆☆= =|675ce83d于2022-01-06 04:27:53留言☆☆☆\n好的谢谢您的建议，我再想想，我这里是配角年纪比攻小很多，感觉攻打小孩把小孩打残疾了还还蛮过分的\n想营造一种命运弄人的感觉，就是配角不是有心害得攻家破人亡，攻也不是故意害得配角遭遇苦难的那种感觉，两个人反目成仇是因为造化弄人的感觉\n因为还蛮喜欢配角人设的，希望他成为一个丰满的美强惨反派\n谢谢您和楼里其他人的建议，如果有其他建议也非常感谢大家能在楼里动动手指告诉我","commentTime":"2022-01-06 04:37:09","commentOwner":"。。。"},{"comment":"历史引用 展开全部▼\n好的谢谢您的建议，我再想想，我这里是配角年纪比攻小很多，感觉攻打小孩把小孩打残疾了还还蛮过分的\n想营造一种命运弄人的感觉，就是配角不是有心害得攻家破人亡，攻也不是故意害得配角遭遇苦难的那种感觉，两个人反目成仇是因为造化弄人的感觉\n因为还蛮喜欢配角人设的，希望他成为一个丰满的美强惨反派\n谢谢您和楼里其他人的建议，如果有其他建议也非常感谢大家能在楼里动动手指告诉我\n№16☆☆☆。。。|45a2573c于2022-01-06 04:37:09留言☆☆☆\n……建议开主攻\n主受这样写真的好雷","commentTime":"2022-01-06 04:39:22","commentOwner":"= ="},{"comment":"主楼那个天雷了简直，但是换位思考一下，如果是受，我竟然觉得还好，并且如果让这个反派对受又恨又爱才好看\n攻做那样的事情我觉得好low，但是受的话，我包容度无限放大","commentTime":"2022-01-06 04:41:21","commentOwner":"小号呀"},{"comment":"历史引用 展开全部▼\n……建议开主攻\n主受这样写真的好雷\n№17 ☆☆☆= =|675ce83d于2022-01-06 04:39:22留言☆☆☆\n关键受有渣攻抛弃渣攻了……jesus，听你们这么一讲我觉得可能戳爆大众雷点的我这辈子写文都是湖笔","commentTime":"2022-01-06 04:42:53","commentOwner":"。。。"},{"comment":"主楼那个天雷了简直，但是换位思考一下，如果是受，我竟然觉得还好，并且如果让这个反派对受又恨又爱才好看\n攻做那样的事情我觉得好low，但是受的话，我包容度无限放大\n№18 ☆☆☆小号呀|b5d4cb21于2022-01-06 04:41:21留言☆☆☆\n好像确实对受这种人设还挺多的，就是这个攻的人设换成受会变成撒娇狗狗受……我巨雷这种","commentTime":"2022-01-06 04:47:42","commentOwner":"。。。"}]}