{"id":"269a610c-d4dc-4590-9723-3ae3bd535b97","category":"晋江论坛→网友交流区→碧水江汀 请稍候...","postSubject":"主题：pbc情节讨论 捡东西不还需要提前排雷吗？ [7] 【搜索关键词：排雷】","postUrl":"https://bbs.jjwxc.net/showmsg.php?board=17&keyword=%C5%C5%C0%D7&id=1747013","originalPost":"设定猪脚前期穷困潦倒，重生后按照前世知道的信息去捡那笔丢在某地的一笔钱！\n这笔钱前世没人认领，被捡到的人上交了，但猪脚不想上交。\n这个情节是不是设置的不太好？基友说很容易被喷人品差！\n至于为什么要写这个情节是因为我想设定一个有瑕疵，有些自私的男主！\n\n希望能听听咕咕们的意见！","numberOfReplies":7,"comments":[{"comment":"你就拍雷主角没有道德呗。","commentTime":"2022-02-03 23:59:40","commentOwner":"。"},{"comment":"不太好吧不符合社会主义核心价值观","commentTime":"2022-02-03 23:59:40","commentOwner":"咕咕"},{"comment":"你就拍雷主角没有道德呗。\n№1 ☆☆☆。|54c3715e于2022-02-03 23:59:40留言☆☆☆\n这个会被编辑戳，不能写","commentTime":"2022-02-03 23:59:57","commentOwner":"咕咕"},{"comment":"这不叫自私吧","commentTime":"2022-02-04 00:00:37","commentOwner":"蝴蝶刺刀"},{"comment":"给他定一个，上交之后，上交人怎么怎么样，他这样做不仅救了上交人，也能帮助自己","commentTime":"2022-02-04 00:01:51","commentOwner":"——"},{"comment":"自私还有其他提现，就是想写一个不完美的人，但现在～我还是再考虑考虑","commentTime":"2022-02-04 00:02:07","commentOwner":"。"},{"comment":"我觉得可以改一下，改成男主上交了，因为他知道交了失主会给回报或者有奖金，是故意做好事得好名声和拿奖金，这样就不会犯道德大错了","commentTime":"2022-02-04 00:02:10","commentOwner":"。"}]}