{"id":"b1ee52fa-5c00-4dd6-a462-8bd91e508a3a","category":"晋江论坛→网友交流区→碧水江汀 请稍候...","postSubject":"主题：每次看到这种排雷我都会不禁想到，如果有一天很多读者认为女强文，男主背景板文不应该存在，我该怎么办？ [31] 【搜索关键词：排雷】","postUrl":"https://bbs.jjwxc.net/showmsg.php?board=17&keyword=%C5%C5%C0%D7&id=1757798","originalPost":"首先声明我个人极度厌恶古早渣贱文也绝不去看，但是本质上，渣贱就是一种小众xp，现在它被鞭挞，只是因为一部分读者觉得“这样很恶心”“它不应该存在”。\n但是如果有一天，读者又开始觉得女主必须要倒贴跪舔男主，女强文和无cp也很恶心，不应该存在呢？\n碰到不喜欢的感情线，看了骂可以，但仅仅因为主角的恋爱方式触雷点就号召举报，真的合理吗？\n退一万步，男主就是不值得被爱的渣男，女主就是倒贴的傻子，现实确实千万不能学，那难道在小说中，都不能写傻子和渣男的故事了吗？\n那以后豪门文女主当了全职主妇是不是也要被举报，生了儿子是不是也要被举报。\n我承认现实中谁学谁羡慕谁是傻子，但是哪怕在小说里，哪怕在自己脑洞的文里……都不能写吗？\n思维有点混乱了，不知道有没有咕咕有这种同感","numberOfReplies":30,"comments":[{"comment":"首先声明我个人极度厌恶古早渣贱文也绝不去看，但是本质上，渣贱就是一种小众xp，现在它被鞭挞，只是因为一部分读者觉得“这样很恶心”“它不应该存在”。\n但是如果有一天，读者又开始觉得女主必须要倒贴跪舔男主，女强文和无cp也很恶心，不应该存在呢？\n碰到不喜欢的感情线，看了骂可以，但仅仅因为主角的恋爱方式触雷点就号召举报，真的合理吗？\n退一万步，男主就是不值得被爱的渣男，女主就是倒贴的傻子，现实确实千万不能学，那难道在小说中，都不能写傻子和渣男的故事了吗？\n那以后豪门文女主当了全职主妇是不是也要被举报，生了儿子是不是也要被举报。\n我承认现实中谁学谁羡慕谁是傻子，但是哪怕在小说里，哪怕在自己脑洞的文里……都不能写吗？\n思维有点混乱了，不知道有没有咕咕有这种同感\n№0 ☆☆☆= =|6ddb7451于2022-02-11 15:50:37留言☆☆☆\nfpb","commentTime":"2022-02-11 15:50:45","commentOwner":"= ="},{"comment":"现在的风气就是离谱啊，但是有啥办法。。。","commentTime":"2022-02-11 15:51:56","commentOwner":"。"},{"comment":"再补充一下，个人认为，不喜欢一种题材一种文，评论骂ok，甚至自己去专门写一篇文diss它都行，你们隔空互骂线下对打都行，但是直接使用“举报权利”，威胁让它永远消失，真的合理吗？\n如果有一天被威胁的是你呢？","commentTime":"2022-02-11 15:52:18","commentOwner":"= ="},{"comment":"二极管思维是一切大忌","commentTime":"2022-02-11 15:52:35","commentOwner":"。"},{"comment":"你代入自我高潮挺好笑","commentTime":"2022-02-11 15:53:36","commentOwner":"。"},{"comment":"你代入自我高潮挺好笑\n№5 ☆☆☆。|13c901b3于2022-02-11 15:53:36留言☆☆☆\n几年前写古早文的作者，也想不到几年后连包子女主和锯嘴葫芦男主都要被举报了","commentTime":"2022-02-11 15:54:33","commentOwner":"= ="},{"comment":"这就是我不赞同你的观点，但我维护你发言的权利。\n因为很容易举报成功很容易隐匿无声。","commentTime":"2022-02-11 15:55:19","commentOwner":"。"},{"comment":"……拒绝共沉沦谢谢，大女主文才是与目前女性思维独立觉醒同行的","commentTime":"2022-02-11 15:55:59","commentOwner":"=="},{"comment":"……拒绝共沉沦谢谢，大女主文才是与目前女性思维独立觉醒同行的\n№8 ☆☆☆==|be288ddc于2022-02-11 15:55:59留言☆☆☆\n那如果举报的是男的呢，如果理由是影响国家生育率这种冠冕堂皇的大帽子呢，你怎么知道晋江不会妥协呢","commentTime":"2022-02-11 15:58:25","commentOwner":"= ="},{"comment":"我觉得有道理，大家有权讨厌任何类型的文，也可以在评论区吐槽，但自己讨厌的题材就不允许它们存在，就太过分了。","commentTime":"2022-02-11 16:00:19","commentOwner":"。"},{"comment":"所以啊，人人都有权利干掉不顺眼的其他人了，就很恐怖啊，叹气……","commentTime":"2022-02-11 16:01:24","commentOwner":"0 0"},{"comment":"历史引用 展开全部▼\n那如果举报的是男的呢，如果理由是影响国家生育率这种冠冕堂皇的大帽子呢，你怎么知道晋江不会妥协呢\n№9 ☆☆☆= =|6ddb7451于2022-02-11 15:58:25留言☆☆☆\n那就只能响应国家zheng ce 不过如果发展到这种地步，你还能写文说话吗？这种讨论是不是应该立足于实际啊。男频那么多ws男主不也正常发展下去了，杞人忧天也得有点度吧，不要世界中心论","commentTime":"2022-02-11 16:02:28","commentOwner":"……"},{"comment":"拒绝无脑代入","commentTime":"2022-02-11 16:03:01","commentOwner":"= ="},{"comment":"不至于真的不至于","commentTime":"2022-02-11 16:03:20","commentOwner":"。"},{"comment":"是针对夹四开的贴吗？那个渣贱是真恶心，恶心在太贴近现实，所以让人看着恶心吧。看文案就不想看了，唉。我希望写这种文的作者能在每一章说一句，不要学女主这么贱。","commentTime":"2022-02-11 16:03:42","commentOwner":"本宝宝浮啦"},{"comment":"重申一下，我没有说读者不可以骂不可以排雷\n但是在作品没有违规违法情况下，把针对剧情的不满，上升到利用更高一层的“工具”，也就是直接举报这一环节，只会让更多人都肆无忌惮利用这个工具\n今天举报女主包子男主渣\n明天被人举报女主渣男主包子呢？\n最后工具变成玩具，男的女的都可以来祸祸女作者，开男主后宫的在外站月入百万风生水起？","commentTime":"2022-02-11 16:05:57","commentOwner":"= ="},{"comment":"不至于真的不至于\n№14☆☆☆。|bae35c67于2022-02-11 16:03:20留言☆☆☆\n几年前谁能想到如今连写个恶毒女配都要被骂厌女的地步了呢…","commentTime":"2022-02-11 16:06:32","commentOwner":"= ="},{"comment":"写自己想写的，不要自我阉割","commentTime":"2022-02-11 16:07:49","commentOwner":"。。。"},{"comment":"别的不说，就说这句\n【那以后豪门文女主当了全职主妇是不是也要被举报，生了儿子是不是也要被举报。】\n不用以后，现在就有哦\n女主请假给男主做了一顿饭，被-2“女的不伺候男人不能xxxx”\n生了个儿子，被-2“晋江现在有些女作者想男宝xxxx”\n全是我亲眼所见，不止这两条。\n哦我dy今天还刷到一个5k点赞挂奇幻金榜某文搞雌竞的。","commentTime":"2022-02-11 16:08:55","commentOwner":"。"},{"comment":"重申一下，我没有说读者不可以骂不可以排雷\n但是在作品没有违规违法情况下，把针对剧情的不满，上升到利用更高一层的“工具”，也就是直接举报这一环节，只会让更多人都肆无忌惮利用这个工具\n今天举报女主包子男主渣\n明天被人举报女主渣男主包子呢？\n最后工具变成玩具，男的女的都可以来祸祸女作者，开男主后宫的在外站月入百万风生水起？\n№17 ☆☆☆= =|6ddb7451于2022-02-11 16:05:57留言☆☆☆\n我不太理解，举报的不是婚内出轨吗？没人说不可以写男女主包子或者男女主渣啊？人设有人设的定位，写渣的就别只逮着渣一个人，那么多自闭女主社恐女主包子女主也没人举报吧","commentTime":"2022-02-11 16:09:08","commentOwner":"……"},{"comment":"历史引用 展开全部▼\n我不太理解，举报的不是婚内出轨吗？没人说不可以写男女主包子或者男女主渣啊？人设有人设的定位，写渣的就别只逮着渣一个人，那么多自闭女主社恐女主包子女主也没人举报吧\n№21 ☆☆☆……|01e9866e于2022-02-11 16:09:08留言☆☆☆\n可是婚内出轨不是已经被看文的证实是假的吗，这算虚假举报吧","commentTime":"2022-02-11 16:10:47","commentOwner":"= ="},{"comment":"历史引用 展开全部▼\n可是婚内出轨不是已经被看文的证实是假的吗，这算虚假举报吧\n№22 ☆☆☆= =|6ddb7451于2022-02-11 16:10:47留言☆☆☆\n精神出轨不是出轨吗…？那我闭嘴好吧。而且我看到的这篇文里面有些多次男主外出晚归没后文，可能是出去和白月光好兄弟打台球了吧。","commentTime":"2022-02-11 16:13:53","commentOwner":"……"},{"comment":"标题这种我就看到过啊，虽然逻辑不一样，但结论一样，就是觉得言情频道女强文有背景板男主不行，女强文就不应该有男主，不应该有恋爱，有恋爱就不够女强，挂着羊头卖狗肉，所以大肆吐槽骂作者的（言情频道哦）","commentTime":"2022-02-11 16:14:11","commentOwner":"。"},{"comment":"历史引用 展开全部▼\n可是婚内出轨不是已经被看文的证实是假的吗，这算虚假举报吧\n№22 ☆☆☆= =|6ddb7451于2022-02-11 16:10:47留言☆☆☆\n没实质描写和女配do就不算出轨，好的好的，尊重祝福","commentTime":"2022-02-11 16:14:58","commentOwner":"……"},{"comment":"标题这种我就看到过啊，虽然逻辑不一样，但结论一样，就是觉得言情频道女强文有背景板男主不行，女强文就不应该有男主，不应该有恋爱，有恋爱就不够女强，挂着羊头卖狗肉，所以大肆吐槽骂作者的（言情频道哦）\n№24 ☆☆☆。|856545ef于2022-02-11 16:14:11留言☆☆☆\n那篇文我看过，女主事业线爽文，男主真背景板。","commentTime":"2022-02-11 16:15:03","commentOwner":"。"},{"comment":"见过类似吐槽，说根本没有感情线最后几章强塞一个男主应该去无cp，不过也没说不该存在","commentTime":"2022-02-11 16:15:51","commentOwner":"= ="},{"comment":"历史引用 展开全部▼\n没实质描写和女配do就不算出轨，好的好的，尊重祝福\n№25 ☆☆☆……|01e9866e于2022-02-11 16:14:58留言☆☆☆\n不是，且不说有没有精神出轨，男主就算绝对是个实打实的low人垃圾，没有实质性出轨就是没有啊？如果这也要举报，本质上不就是不允许渣男当男主，必须举报掉吗？这也要尊重祝福？","commentTime":"2022-02-11 16:17:24","commentOwner":"= ="},{"comment":"历史引用 展开全部▼\n不是，且不说有没有精神出轨，男主就算绝对是个实打实的low人垃圾，没有实质性出轨就是没有啊？如果这也要举报，本质上不就是不允许渣男当男主，必须举报掉吗？这也要尊重祝福？\n№28 ☆☆☆= =|6ddb7451于2022-02-11 16:17:24留言☆☆☆\n什么叫且不说有没有精神出轨，精神出轨直接算了？它就是出轨了啊！你要是主视角渣男渣女说的明明白白没人不让你写，你都结婚了还出轨就是该好吗？","commentTime":"2022-02-11 16:22:17","commentOwner":"……"},{"comment":"历史引用 展开全部▼\n什么叫且不说有没有精神出轨，精神出轨直接算了？它就是出轨了啊！你要是主视角渣男渣女说的明明白白没人不让你写，你都结婚了还出轨就是该好吗？\n№29 ☆☆☆……|01e9866e于2022-02-11 16:22:17留言☆☆☆\n结果要负法律责任的啊，不然为什么有一个罪名叫做故意破坏军婚？？","commentTime":"2022-02-11 16:23:54","commentOwner":"……"},{"comment":"不是说不应该存在，但是如果真的背景板到完全没有感情线，确实是可以说窜频的\n我真的觉得窜频问题是很严重的，这种属于主管故意吧","commentTime":"2022-02-11 16:26:13","commentOwner":"——"}]}