{"id":"6fc64f37-34f3-4556-817f-ba5721120895","category":"晋江论坛→网友交流区→碧水江汀 请稍候...","postSubject":"主题：文案排雷，到底是从啥时候盛行的呢？ [3] 【搜索关键词：排雷】","postUrl":"https://bbs.jjwxc.net/showmsg.php?board=17&keyword=%C5%C5%C0%D7&id=1734989","originalPost":"现在都成了理所当然的事情了吗QAQ","numberOfReplies":3,"comments":[{"comment":"啊？签约七年，刚开始签约的时候好像就有很多人这样做啦","commentTime":"2022-01-25 21:54:40","commentOwner":"。"},{"comment":"因为是连载，不像书店直接全本完结，故事放那不会更改，读者挑自己口味看就是了。\n连载不确定性太多，我最受不了be不标，遇到了绝对会刷负。","commentTime":"2022-01-25 21:57:25","commentOwner":"。"},{"comment":"排雷也是作者为了竞争到更多读者来看\n现在文多，作者不排，读者不确定这本怎么样，直接就略过\n当然不想排可以不排啊，又没有硬性要求","commentTime":"2022-01-25 22:01:20","commentOwner":"。"}]}