{"id":"562ecd26-9b93-452a-a6e1-2ac475a06dd8","category":"晋江论坛→网友交流区→碧水江汀 请稍候...","postSubject":"主题：求一篇文，只记得作者排雷说“除作者外都不是virgin” [2] 【搜索关键词：排雷】","postUrl":"https://bbs.jjwxc.net/showmsg.php?board=17&keyword=%C5%C5%C0%D7&id=1684013","originalPost":"拜托拜托，找了很久","numberOfReplies":2,"comments":[{"comment":"求求大家了，真的想不起来了","commentTime":"2021-12-20 00:03:09","commentOwner":"。"},{"comment":"卧槽 对不起错区了 请无视我","commentTime":"2021-12-20 00:03:30","commentOwner":"。"}]}