{"id":"9e1f422b-6b37-4afe-8170-5a069e6aa7c9","category":"晋江论坛→网友交流区→碧水江汀 请稍候...","postSubject":"主题：大家被推文的时候有没有遇到过读者只看了几章就开始疯狂排雷的读者？ [7] 【搜索关键词：排雷】","postUrl":"https://bbs.jjwxc.net/showmsg.php?board=17&keyword=%C5%C5%C0%D7&id=1767489","originalPost":"今天遇到了，心态都快崩了，明明后面几章都有解释呜呜呜呜","numberOfReplies":7,"comments":[{"comment":"我以为我发的贴呢\n我决定不管了","commentTime":"2022-02-18 01:14:49","commentOwner":"。"},{"comment":"看见标题就被打负，你听了会舒服些吗？别理那些不好的评论","commentTime":"2022-02-18 01:15:20","commentOwner":"哈哈"},{"comment":"大把了！","commentTime":"2022-02-18 01:15:26","commentOwner":"神仙涨幅"},{"comment":"有，当时我买了dy推文，我闲着没事干就蹲在评论区看看，好家伙，就看到一个人先在19分钟前说去看看，帮大家排雷，然后我再一刷新，17分钟前在自己的评论下面回了一条：文笔不好很难看，后面的剧情不怎么样。\n两分钟退出dy打开jj，并且搜索文名点开第一章，并觉得我后面剧情都很难看，只花了两分钟","commentTime":"2022-02-18 01:17:03","commentOwner":"= ="},{"comment":"有，当时我买了dy推文，我闲着没事干就蹲在评论区看看，好家伙，就看到一个人先在19分钟前说去看看，帮大家排雷，然后我再一刷新，17分钟前在自己的评论下面回了一条：文笔不好很难看，后面的剧情不怎么样。\n两分钟退出dy打开jj，并且搜索文名点开第一章，并觉得我后面剧情都很难看，只花了两分钟\n№4☆☆☆= =|acccba7d于2022-02-18 01:17:03留言☆☆☆\n好ex","commentTime":"2022-02-18 01:21:06","commentOwner":""},{"comment":"只看文案就排雷的也很多啊，不要在意，偷偷举报删除。","commentTime":"2022-02-18 03:29:16","commentOwner":"！"},{"comment":"我遇到最神奇我写是营养价值高的某某（吃的），给排雷说这文居然说某某价值极高，太玛丽苏太小白太让人无语[去你的，我才无语！]","commentTime":"2022-02-18 03:50:42","commentOwner":"。"}]}