{"id":"1816a9d4-a27a-44bb-a7b5-9002ab40d5fb","category":"晋江论坛→网友交流区→碧水江汀 欢迎回来：53088456  退 出","postSubject":"主题：看到读者虚假排雷我就烦 [1] 【搜索关键词：排雷】","postUrl":"https://bbs.jjwxc.net/showmsg.php?board=17&keyword=%C5%C5%C0%D7&id=1857651","originalPost":"有些剧情我根本没写过！！\n还有人点赞\n我真服了\n点赞功能发出来是恶心人的吗？！！！","numberOfReplies":1,"comments":[{"comment":"真是恶心连配角名字都搞错了还乱排什么雷啊？：？？？","commentTime":"2022-04-19 22:53:48","commentOwner":"。"}]}