{"id":"5b335494-01d7-4d5e-a201-05befce759e8","category":"晋江论坛→网友交流区→碧水江汀 请稍候...","postSubject":"主题：朋友们，我得了排雷恐惧症 [8] 【搜索关键词：排雷】","postUrl":"https://bbs.jjwxc.net/showmsg.php?board=17&keyword=%C5%C5%C0%D7&id=1740334","originalPost":"本以为七分处已经是排雷的巅峰了，直到今天闲着没事瞎几把翻文案，看到一个“1v0.8，因为女主有个光速下场的前男友，工具人炮灰”\n我：……？？？？？还能这样吗？？？\n不挂人，有改动，看到的朋友别解码，只是觉得很搞笑，我很赞同排雷，不攻击任何人","numberOfReplies":8,"comments":[{"comment":"0.8笑死我了","commentTime":"2022-01-29 12:16:27","commentOwner":"…"},{"comment":"文案标的？\n什么鬼啊","commentTime":"2022-01-29 12:16:33","commentOwner":"小號可自证"},{"comment":"::::::是很无语的程度","commentTime":"2022-01-29 12:18:01","commentOwner":"。"},{"comment":"怎么无了，简述一下就是看到个排雷“1v0.8，女主有光速下场炮灰前男友”","commentTime":"2022-01-29 12:25:33","commentOwner":"= ="},{"comment":"这也太洁党了吧","commentTime":"2022-01-29 12:32:44","commentOwner":"=="},{"comment":"哈哈哈哈哈哈哈","commentTime":"2022-01-29 12:32:58","commentOwner":"= ="},{"comment":"0.8……凭什么是0.8，根据什么公式得出的0.8，你的依据是什么？你的解题过程呢？你光写个答案考试能得分吗！","commentTime":"2022-01-29 12:34:48","commentOwner":"。。"},{"comment":"笑死","commentTime":"2022-01-29 12:36:37","commentOwner":"= ="}]}