{"id":"7d06afe5-e36c-43e2-a5ab-f900ac337960","category":"晋江论坛→网友交流区→碧水江汀 欢迎回来：53088456  退 出","postSubject":"主题：pbc黑泥 极端控党真的比臭虫还讨厌，还自以为救世主一样喜欢留各种balabala姐妹们快跑的造谣式排雷评论 [5] 【搜索关键词：排雷】","postUrl":"https://bbs.jjwxc.net/showmsg.php?board=17&keyword=%C5%C5%C0%D7&id=1877551","originalPost":"极端控党什么时候才能意识到自己压根不算是正常人啊，看个小说看得这么魔怔，现实生活过得该有多苦","numberOfReplies":5,"comments":[{"comment":"我现在不敢开新文，甚至搞了个马甲，也是因为怕了读者。现在提到这两个字都有一种生理性的厌恶。当然大多数读者都是好的，但就是那小部分人太令人生理不适了。带给人的压力太大","commentTime":"2022-05-02 09:16:54","commentOwner":"。"},{"comment":"我也觉得，特烦带节奏的","commentTime":"2022-05-02 09:26:37","commentOwner":"不想再丧的咕咕"},{"comment":"我现在不敢开新文，甚至搞了个马甲，也是因为怕了读者。现在提到这两个字都有一种生理性的厌恶。当然大多数读者都是好的，但就是那小部分人太令人生理不适了。带给人的压力太大\n№1☆☆☆。|67f02bbf于2022-05-02 09:16:54留言☆☆☆\n真的，有一小部分人完全像精神病一样，看准了在免费章对作者发泄恶意不需要付出任何代价，就肆意妄为地拿作者当出气筒，只想祝它们出门就喜迎泥头车","commentTime":"2022-05-02 09:27:23","commentOwner":"。"},{"comment":"更恶臭的是排雷你预收的，还挑在上榜的时候长篇大论的排，然后平时没见过的那些号就开始在底下附和，跟有组织一样","commentTime":"2022-05-02 09:33:32","commentOwner":"。"},{"comment":"真的，她们都搞得我逆反了","commentTime":"2022-05-02 09:35:24","commentOwner":"。。"}]}