{"id":"f9c06fba-9112-4f45-bd6e-cbfe81c06cc9","category":"晋江论坛→网友交流区→碧水江汀 请稍候...","postSubject":"主题：我知道我写的东西很雷，但是你也没必要看完了我的文案和排雷之后，还非得去评论区说一遍，你写的好雷 [11] 【搜索关键词：排雷】","postUrl":"https://bbs.jjwxc.net/showmsg.php?board=17&keyword=%C5%C5%C0%D7&id=1660767","originalPost":"咱这种行为属实是没必要了，雷你就别看了呗，非得给我打个负分干嘛啊，我都给你排完雷了，你还怪我写的雷\n因为我排的雷太雷了是吗\n我不理解。","numberOfReplies":11,"comments":[{"comment":"这……你淘宝或者外卖没给过差评吗？","commentTime":"2021-12-03 02:52:45","commentOwner":"=="},{"comment":"哪有人这样的啊呜呜呜呜，干嘛啊，我又没逼你看，咱就是说，放过自己可以吗。\n也放过我吧。","commentTime":"2021-12-03 02:52:50","commentOwner":"啊"},{"comment":"这……你淘宝或者外卖没给过差评吗？\n№1 ☆☆☆==|86a20306于2021-12-03 02:52:45留言☆☆☆\n我给差评我也花钱了啊","commentTime":"2021-12-03 02:53:12","commentOwner":"啊"},{"comment":"这……你淘宝或者外卖没给过差评吗？\n№1 ☆☆☆==|86a20306???于2021-12-03 02:52:45留言☆☆☆\n淘宝外卖是提前写了排雷给你看吗？","commentTime":"2021-12-03 02:53:39","commentOwner":"。"},{"comment":"这……你淘宝或者外卖没给过差评吗？\n№1 ☆☆☆==|86a20306于2021-12-03 02:52:45留言☆☆☆\n外卖有我不喜欢吃的东西不能取消我就不会点了呀，我也不会吃都没吃过就冲过去骂店家啊","commentTime":"2021-12-03 02:55:05","commentOwner":"。"},{"comment":"这……你淘宝或者外卖没给过差评吗？\n№1☆☆☆==|86a20306于2021-12-03 02:52:45留言☆☆☆\n没理解错的话，lz说的是看文案和排雷，没有看正文\n如果是这样就打负分排雷真的很毒啊","commentTime":"2021-12-03 02:57:15","commentOwner":"。"},{"comment":"这……你淘宝或者外卖没给过差评吗？\n№1 ☆☆☆==|86a20306于2021-12-03 02:52:45留言☆☆☆\n？","commentTime":"2021-12-03 02:58:33","commentOwner":"。"},{"comment":"大哥在说什么……","commentTime":"2021-12-03 02:58:45","commentOwner":"……"},{"comment":"像点外卖，香菜火锅，下面有评论大喊“有香菜，讨厌的不要点——”\n别的不说，好想让他补习语文","commentTime":"2021-12-03 02:59:32","commentOwner":"pjbhikm"},{"comment":"这……你淘宝或者外卖没给过差评吗？\n№1 ☆☆☆==|86a20306于2021-12-03 02:52:45留言☆☆☆\n你淘宝买东西，不买只看人家介绍就去差评？你看淘宝给不给你机会，你不确认收货都不能评呢。也就晋江惯你们这种杠精的毛病，还真把自己当根葱了","commentTime":"2021-12-03 03:01:18","commentOwner":"=="},{"comment":"这……你淘宝或者外卖没给过差评吗？\n№1 ☆☆☆==|86a20306于2021-12-03 02:52:45留言☆☆☆\n你淘宝外卖不花钱的吗？\n还是你不喜欢吃鸡翅点了可乐鸡翅再给别人打差评说里面有鸡翅？\n非要瞎代入，又要说作者堵嘴，无语","commentTime":"2021-12-03 03:03:30","commentOwner":"= ="}]}