{"id":"0bb14883-8506-4936-abcc-f625ea196b0a","category":"晋江论坛→网友交流区→碧水江汀 请稍候...","postSubject":"主题：如果我要排雷，我相信我的文案可以不需要写了，唉，反正一天不是这个雷就是那个雷，我写一个剧情还得想想这个有没有读者雷 [1] 【搜索关键词：排雷】","postUrl":"https://bbs.jjwxc.net/showmsg.php?board=17&keyword=%C5%C5%C0%D7&id=1835684","originalPost":"心累，骂我吧骂吧，就是写个妖精还不能可爱天真，因为妖精是妖精，得妖媚","numberOfReplies":1,"comments":[{"comment":"我直接在第一章作话排了十条雷，然后作话放前","commentTime":"2022-04-06 14:09:55","commentOwner":"。"}]}