{"id":"0020f2a2-bb6f-409b-9515-84a99a1bbe43","category":"晋江论坛→网友交流区→碧水江汀 请稍候...","postSubject":"主题：真的会有人写出和别人一模一样的文案排雷吗？ [225] 【搜索关键词：排雷】","postUrl":"https://bbs.jjwxc.net/showmsg.php?board=17&keyword=%C5%C5%C0%D7&id=1698379","originalPost":"虽然不是什么很特殊的排雷，可是123一个字都不差，标点符号也不差，连顺序都不差。\n\n这可能吗。。\n人在某频新晋，我先过的签发的文，可是没截图文案排雷。\n\n非要说的话也不是什么大事，可是真的就非常膈应，非常非常膈应。","numberOfReplies":225,"comments":[{"comment":"虽然不是什么很特殊的排雷，可是123一个字都不差，标点符号也不差，连顺序都不差。\n这可能吗。。\n人在某频新晋，我先过的签发的文，可是没截图文案排雷。\n非要说的话也不是什么大事，可是真的就非常膈应，非常非常膈应。\n№0 ☆☆☆。。。|4e9ef7a7于2021-12-31 08:11:16留言☆☆☆\nfpb","commentTime":"2021-12-31 08:11:23","commentOwner":"。。。"},{"comment":"比较微妙的是我们互相认识。","commentTime":"2021-12-31 08:12:16","commentOwner":"。。。"},{"comment":"额，还可能是对方不知道排雷怎么写，以为排雷可以照抄……（新人作者干过这事的还不少）","commentTime":"2021-12-31 08:13:42","commentOwner":"。"},{"comment":"我比较倾向于不可能写出这样一模一样的东西，怎么也差几个字吧？\n可是我们说认识但不熟，我真的好膈应","commentTime":"2021-12-31 08:13:51","commentOwner":"。。。"},{"comment":"额，还可能是对方不知道排雷怎么写，以为排雷可以照抄……（新人作者干过这事的还不少）\n№3 ☆☆☆。|408c9def于2021-12-31 08:13:42留言☆☆☆\n也是鲨了好多次过签的，在绿江写了有一段时间了","commentTime":"2021-12-31 08:14:26","commentOwner":"。。。"},{"comment":"额，还可能是对方不知道排雷怎么写，以为排雷可以照抄……（新人作者干过这事的还不少）\n№3 ☆☆☆。|408c9def于2021-12-31 08:13:42留言☆☆☆\n我丢 我第一本排雷也是照别人写的 比如1v1he 作者笔力有限 遇事不决量子力学什么的","commentTime":"2021-12-31 08:14:52","commentOwner":"。"},{"comment":"这，连排雷说明也要鉴抄了吗……","commentTime":"2021-12-31 08:15:43","commentOwner":"……"},{"comment":"历史引用 展开全部▼\n我丢 我第一本排雷也是照别人写的 比如1v1he 作者笔力有限 遇事不决量子力学什么的\n№6 ☆☆☆。|be481f62于2021-12-31 08:14:52留言☆☆☆\n我也是……连格式都是模仿的，那个时候真的不知道排雷也不能抄作业……","commentTime":"2021-12-31 08:16:00","commentOwner":"。"},{"comment":"啊，抱歉，我还以为排雷应该不影响吧？","commentTime":"2021-12-31 08:16:30","commentOwner":"= ="},{"comment":"啊，抱歉，我还以为排雷应该不影响吧？\n№9 ☆☆☆= =|a809eedc于2021-12-31 08:16:30留言☆☆☆\n我不是抄排雷的人啊","commentTime":"2021-12-31 08:16:49","commentOwner":"= ="},{"comment":"……啊这\n只是排雷而已……","commentTime":"2021-12-31 08:16:58","commentOwner":"。"},{"comment":"排雷鉴抄？我以为我看错了又返回去看了一遍","commentTime":"2021-12-31 08:17:51","commentOwner":"……"},{"comment":"啊……排雷也要鉴抄了吗？\n老人地铁手机.jpg","commentTime":"2021-12-31 08:18:26","commentOwner":"。"},{"comment":"排雷来来回回不就那么几条……\n你排雷难道还能创新不成？","commentTime":"2021-12-31 08:18:40","commentOwner":"=="},{"comment":"啊……排雷也要鉴抄了吗？\n老人地铁手机.jpg\n№13 ☆☆☆。|cb0eb38e于2021-12-31 08:18:26留言☆☆☆\n。","commentTime":"2021-12-31 08:19:03","commentOwner":"。"},{"comment":"我一开始都不知道要写这啥排雷啊阅读指南的 看了别人的…也挂了一个上去…","commentTime":"2021-12-31 08:19:07","commentOwner":"。"},{"comment":"这，连排雷说明也要鉴抄了吗……\n№7 ☆☆☆……|d3cfdb91于2021-12-31 08:15:43留言☆☆☆\n每一点都一模一样，而且我们认识，我自己知道的每一个点都会告诉她，提醒她注意压字数，提醒她申榜。也不是鉴抄的意思，觉得她如果来和我说一下都好，直接c+v过去我觉得我之前兢兢业业提醒她的那些，有点白费了。","commentTime":"2021-12-31 08:19:30","commentOwner":"。。。"},{"comment":"排雷鉴抄，不必吧","commentTime":"2021-12-31 08:19:41","commentOwner":"。。"},{"comment":"排雷也要鉴？","commentTime":"2021-12-31 08:19:53","commentOwner":"= ="},{"comment":"这不叫鉴抄吧，看主楼摆明了是复制啊","commentTime":"2021-12-31 08:20:11","commentOwner":"=="},{"comment":"每一点都一模一样，而且我们认识，我自己知道的每一个点都会告诉她，提醒她注意压字数，提醒她申榜。也不是鉴抄的意思，觉得她如果来和我说一下都好，直接c+v过去我觉得我之前兢兢业业提醒她的那些，有点白费了。\n如果是不认识的，就当是看到了然后写上去了，微妙的点是我们认识。","commentTime":"2021-12-31 08:20:50","commentOwner":"。。。"},{"comment":"123的每一点都一模一样，每一个字，每一个标点符号，包括顺序，都是一模一样的。\n整个文案排雷的每一个字都是一样的（她比我多写了一个点，排除那个点以外是完全一模一样的）","commentTime":"2021-12-31 08:21:49","commentOwner":"。。。"},{"comment":"排雷也不行吗？虽然我从来没有排过雷。","commentTime":"2021-12-31 08:22:09","commentOwner":"。"},{"comment":"这，连排雷说明也要鉴抄了吗……\n№7 ☆☆☆……|d3cfdb91于2021-12-31 08:15:43留言☆☆☆\n。","commentTime":"2021-12-31 08:22:14","commentOwner":"。"},{"comment":"排雷？你如果在意，直接跟她说。\n这事儿在jj和bs都不是事儿。","commentTime":"2021-12-31 08:22:16","commentOwner":"。"},{"comment":"还是好好写文吧，别搞这些有的没的了，又不是copy了你的文案。","commentTime":"2021-12-31 08:22:39","commentOwner":"。"},{"comment":"排雷？你如果在意，直接跟她说。\n这事儿在jj和bs都不是事儿。\n№25 ☆☆☆。|1e345eb3于2021-12-31 08:22:16留言☆☆☆\n就是因为认识所以我一时间不知道怎么说","commentTime":"2021-12-31 08:23:06","commentOwner":"。。。"},{"comment":"排雷也不应该复制粘贴吧，如果确定是抄的，你可以跟她说一下","commentTime":"2021-12-31 08:23:42","commentOwner":"= ="},{"comment":"放在我身上\n文案不行\n排雷无所谓","commentTime":"2021-12-31 08:23:51","commentOwner":"= ="},{"comment":"建议楼主以后不要交朋友了，也不要找基友，自己一个人安静写文就好了。","commentTime":"2021-12-31 08:24:31","commentOwner":"= ="},{"comment":"排雷也不应该复制粘贴吧，如果确定是抄的，你可以跟她说一下\n№28 ☆☆☆= =|dfbc2f49于2021-12-31 08:23:42留言☆☆☆\n是完全复制粘贴的，连顺序都没有改一下。","commentTime":"2021-12-31 08:24:58","commentOwner":"。。。"},{"comment":"还是好好写文吧，别搞这些有的没的了，又不是copy了你的文案。\n№26 ☆☆☆。|a2d7bac7于2021-12-31 08:22:39留言☆☆☆\n文案你们不也说不能鉴抄吗？发现这里对抄袭容忍度真的很高，排雷是没什么，但复制黏贴还不能膈应一下吗？","commentTime":"2021-12-31 08:25:18","commentOwner":"= ="},{"comment":"。。。","commentTime":"2021-12-31 08:25:34","commentOwner":"。"},{"comment":"历史引用 展开全部▼\n文案你们不也说不能鉴抄吗？发现这里对抄袭容忍度真的很高，排雷是没什么，但复制黏贴还不能膈应一下吗？\n№32☆☆☆= =|dfbc2f49于2021-12-31 08:25:18留言☆☆☆\n什么叫我们对抄袭容忍度很高？？？","commentTime":"2021-12-31 08:26:10","commentOwner":"。"},{"comment":"别人复制黏贴她的东西，楼里连不舒服都不让楼主有吗？","commentTime":"2021-12-31 08:26:40","commentOwner":"。"},{"comment":"没有鉴抄的意思，就是觉得我们既然认识，直接复制粘贴让我觉得很不舒服，我觉得可以来和我说一下的，我也只会说太好了，我和宝宝用一样的文案排雷耶。\n但是直接复制粘贴过去，让我觉得不太舒服。","commentTime":"2021-12-31 08:26:59","commentOwner":"。。。"},{"comment":"一个排雷而已，你膈应啥啊，有什么可膈应的。\n我跟你是朋友，我今天跟你说我吃了大米饭，明天看到我竟然也吃大米饭，一模一样的大米饭，你为什么吵我的，好膈应。","commentTime":"2021-12-31 08:27:19","commentOwner":"= ="},{"comment":"历史引用 展开全部▼\n文案你们不也说不能鉴抄吗？发现这里对抄袭容忍度真的很高，排雷是没什么，但复制黏贴还不能膈应一下吗？\n№32☆☆☆= =|dfbc2f49于2021-12-31 08:25:18留言☆☆☆\n鬼知道主楼说的排雷123到底是个什么内容，万一是个很大众化的东西，呢？\n碧水全是作者，你来碧水说碧水对抄袭容忍度很高？你有毒吧","commentTime":"2021-12-31 08:27:24","commentOwner":"。"},{"comment":"别人复制黏贴她的东西，楼里连不舒服都不让楼主有吗？\n№35☆☆☆。|70da77d3于2021-12-31 08:26:40留言☆☆☆\n如何确定别人属于复制粘贴呢？","commentTime":"2021-12-31 08:28:25","commentOwner":"。"},{"comment":"好家伙，现在连排雷都鉴抄了，以后是不是还要鉴文风文笔笔名了","commentTime":"2021-12-31 08:28:38","commentOwner":"。"},{"comment":"排雷这个确实可能很多人没这个意识。。。事实上就算真是copy了排雷也真的不是什么事。\n所以如果楼主介意的话，跟那个人说就好了，虽然本身不算什么事，但楼主不高兴也可以跟那人直说，只是放在公共论坛上可能收不到太多认同。","commentTime":"2021-12-31 08:28:41","commentOwner":"。"},{"comment":"排雷不就是在说差不多的东西。","commentTime":"2021-12-31 08:29:09","commentOwner":"。"},{"comment":"历史引用 展开全部▼\n如何确定别人属于复制粘贴呢？\n№39 ☆☆☆。|a2d7bac7于2021-12-31 08:28:25留言☆☆☆\n完全一致，精确到标点符号和顺序。","commentTime":"2021-12-31 08:29:12","commentOwner":"。。。"},{"comment":"历史引用 展开全部▼\n如何确定别人属于复制粘贴呢？\n№39 ☆☆☆。|a2d7bac7于2021-12-31 08:28:25留言☆☆☆\n对呀，而且文章内容不一样，怎么可能排雷一模一样","commentTime":"2021-12-31 08:29:20","commentOwner":"。"},{"comment":"历史引用 展开全部▼\n什么叫我们对抄袭容忍度很高？？？\n№34 ☆☆☆。|a2d7bac7于2021-12-31 08:26:10留言☆☆☆\n你的排雷被原封不动复制黏贴，你真的一点不会膈应吗？开始只是慷他人之慨？","commentTime":"2021-12-31 08:29:41","commentOwner":"= ="},{"comment":"排雷不就是在说差不多的东西。\n№42 ☆☆☆。|65669234于2021-12-31 08:29:09留言☆☆☆\n是差不多的东西，但是精确到标点符号和顺序都一模一样呢","commentTime":"2021-12-31 08:29:56","commentOwner":"。。。"},{"comment":"抄袭的根本目的是想占有别人的原创成果当成自己的，这也是抄袭被人不耻和需要打击的地方。\n排雷，能占有什么？","commentTime":"2021-12-31 08:30:24","commentOwner":"。"},{"comment":"我排雷男女主sc，你也排雷男女主sc，我：你抄袭？？？","commentTime":"2021-12-31 08:30:46","commentOwner":"。"},{"comment":"历史引用 展开全部▼\n对呀，而且文章内容不一样，怎么可能排雷一模一样\n№44 ☆☆☆。|f087cc8f于2021-12-31 08:29:20留言☆☆☆\n那现在一模一样了，是不是可以说明就是复制黏贴？","commentTime":"2021-12-31 08:31:17","commentOwner":"= ="},{"comment":"抄袭的根本目的是想占有别人的原创成果当成自己的，这也是抄袭被人不耻和需要打击的地方。\n排雷，能占有什么？\n№47 ☆☆☆。|65669234于2021-12-31 08:30:24留言☆☆☆\n能节省自己时间","commentTime":"2021-12-31 08:31:40","commentOwner":"= ="},{"comment":"一个排雷，我就想问问楼主排雷究竟写了几百字？\n大部分也就是十几个字吧。\n十几个字的排雷，你究竟是膈应她跟你一样，还是不打声招呼就跟你一样？\n如果是后者，真的建议默默死基友吧。\n这就跟化妆，她偷偷买了和你的口红一样牌子一样色号的。\n介意不介意，都看你自己了。","commentTime":"2021-12-31 08:31:44","commentOwner":"= ="},{"comment":"这种说明性的文字……你要是觉得膈应大可以直接找对方说，发bs有什么用呢？","commentTime":"2021-12-31 08:31:59","commentOwner":"。"},{"comment":"一个排雷，我就想问问楼主排雷究竟写了几百字？\n大部分也就是十几个字吧。\n十几个字的排雷，你究竟是膈应她跟你一样，还是不打声招呼就跟你一样？\n如果是后者，真的建议默默死基友吧。\n这就跟化妆，她偷偷买了和你的口红一样牌子一样色号的。\n介意不介意，都看你自己了。\n№51 ☆☆☆= =|be49df39于2021-12-31 08:31:44留言☆☆☆\n大概是觉得既然认识，分明可以说一下的，可是选择了不说。膈应这个？","commentTime":"2021-12-31 08:32:23","commentOwner":"。。。"},{"comment":"这种说明性的文字……你要是觉得膈应大可以直接找对方说，发bs有什么用呢？\n№52 ☆☆☆。|d9310dbc于2021-12-31 08:31:59留言☆☆☆\n你说得对，我忘记加pbc了","commentTime":"2021-12-31 08:32:45","commentOwner":"。。。"},{"comment":"历史引用 展开全部▼\n能节省自己时间\n№50☆☆☆= =|dfbc2f49于2021-12-31 08:31:40留言☆☆☆\n这不是抄袭的内因哦，所以你说的毫无意义","commentTime":"2021-12-31 08:33:05","commentOwner":"。"},{"comment":"历史引用 展开全部▼\n这不是抄袭的内因哦，所以你说的毫无意义\n№55 ☆☆☆。|65669234于2021-12-31 08:33:05留言☆☆☆\n为什么毫无意义，那就祝你的排雷总被人复制黏贴咯","commentTime":"2021-12-31 08:33:54","commentOwner":"= ="},{"comment":"历史引用 展开全部▼\n那现在一模一样了，是不是可以说明就是复制黏贴？\n№49 ☆☆☆= =|dfbc2f49于2021-12-31 08:31:17留言☆☆☆\n文章一模一样吗","commentTime":"2021-12-31 08:34:47","commentOwner":"。"},{"comment":"举个例子，排雷，追妻火葬场，不换男主。\n类似这种的排雷，早就烂大街了","commentTime":"2021-12-31 08:34:50","commentOwner":"。。"},{"comment":"我忘记加pbc啦，本意是想说一说这件事，树洞一下。\n没有鉴抄，没有说文案排雷不能参考的意思。\n我可能比较介意的是，她明明可以和我说的，可是选择了隐瞒，然后直接c+v过去，让我觉得有点说不上来的感觉。","commentTime":"2021-12-31 08:35:08","commentOwner":"。。。"},{"comment":"排雷其实不是很影响什么的，看了一下完全复制粘贴人心里不舒服也很正常，但确实不怎么影响，除非是文案内容抄袭扩皮那种，楼主心里膈应的话要么就和基友说，要么就默默死基友吧。","commentTime":"2021-12-31 08:36:24","commentOwner":"= ="},{"comment":"我忘记加pbc啦，本意是想说一说这件事，树洞一下。\n没有鉴抄，没有说文案排雷不能参考的意思。\n我可能比较介意的是，她明明可以和我说的，可是选择了隐瞒，然后直接c+v过去，让我觉得有点说不上来的感觉。\n№59 ☆☆☆。。。|4e9ef7a7于2021-12-31 08:35:08留言☆☆☆\n你在这纠结来纠结去，人家可能都没把这个当回事，你直接去跟她说啊","commentTime":"2021-12-31 08:36:25","commentOwner":"。"},{"comment":"历史引用 展开全部▼\n为什么毫无意义，那就祝你的排雷总被人复制黏贴咯\n№56☆☆☆= =|dfbc2f49于2021-12-31 08:33:54留言☆☆☆\n你很奇怪，只要和你想的不同，下一句就诅咒就顺口就来？\n你就是那种作者写了不合心意的东西马上就开始诅咒的人？\n那现在是你的排雷被复制黏贴，反过来推，是不是你经常嘴上无德，所以报应已经一点点的来了呢？","commentTime":"2021-12-31 08:36:49","commentOwner":"。"},{"comment":"历史引用 展开全部▼\n这不是抄袭的内因哦，所以你说的毫无意义\n№55 ☆☆☆。|65669234于2021-12-31 08:33:05留言☆☆☆\n你………","commentTime":"2021-12-31 08:37:19","commentOwner":"= ="},{"comment":"历史引用 展开全部▼\n你在这纠结来纠结去，人家可能都没把这个当回事，你直接去跟她说啊\n№61 ☆☆☆。|be481f62于2021-12-31 08:36:25留言☆☆☆\n是的，是我忘记加pbc就发了，唉。","commentTime":"2021-12-31 08:37:19","commentOwner":"。。。"},{"comment":"历史引用 展开全部▼\n你很奇怪，只要和你想的不同，下一句就诅咒就顺口就来？\n你就是那种作者写了不合心意的东西马上就开始诅咒的人？\n那现在是你的排雷被复制黏贴，反过来推，是不是你经常嘴上无德，所以报应已经一点点的来了呢？\n№62 ☆☆☆。|65669234于2021-12-31 08:36:49留言☆☆☆\n我不是楼主，眼睛这么不好使的吗？你如果觉得没什么，不应该觉得这是诅咒啊，既然你觉得这是诅咒，说明你也不想被复制黏贴啊","commentTime":"2021-12-31 08:38:07","commentOwner":"= ="},{"comment":"历史引用 展开全部▼\n你很奇怪，只要和你想的不同，下一句就诅咒就顺口就来？\n你就是那种作者写了不合心意的东西马上就开始诅咒的人？\n那现在是你的排雷被复制黏贴，反过来推，是不是你经常嘴上无德，所以报应已经一点点的来了呢？\n№62 ☆☆☆。|65669234于2021-12-31 08:36:49留言☆☆☆\n抱歉，是我忘记加pbc，没有在这里鉴抄文案的意思。我介意的点可能还是我们认识，她明明和我说一句就好的事情","commentTime":"2021-12-31 08:38:24","commentOwner":"。。。"},{"comment":"我可以理解楼主，一模一样诶，不管是什么东西遇到复制粘贴肯定膈应吧，不过也只能膈应一下了确实不算抄袭的。","commentTime":"2021-12-31 08:38:34","commentOwner":"。"},{"comment":"我可以理解楼主，一模一样诶，不管是什么东西遇到复制粘贴肯定膈应吧，不过也只能膈应一下了确实不算抄袭的。\n№67 ☆☆☆。|ac3a5530于2021-12-31 08:38:34留言☆☆☆\n没有鉴抄的意思_(:з」∠)_我就是说自己觉得膈应，我觉得和我说一句就可以的事情，却选择隐瞒，我觉得有点不舒服？难过？就是那种很微妙的情绪","commentTime":"2021-12-31 08:39:49","commentOwner":"。。。"},{"comment":"@红大衣 能不能查查，dfbc2f49和楼主是不是来自同一个IP","commentTime":"2021-12-31 08:40:19","commentOwner":"。"},{"comment":"@红大衣 能不能查查，dfbc2f49和楼主是不是来自同一个IP\n№69 ☆☆☆。|a2d7bac7于2021-12-31 08:40:19留言☆☆☆\n啊？看着也不像啊","commentTime":"2021-12-31 08:40:41","commentOwner":"= ="},{"comment":"历史引用 展开全部▼\n你很奇怪，只要和你想的不同，下一句就诅咒就顺口就来？\n你就是那种作者写了不合心意的东西马上就开始诅咒的人？\n那现在是你的排雷被复制黏贴，反过来推，是不是你经常嘴上无德，所以报应已经一点点的来了呢？\n№62 ☆☆☆。|65669234于2021-12-31 08:36:49留言☆☆☆\n排雷既然不算抄袭，那你的排雷被复制粘贴不是很好吗？助人为乐了，为啥觉得是在诅咒你呢？","commentTime":"2021-12-31 08:40:52","commentOwner":"= ="},{"comment":"抱歉引起大家误会啦，我没有在这里鉴抄文案的意思。\n我微妙的点在于，我们两个人认识的。\n是可以和我来说一下的事，但是被选择隐瞒了。这一个点让我不舒服了","commentTime":"2021-12-31 08:41:21","commentOwner":"。。。"},{"comment":"@红大衣 能不能查查，dfbc2f49和楼主是不是来自同一个IP\n№69 ☆☆☆。|a2d7bac7于2021-12-31 08:40:19留言☆☆☆\n查吧，我号就在这里，顺便我也举报你恶意鉴定，看咱俩谁有理","commentTime":"2021-12-31 08:41:54","commentOwner":"= ="},{"comment":"@红大衣 能不能查查，dfbc2f49和楼主是不是来自同一个IP\n№69 ☆☆☆。|a2d7bac7于2021-12-31 08:40:19留言☆☆☆\n咕咕，也没有必要这样无端怀疑别人，如果49和我是同一个ip我当场baobi。","commentTime":"2021-12-31 08:42:26","commentOwner":"。。。"},{"comment":"为什么不能膈应？她这是粘贴复制，把楼主一个字一个字敲的东西复制过去，一模一样，凭什么不能膈应？别说什么排雷鉴抄，这不是鉴定抄不抄袭，而是直接粘贴复制，这是两回事，如果楼主说那个人的排雷跟自己很相似，那说无语可以，毕竟排雷大同小异，可是她这是粘贴复制啊","commentTime":"2021-12-31 08:43:04","commentOwner":"。"},{"comment":"为什么不能膈应？她这是粘贴复制，把楼主一个字一个字敲的东西复制过去，一模一样，凭什么不能膈应？别说什么排雷鉴抄，这不是鉴定抄不抄袭，而是直接粘贴复制，这是两回事，如果楼主说那个人的排雷跟自己很相似，那说无语可以，毕竟排雷大同小异，可是她这是粘贴复制啊\n№75 ☆☆☆。|12cf9615于2021-12-31 08:43:04留言☆☆☆\n是的是的，抱歉我没加pbc，我的本意没有要鉴抄也没有要吵架的意思。","commentTime":"2021-12-31 08:43:57","commentOwner":"。。。"},{"comment":"楼主的想法大概就是，你认识的一个人，有天穿着和你一样的衣服，化一样的妆容，剪一样的头发（这么说有点夸张）。\n如果她提前说了，我想尝试和你一样的打扮风格诶，你可以教教我怎么搭配吗？\n那楼主是不会介意的。\n但她什么也不说就直接这么做了，心里就有点膈应，好像理所当然地被“拿来吧你”了，毕竟是完全复制粘贴，不是中译中，不是模仿格式。","commentTime":"2021-12-31 08:45:17","commentOwner":"。"},{"comment":"预计hot","commentTime":"2021-12-31 08:45:45","commentOwner":"=="},{"comment":"楼主的想法大概就是，你认识的一个人，有天穿着和你一样的衣服，化一样的妆容，剪一样的头发（这么说有点夸张）。\n如果她提前说了，我想尝试和你一样的打扮风格诶，你可以教教我怎么搭配吗？\n那楼主是不会介意的。\n但她什么也不说就直接这么做了，心里就有点膈应，好像理所当然地被“拿来吧你”了，毕竟是完全复制粘贴，不是中译中，不是模仿格式。\n№77 ☆☆☆。|1ff055c4于2021-12-31 08:45:17留言☆☆☆\n是的是的，不愧是一星咕咕，表达能力好好！！","commentTime":"2021-12-31 08:45:53","commentOwner":"。。。"},{"comment":"排雷？？？\n这也要说，实在不爽你直接跟她说明吧，来bs真有点多余了。","commentTime":"2021-12-31 08:46:50","commentOwner":"，"},{"comment":"楼主基友我不膈应。楼主我好膈应\n你写的排雷是你的原创？","commentTime":"2021-12-31 08:46:55","commentOwner":"。"},{"comment":"是我没加pbc，不好意思，我错啦。刚刚在早自习，脑袋有点混乱。\nid49和我也不是一个ip，我没有鉴抄的意思，不好意思。","commentTime":"2021-12-31 08:47:14","commentOwner":"。。。"},{"comment":"楼主基友我不膈应。楼主我好膈应\n你写的排雷是你的原创？\n№81☆☆☆。|08ec33e7于2021-12-31 08:46:55留言☆☆☆\n主楼梗母口吻，后面又打补丁。理亏就打补丁。","commentTime":"2021-12-31 08:47:45","commentOwner":"。"},{"comment":"lz你的排雷是什么样的，如果是这样\n1.追妻火葬场\n2.不换男主\n3.不喜点叉\n的大众排雷的话，emmmmmmm","commentTime":"2021-12-31 08:48:05","commentOwner":"。"},{"comment":"戳进这个帖子真是浪费我人生中的五分钟","commentTime":"2021-12-31 08:48:22","commentOwner":"。"},{"comment":"lz把你的排雷发出来看看是有多独特吧？\n如果是那种1v1，sc/非sc，he，架空勿考据……\n这种就没必要吧","commentTime":"2021-12-31 08:48:58","commentOwner":"=="},{"comment":"标点符号都不差直接一样也太……","commentTime":"2021-12-31 08:49:09","commentOwner":"别刷bs了快去码字"},{"comment":"lz把你的排雷发出来看看是有多独特吧？\n如果是那种1v1，sc/非sc，he，架空勿考据……\n这种就没必要吧\n№86 ☆☆☆==|1db78fc9于2021-12-31 08:48:58留言☆☆☆\n发出来就爆马了吧，也不独特但是三个点的标点符号都一致，包括顺序。","commentTime":"2021-12-31 08:50:02","commentOwner":"。。。"},{"comment":"历史引用 展开全部▼\n发出来就爆马了吧，也不独特但是三个点的标点符号都一致，包括顺序。\n№88 ☆☆☆。。。|4e9ef7a7于2021-12-31 08:50:02留言☆☆☆\n1.追妻火葬场\n2.不换男主\n3.不喜点叉\n是与这个类似吗","commentTime":"2021-12-31 08:51:04","commentOwner":"。"},{"comment":"排雷都要圈地吗？？？不是有点离大谱啊喂。","commentTime":"2021-12-31 08:52:02","commentOwner":"。"},{"comment":"历史引用 展开全部▼\n1.追妻火葬场\n2.不换男主\n3.不喜点叉\n是与这个类似吗\n№89 ☆☆☆。|1234dd38于2021-12-31 08:51:04留言☆☆☆\n倒也不是这样…","commentTime":"2021-12-31 08:52:38","commentOwner":"。。。"},{"comment":"不是说什么鉴抄，楼上别跑偏\n楼主可能想说的是，你拿人家的东西用，你再怎么样，你就不能说一声？这人素质呢，服了，关键还一模一样\n最讨厌这种人，和她很熟吗","commentTime":"2021-12-31 08:53:57","commentOwner":"。"},{"comment":"历史引用 展开全部▼\n发出来就爆马了吧，也不独特但是三个点的标点符号都一致，包括顺序。\n№88☆☆☆。。。|4e9ef7a7于2021-12-31 08:50:02留言☆☆☆\n也不独特，那你凭什么圈地","commentTime":"2021-12-31 08:54:00","commentOwner":"。"},{"comment":"不是说什么鉴抄，楼上别跑偏\n楼主可能想说的是，你拿人家的东西用，你再怎么样，你就不能说一声？这人素质呢，服了，关键还一模一样\n最讨厌这种人，和她很熟吗\n№92 ☆☆☆。|d991ad7f于2021-12-31 08:53:57留言☆☆☆\n认识，互相知道对方，但是没有那么熟","commentTime":"2021-12-31 08:54:46","commentOwner":"。。。"},{"comment":"历史引用 展开全部▼\n认识，互相知道对方，但是没有那么熟\n№94 ☆☆☆。。。|4e9ef7a7于2021-12-31 08:54:46留言☆☆☆\n那这种人就超级讨厌","commentTime":"2021-12-31 08:55:18","commentOwner":"。"},{"comment":"历史引用 展开全部▼\n倒也不是这样…\n№91 ☆☆☆。。。|4e9ef7a7于2021-12-31 08:52:38留言☆☆☆\n那你排雷是1v1，sc/非sc，he/be，架空勿考据，不喜点叉，拒绝人参攻击……这种吗","commentTime":"2021-12-31 08:55:31","commentOwner":"=="},{"comment":"历史引用 展开全部▼\n也不独特，那你凭什么圈地\n№93 ☆☆☆。|a2d7bac7于2021-12-31 08:54:00留言☆☆☆\n再普通，某一项10几个字也很难做到完全一致啦。","commentTime":"2021-12-31 08:55:42","commentOwner":"。。。"},{"comment":"排雷跟一篇文章的内容相关性很高吧，这咋抄我就很好奇，lz不要你贴文案排雷内容，要不举个例子吧","commentTime":"2021-12-31 08:56:16","commentOwner":"。"},{"comment":"历史引用 展开全部▼\n那你排雷是1v1，sc/非sc，he/be，架空勿考据，不喜点叉，拒绝人参攻击……这种吗\n№96 ☆☆☆==|1db78fc9于2021-12-31 08:55:31留言☆☆☆\n不是，有一项十几个字，这十几个字一个字不差","commentTime":"2021-12-31 08:56:19","commentOwner":"。。。"},{"comment":"以后是不是立意也要鉴抄了，有时候写不出来，我就会去康康别人咋写的","commentTime":"2021-12-31 08:56:34","commentOwner":"。"},{"comment":"历史引用 展开全部▼\n不是，有一项十几个字，这十几个字一个字不差\n№99 ☆☆☆。。。|4e9ef7a7于2021-12-31 08:56:19留言☆☆☆\n你这十几个字关联了正文内容的嘛？关联了的话那确实很微妙……","commentTime":"2021-12-31 08:57:08","commentOwner":"=="},{"comment":"历史引用 展开全部▼\n不是，有一项十几个字，这十几个字一个字不差\n№99☆☆☆。。。|4e9ef7a7于2021-12-31 08:56:19留言☆☆☆\n那你的意思是只有其中一项十几个字一字不差？\n你在这里放长线钓大鱼呢还是挤牙膏","commentTime":"2021-12-31 08:57:52","commentOwner":"。"},{"comment":"以后是不是立意也要鉴抄了，有时候写不出来，我就会去康康别人咋写的\n№100 ☆☆☆。|f087cc8f于2021-12-31 08:56:34留言☆☆☆\n我刚签约那会，入v通知不知道怎么写，也是参考了同学咋写的","commentTime":"2021-12-31 08:57:56","commentOwner":"。"},{"comment":"历史引用 展开全部▼\n不是，有一项十几个字，这十几个字一个字不差\n№99 ☆☆☆。。。|4e9ef7a7于2021-12-31 08:56:19留言☆☆☆\nlz能举一下被抄袭的排雷类似性质也行文的排雷句子的例子吗？不是要lz把自己的排雷贴出来，就是仿写句子","commentTime":"2021-12-31 08:59:08","commentOwner":"。"},{"comment":"历史引用 展开全部▼\nlz能举一下被抄袭的排雷类似性质也行文的排雷句子的例子吗？不是要lz把自己的排雷贴出来，就是仿写句子\n№104 ☆☆☆。|1234dd38于2021-12-31 08:59:08留言☆☆☆\n是的，一个排雷，除了那些大段大段的排雷，普通的大家都有的我真想不到还有啥特别的","commentTime":"2021-12-31 09:00:19","commentOwner":"=="},{"comment":"这种事我个人是无所谓的，如果不认识的人那复制就复制呗，但如果是朋友，我希望她能打个招呼，跟抄袭不抄袭无关，只是为了礼貌……不打招呼我也不觉得有错，就只是可能觉得她不够懂礼貌而已","commentTime":"2021-12-31 09:00:59","commentOwner":"OvO"},{"comment":"楼里那么多人说鉴抄的有好好看楼主的回复吗？楼主都说了没有鉴抄的意思，但不说一声就复制粘贴，连标点符号都一模一样，就不能隔应一下吗？","commentTime":"2021-12-31 09:01:29","commentOwner":"。"},{"comment":"入v公告要不要鉴一下？","commentTime":"2021-12-31 09:01:53","commentOwner":"= ="},{"comment":"历史引用 展开全部▼\n那你的意思是只有其中一项十几个字一字不差？\n你在这里放长线钓大鱼呢还是挤牙膏\n№102 ☆☆☆。|a2d7bac7于2021-12-31 08:57:52留言☆☆☆\n全部一字不差，但是其中有一项比较长，十几个字，我觉得其他的是很容易会写到一样，但是十几个字的那一项是很难一模一样的，这个意思。","commentTime":"2021-12-31 09:02:09","commentOwner":"。。。"},{"comment":"入v公告要不要鉴一下？\n№108 ☆☆☆= =|281e2b2d于2021-12-31 09:01:53留言☆☆☆\n哈哈哈哈","commentTime":"2021-12-31 09:02:30","commentOwner":"。"},{"comment":"想知道到底是什么样的排雷，大概意思说一下吧","commentTime":"2021-12-31 09:02:42","commentOwner":"= ="},{"comment":"历史引用 展开全部▼\n全部一字不差，但是其中有一项比较长，十几个字，我觉得其他的是很容易会写到一样，但是十几个字的那一项是很难一模一样的，这个意思。\n№109 ☆☆☆。。。|4e9ef7a7于2021-12-31 09:02:09留言☆☆☆\n举个类似行文的例子吧","commentTime":"2021-12-31 09:02:42","commentOwner":"。"},{"comment":"这………………","commentTime":"2021-12-31 09:04:30","commentOwner":"迟早是五星"},{"comment":"啊……排雷也要鉴抄了吗？\n老人地铁手机.jpg\n№13 ☆☆☆。|cb0eb38e于2021-12-31 08:18:26留言☆☆☆\n。","commentTime":"2021-12-31 09:04:46","commentOwner":"。"},{"comment":"如果介意，直接和当事人说更好，而不是在这里和咕咕们打哑谜。\n我感觉我在看名场面（楼主:它真的是那种，很少见的那种…）","commentTime":"2021-12-31 09:04:55","commentOwner":"。"},{"comment":"如果介意，直接和当事人说更好，而不是在这里和咕咕们打哑谜。\n我感觉我在看名场面（楼主:它真的是那种，很少见的那种…）\n№115 ☆☆☆。|0aaf8e04于2021-12-31 09:04:55留言☆☆☆\n。","commentTime":"2021-12-31 09:05:15","commentOwner":"= ="},{"comment":"如果介意，直接和当事人说更好，而不是在这里和咕咕们打哑谜。\n我感觉我在看名场面（楼主:它真的是那种，很少见的那种…）\n№115☆☆☆。|0aaf8e04于2021-12-31 09:04:55留言☆☆☆\n。","commentTime":"2021-12-31 09:05:36","commentOwner":"。"},{"comment":"历史引用 展开全部▼\n鬼知道主楼说的排雷123到底是个什么内容，万一是个很大众化的东西，呢？\n碧水全是作者，你来碧水说碧水对抄袭容忍度很高？你有毒吧\n№38 ☆☆☆。|a2d7bac7于2021-12-31 08:27:24留言☆☆☆\n。","commentTime":"2021-12-31 09:05:49","commentOwner":"。"},{"comment":"楼里那么多人说鉴抄的有好好看楼主的回复吗？楼主都说了没有鉴抄的意思，但不说一声就复制粘贴，连标点符号都一模一样，就不能隔应一下吗？\n№107 ☆☆☆。|ff4d4323于2021-12-31 09:01:29留言☆☆☆\n“不说一声就复制粘贴”这不是鉴抄的意思是什么？你的文章跟我的文章一样诶，而且我的先写，虽然我没有鉴抄的意思啦，但不说一声就复制粘贴我的文章是不是不太好呀，我真的没有鉴抄的意思哦，只是标点符号什么的都一模一样，我好怀疑哦，但是我真的没有鉴抄的意思哦","commentTime":"2021-12-31 09:06:28","commentOwner":"。"},{"comment":"历史引用 展开全部▼\n。\n№117 ☆☆☆。|ae8eebbc于2021-12-31 09:05:36留言☆☆☆\n。","commentTime":"2021-12-31 09:06:37","commentOwner":"。"},{"comment":"如果介意，直接和当事人说更好，而不是在这里和咕咕们打哑谜。\n我感觉我在看名场面（楼主:它真的是那种，很少见的那种…）\n№115☆☆☆。|0aaf8e04?于2021-12-31 09:04:55留言☆☆☆\n1\n如果排雷也算抄袭的话，我也抄袭过别的作者模版。\n比如\n阅读须知：1，xxx攻vsxxx受\n……","commentTime":"2021-12-31 09:06:43","commentOwner":"。。"},{"comment":"历史引用 展开全部▼\n全部一字不差，但是其中有一项比较长，十几个字，我觉得其他的是很容易会写到一样，但是十几个字的那一项是很难一模一样的，这个意思。\n№109☆☆☆。。。|4e9ef7a7于2021-12-31 09:02:09留言☆☆☆\n原来如此，那要不然你写个差不多的句子让大家看一下，否则的话确实很难想象","commentTime":"2021-12-31 09:06:59","commentOwner":"。"},{"comment":"我懂，的确非常膈应！！！但是好像楼里会有没法共情的","commentTime":"2021-12-31 09:08:06","commentOwner":"。"},{"comment":"历史引用 展开全部▼\n“不说一声就复制粘贴”这不是鉴抄的意思是什么？你的文章跟我的文章一样诶，而且我的先写，虽然我没有鉴抄的意思啦，但不说一声就复制粘贴我的文章是不是不太好呀，我真的没有鉴抄的意思哦，只是标点符号什么的都一模一样，我好怀疑哦，但是我真的没有鉴抄的意思哦\n№119 ☆☆☆。|1234dd38于2021-12-31 09:06:28留言☆☆☆\n因为确实是复制粘贴，我就这么说了，冒犯到的话不好意思","commentTime":"2021-12-31 09:08:17","commentOwner":"。。。"},{"comment":"历史引用 展开全部▼\n“不说一声就复制粘贴”这不是鉴抄的意思是什么？你的文章跟我的文章一样诶，而且我的先写，虽然我没有鉴抄的意思啦，但不说一声就复制粘贴我的文章是不是不太好呀，我真的没有鉴抄的意思哦，只是标点符号什么的都一模一样，我好怀疑哦，但是我真的没有鉴抄的意思哦\n№119 ☆☆☆。|1234dd38于2021-12-31 09:06:28留言☆☆☆\n咋了，写的一模一样，还不让别人说了？说的就是实话呀，隔应着谁了？\n那些觉得被隔应的？\n是也【一字不落】的照搬过，所以跳脚了？","commentTime":"2021-12-31 09:10:16","commentOwner":"。"},{"comment":"笑死了，如果红大衣真的来了，也查查a2d7bac7和65669234是不是基友本人吧","commentTime":"2021-12-31 09:10:28","commentOwner":"。"},{"comment":"啊搞不懂为什么都在骂楼主\n我之前也被学人精学过\n才认识一周就发现我在文案放什么她就放什么。\n例如说我标了上午九点更新，她也标一个（即使她更新时间是晚上十二点）\n例如说我标了日更不坑求收藏，她也立马标一个（即使她在断更）\n例如说我标了这是架空不要考据，她也标一个（即使她非架空）\n这些都不是谁的所属，不管怎么样都不到鉴抄的地步。但每个人的文情况是不一样的，能不能根据自己的文自己的情况自己去写自己的东西，不要一字不动地复制膈应人，尤其是才认识没多久的情况下。\n是真的很烦啊","commentTime":"2021-12-31 09:10:34","commentOwner":"。。"},{"comment":"历史引用 展开全部▼\n因为确实是复制粘贴，我就这么说了，冒犯到的话不好意思\n№124 ☆☆☆。。。|4e9ef7a7于2021-12-31 09:08:17留言☆☆☆\n那就举个类似行文的例子啊，楼里有好几个咕咕让你举例子，又没有让你贴出排雷原文","commentTime":"2021-12-31 09:10:44","commentOwner":"。"},{"comment":"历史引用 展开全部▼\n1\n如果排雷也算抄袭的话，我也抄袭过别的作者模版。\n比如\n阅读须知：1，xxx攻vsxxx受\n……\n№121 ☆☆☆。。|6e5f977a于2021-12-31 09:06:43留言☆☆☆\n如果xxxx也完全一样呢？现在说的不就是一字不差吗？并不是模板，为啥偷换概念？","commentTime":"2021-12-31 09:10:47","commentOwner":"= ="},{"comment":"请假条要不要鉴一下。楼主你有一天看到别人请假条跟你一模一样是不是也要说别人复制粘贴你？","commentTime":"2021-12-31 09:11:39","commentOwner":"=="},{"comment":"历史引用 展开全部▼\n咋了，写的一模一样，还不让别人说了？说的就是实话呀，隔应着谁了？\n那些觉得被隔应的？\n是也【一字不落】的照搬过，所以跳脚了？\n№125 ☆☆☆。|d991ad7f于2021-12-31 09:10:16留言☆☆☆\n因为楼里让楼主举出类似行文例子的全都被楼主跳过了，又不是让楼主贴出原排雷这很难吗？文案排雷与正文高度相关，这有什么抄袭的必要吗？","commentTime":"2021-12-31 09:12:04","commentOwner":"。"},{"comment":"历史引用 展开全部▼\n因为楼里让楼主举出类似行文例子的全都被楼主跳过了，又不是让楼主贴出原排雷这很难吗？文案排雷与正文高度相关，这有什么抄袭的必要吗？\n№131 ☆☆☆。|1234dd38于2021-12-31 09:12:04留言☆☆☆\n楼主既然将写文抄袭相关的事情发在公共论坛，还是在碧水，要楼主提供证据这难道不该吗？","commentTime":"2021-12-31 09:13:03","commentOwner":"。"},{"comment":"谁抄的你直接问谁不就完了，放bs上你能得到个啥？","commentTime":"2021-12-31 09:13:27","commentOwner":"。"},{"comment":"啊搞不懂为什么都在骂楼主\n我之前也被学人精学过\n才认识一周就发现我在文案放什么她就放什么。\n例如说我标了上午九点更新，她也标一个（即使她更新时间是晚上十二点）\n例如说我标了日更不坑求收藏，她也立马标一个（即使她在断更）\n例如说我标了这是架空不要考据，她也标一个（即使她非架空）\n这些都不是谁的所属，不管怎么样都不到鉴抄的地步。但每个人的文情况是不一样的，能不能根据自己的文自己的情况自己去写自己的东西，不要一字不动地复制膈应人，尤其是才认识没多久的情况下。\n是真的很烦啊\n№127 ☆☆☆。。|84ce880f于2021-12-31 09:10:34留言☆☆☆\n楼主可以类似这样说话啊，不是打哑迷，谁知道你的相似内容具体和什么相关啊…","commentTime":"2021-12-31 09:14:44","commentOwner":"。"},{"comment":"真的会有人写出一模一样的请假条/入v公告吗？\n虽然不是什么很特殊的请假条/公告，可是时间日期原因一个字都不差，标点符号也不差，连顺序都不差。\n这可能吗。。\n人在某频新晋，我先请的假/挂的公告，可是没截图文案。\n非要说的话也不是什么大事，可是真的就非常膈应，非常非常膈应。","commentTime":"2021-12-31 09:15:30","commentOwner":"=="},{"comment":"啊搞不懂为什么都在骂楼主\n我之前也被学人精学过\n才认识一周就发现我在文案放什么她就放什么。\n例如说我标了上午九点更新，她也标一个（即使她更新时间是晚上十二点）\n例如说我标了日更不坑求收藏，她也立马标一个（即使她在断更）\n例如说我标了这是架空不要考据，她也标一个（即使她非架空）\n这些都不是谁的所属，不管怎么样都不到鉴抄的地步。但每个人的文情况是不一样的，能不能根据自己的文自己的情况自己去写自己的东西，不要一字不动地复制膈应人，尤其是才认识没多久的情况下。\n是真的很烦啊\n№127 ☆☆☆。。|84ce880f于2021-12-31 09:10:34留言☆☆☆\n因为楼主没有提供证据，就连仿写类似的句子都不肯，谁也不知道她的排雷是不是大众排雷，而且楼主和那个人认识，为什么不私下解决要挂在碧水也是个问题","commentTime":"2021-12-31 09:16:23","commentOwner":"。"},{"comment":"真的会有人写出一模一样的请假条/入v公告吗？\n虽然不是什么很特殊的请假条/公告，可是时间日期原因一个字都不差，标点符号也不差，连顺序都不差。\n这可能吗。。\n人在某频新晋，我先请的假/挂的公告，可是没截图文案。\n非要说的话也不是什么大事，可是真的就非常膈应，非常非常膈应。\n№135 ☆☆☆==|7106f7f2于2021-12-31 09:15:30留言☆☆☆\n有的……","commentTime":"2021-12-31 09:16:30","commentOwner":"。"},{"comment":"历史引用 展开全部▼\n那就举个类似行文的例子啊，楼里有好几个咕咕让你举例子，又没有让你贴出排雷原文\n№128 ☆☆☆。|1234dd38于2021-12-31 09:10:44留言☆☆☆\n在思考怎么说比较贴近我那个，已经申请删帖了，变成这样确实不是我本愿，是我没加pbc的问题。本意也不是想鉴抄，给大家带来麻烦啦。大致上就是1.金无足赤，男女主都不是完美人设2.xxxx,xxxx3.xx这样的吧，发出来会把别人的马也爆了，只能模糊一下。123的每一个字都一样，包括123的顺序。","commentTime":"2021-12-31 09:16:56","commentOwner":"。。。"},{"comment":"啊搞不懂为什么都在骂楼主\n我之前也被学人精学过\n才认识一周就发现我在文案放什么她就放什么。\n例如说我标了上午九点更新，她也标一个（即使她更新时间是晚上十二点）\n例如说我标了日更不坑求收藏，她也立马标一个（即使她在断更）\n例如说我标了这是架空不要考据，她也标一个（即使她非架空）\n这些都不是谁的所属，不管怎么样都不到鉴抄的地步。但每个人的文情况是不一样的，能不能根据自己的文自己的情况自己去写自己的东西，不要一字不动地复制膈应人，尤其是才认识没多久的情况下。\n是真的很烦啊\n№127 ☆☆☆。。|84ce880f于2021-12-31 09:10:34留言☆☆☆\n认同。\n这种人真的快恶心死人了\n我们上学班上有个女生，也是觉得我们宿舍另外一个女生说话方式有趣，然后就学她，简直恶心吐了。\n关键这个被楼主说的人，连改都不改，直接照搬照抄，不问自取，更恶心了，估计也是怀着楼里这些人的心理吧。","commentTime":"2021-12-31 09:16:57","commentOwner":"。"},{"comment":"历史引用 展开全部▼\n有的……\n№137 ☆☆☆。|f087cc8f于2021-12-31 09:16:30留言☆☆☆\n这是在讽刺楼主吧，请假条入v公告不都是模板吗","commentTime":"2021-12-31 09:17:11","commentOwner":"。"},{"comment":"真的会有人写出一模一样的请假条/入v公告吗？\n虽然不是什么很特殊的请假条/公告，可是时间日期原因一个字都不差，标点符号也不差，连顺序都不差。\n这可能吗。。\n人在某频新晋，我先请的假/挂的公告，可是没截图文案。\n非要说的话也不是什么大事，可是真的就非常膈应，非常非常膈应。\n№135 ☆☆☆==|7106f7f2于2021-12-31 09:15:30留言☆☆☆\n有的……因为入v公告我都直接抄群里的格式……","commentTime":"2021-12-31 09:17:14","commentOwner":"= ="},{"comment":"历史引用 展开全部▼\n有的……因为入v公告我都直接抄群里的格式……\n№141 ☆☆☆= =|0b546b34于2021-12-31 09:17:14留言☆☆☆\n哈哈哈哈哈哈哈哈哈哈哈哈","commentTime":"2021-12-31 09:17:32","commentOwner":"= ="},{"comment":"真的会有人写出一模一样的离职书面通知吗？\n虽然不是什么很特殊的离职通知，理由是世界很大我想去看看，可是时间日期原因一个字都不差，标点符号也不差，连顺序都不差。\n这可能吗。。\n人在某公司，网上先爆出的网红请假条，有截图证据\n非要说的话也不是什么大事，可是真的就非常膈应，非常非常膈应。\n。","commentTime":"2021-12-31 09:18:03","commentOwner":"。"},{"comment":"历史引用 展开全部▼\n在思考怎么说比较贴近我那个，已经申请删帖了，变成这样确实不是我本愿，是我没加pbc的问题。本意也不是想鉴抄，给大家带来麻烦啦。大致上就是1.金无足赤，男女主都不是完美人设2.xxxx,xxxx3.xx这样的吧，发出来会把别人的马也爆了，只能模糊一下。123的每一个字都一样，包括123的顺序。\n№138 ☆☆☆。。。|4e9ef7a7于2021-12-31 09:16:56留言☆☆☆\n她抄的是你举例出来的第几点请说明一下，如果第一点emmmmmm，第二三点我看个xx吗","commentTime":"2021-12-31 09:18:41","commentOwner":"。"},{"comment":"历史引用 展开全部▼\n她抄的是你举例出来的第几点请说明一下，如果第一点emmmmmm，第二三点我看个xx吗\n№144 ☆☆☆。|1234dd38于2021-12-31 09:18:41留言☆☆☆\n是123全部都一样…","commentTime":"2021-12-31 09:19:20","commentOwner":"。。。"},{"comment":"历史引用 展开全部▼\n是123全部都一样…\n№145 ☆☆☆。。。|4e9ef7a7于2021-12-31 09:19:20留言☆☆☆\n第二三点我看个xx吗？（字面意思）","commentTime":"2021-12-31 09:19:55","commentOwner":"。"},{"comment":"真的会有人写出一模一样的离职书面通知吗？\n虽然不是什么很特殊的离职通知，理由是世界很大我想去看看，可是时间日期原因一个字都不差，标点符号也不差，连顺序都不差。\n这可能吗。。\n人在某公司，网上先爆出的网红请假条，有截图证据\n非要说的话也不是什么大事，可是真的就非常膈应，非常非常膈应。\n。\n№143☆☆☆。|65669234于2021-12-31 09:18:03留言☆☆☆\n噗","commentTime":"2021-12-31 09:21:12","commentOwner":"。"},{"comment":"1的话我看到过别人这么排，就是没有金无足赤这四个字。\n就，你要觉得膈应，直接和她说，放bs涛不出什么花来，性质还不太一样，在bs里类似的（不是鉴抄，但是太像了blabla）贴子最后要么走向是挂，要么是梗母亲妈眼，你这个贴子出来，大家当然往那方向靠。\n和你加不加pbc无关","commentTime":"2021-12-31 09:21:17","commentOwner":"= ="},{"comment":"她的排雷符不符合她的正文呢？\n你不如像127这个举个例子","commentTime":"2021-12-31 09:21:22","commentOwner":"= ="},{"comment":"历史引用 展开全部▼\n第二三点我看个xx吗？（字面意思）\n№146 ☆☆☆。|1234dd38于2021-12-31 09:19:55留言☆☆☆\n可能就掉马了，我翻遍了频道内的金榜50红字红图，也没找到完全一模一样的文案排雷。","commentTime":"2021-12-31 09:22:35","commentOwner":"。。。"},{"comment":"历史引用 展开全部▼\n可能就掉马了，我翻遍了频道内的金榜50红字红图，也没找到完全一模一样的文案排雷。\n№150 ☆☆☆。。。|4e9ef7a7于2021-12-31 09:22:35留言☆☆☆\n仿写呢又没让你搬运原文……说真的你又不提供证明又不仿写，完全是一面之词，很难让人相信","commentTime":"2021-12-31 09:23:31","commentOwner":"。"},{"comment":"我……我自首！\n我抄过入v通知！直接在新v上复制粘贴的QWQ！\n大众排雷我也直接复制的【躺】","commentTime":"2021-12-31 09:24:13","commentOwner":"！"},{"comment":"历史引用 展开全部▼\n仿写呢又没让你搬运原文……说真的你又不提供证明又不仿写，完全是一面之词，很难让人相信\n№151 ☆☆☆。|1234dd38于2021-12-31 09:23:31留言☆☆☆\n而且排雷与正文高度相关，这个抄袭真的没啥必要","commentTime":"2021-12-31 09:24:39","commentOwner":"。"},{"comment":"历史引用 展开全部▼\n仿写呢又没让你搬运原文……说真的你又不提供证明又不仿写，完全是一面之词，很难让人相信\n№151 ☆☆☆。|1234dd38于2021-12-31 09:23:31留言☆☆☆\n还是因为2 3比1常见，觉得没有参考价值。2.架空xx，xx考究3.HE。但是加上1也一模一样，所以才让我觉得微妙。","commentTime":"2021-12-31 09:25:33","commentOwner":"。。。"},{"comment":"历史引用 展开全部▼\n可能就掉马了，我翻遍了频道内的金榜50红字红图，也没找到完全一模一样的文案排雷。\n№150☆☆☆。。。|4e9ef7a7于2021-12-31 09:22:35留言☆☆☆\n这怎么掉马，你把主角名字码了就行","commentTime":"2021-12-31 09:25:38","commentOwner":"。"},{"comment":"我……我自首！\n我抄过入v通知！直接在新v上复制粘贴的QWQ！\n大众排雷我也直接复制的【躺】\n№152 ☆☆☆！|22ea1936于2021-12-31 09:24:13留言☆☆☆\n入v通知因为直接复制粘贴的，连日期都忘了改，还是编编戳我改的QWQ","commentTime":"2021-12-31 09:26:10","commentOwner":"！"},{"comment":"历史引用 展开全部▼\n还是因为2 3比1常见，觉得没有参考价值。2.架空xx，xx考究3.HE。但是加上1也一模一样，所以才让我觉得微妙。\n№154☆☆☆。。。|4e9ef7a7于2021-12-31 09:25:33留言☆☆☆\n1已经很常见了啊。23还要更常见？","commentTime":"2021-12-31 09:26:25","commentOwner":"。"},{"comment":"历史引用 展开全部▼\n还是因为2 3比1常见，觉得没有参考价值。2.架空xx，xx考究3.HE。但是加上1也一模一样，所以才让我觉得微妙。\n№154 ☆☆☆。。。|4e9ef7a7于2021-12-31 09:25:33留言☆☆☆\n::::::","commentTime":"2021-12-31 09:26:50","commentOwner":"=="},{"comment":"历史引用 展开全部▼\n1已经很常见了啊。23还要更常见？\n№157 ☆☆☆。|ae8eebbc于2021-12-31 09:26:25留言☆☆☆\n是常见到金无足赤也每个人都在用么","commentTime":"2021-12-31 09:26:55","commentOwner":"。。。"},{"comment":"历史引用 展开全部▼\n还是因为2 3比1常见，觉得没有参考价值。2.架空xx，xx考究3.HE。但是加上1也一模一样，所以才让我觉得微妙。\n№154 ☆☆☆。。。|4e9ef7a7于2021-12-31 09:25:33留言☆☆☆\n……说实话，这真的是大众排雷，而且既然认识的话先私联绝对比挂碧水好，哪怕你标个树洞也是在公共平台上会被很多人看到……","commentTime":"2021-12-31 09:27:30","commentOwner":"。"},{"comment":"历史引用 展开全部▼\n1已经很常见了啊。23还要更常见？\n№157 ☆☆☆。|ae8eebbc于2021-12-31 09:26:25留言☆☆☆\n。","commentTime":"2021-12-31 09:27:54","commentOwner":"。"},{"comment":"23太常见了，架空小说，十个里面11个这样排雷","commentTime":"2021-12-31 09:28:15","commentOwner":"。"},{"comment":"不过我还真没看到过写金无足赤的，先蹲蹲看","commentTime":"2021-12-31 09:28:25","commentOwner":"。"},{"comment":"历史引用 展开全部▼\n是常见到金无足赤也每个人都在用么\n№159☆☆☆。。。|4e9ef7a7于2021-12-31 09:26:55留言☆☆☆\n又不是自创词？","commentTime":"2021-12-31 09:28:37","commentOwner":"。"},{"comment":"这种说明性的文字……你要是觉得膈应大可以直接找对方说，发bs有什么用呢？\n№52 ☆☆☆。|d9310dbc于2021-12-31 08:31:59留言☆☆☆\n。","commentTime":"2021-12-31 09:29:07","commentOwner":"玛奇朵"},{"comment":"历史引用 展开全部▼\n又不是自创词？\n№164 ☆☆☆。|ae8eebbc于2021-12-31 09:28:37留言☆☆☆\n确实不是，但是金榜红字红图新晋上也没有三个点加起来一字不差一模一样的了。","commentTime":"2021-12-31 09:29:27","commentOwner":"。。。"},{"comment":"不明白楼里其它人什么心理，我觉得楼主委屈是很应当的啊\n虽然不能排雷鉴抄，但是排雷被一字不变复制粘贴过去，还是很隔应人的","commentTime":"2021-12-31 09:29:31","commentOwner":"。"},{"comment":"历史引用 展开全部▼\n是常见到金无足赤也每个人都在用么\n№159☆☆☆。。。|4e9ef7a7于2021-12-31 09:26:55留言☆☆☆\n因为金无足赤不是你发明的词组","commentTime":"2021-12-31 09:29:58","commentOwner":"。"},{"comment":"不明白楼里其它人什么心理，我觉得楼主委屈是很应当的啊\n虽然不能排雷鉴抄，但是排雷被一字不变复制粘贴过去，还是很隔应人的\n№167☆☆☆。|473960a5于2021-12-31 09:29:31留言☆☆☆\n所以应该找对方说啊，来碧水求安慰就不膈应了吗","commentTime":"2021-12-31 09:30:18","commentOwner":"。"},{"comment":"你去找她对峙啊 真无语 跑来碧水跟大家反驳 有什么意义？？","commentTime":"2021-12-31 09:30:43","commentOwner":".."},{"comment":"如果介意，直接和当事人说更好，而不是在这里和咕咕们打哑谜。\n我感觉我在看名场面（楼主:它真的是那种，很少见的那种…）\n№115 ☆☆☆。|0aaf8e04于2021-12-31 09:04:55留言☆☆☆\n。","commentTime":"2021-12-31 09:30:53","commentOwner":"。"},{"comment":"不明白楼里其它人什么心理，我觉得楼主委屈是很应当的啊\n虽然不能排雷鉴抄，但是排雷被一字不变复制粘贴过去，还是很隔应人的\n№167 ☆☆☆。|473960a5于2021-12-31 09:29:31留言☆☆☆\n下面有排雷，真的很常见。\n架空历史，请勿考究\nhe","commentTime":"2021-12-31 09:30:56","commentOwner":"。"},{"comment":"历史引用 展开全部▼\n因为金无足赤不是你发明的词组\n№168 ☆☆☆。|a2d7bac7于2021-12-31 09:29:58留言☆☆☆\n确实不是，但是金榜红字红图新晋上也没有三个点加起来一字不差一模一样的了。","commentTime":"2021-12-31 09:30:59","commentOwner":"。。。"},{"comment":"。。就是会一样啊，你把你排的发出来，说不定你你还和别人一样呢。","commentTime":"2021-12-31 09:31:05","commentOwner":"。"},{"comment":"总结了一下，你觉得相似的文案应该是这个格式的对吧：\n1.xxxxxxxxx金无足赤\n2.架空xx，xx考究\n3.HE\n——\n让你觉得微妙的点在于一，而且她用了金无足赤，你也用了金无足赤","commentTime":"2021-12-31 09:31:27","commentOwner":"。"},{"comment":"是是是，都是抄你的，你最牛逼，然后你去问你基友啊，你在这模棱两可讲啥呢？","commentTime":"2021-12-31 09:31:42","commentOwner":"。"},{"comment":"戳进这个帖子真是浪费我人生中的五分钟\n№85 ☆☆☆。|08ec33e7于2021-12-31 08:48:22留言☆☆☆\n。","commentTime":"2021-12-31 09:31:50","commentOwner":"玛奇朵"},{"comment":"历史引用 展开全部▼\n确实不是，但是金榜红字红图新晋上也没有三个点加起来一字不差一模一样的了。\n№166 ☆☆☆。。。|4e9ef7a7于2021-12-31 09:29:27留言☆☆☆\n可是她的架空xx考究，he，这个一抓一大把吧，就第一句稍微有点微妙而已","commentTime":"2021-12-31 09:32:07","commentOwner":"=="},{"comment":"历史引用 展开全部▼\n。\n№177 ☆☆☆玛奇朵|4f64b455于2021-12-31 09:31:50留言☆☆☆\n。","commentTime":"2021-12-31 09:32:38","commentOwner":"。"},{"comment":"lz开贴8点，到现在一个小时过去了，大可去和他对峙要求他更换，在这能涛个啥？","commentTime":"2021-12-31 09:32:40","commentOwner":"= ="},{"comment":"今天的bs鉴抄办咋还没上班","commentTime":"2021-12-31 09:32:56","commentOwner":"！"},{"comment":"历史引用 展开全部▼\n确实不是，但是金榜红字红图新晋上也没有三个点加起来一字不差一模一样的了。\n№166 ☆☆☆。。。|4e9ef7a7于2021-12-31 09:29:27留言☆☆☆\n人无完人 男女主非完美人设 就这句话多少人文案都这么挂 况且你是古言 古言女主很多都这样 至于一门心思认定人家故意复制粘贴你","commentTime":"2021-12-31 09:33:05","commentOwner":".."},{"comment":"是是是，都是抄你的，你最牛逼，然后你去问你基友啊，你在这模棱两可讲啥呢？\n№176☆☆☆。|96cf8954于2021-12-31 09:31:42留言☆☆☆\n哈哈哈哈，我喜欢你的暴脾气，我也想骂了，要是膈应就直接和基友说，在bs你不就等同于挂别人抄袭吗。\n而且照lz这说法，我们现在的一些常规排雷还是抄的以前作者。","commentTime":"2021-12-31 09:33:46","commentOwner":"。。"},{"comment":"历史引用 展开全部▼\n是的，一个排雷，除了那些大段大段的排雷，普通的大家都有的我真想不到还有啥特别的\n№105 ☆☆☆==|1db78fc9于2021-12-31 09:00:19留言☆☆☆\n。","commentTime":"2021-12-31 09:33:52","commentOwner":"玛奇朵"},{"comment":"以后写1v1，sc也可以鉴抄咯？一模一样呢。梗母真是令人叹为观止。","commentTime":"2021-12-31 09:34:01","commentOwner":"=="},{"comment":"不如楼主说一下对方的排雷和对方的文符合吗","commentTime":"2021-12-31 09:34:12","commentOwner":"。"},{"comment":"入v公告要不要鉴一下？\n№108 ☆☆☆= =|281e2b2d于2021-12-31 09:01:53留言☆☆☆\n是呢，入v公告也一模一样一字不差一个标点都不变，然后也膈应一下","commentTime":"2021-12-31 09:34:37","commentOwner":"玛奇朵"},{"comment":"历史引用 展开全部▼\n人无完人 男女主非完美人设 就这句话多少人文案都这么挂 况且你是古言 古言女主很多都这样 至于一门心思认定人家故意复制粘贴你\n№182 ☆☆☆..|d48a9660于2021-12-31 09:33:05留言☆☆☆\n。","commentTime":"2021-12-31 09:34:42","commentOwner":"=="},{"comment":"不如楼主说一下对方的排雷和对方的文符合吗\n№186 ☆☆☆。|b8b27cf6于2021-12-31 09:34:12留言☆☆☆\n如果是楼上套的那几点，应该是大部分文都可用，属于万金油句式了","commentTime":"2021-12-31 09:34:56","commentOwner":"= ="},{"comment":"如果介意，直接和当事人说更好，而不是在这里和咕咕们打哑谜。\n我感觉我在看名场面（楼主:它真的是那种，很少见的那种…）\n№115 ☆☆☆。|0aaf8e04于2021-12-31 09:04:55留言☆☆☆\n笑死，你为什么能发视频","commentTime":"2021-12-31 09:35:04","commentOwner":"玛奇朵"},{"comment":"历史引用 展开全部▼\n如果是楼上套的那几点，应该是大部分文都可用，属于万金油句式了\n№189 ☆☆☆= =|0b546b34于2021-12-31 09:34:56留言☆☆☆\n就是类似127楼那种情况，文不是架空排雷架空这种，楼主这啥也不说就说复制黏贴【点烟】","commentTime":"2021-12-31 09:36:25","commentOwner":"。"},{"comment":"真的会有人写出一模一样的请假条/入v公告吗？\n虽然不是什么很特殊的请假条/公告，可是时间日期原因一个字都不差，标点符号也不差，连顺序都不差。\n这可能吗。。\n人在某频新晋，我先请的假/挂的公告，可是没截图文案。\n非要说的话也不是什么大事，可是真的就非常膈应，非常非常膈应。\n№135 ☆☆☆==|7106f7f2☆于2021-12-31 09:15:30留言☆☆☆\n可能啊……不是有模板吗？","commentTime":"2021-12-31 09:36:40","commentOwner":"。"},{"comment":"历史引用 展开全部▼\n可能啊……不是有模板吗？\n№192 ☆☆☆。|61223fa7于2021-12-31 09:36:40留言☆☆☆\n这个应该是在反讽楼主hhh","commentTime":"2021-12-31 09:37:05","commentOwner":"。"},{"comment":"我也不懂楼里为啥都在嘲讽\n鉴抄和心里隔应显然不是一个量级的，看见别人学自己，还不能隔应一下了，楼主也没发那人信息又不算挂，你们是不是自动代入1v1  sc  he这种排雷了","commentTime":"2021-12-31 09:37:33","commentOwner":"。"},{"comment":"我也不懂楼里为啥都在嘲讽\n鉴抄和心里隔应显然不是一个量级的，看见别人学自己，还不能隔应一下了，楼主也没发那人信息又不算挂，你们是不是自动代入1v1??sc??he这种排雷了\n№194 ☆☆☆。|eb43ef55于2021-12-31 09:37:33留言☆☆☆\n如果真的是这种类似，当我没说","commentTime":"2021-12-31 09:38:41","commentOwner":"。"},{"comment":"感觉就是被复制了排雷，但是这种万金油式排雷人人都用，被复制就被复制了呗，心里实在不舒服，就去找她说一下，涛的毫无意义","commentTime":"2021-12-31 09:38:45","commentOwner":".."},{"comment":"你去找她对峙啊 真无语 跑来碧水跟大家反驳 有什么意义？？\n№170 ☆☆☆..|d48a9660于2021-12-31 09:30:43留言☆☆☆\n。","commentTime":"2021-12-31 09:39:03","commentOwner":"玛奇朵"},{"comment":"我还抄过请假条，是不是也要鉴","commentTime":"2021-12-31 09:39:06","commentOwner":"。"},{"comment":"感觉就是被复制了排雷，但是这种万金油式排雷人人都用，被复制就被复制了呗，心里实在不舒服，就去找她说一下，涛的毫无意义\n№196 ☆☆☆..|a2dfdc59于2021-12-31 09:38:45留言☆☆☆\n那可能一模一样的多了去了，lz一个一个找过去应该很累吧","commentTime":"2021-12-31 09:39:37","commentOwner":"。"},{"comment":"历史引用 展开全部▼\n如果真的是这种类似，当我没说\n№195 ☆☆☆。|eb43ef55于2021-12-31 09:38:41留言☆☆☆\n。","commentTime":"2021-12-31 09:39:43","commentOwner":"。"},{"comment":"我也不懂楼里为啥都在嘲讽\n鉴抄和心里隔应显然不是一个量级的，看见别人学自己，还不能隔应一下了，楼主也没发那人信息又不算挂，你们是不是自动代入1v1??sc??he这种排雷了\n№194 ☆☆☆。|eb43ef55于2021-12-31 09:37:33留言☆☆☆\n金无足赤，人无完人，架空，he。更大众了。","commentTime":"2021-12-31 09:40:07","commentOwner":"。"},{"comment":"问完了，确实是复制粘贴过去的，问开了反而不介意了。这贴就这样吧_(:з」∠)_","commentTime":"2021-12-31 09:40:55","commentOwner":"。。。"},{"comment":"历史引用 展开全部▼\n那可能一模一样的多了去了，lz一个一个找过去应该很累吧\n№199 ☆☆☆。|f087cc8f于2021-12-31 09:39:37留言☆☆☆\n楼主咕咕说了，这个她认识……","commentTime":"2021-12-31 09:41:26","commentOwner":".."},{"comment":"历史引用 展开全部▼\n金无足赤，人无完人，架空，he。更大众了。\n№201 ☆☆☆。|0aaf8e04于2021-12-31 09:40:07留言☆☆☆\n已经问了，确实是复制粘贴过去的，问开了我也不介意了，给大家添麻烦了","commentTime":"2021-12-31 09:41:38","commentOwner":"。。。"},{"comment":"历史引用 展开全部▼\n楼主咕咕说了，这个她认识……\n№203 ☆☆☆..|a2dfdc59于2021-12-31 09:41:26留言☆☆☆\n我已经去问了，确实是复制粘贴的，不好意思，浪费大家时间了…","commentTime":"2021-12-31 09:42:08","commentOwner":"。。。"},{"comment":"。。。","commentTime":"2021-12-31 09:42:18","commentOwner":"。"},{"comment":"虽然一个字都不差有点奇怪，但是排雷难道还是有脑洞保护的？","commentTime":"2021-12-31 09:43:20","commentOwner":"。"},{"comment":"我居然能在这种帖子里等到结果，不错头一回","commentTime":"2021-12-31 09:44:30","commentOwner":"。"},{"comment":"虽然一个字都不差有点奇怪，但是排雷难道还是有脑洞保护的？\n№207 ☆☆☆。|44efe8d6于2021-12-31 09:43:20留言☆☆☆\n已经问啦，是看到了然后就复制粘贴过去的，不好意思 浪费大家时间了，我本来只是介意她没有和我说，但是我主动去问以后她也没有隐瞒，我就好像突然不介意了。是我太别扭了，一直不主动问，抱歉。","commentTime":"2021-12-31 09:44:33","commentOwner":"。。。"},{"comment":"没有鉴抄的意思，就是觉得我们既然认识，直接复制粘贴让我觉得很不舒服，我觉得可以来和我说一下的，我也只会说太好了，我和宝宝用一样的文案排雷耶。\n但是直接复制粘贴过去，让我觉得不太舒服。\n№36☆☆☆。。。|4e9ef7a7于2021-12-31 08:26:59留言☆☆☆\n那你就去说啊？你是想解决问题呢，还是只想吐槽？","commentTime":"2021-12-31 09:44:34","commentOwner":"。"},{"comment":"巧了我就认识一个，把我文案抄的七七八八，然后发文案给我问我介不介意（互相认识，她看了我的文之后才有的类似脑洞）\n对了文名也就改了两个字，说什么姐妹文。\n现在我已经把她删了","commentTime":"2021-12-31 09:44:37","commentOwner":"。"},{"comment":"我居然能在这种帖子里等到结果，不错头一回\n№208 ☆☆☆。|b8b27cf6于2021-12-31 09:44:30留言☆☆☆\n不好意思，我性格太别扭了，早就应该直接问的，不应该来bs发帖。抱歉TUT","commentTime":"2021-12-31 09:45:09","commentOwner":"。。。"},{"comment":"历史引用 展开全部▼\n为什么毫无意义，那就祝你的排雷总被人复制黏贴咯\n№56☆☆☆= =|dfbc2f49于2021-12-31 08:33:54留言☆☆☆\n我排雷被复制粘贴无所谓呀~哈哈哈","commentTime":"2021-12-31 09:46:00","commentOwner":"。"},{"comment":"历史引用 展开全部▼\n那你就去说啊？你是想解决问题呢，还是只想吐槽？\n№210 ☆☆☆。|44efe8d6于2021-12-31 09:44:34留言☆☆☆\n刚刚问了，不好意思，我性格太别扭一直觉得问不出口。bs大家这么一骂我反而问出口了，得到回复是看到了就复制粘贴过去了，我也突然就不介意了……抱歉，浪费咕咕时间了","commentTime":"2021-12-31 09:46:10","commentOwner":"。。。"},{"comment":"我大为震撼。","commentTime":"2021-12-31 09:46:22","commentOwner":"。"},{"comment":"我居然能在这种贴等到结果，也算没浪费我时间了","commentTime":"2021-12-31 09:47:27","commentOwner":"。。"},{"comment":"我居然能在这种贴等到结果，也算没浪费我时间了\n№216 ☆☆☆。。|6e5f977a于2021-12-31 09:47:27留言☆☆☆\nTUT抱歉","commentTime":"2021-12-31 09:47:55","commentOwner":"。。。"},{"comment":"心里膈应是正常的，不过你发到bs肯定会挨骂。","commentTime":"2021-12-31 09:54:28","commentOwner":"= ="},{"comment":"心里膈应是正常的，不过你发到bs肯定会挨骂。\n№218 ☆☆☆= =|1010584b于2021-12-31 09:54:28留言☆☆☆\n刚刚去问过了，问开了我好像就不膈应了，还是我性格太别扭，我应该直接去问她，而不是在bs开贴，唉。本来不是什么大事，怪我自己。","commentTime":"2021-12-31 09:55:22","commentOwner":"。。。"},{"comment":"楼主就是写文时间太短了，排雷这种东西，说实话完全不必要介意，认真说起来，你的排雷难道就没有借鉴别人吗？这不可能，毕竟晋江同类型的文的排雷几乎都大同小异，所以不用在这种小事儿上计较。","commentTime":"2021-12-31 09:58:30","commentOwner":"……"},{"comment":"别人复制黏贴她的东西，楼里连不舒服都不让楼主有吗？\n№35 ☆☆☆。|70da77d3???于2021-12-31 08:26:40留言☆☆☆\n排，一群道德标兵","commentTime":"2021-12-31 10:01:19","commentOwner":"……"},{"comment":"楼主就是写文时间太短了，排雷这种东西，说实话完全不必要介意，认真说起来，你的排雷难道就没有借鉴别人吗？这不可能，毕竟晋江同类型的文的排雷几乎都大同小异，所以不用在这种小事儿上计较。\n№220 ☆☆☆……|d3cfdb91于2021-12-31 09:58:30留言☆☆☆\n。","commentTime":"2021-12-31 10:01:20","commentOwner":"。"},{"comment":"历史引用 展开全部▼\n刚刚去问过了，问开了我好像就不膈应了，还是我性格太别扭，我应该直接去问她，而不是在bs开贴，唉。本来不是什么大事，怪我自己。\n№219☆☆☆。。。|4e9ef7a7于2021-12-31 09:55:22留言☆☆☆\n你不用那么大心理压力，bs风向就是这样的，以后谨慎发帖吧。","commentTime":"2021-12-31 10:02:06","commentOwner":"= ="},{"comment":"不明白楼里其它人什么心理，我觉得楼主委屈是很应当的啊\n虽然不能排雷鉴抄，但是排雷被一字不变复制粘贴过去，还是很隔应人的\n№167 ☆☆☆。|473960a5★于2021-12-31 09:29:31留言☆☆☆\n排","commentTime":"2021-12-31 10:02:45","commentOwner":"……"},{"comment":"楼主的想法大概就是，你认识的一个人，有天穿着和你一样的衣服，化一样的妆容，剪一样的头发（这么说有点夸张）。\n如果她提前说了，我想尝试和你一样的打扮风格诶，你可以教教我怎么搭配吗？\n那楼主是不会介意的。\n但她什么也不说就直接这么做了，心里就有点膈应，好像理所当然地被“拿来吧你”了，毕竟是完全复制粘贴，不是中译中，不是模仿格式。\n№77☆☆☆。|1ff055c4于2021-12-31 08:45:17留言☆☆☆\n。","commentTime":"2021-12-31 10:15:40","commentOwner":"。"}]}