{"id":"6de029da-5883-4a92-997a-a38443da420b","category":"晋江论坛→网友交流区→碧水江汀 请稍候...","postSubject":"主题：真服了一些看盗文的，在第一章排雷xxx，还说自己幸好没全订 [0] 【搜索关键词：排雷】","postUrl":"https://bbs.jjwxc.net/showmsg.php?board=17&keyword=%C5%C5%C0%D7&id=1726317","originalPost":"我寻思你没全订可能也订了一些吧，结果一查后台，订阅为0。\n谁给你的脸啊，在首章排雷！","numberOfReplies":0,"comments":[]}