{"id":"cf99d085-3154-4a2d-8b98-16261582484c","category":"晋江论坛→网友交流区→碧水江汀 欢迎回来：53088456  退 出","postSubject":"主题：当有些读者瞎几把排雷的时候，同样身为读者并且看的津津有味的我会觉得你在歧视我：原来雷人竟是我 [2] 【搜索关键词：排雷】","postUrl":"https://bbs.jjwxc.net/showmsg.php?board=17&keyword=%C5%C5%C0%D7&id=1621503","originalPost":"不解释\n但是，永远敬佩不在文案区排雷的作者。","numberOfReplies":2,"comments":[{"comment":"永远敬佩人行自走扫雷机，永远热爱生活，拉副安地屁斯","commentTime":"2021-11-01 14:41:25","commentOwner":"小酋皇"},{"comment":"哈哈哈哈哈哈哈哈哈哈哈","commentTime":"2021-11-01 14:42:10","commentOwner":"本人"}]}