{"id":"e2efec9c-f568-4f82-9628-d0a2e5070af5","category":"晋江论坛→网友交流区→碧水江汀 欢迎回来：53088456  退 出","postSubject":"主题：pbc树洞，为什么在看到一篇文写崩之后发了负分排雷之后还要继续看，章章留评呢？ [0] 【搜索关键词：排雷】","postUrl":"https://bbs.jjwxc.net/showmsg.php?board=17&keyword=%C5%C5%C0%D7&id=1820803","originalPost":"我不怕负分我也不怕被骂，我怕这种一边说着为你好，给你建议一边骂的，长篇大论试图证明作者恰烂钱，写的不用心，并且要广而告之。\n\n崩了还要继续看，继续留评，用“我看看你能烂到什么地步”的嘲讽态度继续看着，说写的全是流水账，说作者只是为了骗钱，根本不爱写小说。\n\n我真的要疯了。\n我就是无法达到别人的期待，我就是写的很烂，我能改的话早就改了，我也改过，但是事实就是越写越差，我水平不高，写文就是很烂，就是高开低走，我真的不知道怎么改。","numberOfReplies":0,"comments":[]}