{"id":"1d37ac21-e50d-4268-a04c-325f8e565c58","category":"晋江论坛→网友交流区→碧水江汀 请稍候...","postSubject":"主题：服了，为什么有些读者老是自作聪明的猜测接下来的剧情，然后说出排雷一样的话。 [5] 【搜索关键词：排雷】","postUrl":"https://bbs.jjwxc.net/showmsg.php?board=17&keyword=%C5%C5%C0%D7&id=1689215","originalPost":"麻了","numberOfReplies":4,"comments":[{"comment":"你就轻轻的回复 嘿嘿嘿宝子猜错啦","commentTime":"2021-12-23 18:50:15","commentOwner":"别摸鱼了快搞钱"},{"comment":"软刀子拉它","commentTime":"2021-12-23 18:50:32","commentOwner":"别摸鱼了快搞钱"},{"comment":"你就轻轻的回复 嘿嘿嘿宝子猜错啦\n№1 ☆☆☆别摸鱼了快搞钱|411971cc于2021-12-23 18:50:15留言☆☆☆\n没有，我直接删了。","commentTime":"2021-12-23 18:50:41","commentOwner":"……"},{"comment":"我也遇到过，大晚上的，我睡着了，一觉醒来，某些读者带节奏，评论区乱成一片，开始自发排雷\n我明明什么都没做过，他们拍拍屁股走人，我解释废了老大劲，气死了","commentTime":"2021-12-23 18:52:11","commentOwner":"= ="}]}