{"id":"38956185-394e-4d70-8aea-fb89dc2458e6","category":"晋江论坛→网友交流区→碧水江汀 请稍候...","postSubject":"主题：没想到我这辈子能看到一个读者天天来我文下免费章排雷，她对我是真爱了叭…… [33] 【搜索关键词：排雷】","postUrl":"https://bbs.jjwxc.net/showmsg.php?board=17&keyword=%C5%C5%C0%D7&id=1647115","originalPost":"第一次排雷，被其他读者投诉删掉了，她又专门回来说“我之前的排雷好像被作者给删啦 那我再来排一遍巴拉巴拉”，然后好不容易等过了好几天，我其他读者的评论够了一百条，把他的排雷压下去了，他又来了，说“我的评论好像被压下去了，那我再重新给大家排雷一下巴拉巴拉，希望后来的读者不要看这篇文了。”我真的……\n（说真的，我觉得我这篇文没有这么差劲，好歹是个万收文啊）","numberOfReplies":33,"comments":[{"comment":"好无语","commentTime":"2021-11-22 17:23:55","commentOwner":"77"},{"comment":"第一次排雷，被其他读者投诉删掉了，她又专门回来说“我之前的排雷好像被作者给删啦 那我再来排一遍巴拉巴拉”，然后好不容易等过了好几天，我其他读者的评论够了一百条，把他的排雷压下去了，他又来了，说“我的评论好像被压下去了，那我再重新给大家排雷一下巴拉巴拉，希望后来的读者不要看这篇文了。”我真的……\n（说真的，我觉得我这篇文没有这么差劲，好歹是个万收文啊）\n№0 ☆☆☆。|72089b33于2021-11-22 17:23:21留言☆☆☆\nfpb","commentTime":"2021-11-22 17:23:58","commentOwner":"。"},{"comment":"是哪里有毛病吗","commentTime":"2021-11-22 17:24:10","commentOwner":"77"},{"comment":"好无语\n№1 ☆☆☆77|d3751852于2021-11-22 17:23:55留言☆☆☆\n是吧是吧，我也是醉了","commentTime":"2021-11-22 17:24:15","commentOwner":"。"},{"comment":"要么你得罪她了，要么是你的竞争对手。","commentTime":"2021-11-22 17:24:30","commentOwner":"。"},{"comment":"她有病！大病！","commentTime":"2021-11-22 17:24:55","commentOwner":"。"},{"comment":"她有病！大病！\n№6 ☆☆☆。|a1f96d11于2021-11-22 17:24:55留言☆☆☆\n我也觉得!哼╯^╰","commentTime":"2021-11-22 17:25:22","commentOwner":"。"},{"comment":"他有病","commentTime":"2021-11-22 17:25:22","commentOwner":"。"},{"comment":"竞争对手无疑了","commentTime":"2021-11-22 17:30:12","commentOwner":"。"},{"comment":"这些hyb真是诡计多端，删他评论！","commentTime":"2021-11-22 17:31:52","commentOwner":"。"},{"comment":"这应该不是纯读者。\n纯读者不会有这么深的爱恨情仇。\n我之前也遇到过，然后我就把她的读者专栏收藏了。\n时常去看看，可以根据她搞其他作者的范围，以及榜单，找出重合的人。","commentTime":"2021-11-22 17:34:46","commentOwner":"= ="},{"comment":"这应该不是纯读者。\n纯读者不会有这么深的爱恨情仇。\n我之前也遇到过，然后我就把她的读者专栏收藏了。\n时常去看看，可以根据她搞其他作者的范围，以及榜单，找出重合的人。\n№11 ☆☆☆= =|055f5a0b于2021-11-22 17:34:46留言☆☆☆\n应该不是纯读者","commentTime":"2021-11-22 17:35:42","commentOwner":"=="},{"comment":"这种搞人心态的最ex了","commentTime":"2021-11-22 17:36:10","commentOwner":"= ="},{"comment":"翻翻他给别人的留言，至于","commentTime":"2021-11-22 17:36:54","commentOwner":"啊呜呜哇嘎"},{"comment":"纯读者没那么闲。","commentTime":"2021-11-22 17:37:27","commentOwner":"大白橘猫不会叫"},{"comment":"纯读者只会在被毒到的当时打个负就跑。","commentTime":"2021-11-22 17:42:55","commentOwner":"。"},{"comment":"我也有讨厌的作者但绝对不会这么干，这人是有啥大冰吧","commentTime":"2021-11-22 17:53:03","commentOwner":"……"},{"comment":"这……我笑死","commentTime":"2021-11-22 17:54:47","commentOwner":"。"},{"comment":"这些hyb真是诡计多端，删他评论！\n№10 ☆☆☆。|59f79aef于2021-11-22 17:31:52留言☆☆☆\n删不掉啊……全是负二分，投诉也投诉不掉","commentTime":"2021-11-22 18:30:57","commentOwner":"。"},{"comment":"纯读者不会这么闲","commentTime":"2021-11-22 18:31:50","commentOwner":"。"},{"comment":"历史引用 展开全部▼\n删不掉啊……全是负二分，投诉也投诉不掉\n№19☆☆☆。|72089b33于2021-11-22 18:30:57留言☆☆☆\n她评你压","commentTime":"2021-11-22 18:37:04","commentOwner":"。"},{"comment":"绝对不是纯读者","commentTime":"2021-11-22 18:42:25","commentOwner":"绝世欧皇天下无双"},{"comment":"纯读者哪里会这么闲，只不过是hyb罢了","commentTime":"2021-11-22 18:42:45","commentOwner":"常宁"},{"comment":"按盗文来投诉","commentTime":"2021-11-22 18:43:25","commentOwner":"。"},{"comment":"真的有这样的人，而且如果它被别的读者怼了，怼不赢就来给作者刷负，恶心死了","commentTime":"2021-11-22 18:45:20","commentOwner":"——"},{"comment":"历史引用 展开全部▼\n她评你压\n№21 ☆☆☆。|2aa0d4b0于2021-11-22 18:37:04留言☆☆☆\n可是压完她还回来，这才是最讨厌的地方QAQ","commentTime":"2021-11-22 18:47:50","commentOwner":"。"},{"comment":"按盗文来投诉\n№24 ☆☆☆。|78e069e9于2021-11-22 18:43:25留言☆☆☆\n好的咕咕，我去试试","commentTime":"2021-11-22 18:48:15","commentOwner":"。"},{"comment":"还知道被压下去了。正常读者谁管这个？？","commentTime":"2021-11-22 18:49:28","commentOwner":"。"},{"comment":"历史引用 展开全部▼\n删不掉啊……全是负二分，投诉也投诉不掉\n№19 ☆☆☆。|72089b33于2021-11-22 18:30:57留言☆☆☆\n那你就说写不好的话，直接秒删","commentTime":"2021-11-22 18:51:34","commentOwner":"……"},{"comment":"历史引用 展开全部▼\n那你就说写不好的话，直接秒删\n№29 ☆☆☆……|60d9c5e2于2021-11-22 18:51:34留言☆☆☆\n咕咕我没看懂该怎么操作呀，可以详细说一说嘛？","commentTime":"2021-11-22 18:54:56","commentOwner":"。"},{"comment":"hyb吧，要不就是生活不幸福找地方发泄，哕","commentTime":"2021-11-22 18:58:17","commentOwner":"。"},{"comment":"我也遇到过，本来我成绩挺稳的，被告一下心态直接崩了，日万变断更，现在彻底死了。","commentTime":"2021-11-22 19:00:05","commentOwner":"。"},{"comment":"我也遇到过，本来我成绩挺稳的，被告一下心态直接崩了，日万变断更，现在彻底死了。\n№32 ☆☆☆。|cf7deb93于2021-11-22 19:00:05留言☆☆☆\n哎，抱抱咕咕，那些人真讨厌","commentTime":"2021-11-22 19:27:10","commentOwner":"。"}]}