{"id":"941a5960-b425-4dd3-b506-29a5a0d25677","category":"晋江论坛→网友交流区→碧水江汀 欢迎回来：53088456  退 出","postSubject":"主题：pbc原神，如果有要入坑的作者，可以看看隔壁的排雷 [1] 【搜索关键词：排雷】","postUrl":"https://bbs.jjwxc.net/showmsg.php?board=17&keyword=%C5%C5%C0%D7&id=1622854","originalPost":"https://bbs.jjwxc.net/showmsg.php?board=4&id=86701\n里面说的璃月是咱的原型，稻妻是rb原型","numberOfReplies":1,"comments":[{"comment":"https://bbs.jjwxc.net/showmsg.php?board=4&id=86701","commentTime":"2021-11-02 18:04:27","commentOwner":"防屏蔽"}]}