{"id":"797e0662-babf-4432-a6bf-b728a58bb4e7","category":"晋江论坛→网友交流区→碧水江汀 欢迎回来：53088456  退 出","postSubject":"主题：我新文的男主因为一些特殊原因瞧不起女主的出身，用类似“肮脏”这一类的词骂过女主，当然女主当场怼过去骂的更难听，我怕开篇就被排雷……要不要我自己文案排了算了 [10] 【搜索关键词：排雷】","postUrl":"https://bbs.jjwxc.net/showmsg.php?board=17&keyword=%C5%C5%C0%D7&id=1962002","originalPost":"rr","numberOfReplies":10,"comments":[{"comment":"自己文案排一下吧","commentTime":"2022-06-26 01:11:56","commentOwner":"=="},{"comment":"排吧，不然被sjb粘上很可怕，同时也保护对此很雷的普通读者。","commentTime":"2022-06-26 01:14:55","commentOwner":"。。"},{"comment":"“前期男女主会肮脏对骂，介意勿入”？这样？","commentTime":"2022-06-26 01:15:24","commentOwner":"。"},{"comment":"随便呗，光看文案排雷的也不是没有","commentTime":"2022-06-26 01:16:33","commentOwner":"=="},{"comment":"马尔福骂赫敏泥巴种还有一群人写这两CP呢……","commentTime":"2022-06-26 01:18:15","commentOwner":"ECHO"},{"comment":"马尔福骂赫敏泥巴种还有一群人写这两CP呢……\n№5☆☆☆ECHO|798405d2于2022-06-26 01:18:15留言☆☆☆\n看标题也是想到这一对","commentTime":"2022-06-26 01:18:48","commentOwner":"。"},{"comment":"“前期男女主会肮脏对骂，介意勿入”？这样？\n№3 ☆☆☆。|a51cebba♥♥♥于2022-06-26 01:15:24留言☆☆☆\n我考虑一下……","commentTime":"2022-06-26 01:20:07","commentOwner":"。"},{"comment":"马尔福骂赫敏泥巴种还有一群人写这两CP呢……\n№5 ☆☆☆ECHO|798405d2♥♥♥♥于2022-06-26 01:18:15留言☆☆☆\n原创和衍生还是不一样的，衍生的男人再怎么也有粉丝撑着的","commentTime":"2022-06-26 01:20:58","commentOwner":"。"},{"comment":"写小说好难，搁以前写那叫什么事啊","commentTime":"2022-06-26 01:21:06","commentOwner":"。"},{"comment":"写小说好难，搁以前写那叫什么事啊\n№9 ☆☆☆。|1235006e于2022-06-26 01:21:06留言☆☆☆\n同感，之前还有背了半部刑法的男主，还不是有读者爱得嗷嗷叫","commentTime":"2022-06-26 01:23:17","commentOwner":"。。"}]}