{"id":"d209624e-3b0b-457e-b9d5-b85918d4b776","category":"晋江论坛→网友交流区→碧水江汀 请稍候...","postSubject":"主题：个人树洞吐黑泥，第一次被差评排雷有些emo [9] 【搜索关键词：排雷】","postUrl":"https://bbs.jjwxc.net/showmsg.php?board=17&keyword=%C5%C5%C0%D7&id=1648073","originalPost":"虽然万幸不是负2分吧，但被人说剧情不合理果然还是很难过。\n不过有人看就总会不合一些人口味，这种事迟早要发生的，道理我都懂，但还是好难受。\n想了想还是发帖子宣泄一下感情，冷静一下，不能因为这种事影响码字，唉。","numberOfReplies":9,"comments":[{"comment":"习惯就好了，说明你要火了！","commentTime":"2021-11-23 12:43:00","commentOwner":"。"},{"comment":"啊啊啊啊啊啊啊啊啊啊阿啊啊啊啊\n（开始无意义咆哮）","commentTime":"2021-11-23 12:43:10","commentOwner":"啊"},{"comment":"你要火了！","commentTime":"2021-11-23 12:43:22","commentOwner":"。"},{"comment":"习惯就好了，说明你要火了！\n№1 ☆☆☆。|d4545328于2021-11-23 12:43:00留言☆☆☆\n谢谢咕咕吉言qaq","commentTime":"2021-11-23 12:43:29","commentOwner":"啊"},{"comment":"我也被吐槽说受哪哪像皇帝（）","commentTime":"2021-11-23 12:43:33","commentOwner":"。。"},{"comment":"习惯就好了！你要火！","commentTime":"2021-11-23 12:43:58","commentOwner":"。。"},{"comment":"你要火了！\n№3 ☆☆☆。|31986e5b于2021-11-23 12:43:22留言☆☆☆\n没错我也觉得（bushi）\n这必是我要成为紫薇星的先兆（强行.jpg）","commentTime":"2021-11-23 12:44:43","commentOwner":"啊"},{"comment":"我也被吐槽说受哪哪像皇帝（）\n№5 ☆☆☆。。|8c9d8b2b于2021-11-23 12:43:33留言☆☆☆\n我也是，主角被说不符合人设（抱住痛哭）","commentTime":"2021-11-23 12:45:39","commentOwner":"啊"},{"comment":"习惯就好了！你要火！\n№6 ☆☆☆。。|2101e34f于2021-11-23 12:43:58留言☆☆☆\n谢谢咕咕qaq，咕咕人美心善肯定也会火的","commentTime":"2021-11-23 12:46:26","commentOwner":"啊"}]}