{"id":"b6cc942b-8a94-49ed-89cc-99ecb72d064b","category":"晋江论坛→网友交流区→碧水江汀 欢迎回来：53088456  退 出","postSubject":"主题：受c攻非c，之前有n任前女友，文案排雷三遍，够了吗？还会被喷吗？ [171] 【搜索关键词：排雷】","postUrl":"https://bbs.jjwxc.net/showmsg.php?board=17&keyword=%C5%C5%C0%D7&id=1813793","originalPost":"阔以吗","numberOfReplies":166,"comments":[{"comment":"我想骂你，女的招你惹你了","commentTime":"2022-03-23 13:41:27","commentOwner":"。"},{"comment":"大大为什么要这样写呢","commentTime":"2022-03-23 13:41:48","commentOwner":"mm"},{"comment":"别排雷了，属于是看见这行字就想骂的程度","commentTime":"2022-03-23 13:41:56","commentOwner":"。"},{"comment":"攻之前有过n个前男友我都不会这么雷，非要祸害女的","commentTime":"2022-03-23 13:42:22","commentOwner":"。"},{"comment":"c不c是次要\n男主这单机双待的，我不太行，看不下去，会觉得漏","commentTime":"2022-03-23 13:43:26","commentOwner":"。"},{"comment":"会，受招惹你了，女生又招惹你了？只要是看到就是晦气的那种。\n相信我，楼主，到时候，第一章刷负的人绝对不少，还有专门来骂的。","commentTime":"2022-03-23 13:43:36","commentOwner":"。"},{"comment":"反正我是不雷这个的","commentTime":"2022-03-23 13:43:42","commentOwner":"QAQ"},{"comment":"我是无所谓的，但是想喷的人肯定很多\n建议不要管别人，写自己想写的吧","commentTime":"2022-03-23 13:44:01","commentOwner":"。"},{"comment":"好家伙，我现在就能预感第一章了","commentTime":"2022-03-23 13:44:23","commentOwner":"。"},{"comment":"主要文案排雷了就行，我没所谓的，拥护写作自由。","commentTime":"2022-03-23 13:44:44","commentOwner":"= ="},{"comment":"我觉得没什么","commentTime":"2022-03-23 13:44:49","commentOwner":"。"},{"comment":"这种怎么设定都不行啊","commentTime":"2022-03-23 13:44:58","commentOwner":"。"},{"comment":"女...女朋友？？？","commentTime":"2022-03-23 13:45:02","commentOwner":"。"},{"comment":"不要理，直接写，尊重多元\n只要攻不是骗婚，可以试攻被受掰弯骂的人就少了\n（这会劝退一部分双洁党）","commentTime":"2022-03-23 13:45:24","commentOwner":"bbf"},{"comment":"设定是攻花花公子，遇到受宝前以为自己是直男","commentTime":"2022-03-23 13:45:48","commentOwner":"。"},{"comment":"主要文案排雷了就行，我没所谓的，拥护写作自由。\n№10☆☆☆=  =|b0756760于2022-03-23 13:44:44留言☆☆☆\n。","commentTime":"2022-03-23 13:46:04","commentOwner":"。"},{"comment":"嗯嗯 每天建议我都会认真看，谢谢咕咕们","commentTime":"2022-03-23 13:46:24","commentOwner":"。"},{"comment":"设定是攻花花公子，遇到受宝前以为自己是直男\n№15 ☆☆☆。|603b0bed于2022-03-23 13:45:48留言☆☆☆\n可是都和好几个女朋友睡了，那就不是以为自己是直男啊就是啊或者双","commentTime":"2022-03-23 13:46:42","commentOwner":"。"},{"comment":"为啥不能写啊。\n不是之前挺常见的设定吗？倒也不必说女的招惹了作者吧，又不是骗婚。\n我朋友之前也跟男的谈过，她现在是女同","commentTime":"2022-03-23 13:46:42","commentOwner":"。"},{"comment":"如果攻是被受掰弯的，能接受。","commentTime":"2022-03-23 13:46:56","commentOwner":"ovo"},{"comment":"我是不雷，如果遇到攻之前受是直男的话","commentTime":"2022-03-23 13:50:33","commentOwner":"。。。"},{"comment":"我是不雷，如果遇到攻之前受是直男的话\n№21 ☆☆☆。。。|2c6944f9于2022-03-23 13:50:33留言☆☆☆\n草看错了，原来是攻非c……","commentTime":"2022-03-23 13:51:02","commentOwner":"。。。"},{"comment":"可以写啊 但是会劝退一大部分jj读者 这种设定是在cp属于非常吃香那种","commentTime":"2022-03-23 13:53:09","commentOwner":"= ="},{"comment":"标了我肯定不会点进去的，别人爱写什么写什么，专程进去骂人的是不是爹瘾犯了，非得教别人怎么做人？","commentTime":"2022-03-23 13:53:18","commentOwner":"。"},{"comment":"历史引用 展开全部▼\n可是都和好几个女朋友睡了，那就不是以为自己是直男啊就是啊或者双\n№18 ☆☆☆。|b5530fb2于2022-03-23 13:46:42留言☆☆☆\n。","commentTime":"2022-03-23 13:53:21","commentOwner":"。"},{"comment":"历史引用 展开全部▼\n。\n№25 ☆☆☆。|49a6bbf9于2022-03-23 13:53:21留言☆☆☆\n设成双，我估计会更雷（小声哭）","commentTime":"2022-03-23 13:54:56","commentOwner":"。"},{"comment":"为啥不换成前男友…","commentTime":"2022-03-23 13:55:13","commentOwner":"VC"},{"comment":"反正我根本不会点进去这种，但我觉得即使你排雷也会被骂，评论区一片混战","commentTime":"2022-03-23 13:55:39","commentOwner":"。"},{"comment":"标了我肯定不会点进去的，别人爱写什么写什么，专程进去骂人的是不是爹瘾犯了，非得教别人怎么做人？\n№24 ☆☆☆。|8ecebea0于2022-03-23 13:53:18留言☆☆☆\n不爱看别人评论划走就是，还专门喷一句，是不是爹瘾犯了非得教别人做人？","commentTime":"2022-03-23 13:55:55","commentOwner":"。"},{"comment":"标了我肯定不会点进去的，别人爱写什么写什么，专程进去骂人的是不是爹瘾犯了，非得教别人怎么做人？\n№24 ☆☆☆。|8ecebea0于2022-03-23 13:53:18留言☆☆☆\n。","commentTime":"2022-03-23 13:56:07","commentOwner":"= ="},{"comment":"反正我根本不会点进去这种，但我觉得即使你排雷也会被骂，评论区一片混战\n№28 ☆☆☆。|19bab375于2022-03-23 13:55:39留言☆☆☆\n我觉得也是，能预感了，我到时可能一举黑红到封笔","commentTime":"2022-03-23 13:56:40","commentOwner":"。"},{"comment":"标了就行啊，还是说楼上几位咕咕没看过这种文捏…不能吧。","commentTime":"2022-03-23 13:56:42","commentOwner":"。"},{"comment":"历史引用 展开全部▼\n不爱看别人评论划走就是，还专门喷一句，是不是爹瘾犯了非得教别人做人？\n№29 ☆☆☆。|49a6bbf9于2022-03-23 13:55:55留言☆☆☆\n，谢谢宝","commentTime":"2022-03-23 13:57:01","commentOwner":"。"},{"comment":"上了夹子就等着隔壁出道吧","commentTime":"2022-03-23 13:57:17","commentOwner":"喵"},{"comment":"只要不违法律，不违道德，不搞黄。写什么真是个人自由。目前还是很不理解为什么总有人不懂不喜欢不看不就好了，还非要骂一句。","commentTime":"2022-03-23 13:58:59","commentOwner":"。"},{"comment":"其实这样子很容易被读者骂！如果真的要受c攻非c，那就攻有很多前男友都好一点，不然就显得攻很那个那个，似乎很多读者都雷这个！要么就受非c攻也非c好了！凭什么攻能有很多前女友，受却要是c，这会是很多读者会想的一件事","commentTime":"2022-03-23 13:59:03","commentOwner":"潜龙在渊"},{"comment":"单这个排雷就会被骂。\n建议：想怎么写就怎么写，不用理会别的。","commentTime":"2022-03-23 13:59:29","commentOwner":"=="},{"comment":"我先说，我不会骂，我就不看溜走，作者想写可以写的","commentTime":"2022-03-23 14:01:32","commentOwner":"一只咕咕哒"},{"comment":"我不喜欢，有很多前男友比前女友好，但是你想写就写，反正我是不会专门跑到人文下骂的，其他地方也不会，整就一个无视的态度","commentTime":"2022-03-23 14:01:49","commentOwner":"= ="},{"comment":"历史引用 展开全部▼\n不爱看别人评论划走就是，还专门喷一句，是不是爹瘾犯了非得教别人做人？\n№29 ☆☆☆。|49a6bbf9☆于2022-03-23 13:55:55留言☆☆☆\n吼，你正常评论谁管你？网络不是法外之地谢谢，人家写攻有前女友不犯法，网上骂人网暴也不犯法么？","commentTime":"2022-03-23 14:01:55","commentOwner":"。"},{"comment":"我觉得现在的排雷，在某些人眼里，不是这文不和你胃口，也没拿你当受众，并且不想赚你钱，你别进来\n而是，照排雷喷作者准没错","commentTime":"2022-03-23 14:02:02","commentOwner":"=="},{"comment":"写吧，排雷就行，我觉得真没什么","commentTime":"2022-03-23 14:02:57","commentOwner":"。"},{"comment":"我觉得排雷就行，但我不会看","commentTime":"2022-03-23 14:03:20","commentOwner":"——"},{"comment":"……你看看前几楼的反应","commentTime":"2022-03-23 14:03:48","commentOwner":"= ="},{"comment":"有些人看到自己不喜欢的排雷都要骂。\n我排雷女主不是C，有过好几段感情经历，都被人质问为什么要写这种女主，被好多人睡过脏了之类的……然后打负分，呵呵\n№42 ☆☆☆。|65166c63★★★于2022-03-23 14:02:36留言☆☆☆\n咱们两遇到的事情一模一样。","commentTime":"2022-03-23 14:04:27","commentOwner":"。"},{"comment":"好的，我这贴还能炸出这么多星星，我好感动，开文前约好律师吧，网暴我就告","commentTime":"2022-03-23 14:04:28","commentOwner":"。"},{"comment":"排攻非受处，攻有很多前任就够我避雷了，不会点进去ky，至于前对象是男是女对我来说都一样。","commentTime":"2022-03-23 14:04:45","commentOwner":"= ="},{"comment":"排吧，减少被骂的次数，因为文案排了雷，像我这种受不了这样设定的就不会点进去看。","commentTime":"2022-03-23 14:04:47","commentOwner":"……"},{"comment":"还不如受也非c，凭什么受就要是c嘞，攻就花花公子，浪子回头金不换呀","commentTime":"2022-03-23 14:04:48","commentOwner":"。"},{"comment":"楼主大胆写，做好被骂的准备就行，但是也不要怂，如果骂得厉害，就像前段时间那本咸盐的先婚后爱一样，马上在评论区警告发律师函，到时候一个两个跪的比谁都快。喷子都是没有尊严的，膝盖也很软，不要怕他们。","commentTime":"2022-03-23 14:04:48","commentOwner":"= ="},{"comment":"看了好多个太太夹子被冲的经历，感觉读者只要不喜欢，就会冲人，真的恨不讲道理。","commentTime":"2022-03-23 14:04:56","commentOwner":"。"},{"comment":"设定是攻花花公子，遇到受宝前以为自己是直男\n№15 ☆☆☆。|603b0bed于2022-03-23 13:45:48留言☆☆☆\n都睡了还以为啊，花花公子被掰弯就好了，还是有人吃的","commentTime":"2022-03-23 14:04:57","commentOwner":"=="},{"comment":"提前排好雷就行，但要做好被杠被骂的准备，在晋江只要主角有一点点违背男德的人设都会被喷，会有一部分应激反应激烈的……总之心态重要。","commentTime":"2022-03-23 14:05:30","commentOwner":"。"},{"comment":"历史引用 展开全部▼\n都睡了还以为啊，花花公子被掰弯就好了，还是有人吃的\n№53 ☆☆☆==|98f99a02于2022-03-23 14:04:57留言☆☆☆\n好","commentTime":"2022-03-23 14:06:24","commentOwner":"。"},{"comment":"如果排雷了那就尊重创作自由\n直接跳过下一本，不会骂人的","commentTime":"2022-03-23 14:06:34","commentOwner":"工地的砖好烫手"},{"comment":"提前排好雷就行，但要做好被杠被骂的准备，在晋江只要主角有一点点违背男德的人设都会被喷，会有一部分应激反应激烈的……总之心态重要。\n№54 ☆☆☆。|d58f2f8a于2022-03-23 14:05:30留言☆☆☆\n好","commentTime":"2022-03-23 14:06:48","commentOwner":"。"},{"comment":"不会有任何事\n不过前任最好别出现，其实你真的写了就会知道读者根本不介意前任，介意的在于他们出场很烦","commentTime":"2022-03-23 14:06:55","commentOwner":"——"},{"comment":"排雷了我就无所谓，反正不会点进去\n但是感觉还是会有人冲…","commentTime":"2022-03-23 14:07:44","commentOwner":"oO"},{"comment":"不会有任何事\n不过前任最好别出现，其实你真的写了就会知道读者根本不介意前任，介意的在于他们出场很烦\n№58 ☆☆☆——|765674dd于2022-03-23 14:06:55留言☆☆☆\n不会","commentTime":"2022-03-23 14:07:53","commentOwner":"。"},{"comment":"我觉得隔壁会开楼骂，劝三思","commentTime":"2022-03-23 14:08:27","commentOwner":"。"},{"comment":"这有什么的，可以写啊","commentTime":"2022-03-23 14:09:41","commentOwner":"太太我来啦"},{"comment":"标了就不会进，不会骂直接划走的程度","commentTime":"2022-03-23 14:10:44","commentOwner":"。"},{"comment":"支持写作自由，写啥不犯法，但网暴犯法。","commentTime":"2022-03-23 14:10:53","commentOwner":"。"},{"comment":"虽然我不看主楼这种题材，但是有些人，能不能接受一件事就是，你不喜欢的东西有别人喜欢。\n不理解也没关系，别在人家已经说明的情况下跑去人家文下问作者为什么这么写，留一些好恶心/垃圾之类的评价，然后以排雷的名义大肆批判。\n作者文案已经标清楚了，真的还有到处排雷的必要吗？你们是在排雷还是只是挑了个话题发泄不满？","commentTime":"2022-03-23 14:11:51","commentOwner":"= ="},{"comment":"虽然我不吃攻有前女友这个设定，但楼主排雷就行。因为我看到排雷，就知道这本不是我的口味，不会点进去看。","commentTime":"2022-03-23 14:12:30","commentOwner":"。"},{"comment":"标了我肯定不会点进去的，别人爱写什么写什么，专程进去骂人的是不是爹瘾犯了，非得教别人怎么做人？\n№24 ☆☆☆。|8ecebea0于2022-03-23 13:53:18留言☆☆☆\n。","commentTime":"2022-03-23 14:12:31","commentOwner":"虽虽"},{"comment":"直掰弯呗就是 有多少前任都无所谓 只要每段恋爱1v1就行","commentTime":"2022-03-23 14:29:00","commentOwner":"应该"},{"comment":"历史引用 展开全部▼\n。\n№67 ☆☆☆虽虽|a075b0c3于2022-03-23 14:12:31留言☆☆☆\n。","commentTime":"2022-03-23 14:30:37","commentOwner":"。"},{"comment":"lgbt，b在网文中就不存在了qwq","commentTime":"2022-03-23 14:32:13","commentOwner":"。"},{"comment":"能采访一下受为什么要设定c吗吧，我感觉一个诡计多端的0掰弯一个花花公子更带感？","commentTime":"2022-03-23 14:32:51","commentOwner":"。"},{"comment":"受非c可挽救\n要不然给c男受配个烂货就不要喊受宝了好吧？","commentTime":"2022-03-23 14:35:08","commentOwner":"。"},{"comment":"不雷这个，甚至想看。cp有几个作者写的人气还很高，虽然评论区总是xfxy，但人气真的有，可以提名字吗……","commentTime":"2022-03-23 14:37:02","commentOwner":"。"},{"comment":"主受受处攻非处？排雷也会被骂的程度。\n不过大部分人看到这排雷会直接点叉","commentTime":"2022-03-23 14:38:56","commentOwner":"。"},{"comment":"做好被骂的准备就好了，排好雷，肯定会有人看见文案就开骂的，感觉现在喜欢看双c的比较多，非c总有人找理由骂","commentTime":"2022-03-23 14:43:39","commentOwner":"ovo哦波"},{"comment":"其实我还蛮喜欢这种直掰弯的设定的，就是也许我得开小号才敢写的程度……唉","commentTime":"2022-03-23 14:43:56","commentOwner":"0 0"},{"comment":"其实我不care，但评论区可能会来一批攻梦女赶走普通读者（。","commentTime":"2022-03-23 14:46:50","commentOwner":"= ="},{"comment":"我无所谓","commentTime":"2022-03-23 14:47:53","commentOwner":"天翼3G就是快"},{"comment":"其实没太明白，这种人设是有什么非得写的必要吗？","commentTime":"2022-03-23 15:00:43","commentOwner":"不明白"},{"comment":"::::::\nn任前女友的设定是为了展示什么？\n写bl掺什么bg,要是非爱好这种前任一大堆的烂黄瓜，n任男友不好？","commentTime":"2022-03-23 15:10:12","commentOwner":"。"},{"comment":"其实没太明白，这种人设是有什么非得写的必要吗？\n№79 ☆☆☆不明白|6b9ec061于2022-03-23 15:00:43留言☆☆☆\n攻有女朋友，方便攻梦女代入啊。","commentTime":"2022-03-23 15:13:55","commentOwner":"。"},{"comment":"以前不是有不少这种直掰弯的文吗？（这里的直打引号）\n现在这么严峻了？","commentTime":"2022-03-23 15:14:05","commentOwner":"。"},{"comment":"历史引用 展开全部▼\n攻有女朋友，方便攻梦女代入啊。\n№81 ☆☆☆。|f03407c2于2022-03-23 15:13:55留言☆☆☆\n原来如此！","commentTime":"2022-03-23 15:16:35","commentOwner":"。"},{"comment":"可以","commentTime":"2022-03-23 15:17:05","commentOwner":"。"},{"comment":"不要说被不被骂，主要这次骂不到作者了，作者负责了","commentTime":"2022-03-23 15:17:34","commentOwner":"。"},{"comment":"可以排雷，然后也没人看了……","commentTime":"2022-03-23 15:18:04","commentOwner":"。"},{"comment":"狠狠的排雷就行","commentTime":"2022-03-23 15:19:03","commentOwner":"。"},{"comment":"啊这种设定我好像前几天还在一个榜上看过","commentTime":"2022-03-23 15:19:43","commentOwner":"这不应当"},{"comment":"历史引用 展开全部▼\n攻有女朋友，方便攻梦女代入啊。\n№81 ☆☆☆。|f03407c2于2022-03-23 15:13:55留言☆☆☆\n？？？？？？？\n这就开始了吗？","commentTime":"2022-03-23 15:19:58","commentOwner":"。"},{"comment":"排雷可以让一部分读者默默点叉\n但不可能让所有读者点叉，有人就是看见排雷也会骂","commentTime":"2022-03-23 15:20:34","commentOwner":"。"},{"comment":"文案排了雷lz就大胆写\n怕影响就开个马甲写，而且现在也能关评论区了","commentTime":"2022-03-23 15:21:20","commentOwner":"。"},{"comment":"排，狠狠排！\n你爱写就写，有人骂你也怼回去，反正已经排雷了。\n无所谓，注意控制一下别吹人间真实就ok","commentTime":"2022-03-23 15:21:30","commentOwner":"。"},{"comment":"楼内都什么成分……排了雷，不看就点叉","commentTime":"2022-03-23 15:22:47","commentOwner":"。"},{"comment":"我不雷\n不过肯定很多人雷\n有的人可能看到排雷就返回了\n也会有人实在太雷了就会留评说一说","commentTime":"2022-03-23 15:23:01","commentOwner":"=="},{"comment":"反正我不理解排了雷还要去骂作者的人。\n看到楼里的某些人，已经开始为楼主捏把汗了。","commentTime":"2022-03-23 15:25:05","commentOwner":"。"},{"comment":"你看这楼就明白了，极端的人就是——我不喜欢的东西你怎么可以写！别理她们……写你自己的，也别信别人说什么让你一定要改人设，受也要睡很多人才公平。我自己什么文都吃，什么攻受都不挑，你要写的估计是那种比较单纯的受却掰弯了花花公子直男攻吧……那你要是改了你的文就完全变了 如果你自己喜欢还好，如果你不会写这类，这文就直接挂了。小白兔和花花公子也有很多人喜欢，双海王也有很多人喜欢，但你是作者，首先你要写自己喜欢的。","commentTime":"2022-03-23 15:28:00","commentOwner":"柳"},{"comment":"靠，我得改文案了。\n我攻受之前都有女朋友。\n同步弯，同步前男友。","commentTime":"2022-03-23 15:28:09","commentOwner":"= ="},{"comment":"排雷没有用\n写了就是挨骂","commentTime":"2022-03-23 15:28:54","commentOwner":"= ="},{"comment":"啊 自己觉得雷不看不就好了 上来还骂一顿lz.....","commentTime":"2022-03-23 15:30:15","commentOwner":"嘟嘟猪"},{"comment":"啊 自己觉得雷不看不就好了 上来还骂一顿lz.....\n№100 ☆☆☆嘟嘟猪|47ed57fa于2022-03-23 15:30:15留言☆☆☆\n这楼还是在bs，都不敢相信，平常说读者因为一点小事骂自己多委屈现在因为排雷骂lz……老双标怪了","commentTime":"2022-03-23 15:31:24","commentOwner":"柳"},{"comment":"无语，有人真是爹瘾犯了，不喜欢划走得了，又不是没排雷，就是想找个机会骂人吵架，正常人可干不出这种事来。","commentTime":"2022-03-23 15:35:02","commentOwner":"。。。"},{"comment":"我很雷！但不会骂，直接X\n但是如果受非C攻C我就嘶哈嘶哈了！","commentTime":"2022-03-23 15:36:46","commentOwner":"。。"},{"comment":"为什么一定有女朋友？替女的感觉恶心。","commentTime":"2022-03-23 15:38:20","commentOwner":"。。"},{"comment":"笑死了，看看这楼。\nlz跑吧，别回头。","commentTime":"2022-03-23 15:39:17","commentOwner":"。"},{"comment":"我是不理解，为什么一定要献祭几个女的来衬托男同爱情","commentTime":"2022-03-23 15:40:20","commentOwner":"4321"},{"comment":"反正我不理解排了雷还要去骂作者的人。\n看到楼里的某些人，已经开始为楼主捏把汗了。\n№96☆☆☆。|0f147eec于2022-03-23 15:25:05留言☆☆☆\n。","commentTime":"2022-03-23 15:40:23","commentOwner":"= ="},{"comment":"无语，有人真是爹瘾犯了，不喜欢划走得了，又不是没排雷，就是想找个机会骂人吵架，正常人可干不出这种事来。\n№102☆☆☆。。。|2ad46336于2022-03-23 15:35:02留言☆☆☆\n。","commentTime":"2022-03-23 15:40:47","commentOwner":"= ="},{"comment":"标了我不会看也不会骂，但从这楼就能看出来了。\n楼主你要是写了一定会被骂。","commentTime":"2022-03-23 15:41:19","commentOwner":"。。。。"},{"comment":"想写纯情受和浪子攻可以安排攻有前男友啊，为什么一定要把女人掺和进男同里呢？","commentTime":"2022-03-23 15:41:34","commentOwner":"4321"},{"comment":"我不会骂，但绝不会看就是了","commentTime":"2022-03-23 15:41:39","commentOwner":"咕咕"},{"comment":"楼主放心写，排好雷就没问题","commentTime":"2022-03-23 15:42:42","commentOwner":"= ="},{"comment":"我真的很不理解你们这种心理？提前排雷我不会看也不会骂，但我真的不理解为什么要给男同安排前女友，那些女的怎么得罪你了","commentTime":"2022-03-23 15:42:49","commentOwner":"4321"},{"comment":"标了我肯定不会点进去的，别人爱写什么写什么，专程进去骂人的是不是爹瘾犯了，非得教别人怎么做人？\n№24 ☆☆☆。|8ecebea0于2022-03-23 13:53:18留言☆☆☆\n。","commentTime":"2022-03-23 15:43:51","commentOwner":"。"},{"comment":"我真的很不理解你们这种心理？提前排雷我不会看也不会骂，但我真的不理解为什么要给男同安排前女友，那些女的怎么得罪你了\n№115☆☆☆4321|13b8a19c于2022-03-23 15:42:49留言☆☆☆\n双没有活路了是吗","commentTime":"2022-03-23 15:47:43","commentOwner":"= ="},{"comment":"额，你看这楼你也知道了","commentTime":"2022-03-23 15:48:06","commentOwner":"。"},{"comment":"为啥不能写啊。\n不是之前挺常见的设定吗？倒也不必说女的招惹了作者吧，又不是骗婚。\n我朋友之前也跟男的谈过，她现在是女同\n№19 ☆☆☆。|d1a32930于2022-03-23 13:46:42留言☆☆☆\n。","commentTime":"2022-03-23 15:49:44","commentOwner":"。"},{"comment":"只要不违法律，不违道德，不搞黄。写什么真是个人自由。目前还是很不理解为什么总有人不懂不喜欢不看不就好了，还非要骂一句。\n№35 ☆☆☆。|442ae7d2于2022-03-23 13:58:59留言☆☆☆\n。。","commentTime":"2022-03-23 15:50:39","commentOwner":"。"},{"comment":"历史引用 展开全部▼\n双没有活路了是吗\n№118 ☆☆☆= =|fe25cdd2于2022-03-23 15:47:43留言☆☆☆\n那就文案排雷加上说明“攻是双性恋”，要不然耽美文不是默认男主是男同吗？男同有很多前女友真的合理吗？","commentTime":"2022-03-23 15:52:17","commentOwner":"4321"},{"comment":"历史引用 展开全部▼\n原来如此！\n№83 ☆☆☆。|f5da7cc0于2022-03-23 15:16:35留言☆☆☆\n有毛病，人家爱怎么写怎么写，哪来的那么多为什么，热知识部分作者写文是爱好。","commentTime":"2022-03-23 15:53:40","commentOwner":"。"},{"comment":"攻之前有过n个前男友我都不会这么雷，非要祸害女的\n№4 ☆☆☆。|be3fcd6d于2022-03-23 13:42:22留言☆☆☆\n。","commentTime":"2022-03-23 15:54:19","commentOwner":"。"},{"comment":"历史引用 展开全部▼\n那就文案排雷加上说明“攻是双性恋”，要不然耽美文不是默认男主是男同吗？男同有很多前女友真的合理吗？\n№122☆☆☆4321|13b8a19c于2022-03-23 15:52:17留言☆☆☆\n直掰弯被你排除出耽美文啦？","commentTime":"2022-03-23 15:55:12","commentOwner":"= ="},{"comment":"历史引用 展开全部▼\n双没有活路了是吗\n№118 ☆☆☆= =|fe25cdd2☆于2022-03-23 15:47:43留言☆☆☆\n。\n看过好多“男女不忌”（暗示也有前女友）这种形容的浪子攻or受，之前没被喷得这么惨呀。当然我看的只是一句带过，没有具体写","commentTime":"2022-03-23 15:55:17","commentOwner":"……"},{"comment":"排雷就行，我不看只会退出去，只会心里狠狠避雷，顺便和基友吐槽，不过不会去文下面说","commentTime":"2022-03-23 15:55:19","commentOwner":"——"},{"comment":"反正我不会骂，还没在网上口出过恶言，但肯定会有人骂，大概率会出道被刷负，心脏强大就写吧","commentTime":"2022-03-23 15:55:54","commentOwner":""},{"comment":"历史引用 展开全部▼\n直掰弯被你排除出耽美文啦？\n№125 ☆☆☆= =|fe25cdd2于2022-03-23 15:55:12留言☆☆☆\n。","commentTime":"2022-03-23 15:56:20","commentOwner":"。"},{"comment":"说实话，把n任改成一任都好。双可以，c不c的无所谓，但你谈了n任[女]朋友，然后和还是c的受在一起。\n受图啥啊，图你的攻谈过好几次恋爱吗……","commentTime":"2022-03-23 15:56:32","commentOwner":"。"},{"comment":"写是可以写，爱怎么写就怎么写，\n但是说实话，你发公共平台，评论区到时候肯定血雨腥风\n别说已经排雷了\n楼主有写写自由\n别人也有评论的自由\n得不偿失啊楼主","commentTime":"2022-03-23 15:58:44","commentOwner":"。"},{"comment":"单纯这个设定来看，只要攻和女朋友交往的时候是正当的，三观正常的，不存在脚踏两条船，我就不会雷，也不会觉得他在“祸害”别人。你在文案上标好了，楼里反对你的人也不会去看，因为他们根本就不是你的受众。\n你不用在乎不是你受众的那些人是怎么说的，支持创作自由，争议是肯定会有的，但不要因此畏手畏脚","commentTime":"2022-03-23 15:59:10","commentOwner":"AKM"},{"comment":"说实话，把n任改成一任都好。双可以，c不c的无所谓，但你谈了n任[女]朋友，然后和还是c的受在一起。\n受图啥啊，图你的攻谈过好几次恋爱吗……\n№130☆☆☆。|7ce9b288于2022-03-23 15:56:32留言☆☆☆\n霍，女的谈过好几次恋爱就必须要结婚了，不然下个男的图啥啊，图这个女的谈过好几次恋爱吗？","commentTime":"2022-03-23 15:59:49","commentOwner":"= ="},{"comment":"写是可以写，爱怎么写就怎么写，\n但是说实话，你发公共平台，评论区到时候肯定血雨腥风\n别说已经排雷了\n楼主有写写自由\n别人也有评论的自由\n得不偿失啊楼主\n№131☆☆☆。|d3d0b06c于2022-03-23 15:58:44留言☆☆☆\n楼主已经排雷，是表达了尊重，那么读者是不是也要稍微表达一下尊重划走就算了","commentTime":"2022-03-23 16:00:56","commentOwner":"= ="},{"comment":"历史引用 展开全部▼\n霍，女的谈过好几次恋爱就必须要结婚了，不然下个男的图啥啊，图这个女的谈过好几次恋爱吗？\n№133 ☆☆☆= =|fe25cdd2于2022-03-23 15:59:49留言☆☆☆\n这和女的有啥关系，怎么还碰瓷呢","commentTime":"2022-03-23 16:01:22","commentOwner":"。"},{"comment":"历史引用 展开全部▼\n楼主已经排雷，是表达了尊重，那么读者是不是也要稍微表达一下尊重划走就算了\n№134 ☆☆☆= =|fe25cdd2于2022-03-23 16:00:56留言☆☆☆\n评论自由不代表有伤害别人的权利，rsgj到一定程度是可以告的","commentTime":"2022-03-23 16:02:18","commentOwner":"。"},{"comment":"历史引用 展开全部▼\n这和女的有啥关系，怎么还碰瓷呢\n№135☆☆☆。|73cb4388于2022-03-23 16:01:22留言☆☆☆\n那男的也行，只是碧水大多是女性，比较好理解而已","commentTime":"2022-03-23 16:02:29","commentOwner":"= ="},{"comment":"标了我肯定不会点进去的，别人爱写什么写什么，专程进去骂人的是不是爹瘾犯了，非得教别人怎么做人？\n№24 ☆☆☆。|8ecebea0于2022-03-23 13:53:18留言☆☆☆\n。","commentTime":"2022-03-23 16:03:33","commentOwner":"哇"},{"comment":"历史引用 展开全部▼\n那男的也行，只是碧水大多是女性，比较好理解而已\n№137 ☆☆☆= =|fe25cdd2于2022-03-23 16:02:29留言☆☆☆\n问题本来就不一样啊，耽美里就没女的什么事，硬碰瓷没意思，而且纸片人和普通人又不一样……","commentTime":"2022-03-23 16:04:41","commentOwner":"。"},{"comment":"标了我肯定不会点进去的，别人爱写什么写什么，专程进去骂人的是不是爹瘾犯了，非得教别人怎么做人？\n№24☆☆☆。|8ecebea0于2022-03-23 13:53:18留言☆☆☆\n+1，我不写也不看，也不会去管别人写什么。\n真是奇了怪了，这种文就一堆刷负，之前那个讨论两男一女的电影有人说恶心那楼里还说不尊重xp。","commentTime":"2022-03-23 16:06:19","commentOwner":"。"},{"comment":"lz排雷就好了，我觉得没毛病。\n但是作为过来人有个悲伤的事实就是，哪怕排雷依然会被冲，上夹子惨不忍睹，反正就想骂你。\n我写了洁党都不要进来，有杠精还在评论区说这个作者好恶心，故意排雷不清楚，吃相难看。","commentTime":"2022-03-23 16:06:41","commentOwner":"zz"},{"comment":"不用问了，在bs已经预见了hhhh，如果g不是gay装直，谈女朋友只是怕别人说他是gay，那么大部分看耽美的不会骂的吧。（但为什么大多文都是只有女主/受是c？","commentTime":"2022-03-23 16:06:46","commentOwner":"＝＝"},{"comment":"你看这楼就明白了，极端的人就是——我不喜欢的东西你怎么可以写！别理她们……写你自己的，也别信别人说什么让你一定要改人设，受也要睡很多人才公平。我自己什么文都吃，什么攻受都不挑，你要写的估计是那种比较单纯的受却掰弯了花花公子直男攻吧……那你要是改了你的文就完全变了 如果你自己喜欢还好，如果你不会写这类，这文就直接挂了。小白兔和花花公子也有很多人喜欢，双海王也有很多人喜欢，但你是作者，首先你要写自己喜欢的。\n№97 ☆☆☆柳|1b3f9db0于2022-03-23 15:28:00留言☆☆☆\n。","commentTime":"2022-03-23 16:06:46","commentOwner":"哇"},{"comment":"排雷还看，看了还骂，纯属有病。","commentTime":"2022-03-23 16:07:26","commentOwner":"= ="},{"comment":"设定是攻花花公子，遇到受宝前以为自己是直男\n№15 ☆☆☆。|603b0bed于2022-03-23 13:45:48留言☆☆☆\n那你为什么要排雷呢？你写的不是爱情吗？只要描写攻受相遇后开始了甜甜美美的爱就行了，把攻以前的感情史用做简略的春秋笔法一笔带过，不要详写。我看过大神写的一本文里就是直男花花公子攻，遇到受之后就心动了，从友情到爱情，也没有人骂","commentTime":"2022-03-23 16:09:35","commentOwner":"王一蛋"},{"comment":"救命和楼主一模一样，现在慌得一匹，想写又怕被骂!","commentTime":"2022-03-23 16:17:39","commentOwner":"。"},{"comment":"救命和楼主一模一样，现在慌得一匹，想写又怕被骂!\n№146 ☆☆☆。|aa28cacb于2022-03-23 16:17:39留言☆☆☆\n我都没怕你怕啥？我还在认真看每层的回复,理智的还是大多数，当然不喜欢这设定的也不是不理智，是各有所爱，有他们的道理。","commentTime":"2022-03-23 16:21:53","commentOwner":"。"},{"comment":"会，我看到绝逼会点进去骂+打负分的","commentTime":"2022-03-23 16:33:20","commentOwner":"= ="},{"comment":"看楼里就知道每次夹子上骂作者的是哪些人了，别说什么作者有瓜才骂哦，就是仗着有根网线发泄恶意罢了","commentTime":"2022-03-23 16:35:44","commentOwner":"= ="},{"comment":"会，我看到绝逼会点进去骂+打负分的\n№148☆☆☆= =|0896883b于2022-03-23 16:33:20留言☆☆☆\n现在我知道那些明明有排雷还打负分的读者是哪里来的了……不看也请尊重作者，这不是杀人放火","commentTime":"2022-03-23 16:35:50","commentOwner":"AKM"},{"comment":"不想被骂，承受不住被骂就别写这种题材，碰都不要碰，甚至连火葬场这种争议性大的题材你都别碰，因为你排雷多少遍都没有用，照样被骂被刷负。\n如果能承受住被骂被刷负甚至三区出道，微博出道，豆瓣出道等这种极端情形的，就大胆的写。","commentTime":"2022-03-23 16:36:01","commentOwner":"天糊小辣椒"},{"comment":"建议多一点存稿\n骂不骂的，存稿箱一扔，谁也不爱","commentTime":"2022-03-23 16:36:47","commentOwner":".0."},{"comment":"排好雷应该就行，虽然我不会看但也不会闲的去骂，另外最近榜单上就有个这样设定的文，所以理论上完全可行","commentTime":"2022-03-23 16:36:59","commentOwner":"七百度近视"},{"comment":"主攻文可以，主受的话尊重祝福","commentTime":"2022-03-23 16:37:33","commentOwner":"= ="},{"comment":"承受不住被骂被排雷就别写，因为排雷也会被骂。\n要是能承受，甚至极端的隔壁区出道都无所谓，就大胆的写，反正自己不carry的话，被骂也没什么。","commentTime":"2022-03-23 16:39:21","commentOwner":"天糊小辣椒"},{"comment":"支持创作自由！\n排好雷后谁还骂你就十倍反弹","commentTime":"2022-03-23 16:39:29","commentOwner":"…"},{"comment":"我不雷，写个小说非要这样那样跟着一个标准来，一边骂作者写的套路文一边骂作者写的雷，看不下去不看不就行了，只要符合晋江标准，作者都能写，读者不爱看关掉就行非得骂上几句，有本事买定制文去。","commentTime":"2022-03-23 16:39:32","commentOwner":"。"},{"comment":"标了我肯定不会点进去的，别人爱写什么写什么，专程进去骂人的是不是爹瘾犯了，非得教别人怎么做人？\n№24☆☆☆。|8ecebea0于2022-03-23 13:53:18留言☆☆☆\n+1，天天喊写作自由，实际看到自己不接受的不喜欢的就恨不得作者死，怪好笑的","commentTime":"2022-03-23 16:40:36","commentOwner":"。"},{"comment":"我会雷，因为我是主看言情的女主控，偶尔才会看耽美。\n这个设定在言情如果是男主有n任前男友，我是可以接受的（奇怪的xp）。","commentTime":"2022-03-23 16:40:44","commentOwner":"- -"},{"comment":"承受不住被骂被排雷就别写，因为排雷也会被骂。\n要是能承受，甚至极端的隔壁区出道都无所谓，就大胆的写，反正自己不carry的话，被骂也没什么。\n№155☆☆☆天糊小辣椒|82ca97a3于2022-03-23 16:39:21留言☆☆☆\n是的。刚刚看到上面有层抽掉的楼说看到这种排雷就会进去刷负……所以有些东西不管拍不排雷都会被攻击。唉……强大的心脏很重要","commentTime":"2022-03-23 16:41:46","commentOwner":"= ="},{"comment":"写吧，这有啥，写得好我一样看，攻非受c和受非攻c或者双c双非我都看啊，这不就是排列组合的设定吗，非要给作者扣帽子是不是闲的啊，不喜欢很正常但是骂人就不必了吧，拿着鸡毛就当令箭了还以为自己多正义，真是无语，我觉得小说不好看才是原罪。","commentTime":"2022-03-23 16:43:45","commentOwner":"。"},{"comment":"写得好我爱看\n我没有任何忌口\n不爱看别看不就完了，骂人和阴阳怪气算怎么回事","commentTime":"2022-03-23 16:44:50","commentOwner":"= ="},{"comment":"有些人真是，拿着自以为是的正义指指点点，像小丑似的。","commentTime":"2022-03-23 16:45:28","commentOwner":"。"},{"comment":"设定是攻花花公子，遇到受宝前以为自己是直男\n№15 ☆☆☆。|603b0bed于2022-03-23 13:45:48留言☆☆☆\n以为自己是直男，应该是那种没谈过恋爱的吧，那有人跟好几任女友上床之后还觉得自己不是直男的。","commentTime":"2022-03-23 16:47:40","commentOwner":"uuuuu"},{"comment":"历史引用 展开全部▼\n以为自己是直男，应该是那种没谈过恋爱的吧，那有人跟好几任女友上床之后还觉得自己不是直男的。\n№164 ☆☆☆uuuuu|4bebf078于2022-03-23 16:47:40留言☆☆☆\n抓个字，哪","commentTime":"2022-03-23 16:47:59","commentOwner":"uuuuu"},{"comment":"直男海王变弯，这样的文不少吧……个人觉得可以写，但会不会被骂，只能说控制不了别人的想法吧……","commentTime":"2022-03-23 17:00:20","commentOwner":"。"},{"comment":"写吧，这有啥，写得好我一样看，攻非受c和受非攻c或者双c双非我都看啊，这不就是排列组合的设定吗，非要给作者扣帽子是不是闲的啊，不喜欢很正常但是骂人就不必了吧，拿着鸡毛就当令箭了还以为自己多正义，真是无语，我觉得小说不好看才是原罪。\n№161 ☆☆☆。|0fa56135于2022-03-23 16:43:45留言☆☆☆\n。","commentTime":"2022-03-23 17:01:00","commentOwner":"。"},{"comment":"我对这类无所谓，除了某些极度恶心的东西其它都能看。\n不过能想象到夹子上的血雨腥风。","commentTime":"2022-03-23 17:03:53","commentOwner":"。"},{"comment":"话说如果你的攻前任戏份不多，根本不会出场，你只要写一句攻有前任就行，剧情上也是一笔带过，说他以前是个花花公子，现在收心，其实观感上会弱很多……排雷排得太细就会有如楼里一些极端的，看文案骂你，何必给她们机会？ps.楼里乱骂人的，哪天被别的读者骂了三观不正，作者写得什么垃圾也别喊冤哦","commentTime":"2022-03-23 17:06:02","commentOwner":"柳"},{"comment":"网文为什么要代入现实呢？\n不是说你跟异性谈过多少恋爱你就是异性恋？甚至也不要说你跟同性谈过恋爱你就是同性恋。\n我们看文看的又不是主角异性恋同性恋，看到是主角恋爱！\n只要恋爱好看，谁管你？【不违背法律和道德的前提下】\n谈过n任女友的海王攻，我们要看到不就是这种渣男海王，被受一个人征服了心的故事吗？\n只要文写的好，这才是最重要的。\n海王攻和受，总会因为自己的丰富情史而被受怀疑，不相信。\n那个时候才是虐攻的桥段，我看的就是这个爽点剧情啊！","commentTime":"2022-03-23 17:08:04","commentOwner":"= ="},{"comment":"一个双而已，为啥不能写？谈过前女友就是祸害女的了？没骗婚没干缺德事和谁谈是他的自由吧？\n现在jj的风气真差，二极管真多，看到自己不喜欢的就骂，完全不尊重多元创作，还自以为是排雷","commentTime":"2022-03-23 17:10:32","commentOwner":"= ="}]}