{"id":"19a4dd66-6b78-41c4-8aed-b59828bad76d","category":"晋江论坛→网友交流区→碧水江汀 请稍候...","postSubject":"主题：要发癫了，评论区胡乱排雷+写作指导气的我像喷火龙 [5] 【搜索关键词：排雷】","postUrl":"https://bbs.jjwxc.net/showmsg.php?board=17&keyword=%C5%C5%C0%D7&id=1744981","originalPost":"所以说这种没脑子的鼻涕虫读者就别看这种先抑后扬的文啊，要看爽文去找爽文标签，要看甜文，去看甜文标签，我一个标签没打，说他看文案觉得这是一个爽甜文，我写虐她憋屈\n是不是脑壳有坑！！！是不是！！！！！","numberOfReplies":5,"comments":[{"comment":"我的天呐，我说我没有排雷，我凭什么排，算什么东西啊？我在文案上标的的不够多吗？不许写作指导，不要考据，哦，我的天哪，你看了吗？你在乎吗？我今天标不是爽文，不是天甜文明天你问我为什么写的那么狗血，我到底要标几个？这么会写文，自己为什么不去写，在评论区抒发长篇大论真是对不起，有几个人up了你的评论，你就觉得自己很牛，对不起啊，我昨天日收700唉？","commentTime":"2022-02-02 11:10:28","commentOwner":"。"},{"comment":"走了就算了，我就当你在我的评论区拉了屎，我可以一笑而过，结果我的读者长评帮我说话，你又回来说，哎呀，我觉得你说的不对，反正我不受这气，谁爱受气谁受气？我的排雷是给不跟我受气的人看的，反正我们读者是不想看这种东西的。\n哇塞，好牛啊，我要不是作者隔着网线我真想把你头打掉","commentTime":"2022-02-02 11:13:57","commentOwner":"。"},{"comment":"走了就算了，我就当你在我的评论区拉了屎，我可以一笑而过，结果我的读者长评帮我说话，你又回来说，哎呀，我觉得你说的不对，反正我不受这气，谁爱受气谁受气？我的排雷是给不跟我受气的人看的，反正我们读者是不想看这种东西的。\n哇塞，好牛啊，我要不是作者隔着网线我真想把你头打掉\n№2☆☆☆。|1845ba3f于2022-02-02 11:13:57留言☆☆☆\n哈哈，长篇大论小作文，说你男女主这不好那不好，这不符合那不符合，你要回她，就说你作者玻璃心，要你姿态放低，我都想问问她，你是付了全网站钱我写你爱看的？后来我想明白了，大家都没说有问题，就她一个哔哔，那就是她问题","commentTime":"2022-02-02 11:21:19","commentOwner":"键盘买那个"},{"comment":"历史引用 展开全部▼\n哈哈，长篇大论小作文，说你男女主这不好那不好，这不符合那不符合，你要回她，就说你作者玻璃心，要你姿态放低，我都想问问她，你是付了全网站钱我写你爱看的？后来我想明白了，大家都没说有问题，就她一个哔哔，那就是她问题\n№3 ☆☆☆键盘买那个|a40d1154于2022-02-02 11:21:19留言☆☆☆\n的确，我的读者里面只有他一个人哔哔，指点江山激昂文字点击他的专栏一看，我看他订阅了某某的文我一切都懂了","commentTime":"2022-02-02 11:22:42","commentOwner":"。"},{"comment":"历史引用 展开全部▼\n的确，我的读者里面只有他一个人哔哔，指点江山激昂文字点击他的专栏一看，我看他订阅了某某的文我一切都懂了\n№4☆☆☆。|1845ba3f于2022-02-02 11:22:42留言☆☆☆\n一般杠精点开他主页看他留评过的文内容就知道了","commentTime":"2022-02-02 11:29:08","commentOwner":"键盘买那个"}]}