{
  "id": "b6179647-69cd-4f0d-a805-cf58650e6dcb",
  "category": "晋江论坛→网友交流区→碧水江汀 欢迎回来：53088456  退 出",
  "postSubject": "主题：暴言：好的故事像坠入爱河，你根本不会在意它是不是双洁、1v1、渣攻贱受、小白文笔三观不正等等等等，所以排雷是没有意义的 [68] 【搜索关键词：排雷】",
  "postUrl": "https://bbs.jjwxc.net/showmsg.php?board=17&keyword=%C5%C5%C0%D7&id=2009176",
  "originalPost": "RT",
  "numberOfReplies": 67,
  "comments": [
    {
      "comment": "把珍贵的回复用掉一次。你说的没错",
      "commentTime": "2022-12-02 19:35:44",
      "commentOwner": "丘比特的钢铁巨弓"
    },
    {
      "comment": "是的！狠狠同意了！",
      "commentTime": "2022-12-02 19:36:08",
      "commentOwner": "梦想只会饿死自己"
    },
    {
      "comment": "可是哪有那么能多让人一见钟情的好故事呢？（摊手）",
      "commentTime": "2022-12-02 19:36:53",
      "commentOwner": "一江春水卟溜卟溜"
    },
    {
      "comment": "仅针对前面那句倒也不是……有我雷点的文我绝不会看（。）比如生子、渣/贱，反攻，日/攻什么的……写得再好我也不会看……",
      "commentTime": "2022-12-02 19:38:02",
      "commentOwner": "一起摘草莓"
    },
    {
      "comment": "我几乎没有雷点，不想看的点都不点",
      "commentTime": "2022-12-02 19:39:07",
      "commentOwner": "随九"
    },
    {
      "comment": "虽然但是点都不会点开来，直接避雷了",
      "commentTime": "2022-12-02 19:46:50",
      "commentOwner": "帮忙想个固码吧"
    },
    {
      "comment": "你开心就好",
      "commentTime": "2022-12-02 19:52:59",
      "commentOwner": "盐渍陈皮"
    },
    {
      "comment": "我也没有雷点，变.态的题材都吃。",
      "commentTime": "2022-12-02 19:53:46",
      "commentOwner": "anyy"
    },
    {
      "comment": "大佬疯狂踩雷也没有关系，一句话文案也有的是人看，关键是大部分作者（包括我）没有那个水平，起码排雷对我来说是有意义的，它能让我多抓住一点读者",
      "commentTime": "2022-12-02 20:03:31",
      "commentOwner": "尘落之地"
    },
    {
      "comment": "没有雷点，唯一的雷点就是无聊，不好看。",
      "commentTime": "2022-12-02 20:05:22",
      "commentOwner": "鹿林鹿林"
    },
    {
      "comment": "故事再好 我也不会看互攻",
      "commentTime": "2022-12-02 20:05:29",
      "commentOwner": "100o010o0"
    },
    {
      "comment": "戳中雷点的文我不会看，对我来说那就是自虐",
      "commentTime": "2022-12-02 20:06:50",
      "commentOwner": "咸鱼2号"
    },
    {
      "comment": "这种直接从文案就不进了啊？我连看它好不好的机会都无",
      "commentTime": "2022-12-02 20:14:58",
      "commentOwner": "抓猫猫"
    },
    {
      "comment": "+1，排雷对我而言毫无意义",
      "commentTime": "2022-12-02 20:16:45",
      "commentOwner": "啊哈哈哈哈哈哎呀"
    },
    {
      "comment": "srds触我雷点的我直接不会点进去，没有机会知道它好不好看\n而如果看到一半忽然发现有自己的雷点，那我的心情大概就是吃了shi味的巧克力……有些雷点一生不可跨越（）",
      "commentTime": "2022-12-02 20:21:59",
      "commentOwner": "富婆进行时"
    },
    {
      "comment": "你说得对！！！！！！！！！！！！！！！",
      "commentTime": "2022-12-02 20:23:14",
      "commentOwner": "红木椅子"
    },
    {
      "comment": "但如果他看起来像是渣攻贱受，但我看着看着它特别甜我也是会生闷气！",
      "commentTime": "2022-12-02 20:25:45",
      "commentOwner": "别水论坛了又掉收了"
    },
    {
      "comment": "可是戳我雷点的不会看，就像基友给我推了一本，基友觉得是个好故事，我也觉得是，但不妨碍我后面被雷得像吃shi一样看不下去，但这并不妨碍它是个好故事",
      "commentTime": "2022-12-02 20:26:45",
      "commentOwner": "o□□0oqoq0"
    },
    {
      "comment": "最后一句毫无必要，有人想看小甜文，有人想看虐文，有人想看渣贱，各人有各人的口味和喜好，在甜文里搞虐搞渣贱，这需不需要排雷？有没有可能，有些题材对某些人来说就是一个雷点，提前筛选了读者，但如果非要让我在普通的甜文看到渣贱……那就像屎味糖一样",
      "commentTime": "2022-12-02 20:28:51",
      "commentOwner": "我不想日万"
    },
    {
      "comment": "我喜欢看双洁，抱歉我是不是有点落后。也不怎么看np。更喜欢一v一。还是要排雷，如果不是1v1我不看，狗头保命。",
      "commentTime": "2022-12-02 20:29:38",
      "commentOwner": "性感文案"
    },
    {
      "comment": "除了生子和双星我感觉都可",
      "commentTime": "2022-12-02 20:32:04",
      "commentOwner": "奶猫好香呀"
    },
    {
      "comment": "非常好看的文，就算有雷点我也不在乎，雷点只有普通的文才需要在意，仅代表个人",
      "commentTime": "2022-12-02 20:33:23",
      "commentOwner": "一看就忘的昵称"
    },
    {
      "comment": "对。\n不过jm帝国那种唆使犯罪的就算了。",
      "commentTime": "2022-12-02 20:36:18",
      "commentOwner": "香辣木瓜泥"
    },
    {
      "comment": "我的雷点只有无聊",
      "commentTime": "2022-12-02 20:36:43",
      "commentOwner": "藤本树又犯病了么"
    },
    {
      "comment": "me too 只要写得好我啥雷点都没有",
      "commentTime": "2022-12-02 20:40:59",
      "commentOwner": "游遍小熊座"
    },
    {
      "comment": "是的！",
      "commentTime": "2022-12-02 20:50:29",
      "commentOwner": "祭祭国王"
    },
    {
      "comment": "确实，不知道别人，对我来说排雷还有可能勾起我对某个题材的兴趣，只要写得好，雷点变萌点也不是不行，但有的雷我可能这辈子也不会看，比如女主舔狗什么的……",
      "commentTime": "2022-12-02 20:55:57",
      "commentOwner": "布川酷滋咕子"
    },
    {
      "comment": "不不不，我非常喜欢一位大佬，每一本我都收了实体，但大佬有一本攻受青梅竹马，然后受却当了攻爹情人，然后攻受有he的文，好几年了，我都没有点开过\n天雷",
      "commentTime": "2022-12-02 21:12:07",
      "commentOwner": "钱啊钱"
    },
    {
      "comment": "不不不，我非常喜欢一位大佬，每一本我都收了实体，但大佬有一本攻受青梅竹马，然后受却当了攻爹情人，然后攻受有he的文，好几年了，我都没有点开过\n天雷\n№28 ☆☆☆钱啊钱|4c922ecc★于2022-12-02 21:12:07留言☆☆☆　 ；＆ＮＢＳＰ;来自河南\n我应该看过哈哈哈哈哈哈",
      "commentTime": "2022-12-02 21:13:36",
      "commentOwner": "别水论坛了又掉收了"
    },
    {
      "comment": "不，好的故事，如果踩在你不能和解的雷点上，你被创死的更惨，文笔杀人属于。",
      "commentTime": "2022-12-02 21:19:09",
      "commentOwner": "51384243"
    },
    {
      "comment": "不喜欢的文就直接不看了，从免费章开始，看不进去就不看了",
      "commentTime": "2022-12-02 21:22:21",
      "commentOwner": "小紧肤水"
    },
    {
      "comment": "不，好的故事，如果踩在你不能和解的雷点上，你被创死的更惨，文笔杀人属于。\n№30 ☆☆☆51384243|e79b40f8于2022-12-02 21:19:09留言☆☆☆\n。反正我接受不了，渣贱一生雷，再好的文笔我都不会去看。",
      "commentTime": "2022-12-02 21:24:57",
      "commentOwner": "好的没问题"
    },
    {
      "comment": "我不行，有些设定吃不下就是吃不下，比如女变男结婚生子，男主之前喜欢男人后来喜欢女人，哒咩哒咩，我心爱的作家复活来给我写都不行",
      "commentTime": "2022-12-02 21:37:59",
      "commentOwner": "啵啵鸡蛋汤"
    },
    {
      "comment": "额，筛选受众这四个字很难理解吗，比如我不看耽，我知道耽美有很多优秀作品，但我不吃，就这么回事。",
      "commentTime": "2022-12-02 21:40:06",
      "commentOwner": "曲奇碎片"
    },
    {
      "comment": "鸡皮蒜毛的就不说了 有些雷点简直是会触碰底线一样的存在\n比如种马男\n直接排雷说清楚了不能看就走就好 最没必要的其实是明明已经排雷不吃还要留言ky的人",
      "commentTime": "2022-12-02 21:43:25",
      "commentOwner": "温和的小熊软糖"
    },
    {
      "comment": "仅针对前面，我发现我是。很多我以前以为我肯定很讨厌的设定（类似于攻有很多情人然后为受浪子回头），有个太太写了短篇，我看得嗷嗷叫甚至想看这类的文。真的写得好会让我底线降低很多，前提是看起来很舒服不会刻意把我讨厌的点放大\n但这和排雷没有必然关系，因为在还没有写什么设定都得心应手的笔力的时候，标注一下能给自己和读者省去很多麻烦",
      "commentTime": "2022-12-02 21:45:51",
      "commentOwner": "红点黑骰子"
    },
    {
      "comment": "这是伪命题，没有人会和一个长在自己雷点上的丑人坠入爱河",
      "commentTime": "2022-12-02 21:48:49",
      "commentOwner": "aaaaaaris"
    },
    {
      "comment": "戳中雷点的文我不会看，对我来说那就是自虐\n№12 ☆☆☆咸鱼2号|106cc195于2022-12-02 20:06:50留言☆☆☆\n。",
      "commentTime": "2022-12-02 21:49:54",
      "commentOwner": "是谁抢走了我的句号名"
    },
    {
      "comment": "不，我还是不可以，我在意！！\n比如myd和ysj的文笔真的很好，反正是我膜拜的大神，但是她们的好多文我真的接受无能看不下去，尤其是myd的渣贱……\n还有lz说的好的故事，说实话再好看的故事，突然给我喂了一口shi，我会更气更恶心tat\n  \n其实这就是个人喜好啊，喜好是不会因为整体如何而改变的。比如我不吃芹菜，你把芹菜做得再是国宴菜我也吃不下去……",
      "commentTime": "2022-12-02 21:51:16",
      "commentOwner": "弗莉"
    },
    {
      "comment": "我觉得作者可以不用排雷，但读者可以进行排雷和评价（客观上的），就像豆瓣评分和b站影视区的推荐和解说一样，但问题是现在相当部分的排雷做不到客观",
      "commentTime": "2022-12-02 22:02:50",
      "commentOwner": "我不想吃香菜"
    },
    {
      "comment": "是这样的\n我女神写了个反攻的番外车，我真的非常非常非常雷反攻，可是她该死的写得好香好有张力，从此以后我雷反攻括弧那个番外除外",
      "commentTime": "2022-12-02 22:09:45",
      "commentOwner": "奶油尖尖"
    },
    {
      "comment": "但这一类的好故事少得就像垃圾桶里的宝贝一样，太难碰到了啊！",
      "commentTime": "2022-12-02 22:09:47",
      "commentOwner": "yolo10086"
    },
    {
      "comment": "不行不行，主楼说的这些雷就算是我女神写也不会想看，写了不避雷我会从此避雷这个作者",
      "commentTime": "2022-12-02 22:13:18",
      "commentOwner": "水果蛋挞"
    },
    {
      "comment": "故事再好 我也不会看互攻\n№11☆☆☆100o010o0|5282ca67于2022-12-02 20:05:29留言☆☆☆\n排",
      "commentTime": "2022-12-02 22:15:22",
      "commentOwner": "种愿望"
    },
    {
      "comment": "历史引用 展开全部▼\n排\n№45☆☆☆种愿望|02d39c01于2022-12-02 22:15:22留言☆☆☆\n+1\n还有那种绿帽癖主角我也不会看的",
      "commentTime": "2022-12-02 22:16:33",
      "commentOwner": "无啦啦啦啦凉啊"
    },
    {
      "comment": "不不不，我非常喜欢一位大佬，每一本我都收了实体，但大佬有一本攻受青梅竹马，然后受却当了攻爹情人，然后攻受有he的文，好几年了，我都没有点开过\n天雷\n№28 ☆☆☆钱啊钱|4c922ecc于2022-12-02 21:12:07留言☆☆☆\n夜色深处，哈哈哈哈哈哈，很好看，我可。",
      "commentTime": "2022-12-02 22:39:43",
      "commentOwner": "无限小圆"
    },
    {
      "comment": "受被其他人□□我不看，虽然曾经的白月光小说有受被□□的情节，但是如果让我知道，即使是白月光我也不看",
      "commentTime": "2022-12-02 22:53:54",
      "commentOwner": "笨蛋召唤兽"
    },
    {
      "comment": "被屏蔽了，qb",
      "commentTime": "2022-12-02 22:54:14",
      "commentOwner": "笨蛋召唤兽"
    },
    {
      "comment": "我的雷点比雨点子多，为了有文可看有些小雷点必须忍着，但大雷点绝对不看",
      "commentTime": "2022-12-02 22:56:03",
      "commentOwner": "我的蛙回家了吗"
    },
    {
      "comment": "“不会在意”就是看了并接受，比如原来不看糙汉受，但是因为一个极好的故事吸引你去看了，你看完并也觉得舒服得劲，那这是个“好的故事”\n如果你看了，还是觉得被“喂shi”\n本质上我觉得“它”还不够好\n还有一种就是又难受又要看，边看边骂，我觉得也是成功的“好故事”，典型代表渣男贱受hzc",
      "commentTime": "2022-12-02 23:35:26",
      "commentOwner": "o0o0c00"
    },
    {
      "comment": "我不同意，有篇我前面很喜欢的文章，后面有反攻，把我恶心的够呛，对那个作者从此有了心理阴影",
      "commentTime": "2022-12-02 23:36:48",
      "commentOwner": "是的我起飞了"
    },
    {
      "comment": "没有雷点，唯一的雷点就是写的不好看。",
      "commentTime": "2022-12-02 23:39:47",
      "commentOwner": "有颜还有钱"
    },
    {
      "comment": "那什么，反攻文是不会看的，写得再好也不会看",
      "commentTime": "2022-12-02 23:55:42",
      "commentOwner": "想吃披萨"
    },
    {
      "comment": "我不行不行不行，再好再香的文笔，我的雷点都不会接受，比如反攻互攻攻被抹布，再好再好就算是余华写的我都大写特写的no！！！不要本质还是文不够好，再好再好再好我都会被恶心到。",
      "commentTime": "2022-12-03 00:08:23",
      "commentOwner": "我要升星星<br>"
    },
    {
      "comment": "我不行，好的文能容忍踩到小雷，但是踩中大雷绝对看不下去，踩到天雷粉转黑也是有可能的。",
      "commentTime": "2022-12-03 00:16:49",
      "commentOwner": "xxx0103"
    },
    {
      "comment": "有的雷点就是写得再好也隔应，就算会看，就算觉得它好看，就算觉得雷点是为了推动剧情，但隔应就是隔应",
      "commentTime": "2022-12-03 00:20:27",
      "commentOwner": "妄想温暖你"
    },
    {
      "comment": "我只能说，你不标雷点，塞进去一些我底线之外地东西，我作为读者真的会在心里狠狠咒骂。并且永远避雷你。",
      "commentTime": "2022-12-03 00:28:45",
      "commentOwner": "嘟嘟啦5863"
    },
    {
      "comment": "yesyes",
      "commentTime": "2022-12-03 01:02:34",
      "commentOwner": "滚啊李润泽不歧视"
    },
    {
      "comment": "可以不排雷，但看文踩到雷点就像踩到shi，包装再好看也是shi不会变成巧克力",
      "commentTime": "2022-12-03 01:07:31",
      "commentOwner": "沉迷吃草"
    },
    {
      "comment": "男非处是我大雷，而且是越是喜欢的作者写我越不能接受（就是自己不会看，大佬写可以写）\n因为对一些文笔好的作者要求更高，尤其是能写出绝美爱情的，如果我在看绝美爱情的时候突然想起男主非处会觉得屎里找糖，恶心加倍。\n甜宠文男非处尤其不能接受，绝对绕道走，而且还是文笔越好绕得越远",
      "commentTime": "2022-12-03 01:28:47",
      "commentOwner": "点我暴富"
    },
    {
      "comment": "真不是，这就像屎上雕花，雕得再好看也是那啥",
      "commentTime": "2022-12-03 02:04:42",
      "commentOwner": "柊白尹糯洲粥陟意明"
    },
    {
      "comment": "我喜欢的书读到六十章开始踩雷我会一边扇自己一边读…我干过这事。不过太太写崩了。。。到现在都没更新",
      "commentTime": "2022-12-03 02:05:56",
      "commentOwner": "雨奇"
    },
    {
      "comment": "不同意。有些雷点是不可避免的，和作者写得好不好根本没任何关系。\n红楼梦不经典么，但我打死都不会看。因为他be。\n同理，再跟我说某个文多好多好多好，哪怕它是神仙，一个主受就足够雷死我。\n文好可破只针对没有严格xp的读者。",
      "commentTime": "2022-12-03 02:29:31",
      "commentOwner": "糖果甜甜甜"
    },
    {
      "comment": "有没有可能，你只是没有那么雷？写得再好，踩雷点，我一样弃文。如果是我巨雷的点，我会应激到再也不看这个作者的文。",
      "commentTime": "2022-12-03 02:30:00",
      "commentOwner": "不升四星不改名"
    },
    {
      "comment": "不会，写得再好我也不看弱受和生子",
      "commentTime": "2022-12-03 03:04:46",
      "commentOwner": "红薯糍粑"
    },
    {
      "comment": "对，我雷娇软受，但是前段时间金榜上看到了一篇娇软受，我直接一边难受一边看完了……不过别的娇软受我依旧看不下去",
      "commentTime": "2022-12-03 03:16:39",
      "commentOwner": "zh风风"
    },
    {
      "comment": "有没有可能，你只是没有那么雷？写得再好，踩雷点，我一样弃文。如果是我巨雷的点，我会应激到再也不看这个作者的文。\n№65 ☆☆☆不升四星不改名|11261760于2022-12-03 02:30:00留言☆☆☆\n我原来也有很多巨雷的方面，随着时间的流失、阅历增长、还有客观因素【文荒】，已经扩列了一些绝对不会沾染的元素比如：糙汉受、抹布攻、弱攻等等等等，当然还有一些领域不比如：互攻、be是我不涉及的，所以我在“暴言”，也许有一天有一本超级好看的文，会带我打开新世界",
      "commentTime": "2022-12-03 14:58:20",
      "commentOwner": "o0o0c00"
    }
  ]
}