{"id":"25645843-ac37-40ec-b582-e06fb562dcba","category":"晋江论坛→网友交流区→碧水江汀 欢迎回来：53088456  退 出","postSubject":"主题：我无法理解，为什么晋江会出现一批看不惯某个情节，挂出来，主团排雷的情况 [18] 【搜索关键词：排雷】","postUrl":"https://bbs.jjwxc.net/showmsg.php?board=17&keyword=%C5%C5%C0%D7&id=1758748","originalPost":"别的网站虽然也会有读者骂人，但是别的网站读者不会骂她们没看过的文\n感觉这种情况，晋江是独一份","numberOfReplies":18,"comments":[{"comment":"dbj支教\n她们一直盯着的","commentTime":"2022-02-12 02:48:11","commentOwner":"= ="},{"comment":"别的网站也没什么论坛吧？龙空？","commentTime":"2022-02-12 02:48:21","commentOwner":"= ="},{"comment":"而且让她们上订阅还不肯上","commentTime":"2022-02-12 02:48:23","commentOwner":"= ="},{"comment":"因为晋江作者最底层啊，人人可冲","commentTime":"2022-02-12 02:48:40","commentOwner":"。"},{"comment":"dbj支教\n她们一直盯着的\n№1 ☆☆☆= =|0081b2fb于2022-02-12 02:48:11留言☆☆☆\n一旦风气带起来了，很多进去读者都会被从众心理影响","commentTime":"2022-02-12 02:48:46","commentOwner":"= ="},{"comment":"dbj什么意思呀？","commentTime":"2022-02-12 02:49:05","commentOwner":"……"},{"comment":"dbq，我第一个想到的是dbj……","commentTime":"2022-02-12 02:49:06","commentOwner":"= ="},{"comment":"我也好奇，为什么会组团……","commentTime":"2022-02-12 02:49:28","commentOwner":"姜眠"},{"comment":"找认同感+壮胆？","commentTime":"2022-02-12 02:50:38","commentOwner":"。。"},{"comment":"我也好奇，为什么会组团……\n№8 ☆☆☆姜眠|a31e4f7c于2022-02-12 02:49:28留言☆☆☆\n打着正义的旗号，输出自己心中的不满甚至是戾气？看不惯就要让你消失","commentTime":"2022-02-12 02:50:44","commentOwner":"。"},{"comment":"dbj把好几本大女主文作者冲封笔了吧？\n我记得之前无cp排行榜上唯一一本女主视角的，就因为作者给喜欢男配的一个读者发了红包，被骂到惨绝人寰，以封笔落幕","commentTime":"2022-02-12 02:51:18","commentOwner":"= ="},{"comment":"因为他们都是偏执狂","commentTime":"2022-02-12 02:51:21","commentOwner":"= ="},{"comment":"也不一定都是dbj 啊……\n之前bs没出新版规的时候\n组团刷负的帖子也很多……（相对而言哈，不是真的铺天盖地那种多）\n有抨击三观的、有骂裹脑的等等等等……\n咕子们都很容易被煽动情绪……\n我也一样，所以现在慢慢反省佛了很多……\n（点烟.jpg）","commentTime":"2022-02-12 02:53:08","commentOwner":"= ="},{"comment":"为什么要冲大女主啊。。。。","commentTime":"2022-02-12 02:53:52","commentOwner":"咕咕"},{"comment":"反正以后遇到这种情况我会去帮着投雷压评","commentTime":"2022-02-12 02:54:48","commentOwner":"——"},{"comment":"为什么要冲大女主啊。。。。\n№14 ☆☆☆咕咕|57d04cc1于2022-02-12 02:53:52留言☆☆☆\n因为他们觉得不够大女主（比如给喜欢男配的读者发红包）","commentTime":"2022-02-12 02:54:57","commentOwner":"= ="},{"comment":"为什么要冲大女主啊。。。。\n№14 ☆☆☆咕咕|57d04cc1于2022-02-12 02:53:52留言☆☆☆\n她们看得最多的题材当然更容易遭罪咯\n别的“娇妻文学”顶多骂骂文案，在第一章说点车轱辘话\n大女主文搞不好要被她们从第一章一直排查到最后一章","commentTime":"2022-02-12 02:55:28","commentOwner":"。"},{"comment":"所以读者区到底什么时候有大衣？","commentTime":"2022-02-12 02:55:31","commentOwner":"。"}]}