{"id":"62c39cf8-a8ef-4a74-b45f-bce4545c9f6a","category":"晋江论坛→网友交流区→碧水江汀 请稍候...","postSubject":"主题：abo受意外流.产，这算是毒点吗？还要写在排雷里吗？ [29] 【搜索关键词：排雷】","postUrl":"https://bbs.jjwxc.net/showmsg.php?board=17&keyword=%C5%C5%C0%D7&id=1839174","originalPost":"1","numberOfReplies":29,"comments":[{"comment":"请问这算是毒点吗？","commentTime":"2022-04-08 14:05:03","commentOwner":"。"},{"comment":"对我来说有点毒","commentTime":"2022-04-08 14:05:14","commentOwner":"。"},{"comment":"请问为啥流产呢？","commentTime":"2022-04-08 14:05:26","commentOwner":"。"},{"comment":"不是因为攻就不算？我雷点比较低","commentTime":"2022-04-08 14:05:26","commentOwner":"。"},{"comment":"俺不知道，但保险起见排雷吧","commentTime":"2022-04-08 14:05:26","commentOwner":"……"},{"comment":"排雷大可不必了吧","commentTime":"2022-04-08 14:05:34","commentOwner":"。"},{"comment":"被反派弄掉了","commentTime":"2022-04-08 14:05:41","commentOwner":"。"},{"comment":"请问为啥流产呢？\n№3 ☆☆☆。|40b05c11于2022-04-08 14:05:26留言☆☆☆\n被反派弄掉了。","commentTime":"2022-04-08 14:06:07","commentOwner":"。"},{"comment":"dbq我真的会窒息……","commentTime":"2022-04-08 14:06:07","commentOwner":"。"},{"comment":"啊这，对主角控来说，还挺毒的……","commentTime":"2022-04-08 14:06:24","commentOwner":"。"},{"comment":"dbq我真的会窒息……\n№9 ☆☆☆。|d914ade7于2022-04-08 14:06:07留言☆☆☆\n至少暗示一下会虐身吧","commentTime":"2022-04-08 14:06:27","commentOwner":"。"},{"comment":"毒。身心打击，无法原谅","commentTime":"2022-04-08 14:06:36","commentOwner":"。"},{"comment":"这有啥毒的。。。。。。","commentTime":"2022-04-08 14:07:03","commentOwner":"，"},{"comment":"历史引用 展开全部▼\n至少暗示一下会虐身吧\n№11 ☆☆☆。|d914ade7于2022-04-08 14:06:27留言☆☆☆\n好！！","commentTime":"2022-04-08 14:07:08","commentOwner":"。"},{"comment":"被反派弄掉了，稍微有点雷，因为会降低攻的苏感，感觉连自己的爱人和孩子都保护不好，会显得有点废","commentTime":"2022-04-08 14:07:16","commentOwner":"。"},{"comment":"我已经开始想受后面开始玉玉难过，攻安慰他我们还会有的那种了，想想就有点萎，而且描写不好后面的心里状态还容易被说……","commentTime":"2022-04-08 14:07:40","commentOwner":"。"},{"comment":"如果你写的是爽甜文……那……还是得说明一下，要不然当场雷击","commentTime":"2022-04-08 14:07:40","commentOwner":"。"},{"comment":"啊？我的大纲里也有这个剧情，原来很毒吗…我以为就是个普通的波折，毕竟现实生活里没有abo，也没有男人生孩子","commentTime":"2022-04-08 14:08:06","commentOwner":"= ="},{"comment":"被反派弄掉了，稍微有点雷，因为会降低攻的苏感，感觉连自己的爱人和孩子都保护不好，会显得有点废\n№15 ☆☆☆。|40b05c11于2022-04-08 14:07:16留言☆☆☆\n我也在考虑这个问题。","commentTime":"2022-04-08 14:08:08","commentOwner":"。"},{"comment":"历史引用 展开全部▼\n至少暗示一下会虐身吧\n№11 ☆☆☆。|d914ade7于2022-04-08 14:06:27留言☆☆☆\n我甚至感觉不止是虐身，还是虐心……","commentTime":"2022-04-08 14:08:14","commentOwner":"。"},{"comment":"不喜欢任何有关流产的情节，哪怕是反派的孩子也不想弄死他","commentTime":"2022-04-08 14:09:15","commentOwner":"。"},{"comment":"主角控接受不了。\n不过你要是没标爽文甜文的话其实也没关系。只要坏人得到惩罚就行","commentTime":"2022-04-08 14:09:37","commentOwner":"。"},{"comment":"那我到时候排个雷吧。","commentTime":"2022-04-08 14:10:09","commentOwner":"。"},{"comment":"我很吃这个但我知道不吃的人更多，所以只能YY一下不敢真的写（）","commentTime":"2022-04-08 14:10:19","commentOwner":"。"},{"comment":"主角控接受不了。\n不过你要是没标爽文甜文的话其实也没关系。只要坏人得到惩罚就行\n№22 ☆☆☆。|ef862b86于2022-04-08 14:09:37留言☆☆☆\n虐文的","commentTime":"2022-04-08 14:10:38","commentOwner":"。"},{"comment":"不喜欢有孩子的情节","commentTime":"2022-04-08 14:10:55","commentOwner":"。"},{"comment":"如果一开始就标了虐文，这个情节排不排雷应该都行吧","commentTime":"2022-04-08 14:11:23","commentOwner":"。"},{"comment":"如果一开始就标了虐文，这个情节排不排雷应该都行吧\n№27 ☆☆☆。|40b05c11于2022-04-08 14:11:23留言☆☆☆\n总有一些极端分子…","commentTime":"2022-04-08 14:12:25","commentOwner":"。"},{"comment":"不雷流。产，但是雷生子","commentTime":"2022-04-08 14:13:33","commentOwner":"。"}]}