{"id":"b0290033-45d6-4288-8143-f16eddaf9e52","category":"晋江论坛→网友交流区→碧水江汀 请稍候...","postSubject":"主题：排雷得看评论区 [8] 【搜索关键词：排雷】","postUrl":"https://bbs.jjwxc.net/showmsg.php?board=17&keyword=%C5%C5%C0%D7&id=1636549","originalPost":"兄弟们，我悟了。有的时候看文除了靠直觉跳过雷文还得靠评论区啊！！！！不过也是因为我有点淡纯爱了，每次看文都是先把文案和评论区看完再看书（这是个好习惯）。真的巨怕作者喂屎，是真的搞出阴影了（海棠也是有的作者喜欢喂屎凎！！！）","numberOfReplies":7,"comments":[{"comment":"我有时候看文好好的，一看评论区，就感觉这也不对那也不对……","commentTime":"2021-11-13 23:29:38","commentOwner":"= ="},{"comment":"这也确实不好说，有的作者文案欺骗，有的读者评论挑事不，过大部分评论区还是有用的。我已经避了好几次雷了。","commentTime":"2021-11-13 23:32:17","commentOwner":"咸鱼f"},{"comment":"好多文，一看评论区兴趣全无，本来看得开开心心的，想看下评论区分享快乐，结果一堆挑刺的","commentTime":"2021-11-13 23:34:21","commentOwner":"——"},{"comment":"过v章会好一点吧，我看的文评论区大部分都挺和谐的，不太和谐的作者不管不顾的我也跑路了不想看完再看评论区吵架","commentTime":"2021-11-13 23:36:10","commentOwner":"咸鱼f"},{"comment":"好多文，一看评论区兴趣全无，本来看得开开心心的，想看下评论区分享快乐，结果一堆挑刺的\n№3 ☆☆☆——|876ed290于2021-11-13 23:34:21留言☆☆☆\n。\n我现在一看评论就火大","commentTime":"2021-11-13 23:36:12","commentOwner":"。"},{"comment":"另外，海棠喂屎太正常了，海棠就是没节操无下线，什么py都有\n№4 ☆☆☆——|876ed290于2021-11-13 23:35:21留言☆☆☆\n哈，我有次看个r18。尼玛里面一个单元剧受被做死了！！！！！！！草。我快要吐了都，啥都行你弄个做死什么鬼文案屁都没写吐了，我现在只看排行榜上的起码有保障","commentTime":"2021-11-13 23:38:25","commentOwner":"咸鱼f"},{"comment":"我看文到是不介意评论区，我很介意作者喂屎！！！！妹的我花钱买书你给我喂屎？？？连读者都膈应这种作者的书感觉跑图吧","commentTime":"2021-11-13 23:41:30","commentOwner":"咸鱼f"}]}