{"id":"80511f4a-fab7-453f-a75b-d167ec6aabb2","category":"晋江论坛→网友交流区→碧水江汀 请稍候...","postSubject":"主题：【树洞】艹艹艹艹，讨厌人格分裂的主角，为什么没排雷啊啊啊啊啊啊啊啊啊 [63] 【搜索关键词：排雷】","postUrl":"https://bbs.jjwxc.net/showmsg.php?board=17&keyword=%C5%C5%C0%D7&id=1728682","originalPost":"啊啊啊啊啊啊cnmcnm啊啊啊啊啊气死我了","numberOfReplies":63,"comments":[{"comment":"我喜欢，最后合体吗？","commentTime":"2022-01-21 11:59:25","commentOwner":"。"},{"comment":"啊啊啊啊啊啊啊啊啊啊啊啊啊啊啊啊啊啊啊啊啊啊啊啊啊啊啊啊啊啊啊啊啊啊啊啊啊啊啊啊啊啊啊啊啊气死我了","commentTime":"2022-01-21 11:59:33","commentOwner":"=="},{"comment":"可能因为这不算大众雷点吧","commentTime":"2022-01-21 12:00:21","commentOwner":"。"},{"comment":"摸摸，下次可以先搜一下雷萌，顺便能指个路吗？","commentTime":"2022-01-21 12:00:22","commentOwner":"。"},{"comment":"看到半路，冒出个人格分裂，钱都花了，现在让我弃文啊啊啊啊啊啊啊啊啊啊啊啊啊啊啊啊啊啊啊啊啊啊啊啊啊啊啊啊啊啊啊啊啊啊啊啊啊啊啊啊啊啊啊啊啊啊啊啊啊啊啊啊啊啊啊啊啊啊啊啊啊啊啊啊啊啊啊","commentTime":"2022-01-21 12:00:29","commentOwner":"=="},{"comment":"不会和我看的是同一篇文吧，我也是看到突然出现第二人格弃了","commentTime":"2022-01-21 12:01:18","commentOwner":"= ="},{"comment":"分裂还真不算大众累点嘿，lz挺惨233333","commentTime":"2022-01-21 12:01:22","commentOwner":"无语=_="},{"comment":"第一次知道这个也要排雷……","commentTime":"2022-01-21 12:02:14","commentOwner":"→_→"},{"comment":"不是大众雷点，所以只能在这里树洞发泄一下，不然要憋坏了","commentTime":"2022-01-21 12:03:09","commentOwner":"=="},{"comment":"人格分裂啊………很不讨喜那种不大喜","commentTime":"2022-01-21 12:03:42","commentOwner":"。"},{"comment":"？这也是雷点吗？","commentTime":"2022-01-21 12:04:23","commentOwner":"。"},{"comment":"你标题不要写得这么脏啊……还一个字连着好几个\n看到这个标题的我们又做错了什么呢\n我去加个屏蔽词","commentTime":"2022-01-21 12:05:30","commentOwner":"喵"},{"comment":"我也雷\n我还雷自攻自受\n实在是受不了分裂人格自己爱自己，救命了\n所以我看文喜欢剧透","commentTime":"2022-01-21 12:06:11","commentOwner":"。"},{"comment":"我也雷\n我还雷自攻自受\n实在是受不了分裂人格自己爱自己，救命了\n所以我看文喜欢剧透\n№13 ☆☆☆。|c4cb11b1于2022-01-21 12:06:11留言☆☆☆\n补丁，喜欢被剧透","commentTime":"2022-01-21 12:06:31","commentOwner":"。"},{"comment":"历史引用 展开全部▼\n补丁，喜欢被剧透\n№14 ☆☆☆。|c4cb11b1于2022-01-21 12:06:31留言☆☆☆\n还记得有个文忘记叫啥了，文案剧情线很感兴趣结果看下去发现感情戏是人格分裂自攻自受，瞬间萎了啊啊啊","commentTime":"2022-01-21 12:07:42","commentOwner":"。"},{"comment":"你标题不要写得这么脏啊……还一个字连着好几个\n看到这个标题的我们又做错了什么呢\n我去加个屏蔽词\n№12 ☆☆☆喵|80f180b1于2022-01-21 12:05:30留言☆☆☆\nyjgj，也不是很脏吧……槽就是个语气词啊","commentTime":"2022-01-21 12:07:47","commentOwner":"= ="},{"comment":"我也雷，我看到那本的时候发现攻分裂我就立马弃文了","commentTime":"2022-01-21 12:08:00","commentOwner":"。"},{"comment":"人格分裂也是雷点吗？？？","commentTime":"2022-01-21 12:08:32","commentOwner":"。。。"},{"comment":"弃文就行了，再发一遍帖，那不是二次伤害自己的心灵吗？赶紧忘了这件事，再去找新文看","commentTime":"2022-01-21 12:09:18","commentOwner":"= ="},{"comment":"我讨厌自攻自受，但萌其他类型的人格分裂。","commentTime":"2022-01-21 12:09:18","commentOwner":"。"},{"comment":"人格分裂……还好吧。","commentTime":"2022-01-21 12:10:25","commentOwner":"。"},{"comment":"就看写的类型，讨不讨喜。","commentTime":"2022-01-21 12:10:41","commentOwner":"。"},{"comment":"人类的雷点互不相通。","commentTime":"2022-01-21 12:13:02","commentOwner":"。。"},{"comment":"可能这本来就是一个潜藏的剧情点 什么都文案说了 说实话看故事的乐趣都没了 排雷可以 但也不至于连这点设定都要变成雷","commentTime":"2022-01-21 12:15:47","commentOwner":"。"},{"comment":"看到一半忽然冒出来一个人格分裂，我也接受不了","commentTime":"2022-01-21 12:30:29","commentOwner":"。"},{"comment":"那属于剧透","commentTime":"2022-01-21 12:33:43","commentOwner":"。"},{"comment":"你标题不要写得这么脏啊……还一个字连着好几个\n看到这个标题的我们又做错了什么呢\n我去加个屏蔽词\n№12 ☆☆☆喵|80f180b1于2022-01-21 12:05:30留言☆☆☆\n。","commentTime":"2022-01-21 12:40:17","commentOwner":"。。。。"},{"comment":"历史引用 展开全部▼\nyjgj，也不是很脏吧……槽就是个语气词啊\n№16 ☆☆☆= =|206433a7于2022-01-21 12:07:47留言☆☆☆\n楼主可以雷人格分裂，楼上咕咕为什么不能雷“艹”","commentTime":"2022-01-21 12:41:03","commentOwner":"。。。。"},{"comment":"这也要排雷？","commentTime":"2022-01-21 12:43:26","commentOwner":"。"},{"comment":"哈哈哈哈楼主是不是被套娃独立膈应过。","commentTime":"2022-01-21 12:44:45","commentOwner":"= ="},{"comment":"第一次知道这个也要排雷……\n№8☆☆☆→_→|39eb2fee于2022-01-21 12:02:14留言☆☆☆\n在我意识里这个排雷等于剧透了吧","commentTime":"2022-01-21 12:45:22","commentOwner":"。"},{"comment":"人格分裂难道不算大众雷吗？","commentTime":"2022-01-21 12:46:33","commentOwner":"："},{"comment":"每个人都有雷点，作者又不是神仙知道所有读者的雷点，直接弃文不就可以了吗","commentTime":"2022-01-21 12:46:53","commentOwner":"QwQe"},{"comment":"我也讨厌人格分裂。\n追的文中冷不丁地冒出一个男主人格分裂，但作者写得很好，我就看下去了，但终究还是没有坚持下来。","commentTime":"2022-01-21 12:47:48","commentOwner":"。"},{"comment":"人格分裂难道不算大众雷吗？\n№32 ☆☆☆：|800a2bf7于2022-01-21 12:46:33留言☆☆☆\n不算啊","commentTime":"2022-01-21 12:48:07","commentOwner":"。。。。"},{"comment":"人格分裂难道不算大众雷吗？\n№32 ☆☆☆：|800a2bf7于2022-01-21 12:46:33留言☆☆☆\n在我这里人格分裂是大众梗，啥时候变成雷了。。。所以人类的雷点并不相通","commentTime":"2022-01-21 12:48:58","commentOwner":"QwQe"},{"comment":"这竟然也算雷点，我还挺喜欢的哈哈","commentTime":"2022-01-21 12:49:39","commentOwner":"。"},{"comment":"历史引用 展开全部▼\n在我这里人格分裂是大众梗，啥时候变成雷了。。。所以人类的雷点并不相通\n№36 ☆☆☆QwQe|c9899169于2022-01-21 12:48:58留言☆☆☆\n。\n尤其是衍生和仙侠，衍生就不说了，自带分裂的主角不少，仙侠那些从天上下来的男主，大号小号n个号太正常了","commentTime":"2022-01-21 12:51:52","commentOwner":"。。。。"},{"comment":"这也算雷点吗，有被雷到","commentTime":"2022-01-21 12:54:44","commentOwner":"。"},{"comment":"lz竟然还是作者。","commentTime":"2022-01-21 12:55:37","commentOwner":"。"},{"comment":"我也雷这个！！懂lz的心情","commentTime":"2022-01-21 12:55:37","commentOwner":"= ="},{"comment":"这个不是精神病吗精神分裂症","commentTime":"2022-01-21 12:56:36","commentOwner":"= ="},{"comment":"一点征兆也没有突然分裂的那种我会一脸懵的，不知道在写什么","commentTime":"2022-01-21 12:57:12","commentOwner":"= ="},{"comment":"以后男主是男的也给你们排上雷算了。","commentTime":"2022-01-21 12:57:13","commentOwner":"。"},{"comment":"历史引用 展开全部▼\n。\n尤其是衍生和仙侠，衍生就不说了，自带分裂的主角不少，仙侠那些从天上下来的男主，大号小号n个号太正常了\n№38 ☆☆☆。。。。|94bc2b79于2022-01-21 12:51:52留言☆☆☆\n不，经常看仙侠衍生的我，马甲很常见，但人格分裂真的不是大众化啊……\n你这个好几个号的不是叫马甲梗吗","commentTime":"2022-01-21 12:57:25","commentOwner":"。"},{"comment":"总有人喜欢","commentTime":"2022-01-21 12:59:11","commentOwner":"。"},{"comment":"马甲和人格分裂哪里一样了，人格分裂最好是开头有这个预兆，不然看到一半主角突然人格分裂了，就很膈应啊，以为的1v1突然变np的感觉","commentTime":"2022-01-21 12:59:58","commentOwner":"= ="},{"comment":"主楼屏蔽了，楼内，这不就是切片吗","commentTime":"2022-01-21 13:00:00","commentOwner":"。"},{"comment":"主楼说了啥","commentTime":"2022-01-21 13:00:32","commentOwner":"=="},{"comment":"你看的这篇到底有没有预兆啊","commentTime":"2022-01-21 13:02:00","commentOwner":"= ="},{"comment":"你标题不要写得这么脏啊……还一个字连着好几个\n看到这个标题的我们又做错了什么呢\n我去加个屏蔽词\n№12☆☆☆喵|80f180b1于2022-01-21 12:05:30留言☆☆☆\n。","commentTime":"2022-01-21 13:03:58","commentOwner":"= ="},{"comment":"哈哈哈哈哈哈哈哈楼主实惨","commentTime":"2022-01-21 13:04:07","commentOwner":"咕。。"},{"comment":"主楼屏蔽了，楼内，这不就是切片吗\n№48 ☆☆☆。|57a3ba10于2022-01-21 13:00:00留言☆☆☆\n主楼看不见，但是切片和分裂不一样啊，切片不是很多个人是一个灵魂，分裂是一个人分出了几种人格在一个身体里","commentTime":"2022-01-21 13:06:14","commentOwner":"。"},{"comment":"对不起，我的攻人格分裂了","commentTime":"2022-01-21 13:09:26","commentOwner":"5555"},{"comment":"他只是走火入魔而已","commentTime":"2022-01-21 13:09:55","commentOwner":"5555"},{"comment":"我懂lz，我也很雷，尤其是毫无征兆的那种","commentTime":"2022-01-21 13:10:03","commentOwner":"。"},{"comment":"我能看直接标明的，还有点喜欢这种梗，但看不了后面没提醒突然分的，因为后面突然分的有的就跟换了个人似的，就有点类似于3（感情里多了个人），比较膈应，不过也尊重有人不介意，就是如果看的好好的花钱了，后面又不能看了会难受觉得不舒服。","commentTime":"2022-01-21 13:12:30","commentOwner":"=="},{"comment":"人格分裂难道不算大众雷吗？\n№32 ☆☆☆：|800a2bf7于2022-01-21 12:46:33留言☆☆☆\n啊？？？不是啊","commentTime":"2022-01-21 13:12:45","commentOwner":"。"},{"comment":"我也不喜欢，这种居然没有在文案上吗，一般都会当作文案梗我就自动不点进去","commentTime":"2022-01-21 13:12:59","commentOwner":"。"},{"comment":"虽然不算雷点，但我要是看了一半，本来正常的主角突然来个人格分裂，我会直接哽住。","commentTime":"2022-01-21 13:15:47","commentOwner":"白菜咕"},{"comment":"？前面没有铺垫吗，如果是重要设定很早就会布局的吧","commentTime":"2022-01-21 13:27:54","commentOwner":"= ="},{"comment":"对，我看得那本就是没有任何铺垫文案也没有提及，忽然就分裂了","commentTime":"2022-01-21 13:31:30","commentOwner":"。"},{"comment":"对，我看得那本就是没有任何铺垫文案也没有提及，忽然就分裂了\n№62 ☆☆☆。|e3b6c68c☆于2022-01-21 13:31:30留言☆☆☆\n淦，那我也不能接受良好","commentTime":"2022-01-21 13:41:09","commentOwner":"啦啦啦啦啦"}]}