{"id":"2340cc5f-22f7-46aa-aa19-ac3f7ffc827e","category":"晋江论坛→网友交流区→碧水江汀 请稍候...","postSubject":"主题：文案排雷不看的读者真无语 [2] 【搜索关键词：排雷】","postUrl":"https://bbs.jjwxc.net/showmsg.php?board=17&keyword=%C5%C5%C0%D7&id=1664923","originalPost":"排雷文案上写得清清楚楚，有的读者就是不看，非得看到几十章发现不对了再在评论区发省略号，彰显一下存在感，再针对你排过雷的点吐槽两句。\n一个也就算了，总是冒出这种，真的很影响心情。\n烦不烦呐，不觉得自己ky吗，是瞎吗？\n还有的连言情纯爱无cp的标签都不看就进来的，完事还要吐槽，好无语","numberOfReplies":2,"comments":[{"comment":"其实一般都不看","commentTime":"2021-12-06 11:34:27","commentOwner":"。。"},{"comment":"还有那种故意挑着雷点进去的……更无语","commentTime":"2021-12-06 11:34:43","commentOwner":"。。"}]}