{"id":"f6c31ce0-fba3-41ad-9c80-e27bc3254215","category":"晋江论坛→网友交流区→碧水江汀 欢迎回来：53088456  退 出","postSubject":"主题：幻耽无限流，主走剧情的，感情线较少，有多个男配，可以把感情线写成开放式结局吗？就是主角和谁不都在一起的（会提前排雷 [14] 【搜索关键词：排雷】","postUrl":"https://bbs.jjwxc.net/showmsg.php?board=17&keyword=%C5%C5%C0%D7&id=1984641","originalPost":"已做好被骂的心理准备，但是不知道能不能写，如果不让写的话就算了","numberOfReplies":13,"comments":[{"comment":"要不，直接把感情戏全砍了变无cp","commentTime":"2022-07-12 03:25:37","commentOwner":"云树泛舟"},{"comment":"要不，直接把感情戏全砍了变无cp\n№1☆☆☆云树泛舟|74de3fb7于2022-07-12 03:25:37留言☆☆☆\n无cp冷啊。。","commentTime":"2022-07-12 03:25:58","commentOwner":"= ="},{"comment":"选一个戏份最多的扶成正宫啊","commentTime":"2022-07-12 03:26:36","commentOwner":"。"},{"comment":"历史引用 展开全部▼\n无cp冷啊。。\n№2 ☆☆☆= =|c641decc于2022-07-12 03:25:58留言☆☆☆\n总比被骂了好……这风头估计过不了了","commentTime":"2022-07-12 03:26:47","commentOwner":"云树泛舟"},{"comment":"可以，我就喜欢这样的！！！","commentTime":"2022-07-12 03:28:40","commentOwner":"..."},{"comment":"不想被骂的话建议无cp","commentTime":"2022-07-12 03:28:42","commentOwner":"。"},{"comment":"无cp不可以有感情线吧？你这种应该算是类似be？","commentTime":"2022-07-12 03:29:33","commentOwner":"。。"},{"comment":"你就写买股文 到最后选一个愿意为他放弃生命的（快死但没死的） 直接订成cp","commentTime":"2022-07-12 03:29:56","commentOwner":"AA"},{"comment":"无cp不可以有感情线吧？你这种应该算是类似be？\n№7☆☆☆。。|9592046a于2022-07-12 03:29:33留言☆☆☆\n呃，但我是剧情流啊，主角搞事业是成功的，只是感情上没有结局而已","commentTime":"2022-07-12 03:32:09","commentOwner":"= ="},{"comment":"独美结局啊，我个人没问题，以前看过好多，现在好像没太有了？","commentTime":"2022-07-12 03:34:23","commentOwner":"。"},{"comment":"可以啊，你说清楚就行了，不过也要做好冷的准备","commentTime":"2022-07-12 03:35:09","commentOwner":"。"},{"comment":"历史引用 展开全部▼\n呃，但我是剧情流啊，主角搞事业是成功的，只是感情上没有结局而已\n№9☆☆☆= =|c641decc于2022-07-12 03:32:09留言☆☆☆\n我记得之前讨论过，无cp不可以有任何感情线，另外耽美不可以写炒股文","commentTime":"2022-07-12 03:38:32","commentOwner":"。。"},{"comment":"最好排雷写在文案第一行上\n不过这样一来，你的文可能会比无cp还凉…","commentTime":"2022-07-12 03:45:23","commentOwner":"。"}]}