{"id":"0ae3003a-2ec7-43ea-9ab0-edeb2fc01f69","category":"晋江论坛→网友交流区→碧水江汀 欢迎回来：53088456  退 出","postSubject":"主题：我一直以为自己不讨厌排雷，直到今天，文名里已经标注了xx文，结果有人排雷“我以为是巴拉巴拉，结果是xx” [2] 【搜索关键词：排雷】","postUrl":"https://bbs.jjwxc.net/showmsg.php?board=17&keyword=%C5%C5%C0%D7&id=1859857","originalPost":"绝了","numberOfReplies":2,"comments":[{"comment":"眼瞎的直接怼回去","commentTime":"2022-04-21 11:17:46","commentOwner":"。"},{"comment":"还见到过“看文案就不好看”—2","commentTime":"2022-04-21 11:19:17","commentOwner":"= ="}]}