{"id":"710b273d-448f-4639-b836-892b3d3cf6e1","category":"晋江论坛→网友交流区→碧水江汀 请稍候...","postSubject":"主题：pbc夹子 突发奇想的好奇，夹子上被疯狂排雷剧情的作者，上夹子之前能猜到自己会被排雷吗…… [10] 【搜索关键词：排雷】","postUrl":"https://bbs.jjwxc.net/showmsg.php?board=17&keyword=%C5%C5%C0%D7&id=1702590","originalPost":"是那种心里有底直面疾风的，还是完全没想到的那种。\n［仅针对剧情排雷，笔名过往排雷不算］","numberOfReplies":10,"comments":[{"comment":"如果只是剧情的话，一般这种作者不会认识到自己写的有问题。","commentTime":"2022-01-03 02:19:52","commentOwner":"= ="},{"comment":"如果只是剧情的话，一般这种作者不会认识到自己写的有问题。\n№1 ☆☆☆= =|6f8a6d21于2022-01-03 02:19:52留言☆☆☆\n上夹子之前的评论区也不会有预兆吗？又或者说是基数比较小，没有引起作者注意……","commentTime":"2022-01-03 02:20:57","commentOwner":"。"},{"comment":"身在庐山中，不知庐山真面目\n写着写着完全没意识到，被人提醒才发现：wc好像的确自己写了个□□烦","commentTime":"2022-01-03 02:20:58","commentOwner":"。"},{"comment":"身在庐山中，不知庐山真面目\n写着写着完全没意识到，被人提醒才发现：wc好像的确自己写了个□□烦\n№3 ☆☆☆。|e0ce8714于2022-01-03 02:20:58留言☆☆☆\n同感，自己不是很敏感","commentTime":"2022-01-03 02:21:19","commentOwner":"(⊙o⊙)"},{"comment":"身在庐山中，不知庐山真面目\n写着写着完全没意识到，被人提醒才发现：wc好像的确自己写了个□□烦\n№3☆☆☆。|e0ce8714于2022-01-03 02:20:58留言☆☆☆\n之后要是被排雷或者被骂\n又很难讲明白自己真的没注意到","commentTime":"2022-01-03 02:21:56","commentOwner":"。"},{"comment":"我有篇文从第一章评论就开始血雨腥风，夹子那天基本是几百条评论排雷\n但是我自己丝毫没有觉得有什么雷点的","commentTime":"2022-01-03 02:24:14","commentOwner":"= ="},{"comment":"历史引用 展开全部▼\n上夹子之前的评论区也不会有预兆吗？又或者说是基数比较小，没有引起作者注意……\n№2☆☆☆。|16ebc659于2022-01-03 02:20:57留言☆☆☆\n上夹子之前，可能会有人指出，但她们的心里活动是：你根本不懂我的设定，这是为了剧情，这是伏笔。\n然而剧情实则很毒，甚至触及到某种底线引起众怒，前不久那个涉及到木仓的那个文就是例子。","commentTime":"2022-01-03 02:24:14","commentOwner":"= ="},{"comment":"不会，没上夹前沉默是多数，大多数读者没说话，一上夹疯狂排","commentTime":"2022-01-03 02:24:20","commentOwner":"挣扎一下"},{"comment":"她应该想不到被排雷吧，看了下新的排雷，感觉这作者思维就那样了，变不了，攻控就是攻控，喜欢的可能就是低等废物憋屈受，这种喜好扭转不过来，也不觉得自己哪里有问题。","commentTime":"2022-01-03 02:36:31","commentOwner":"=="},{"comment":"我追的太太没有这些，倒是会因为成绩太好被人虚假排雷","commentTime":"2022-01-03 02:47:18","commentOwner":"= ="}]}