{"id":"719944c4-e8f5-4e99-a2ce-280554787ec3","category":"晋江论坛→网友交流区→碧水江汀 请稍候...","postSubject":"主题：不懂就问，为什么一个作者号下面有百合和耽美的文，会被挂排雷 [11] 【搜索关键词：排雷】","postUrl":"https://bbs.jjwxc.net/showmsg.php?board=17&keyword=%C5%C5%C0%D7&id=1694678","originalPost":"rt，今天我一个好基友突然告诉我了，我不是很理解","numberOfReplies":11,"comments":[{"comment":"rt，今天我一个好基友突然告诉我了，我不是很理解\n№0 ☆☆☆。|d54dca19于2021-12-28 13:15:44留言☆☆☆\n因为我准备都放在一个号下面写来着","commentTime":"2021-12-28 13:16:13","commentOwner":"。"},{"comment":"我耽美言情百合一个号也没被挂，可能太糊了哈哈哈","commentTime":"2021-12-28 13:17:37","commentOwner":"。"},{"comment":"我一个号也没被挂","commentTime":"2021-12-28 13:17:53","commentOwner":"。"},{"comment":"建议分开，有些读者会介意","commentTime":"2021-12-28 13:18:37","commentOwner":"。"},{"comment":"百合那边读者挂的吗？\n我不太care不过见过同频读者会跑去百合作者的耽频文下面说只看百合下本百合再见之类的。","commentTime":"2021-12-28 13:18:59","commentOwner":"=="},{"comment":"算了，挂就挂吧，写文只是爱好，我写的还是衍生，我还糊，无所谓了","commentTime":"2021-12-28 13:21:42","commentOwner":"。"},{"comment":"建议任何写了其他性向的文去百合都换个号，除非你本来就是超级大神下榻百合，不然那里会有一些事逼觉得你来她们频道圈钱的","commentTime":"2021-12-28 13:22:17","commentOwner":"= ="},{"comment":"算了，挂就挂吧，写文只是爱好，我写的还是衍生，我还糊，无所谓了\n№6 ☆☆☆。|d54dca19于2021-12-28 13:21:42留言☆☆☆\n糊咖一个我觉得不会有人来挂我的，hhh","commentTime":"2021-12-28 13:22:18","commentOwner":"。"},{"comment":"我一个号没被挂，百合预收还一顿涨","commentTime":"2021-12-28 13:22:30","commentOwner":"……"},{"comment":"今后一个号共用的咕多了，读者们就习以为常了","commentTime":"2021-12-28 13:22:58","commentOwner":"……"},{"comment":"我耽美言情百合一个号也没被挂，可能太糊了哈哈哈\n№2 ☆☆☆。|16c0a3d3于2021-12-28 13:17:37留言☆☆☆\n。","commentTime":"2021-12-28 13:38:59","commentOwner":"OAQ"}]}