{"id":"89cd2690-865e-49cd-b4cc-e005e22b7aae","category":"晋江论坛→网友交流区→碧水江汀 欢迎回来：53088456  退 出","postSubject":"主题：已经在文案高亮排雷了，还有杠精来指点江山，这样的，大家怎么处理 [4] 【搜索关键词：排雷】","postUrl":"https://bbs.jjwxc.net/showmsg.php?board=17&keyword=%C5%C5%C0%D7&id=1963340","originalPost":"如题","numberOfReplies":4,"comments":[{"comment":"骂回去+删评","commentTime":"2022-06-27 01:09:00","commentOwner":"。"},{"comment":"以前删评论，现在不敢删了。\n怕被疯狗咬。","commentTime":"2022-06-27 01:09:31","commentOwner":"峰峰"},{"comment":"压评吧，现在删评会通知，疯批会回来发疯对线","commentTime":"2022-06-27 01:10:22","commentOwner":"。。。"},{"comment":"压评吧，现在删评会通知，疯批会回来发疯对线\n№3 ☆☆☆。。。|0c864ae7于2022-06-27 01:10:22留言☆☆☆\n好的，咕咕～","commentTime":"2022-06-27 01:12:05","commentOwner":"。。"}]}