{"id":"603d8636-12e4-487d-879d-51482791c131","category":"晋江论坛→网友交流区→碧水江汀 欢迎回来：53088456  退 出","postSubject":"主题：排雷排了一长串，还是要点进来骂我 [8] 【搜索关键词：排雷】","postUrl":"https://bbs.jjwxc.net/showmsg.php?board=17&keyword=%C5%C5%C0%D7&id=1885048","originalPost":"我写的就是娇软美人谈恋爱，为什么要让她去征战星辰大海？嫌不够爽你去别的频不行吗？为啥来看我的娇软感情流！！！！","numberOfReplies":8,"comments":[{"comment":"一直在排雷一直在排雷，女主就是弱怎么了？就是苏男主怎么了？难道你以为我不想写大女主不想写女将军吗？那我不是不会写吗！！！不是写了挣不来钱嘛","commentTime":"2022-05-07 09:18:26","commentOwner":"。"},{"comment":"哈哈哈哈可爱咕咕摸摸头","commentTime":"2022-05-07 09:19:46","commentOwner":"。"},{"comment":"好惨，摸摸","commentTime":"2022-05-07 09:20:53","commentOwner":"叮当叮叮当当的"},{"comment":"我已经从头到尾都包裹住娇软的元素了，你不想看别点进来不行吗？为啥要戳进来骂女主废物？明明有各种各样的优点你就是看不见，对女主苛刻的要死，男主站在那你就觉得帅，最后还说作者厌女，到底是谁在厌女啊","commentTime":"2022-05-07 09:22:13","commentOwner":"。"},{"comment":"摸摸头","commentTime":"2022-05-07 09:22:36","commentOwner":"=="},{"comment":"现在女主暗恋都是女主弱，真的挺无语的","commentTime":"2022-05-07 09:24:38","commentOwner":"。"},{"comment":"现在女主暗恋都是女主弱，真的挺无语的\n№6 ☆☆☆。|08181c16于2022-05-07 09:24:38留言☆☆☆\n我写的不是暗恋文，而且我标明了女主弱……至于暗恋文，我猜测是因为女主弱才更容易代入自己吧","commentTime":"2022-05-07 09:47:58","commentOwner":"。"},{"comment":"真的好烦，一觉醒来那么多骂女主的，还骂的那么难听，排雷看不见，瞎子进来骂人","commentTime":"2022-05-07 09:48:57","commentOwner":"。"}]}