{"id":"3aa6b5cd-f51e-4d36-b376-5055669bb280","category":"晋江论坛→网友交流区→碧水江汀 欢迎回来：53088456  退 出","postSubject":"主题：乌鱼子，订阅率是零的读者理直气壮地在我完结文的免费章留了两条排雷 [7] 【搜索关键词：排雷】","postUrl":"https://bbs.jjwxc.net/showmsg.php?board=17&keyword=%C5%C5%C0%D7&id=1961097","originalPost":"排的还是我v章的情节……真的会谢","numberOfReplies":7,"comments":[{"comment":"直接说她订阅率0拒绝排雷","commentTime":"2022-06-25 15:07:52","commentOwner":"。"},{"comment":"举报盗文排雷","commentTime":"2022-06-25 15:12:21","commentOwner":"。"},{"comment":"直接说她订阅率0拒绝排雷\n№1 ☆☆☆。|f529ad3e于2022-06-25 15:07:52留言☆☆☆\n我怼了，然后把她的评论删掉了","commentTime":"2022-06-25 15:14:39","commentOwner":"。"},{"comment":"举报盗文排雷\n№2 ☆☆☆。|4fcbfb56于2022-06-25 15:12:21留言☆☆☆\n好像没有这个举报选项……","commentTime":"2022-06-25 15:15:02","commentOwner":"。"},{"comment":"历史引用 展开全部▼\n好像没有这个举报选项……\n№4☆☆☆。|82395565于2022-06-25 15:15:02留言☆☆☆\n在其他里 自己写理由\n如果确定她看盗文 直接说她看盗文过来歪曲排雷","commentTime":"2022-06-25 15:15:48","commentOwner":"。"},{"comment":"特意更新了最新版本，为什么看不到显示被删除的评论啊，话说我把她评论删了她还能看到我的留言吗","commentTime":"2022-06-25 15:15:52","commentOwner":"。"},{"comment":"历史引用 展开全部▼\n在其他里 自己写理由\n如果确定她看盗文 直接说她看盗文过来歪曲排雷\n№5 ☆☆☆。|4fcbfb56于2022-06-25 15:15:48留言☆☆☆\n谢谢咕咕，我下次试试，这次太气了怼完就把她评论删掉了","commentTime":"2022-06-25 15:16:26","commentOwner":"。"}]}