{"id":"db55d41e-39f8-40a6-9304-0c360d2b2cab","category":"晋江论坛→网友交流区→碧水江汀 请稍候...","postSubject":"主题：笑死，看到排雷说我上一本是把软受后期写成了邦邦硬的强受，这本是把强受后期写成了软受，我自己也感觉到了呜呜呜呜，好怪啊 [2] 【搜索关键词：排雷】","postUrl":"https://bbs.jjwxc.net/showmsg.php?board=17&keyword=%C5%C5%C0%D7&id=1733667","originalPost":"怪不得我空星！！！","numberOfReplies":2,"comments":[{"comment":"换个角度想，这也是人物弧光的一种【","commentTime":"2022-01-24 22:51:39","commentOwner":"= ="},{"comment":"这咋办，我也是，前后写的读者说不像同一个人……要练习立人设吗？","commentTime":"2022-01-24 22:53:27","commentOwner":"。。"}]}