{"id":"93a39a9a-1608-4c04-b16c-932e7b50a039","category":"晋江论坛→网友交流区→碧水江汀 欢迎回来：53088456  退 出","postSubject":"主题：月石一直涨，但收藏和收益一直掉是什么情况？被排雷了吗？ [1] 【搜索关键词：排雷】","postUrl":"https://bbs.jjwxc.net/showmsg.php?board=17&keyword=%C5%C5%C0%D7&id=1934887","originalPost":"如题","numberOfReplies":1,"comments":[{"comment":"dd","commentTime":"2022-06-08 11:27:02","commentOwner":"。。"}]}