{"id":"5ec9ff3f-6708-4d55-8937-8a9276655740","category":"晋江论坛→网友交流区→碧水江汀 请稍候...","postSubject":"主题：我的文案写得好长，加上排雷快一千字了，这种情况下再在后面加预收文案会不会让人观感很差 [13] 【搜索关键词：排雷】","postUrl":"https://bbs.jjwxc.net/showmsg.php?board=17&keyword=%C5%C5%C0%D7&id=1683410","originalPost":"rt\n不然我只在文案开头写一下预收的文名，让大家点进专栏自行看文案？\n就不把预收文案整个放在本文文案后面了\n这样带预收会效果不好吗？","numberOfReplies":13,"comments":[{"comment":"rt\n不然我只在文案开头写一下预收的文名，让大家点进专栏自行看文案？\n就不把预收文案整个放在本文文案后面了\n这样带预收会效果不好吗？\n№0 ☆☆☆。|84686e7b于2021-12-19 16:34:08留言☆☆☆\nrt","commentTime":"2021-12-19 16:34:14","commentOwner":"。"},{"comment":"我个人喜欢简单的文案（仅代表我个人）","commentTime":"2021-12-19 16:34:52","commentOwner":"。"},{"comment":"你可以试试对比观察数据涨幅。\n因为不知道你一千字是写的特别好的一千字，还是读者觉得长的程度。所以推测不了读者会不会愿意看到底下文案","commentTime":"2021-12-19 16:35:24","commentOwner":"= ="},{"comment":"我看到巨长的预收文案根本不会看，","commentTime":"2021-12-19 16:35:35","commentOwner":"= ="},{"comment":"还行…应该不会观感很差但会懒得看。","commentTime":"2021-12-19 16:36:06","commentOwner":"= ="},{"comment":"会懒得看","commentTime":"2021-12-19 16:36:20","commentOwner":"。"},{"comment":"会看一半，如果不够吸引我，我会没耐心看下去","commentTime":"2021-12-19 16:38:23","commentOwner":"。"},{"comment":"我喜欢的文案几乎都在五百字以下，太长的我都觉得应该进入预收文案了","commentTime":"2021-12-19 16:39:20","commentOwner":"。"},{"comment":"写得好我不会注意长短，只有看得不耐烦才会觉得怎么这么长，不看了\n就跟bs的帖子是一个道理，同样都是主楼很长，有的帖子就能让人看得津津有味，直呼摩多，有的帖子就……比如那个基友未签约的贴，是我见过最水最抓不住重点的贴了","commentTime":"2021-12-19 16:44:07","commentOwner":"。"},{"comment":"写得好我不会注意长短，只有看得不耐烦才会觉得怎么这么长，不看了\n就跟bs的帖子是一个道理，同样都是主楼很长，有的帖子就能让人看得津津有味，直呼摩多，有的帖子就……比如那个基友未签约的贴，是我见过最水最抓不住重点的贴了\n№9☆☆☆。|375cef01于2021-12-19 16:44:07留言☆☆☆\n。","commentTime":"2021-12-19 16:45:54","commentOwner":"。"},{"comment":"会，真的很烦长文案下面还套一个文案","commentTime":"2021-12-19 16:54:13","commentOwner":"=="},{"comment":"写得好我不会注意长短，只有看得不耐烦才会觉得怎么这么长，不看了\n就跟bs的帖子是一个道理，同样都是主楼很长，有的帖子就能让人看得津津有味，直呼摩多，有的帖子就……比如那个基友未签约的贴，是我见过最水最抓不住重点的贴了\n№9 ☆☆☆。|375cef01??于2021-12-19 16:44:07留言☆☆☆\n。\n注意分段空行，不要一片字墙就行","commentTime":"2021-12-19 16:57:43","commentOwner":"。"},{"comment":"是对带预收不太好，短的文案好带\n长的文案会让有的人懒得看预收\n不过人家都懒得看了，你下面放不放预收也无所谓了\n所以还是放，总有人会往下看\n最后每日呼吁——晋江赶紧搞预收跳转！！","commentTime":"2021-12-19 17:17:59","commentOwner":"。"}]}