{"id":"d0880bb0-d2ca-45b8-9cc8-5c51a3d588e4","category":"晋江论坛→网友交流区→碧水江汀 请稍候...","postSubject":"主题：好像一般订阅追更的正版读者不怎么会挑刺，就算提意见也相对比较温和，反而是盗文读者在第一章各种虚假排雷杠个没完，甚至人身作者 [31] 【搜索关键词：排雷】","postUrl":"https://bbs.jjwxc.net/showmsg.php?board=17&keyword=%C5%C5%C0%D7&id=1650567","originalPost":"我不理解...一分钟没花哪来这么大怨气","numberOfReplies":31,"comments":[{"comment":"免费出气筒，借题发挥一下，主要情绪宣泄（我猜","commentTime":"2021-11-25 14:25:46","commentOwner":"。"},{"comment":"没错，这只能说素质了","commentTime":"2021-11-25 14:26:30","commentOwner":"。"},{"comment":"对  txt女孩各种排雷剧透 一查订阅0 真正全文订阅的就订了  ","commentTime":"2021-11-25 14:26:46","commentOwner":"。"},{"comment":"对 ；＆ＮＢＳＰ;txt女孩各种排雷剧透 一查订阅0 真正全文订阅的就订了 ；＆ＮＢＳＰ;\n№3 ☆☆☆。|02a5cc24于2021-11-25 14:26:46留言☆☆☆\n还有看完txt为了给你打个负来订一章的","commentTime":"2021-11-25 14:27:09","commentOwner":"。"},{"comment":"dwg 一般年龄小  自觉有理","commentTime":"2021-11-25 14:27:44","commentOwner":"……"},{"comment":"还有各种极端控，跟发神经一样","commentTime":"2021-11-25 14:28:43","commentOwner":"。"},{"comment":"道德吧。支持正版的人，我觉得道德水准比较高，做坏事或者说坏话时，就会良心不安。因此很避免做这些事。\n看盗版的，就属于“以恶小而为之”了，认为看盗版并不是什么罪大恶极的事情，同理，骂人、指点江山，在这些人眼里也属于基操的一种，不是什么很坏的事情。","commentTime":"2021-11-25 14:29:43","commentOwner":"..."},{"comment":"追正版的忙着看文呢，我在jj看了十年，就给过一次差评，基本上不合心意直接叉","commentTime":"2021-11-25 14:30:15","commentOwner":"= ="},{"comment":"同感","commentTime":"2021-11-25 14:30:33","commentOwner":"。"},{"comment":"我是觉得正版读者都很和气，恨不得多给我花钱，但是dwg不花钱骂我一点没负担，还理直气壮的，系统抽了要回来补一段作文，被举报了要补一段作文，甚至被压了发现后也要回来补一段","commentTime":"2021-11-25 14:30:56","commentOwner":"。"},{"comment":"有也不会在文章评论底下说啊\n除非被雷得都来不及切页面换地方吐槽","commentTime":"2021-11-25 14:32:46","commentOwner":"三一三"},{"comment":"因为正版咕是抱着养你的心态。\n这作者我养过，自豪——","commentTime":"2021-11-25 14:38:13","commentOwner":"佛系兔"},{"comment":"尤其是订阅了一两章的dwg，我觉得它们是在心疼它们的两毛钱","commentTime":"2021-11-25 14:38:15","commentOwner":"= ="},{"comment":"——","commentTime":"2021-11-25 14:38:46","commentOwner":"佛系兔"},{"comment":"喜欢浪","commentTime":"2021-11-25 14:39:05","commentOwner":"佛系兔"},{"comment":"我在别处看小说，但我骂你一定要让你听到\n我不允许你不知道我那么优秀的读者的看法\n以上，盗文读者给我的感觉","commentTime":"2021-11-25 14:40:45","commentOwner":"。。"},{"comment":"强烈排\n还有dwg说我恶心要去举报我的\n订阅率0\n真是给她脸了","commentTime":"2021-11-25 14:42:57","commentOwner":"=="},{"comment":"最大的文包网那啥，天天还有人在写:值不值得一枚金币\n呵呵，一个小偷还挑三拣四","commentTime":"2021-11-25 14:44:20","commentOwner":"。"},{"comment":"讲道理，因为好像除了晋江，其他地方都不会允许盗文狗那么放肆。","commentTime":"2021-11-25 14:44:56","commentOwner":"。"},{"comment":"我还觉得微博夸跟骂各站一半，但豆音多半都是夸的，你们呢？","commentTime":"2021-11-25 14:46:17","commentOwner":"。"},{"comment":"道德吧。支持正版的人，我觉得道德水准比较高，做坏事或者说坏话时，就会良心不安。因此很避免做这些事。\n看盗版的，就属于“以恶小而为之”了，认为看盗版并不是什么罪大恶极的事情，同理，骂人、指点江山，在这些人眼里也属于基操的一种，不是什么很坏的事情。\n№7☆☆☆...|e2bb1090于2021-11-25 14:29:43留言☆☆☆\n。","commentTime":"2021-11-25 14:48:07","commentOwner":"。"},{"comment":"我还觉得微博夸跟骂各站一半，但豆音多半都是夸的，你们呢？\n№20 ☆☆☆。|cb9fa967于2021-11-25 14:46:17留言☆☆☆\n有些地方评价需要订阅的","commentTime":"2021-11-25 14:50:30","commentOwner":"踢屁股"},{"comment":"因为他们不是来看文的，是来证明幸好自己没有花钱买这文，你看这么多雷点呢。","commentTime":"2021-11-25 14:54:04","commentOwner":"……"},{"comment":"完结后打负，90%是没有订阅的，悲伤。","commentTime":"2021-11-25 14:55:34","commentOwner":"= ="},{"comment":"看了盗文，特意摸过来在第一章打负排雷，太EX","commentTime":"2021-11-25 14:55:59","commentOwner":"。"},{"comment":"道德吧。支持正版的人，我觉得道德水准比较高，做坏事或者说坏话时，就会良心不安。因此很避免做这些事。\n看盗版的，就属于“以恶小而为之”了，认为看盗版并不是什么罪大恶极的事情，同理，骂人、指点江山，在这些人眼里也属于基操的一种，不是什么很坏的事情。\n№7 ☆☆☆...|e2bb1090于2021-11-25 14:29:43留言☆☆☆\n同意","commentTime":"2021-11-25 14:57:16","commentOwner":"=="},{"comment":"历史引用 展开全部▼\n同意\n№26 ☆☆☆==|f5dd91ee★★★于2021-11-25 14:57:16留言☆☆☆\n。","commentTime":"2021-11-25 15:02:21","commentOwner":"。"},{"comment":"可怕的是，我在某个作者群，看到一个作者很自豪的说她看盗版，她还说不能理解我的充钱行为(●°u°●)??」","commentTime":"2021-11-25 15:41:56","commentOwner":"lccgg"},{"comment":"盲猜。\n踩我雷点的文我肯定直接就不买了，会全订的就证明这文我喜欢。\n除非作者烂尾完结喂屎，不然不可能不合胃口。\n但看dw的说不定就是直接搞的文包，然后踩雷了就来骂","commentTime":"2021-11-25 15:45:40","commentOwner":"，，"},{"comment":"同感，真读者能看就看完，不看就走，只有看了免费章节的会意见多多…","commentTime":"2021-11-25 15:46:14","commentOwner":"。"},{"comment":"我在晋江打负分的次数屈指可数，印象最深的一次就是无cp写了一百多万字变言情，wtmd，啊真的要气疯了","commentTime":"2021-11-25 15:46:23","commentOwner":"。"}]}