{"id":"86a0e234-a223-4721-9a73-b171fff61f1c","category":"晋江论坛→网友交流区→碧水江汀 欢迎回来：53088456  退 出","postSubject":"主题：去搜索自己的推文贴，下面所有人都评论排雷文笔不好，看得昏昏欲睡 [23] 【搜索关键词：排雷】","postUrl":"https://bbs.jjwxc.net/showmsg.php?board=17&keyword=%C5%C5%C0%D7&id=1807012","originalPost":"于是我认真分析了自己的文，分析了很久，阅读量每章还算稳，收定比也比较好在2.1到1.1之间，这是不是说明，我的文虽然文笔欠缺，但是节奏把握住了？还是是节奏欠缺，剧情把握住了？","numberOfReplies":23,"comments":[{"comment":"如果让读者昏昏欲睡，问题最大的绝对是节奏，不是文笔。","commentTime":"2022-03-18 17:13:10","commentOwner":"=="},{"comment":"文笔欠缺这点我感觉他们没说错，主要很在意后面那个昏昏欲睡","commentTime":"2022-03-18 17:13:27","commentOwner":"阿这"},{"comment":"文笔欠缺这点我感觉他们没说错，主要很在意后面那个昏昏欲睡\n№2 ☆☆☆阿这|8994a6c2?于2022-03-18 17:13:27留言☆☆☆\n受众不一样\n看收益说话\n不是每个读者都是你的受众，别放在心上","commentTime":"2022-03-18 17:14:11","commentOwner":"。"},{"comment":"如果让读者昏昏欲睡，问题最大的绝对是节奏，不是文笔。\n№1 ☆☆☆==|7aaae411于2022-03-18 17:13:10留言☆☆☆\n！谢谢咕咕解答，我有点亲妈眼，把握不准问题的关键哈哈哈，那我要去学节奏了，再次感谢！！","commentTime":"2022-03-18 17:15:02","commentOwner":"阿这"},{"comment":"历史引用 展开全部▼\n受众不一样\n看收益说话\n不是每个读者都是你的受众，别放在心上\n№3 ☆☆☆。|bfd360a8于2022-03-18 17:14:11留言☆☆☆\n收益每本都很稳，基本都能保底2.1，但是也总有人骂我写得很潦草","commentTime":"2022-03-18 17:16:36","commentOwner":"阿这"},{"comment":"历史引用 展开全部▼\n！谢谢咕咕解答，我有点亲妈眼，把握不准问题的关键哈哈哈，那我要去学节奏了，再次感谢！！\n№4 ☆☆☆阿这|8994a6c2?于2022-03-18 17:15:02留言☆☆☆\n别随便乱学啊！（拉住）\n你日常流就学什么乱七八糟的节奏，把握好当下就行了！收订比2：1是很好的！","commentTime":"2022-03-18 17:16:38","commentOwner":"。"},{"comment":"可能是你的文没有代餐？\n我也见过文笔不太好，确实看起来比较让人瞌睡的文，不过那个梗真的挺特别的，就完全找不到同题材","commentTime":"2022-03-18 17:16:45","commentOwner":"——"},{"comment":"这就是你的风格，他们追求刺激快节奏会找其他文看。\n但你要是也学快节奏，你就会毁掉自己原来的节奏，到时候连原本的读者都丢失了","commentTime":"2022-03-18 17:17:45","commentOwner":"。"},{"comment":"历史引用 展开全部▼\n别随便乱学啊！（拉住）\n你日常流就学什么乱七八糟的节奏，把握好当下就行了！收订比2：1是很好的！\n№6 ☆☆☆。|bfd360a8于2022-03-18 17:16:38留言☆☆☆\n呜呜呜，我是剧情流，哭了","commentTime":"2022-03-18 17:19:46","commentOwner":"阿这"},{"comment":"可能是你的文没有代餐？\n我也见过文笔不太好，确实看起来比较让人瞌睡的文，不过那个梗真的挺特别的，就完全找不到同题材\n№7 ☆☆☆——|849a292a于2022-03-18 17:16:45留言☆☆☆\n对，他们在推文贴里评论过，说文脑洞好，可惜文笔太白，最近我天天背古诗，在努力改了","commentTime":"2022-03-18 17:21:12","commentOwner":"阿这"},{"comment":"这就是你的风格，他们追求刺激快节奏会找其他文看。\n但你要是也学快节奏，你就会毁掉自己原来的节奏，到时候连原本的读者都丢失了\n№8 ☆☆☆。|bfd360a8于2022-03-18 17:17:45留言☆☆☆\n我感觉我的应该是节奏太快qwq被人说太潦草，哎，总归是节奏多半出问题了","commentTime":"2022-03-18 17:22:46","commentOwner":"阿这"},{"comment":"我前两天刚看了个文，脑洞真的很吸引人，但是文笔太白了，重复性词语过多，用词也很随意，不知道那个人是不是你","commentTime":"2022-03-18 17:30:05","commentOwner":"ackkgg"},{"comment":"我前两天刚看了个文，脑洞真的很吸引人，但是文笔太白了，重复性词语过多，用词也很随意，不知道那个人是不是你\n№12 ☆☆☆ackkgg|a5b29783于2022-03-18 17:30:05留言☆☆☆\n我也，对个暗号关键词古穿今？","commentTime":"2022-03-18 17:32:45","commentOwner":"。"},{"comment":"你在哪里搜的？如果是wb，那么就当没看见好了","commentTime":"2022-03-18 17:36:45","commentOwner":"。"},{"comment":"我还被说过文笔恶心得想吐\n然而那本，是我成绩最好的一本","commentTime":"2022-03-18 17:39:09","commentOwner":"。"},{"comment":"你在哪里搜的？如果是wb，那么就当没看见好了\n№14 ☆☆☆。|46f04a7b于2022-03-18 17:36:45留言☆☆☆\nxhs哈哈哈，wb也，他们都这样说，我节奏很快，结果他们说昏昏欲睡","commentTime":"2022-03-18 17:39:37","commentOwner":"月亮十六"},{"comment":"我前两天刚看了个文，脑洞真的很吸引人，但是文笔太白了，重复性词语过多，用词也很随意，不知道那个人是不是你\n№12 ☆☆☆ackkgg|a5b29783于2022-03-18 17:30:05留言☆☆☆\n阿这，我基本本本都是脑洞文学，瑟瑟发抖，我直觉不是我，不过这些问题我感觉我也有，正在努力改","commentTime":"2022-03-18 17:40:57","commentOwner":"月亮十六"},{"comment":"我只要完结飞的，都会被各种diss文笔不好转场奇怪，渐渐地我就释然了。多骂吧，多飞几本","commentTime":"2022-03-18 17:41:38","commentOwner":"= ="},{"comment":"我还被说过文笔恶心得想吐\n然而那本，是我成绩最好的一本\n№15 ☆☆☆。|9d300cfb于2022-03-18 17:39:09留言☆☆☆\n妈耶，抱抱姐妹，在贴里交流了一下，我现在好像有点懂了？就是还是这种节奏，但是写得更深入细致一些多半能提高文的观感","commentTime":"2022-03-18 17:44:06","commentOwner":"月亮十六"},{"comment":"我只要完结飞的，都会被各种diss文笔不好转场奇怪，渐渐地我就释然了。多骂吧，多飞几本\n№18 ☆☆☆= =|139e83b3于2022-03-18 17:41:38留言☆☆☆\n这样？！","commentTime":"2022-03-18 17:48:55","commentOwner":"躺平"},{"comment":"就我个人而言，让我看困的肯定是情节有问题，太水，我特别喜欢的文我熬夜到凌晨也想追完，因为每一段都想知道下面的剧情是什么，没办法睡","commentTime":"2022-03-18 17:58:52","commentOwner":"。"},{"comment":"收益重要，推文下面的很多看盗文的，你管他们干嘛","commentTime":"2022-03-18 18:03:18","commentOwner":"= ="},{"comment":"别人推我的，最多的一个是被说是幼稚","commentTime":"2022-03-20 00:27:51","commentOwner":"妹妹"}]}