{"id":"f90762c8-b080-432b-b015-965c8c842065","category":"晋江论坛→网友交流区→碧水江汀 欢迎回来：53088456  退 出","postSubject":"主题：女追男要排雷吗？ [1] 【搜索关键词：排雷】","postUrl":"https://bbs.jjwxc.net/showmsg.php?board=17&keyword=%C5%C5%C0%D7&id=1889014","originalPost":"个人是看到简介有女追男会有点迟疑，但如果没有，但剧情是女追男的话也可以看，甚至不会有特别明显的感觉:“哦，这是女追男”","numberOfReplies":1,"comments":[{"comment":"看梗甜不甜吧，我不雷我觉得还好，可以在文案里稍微透露一下？","commentTime":"2022-05-09 19:22:26","commentOwner":"。"}]}