{"id":"ee522808-b99b-4b50-b229-e017a83027b3","category":"晋江论坛→网友交流区→碧水江汀 请稍候...","postSubject":"主题：副cp需要排雷吗？ [6] 【搜索关键词：排雷】","postUrl":"https://bbs.jjwxc.net/showmsg.php?board=17&keyword=%C5%C5%C0%D7&id=1772773","originalPost":"到底该排还是不排呢？\n搞不清楚哪种需要排的，剧情流文，不是纯感情流小甜饼，主角遇上了情侣或者其他角色互相喜欢会写一些，但都是不同的人，不同的人的互动，这种怎么算啊。","numberOfReplies":6,"comments":[{"comment":"如果都是偶尔出来酱油一下的互动，那不能算副CP吧……","commentTime":"2022-02-22 01:43:46","commentOwner":"。"},{"comment":"这也要排雷吗，我没排","commentTime":"2022-02-22 01:50:13","commentOwner":"。"},{"comment":"副cp我理解是主要配角的cp线，其他的哪怕是情侣也不能算副cp吧","commentTime":"2022-02-22 01:52:21","commentOwner":"。"},{"comment":"不需要吧","commentTime":"2022-02-22 01:54:36","commentOwner":"。"},{"comment":"不懂了，最近天天文下说有副cp雷啥的，但是其实这个剧情过了就不会出现的人，我都不知道怎么排","commentTime":"2022-02-22 02:12:59","commentOwner":"。"},{"comment":"不是感情流不用，剧情流只有主角那还叫啥剧情？俩人能产生啥外部剧情啊？当然得有配角互动了，甚至剧情流我最爱看配角了，副cp越多越好","commentTime":"2022-02-22 02:18:01","commentOwner":"=="}]}