{"id":"ef03e3d1-c24e-451f-b948-17c600968057","category":"晋江论坛→网友交流区→碧水江汀 欢迎回来：53088456  退 出","postSubject":"主题：有个博主排雷我的文，给我带来了收益 [24] 【搜索关键词：排雷】","postUrl":"https://bbs.jjwxc.net/showmsg.php?board=17&keyword=%C5%C5%C0%D7&id=1973051","originalPost":"哈哈哈哈xhs的，点赞还蛮多的，就是她看的盗文也没有说是在jj，但还是很一些正版读者找过了。我标正文完结跟结算都没有这么多收益（也可能是我太菜了TUT）","numberOfReplies":24,"comments":[{"comment":"哈哈哈哈xhs的，点赞还蛮多的，就是她看的盗文也没有说是在jj，但还是很一些正版读者找过了。我标正文完结跟结算都没有这么多收益（也可能是我太菜了TUT）\n№0 ☆☆☆。|d8ae8f93于2022-07-04 09:16:12留言☆☆☆\n我眼睁睁看着点赞翻了几十倍还在加，继续排雷继续！摩多摩多","commentTime":"2022-07-04 09:16:49","commentOwner":"。"},{"comment":"草，什么排雷还能涨收益","commentTime":"2022-07-04 09:17:12","commentOwner":"= ="},{"comment":"事实证明，不论排雷还是推文，有流量就是好曝光","commentTime":"2022-07-04 09:17:47","commentOwner":"，"},{"comment":"草，什么排雷还能涨收益\n№2 ☆☆☆= =|adcf9819于2022-07-04 09:17:12留言☆☆☆\n就是排我狗血玛丽苏之类的TVT","commentTime":"2022-07-04 09:18:09","commentOwner":"。"},{"comment":"事实证明，不论排雷还是推文，有流量就是好曝光\n№3 ☆☆☆，|1945cb6a于2022-07-04 09:17:47留言☆☆☆\n是真的，就是她看的是盗文，没有说jj好可惜，损失好多呜呜呜","commentTime":"2022-07-04 09:18:33","commentOwner":"。"},{"comment":"“让我来康康写得有多毒”\n“嘿…真香”","commentTime":"2022-07-04 09:18:39","commentOwner":"。"},{"comment":"反向安利了哈哈哈哈","commentTime":"2022-07-04 09:18:45","commentOwner":"。"},{"comment":"本来排雷和安利定义其实是模糊的，（前提是不要虚假）a觉得雷b可能觉得萌，a觉得萌b可能觉得雷，即使是排雷也是让更多人看到了，里面肯定有萌这点的，流量就是金钱","commentTime":"2022-07-04 09:19:09","commentOwner":"。"},{"comment":"历史引用 展开全部▼\n是真的，就是她看的是盗文，没有说jj好可惜，损失好多呜呜呜\n№5 ☆☆☆。|d8ae8f93于2022-07-04 09:18:33留言☆☆☆\n去帖子留言说一下","commentTime":"2022-07-04 09:19:18","commentOwner":"。"},{"comment":"哈哈哈哈","commentTime":"2022-07-04 09:19:24","commentOwner":"。"},{"comment":"本来排雷和安利定义其实是模糊的，（前提是不要虚假）a觉得雷b可能觉得萌，a觉得萌b可能觉得雷，即使是排雷也是让更多人看到了，里面肯定有萌这点的，流量就是金钱\n№8 ☆☆☆。|67eb6173于2022-07-04 09:19:09留言☆☆☆\n赞同","commentTime":"2022-07-04 09:19:54","commentOwner":"。"},{"comment":"这本文这个月的收益已经到上个月一半了，我太感谢她了","commentTime":"2022-07-04 09:19:57","commentOwner":"。"},{"comment":"历史引用 展开全部▼\n去帖子留言说一下\n№9 ☆☆☆。|f3b395f9于2022-07-04 09:19:18留言☆☆☆\n不好意思说，显得我呆呆的呜呜呜","commentTime":"2022-07-04 09:20:26","commentOwner":"。"},{"comment":"历史引用 展开全部▼\n就是排我狗血玛丽苏之类的TVT\n№4 ☆☆☆。|d8ae8f93于2022-07-04 09:18:09留言☆☆☆\n哈哈哈那岂不是会有好多人过来看，不过你收益涨肯定是你写得好呀，不然来了也留不住","commentTime":"2022-07-04 09:21:44","commentOwner":"= ="},{"comment":"哈哈哈哈黑红也是红","commentTime":"2022-07-04 09:22:13","commentOwner":"= ="},{"comment":"我也是，看到一个排雷说，这个受啥也不会就长得好看，笨死了，我立刻找来看了（本人笨蛋美人爱好者）结果那篇文特别好看，哈哈哈哈","commentTime":"2022-07-04 09:23:47","commentOwner":"=="},{"comment":"历史引用 展开全部▼\n哈哈哈那岂不是会有好多人过来看，不过你收益涨肯定是你写得好呀，不然来了也留不住\n№14 ☆☆☆= =|16eede1d于2022-07-04 09:21:44留言☆☆☆\n对的，楼主加油","commentTime":"2022-07-04 09:24:01","commentOwner":"=="},{"comment":"我也是，看到一个排雷说，这个受啥也不会就长得好看，笨死了，我立刻找来看了（本人笨蛋美人爱好者）结果那篇文特别好看，哈哈哈哈\n№16 ☆☆☆==|a4d8139c于2022-07-04 09:23:47留言☆☆☆\n哈哈哈","commentTime":"2022-07-04 09:24:19","commentOwner":"。"},{"comment":"我也是，看到一个排雷说，这个受啥也不会就长得好看，笨死了，我立刻找来看了（本人笨蛋美人爱好者）结果那篇文特别好看，哈哈哈哈\n№16 ☆☆☆==|a4d8139c于2022-07-04 09:23:47留言☆☆☆\n我也喜欢笨蛋美人受！","commentTime":"2022-07-04 09:31:02","commentOwner":"。"},{"comment":"哈哈我看到一篇排雷，说女主脾气差，惹人讨厌，我去找来看了，真香！外冷内热傲娇作精我的爱","commentTime":"2022-07-04 10:32:39","commentOwner":"00"},{"comment":"历史引用 展开全部▼\n不好意思说，显得我呆呆的呜呜呜\n№13 ☆☆☆。|d8ae8f93于2022-07-04 09:20:26留言☆☆☆\n可以假装路人，假装提醒贴主要支持正版哦（就算被骂了死也要给自己引流！别骂回去，讲完就消失）","commentTime":"2022-07-04 10:36:14","commentOwner":"。"},{"comment":"大部分作者排雷的雷点，都是我的萌点哈哈哈","commentTime":"2022-07-04 10:36:57","commentOwner":"。。"},{"comment":"我以前在金榜上看到极端控排雷：攻控不要看，本文是互宠！受追攻，但是攻宠受！雷死了。\n然后我火速回复：谢谢排雷，真好看。","commentTime":"2022-07-04 10:40:06","commentOwner":"。"},{"comment":"哈哈哈哈，只要不是虚假排雷，就不慌砸\n有时候有些排雷正好是别人的萌点","commentTime":"2022-07-04 10:42:29","commentOwner":"qhsiefg"}]}