{"id":"8132422f-72cf-4685-8352-d697170c8a76","category":"晋江论坛→网友交流区→碧水江汀 欢迎回来：53088456  退 出","postSubject":"主题：pbc吐槽 排雷一下，用了两三天护舒宝的夜安裤，腿根过敏了 [3] 【搜索关键词：排雷】","postUrl":"https://bbs.jjwxc.net/showmsg.php?board=17&keyword=%C5%C5%C0%D7&id=1822174","originalPost":"腿根起了一个一个小肿包，特别痒，还有些发红发紫，现在难受的要命呜呜呜，来例假本来就难受了，现在还过敏了，再也不用护舒宝了（流泪）","numberOfReplies":3,"comments":[{"comment":"这种情况建议选用纯棉的卫生巾","commentTime":"2022-03-28 23:34:29","commentOwner":"。"},{"comment":"高洁丝目前存活，不过那个虫卵的新闻我真是历历在目，双十一买了三箱又不能不用……","commentTime":"2022-03-28 23:38:30","commentOwner":"。"},{"comment":"那个舒莱？","commentTime":"2022-03-28 23:42:12","commentOwner":"。"}]}