{"id":"4e8efe39-f76e-45d0-9c8e-5d893d1ae444","category":"晋江论坛→网友交流区→碧水江汀 请稍候...","postSubject":"主题：一个小时了，投诉盗文剧透排雷一整页还没删 [5] 【搜索关键词：排雷】","postUrl":"https://bbs.jjwxc.net/showmsg.php?board=17&keyword=%C5%C5%C0%D7&id=1672153","originalPost":"？？？\n管理员呢？","numberOfReplies":5,"comments":[{"comment":"我投诉违规要求我排雷的，删完了过几个小时又放出来，就离谱","commentTime":"2021-12-11 12:09:52","commentOwner":"= ="},{"comment":"我投诉违规要求我排雷的，删完了过几个小时又放出来，就离谱\n№1 ☆☆☆= =|59278ca0于2021-12-11 12:09:52留言☆☆☆\n我是评论直接说 去了微博看 然后一堆剧透排雷再一个人回复成高楼\n一个多小时了 在好榜 收益直接冻结","commentTime":"2021-12-11 12:11:40","commentOwner":"咕"},{"comment":"一个半快两个小时了","commentTime":"2021-12-11 12:12:11","commentOwner":"咕"},{"comment":"27.14","commentTime":"2021-12-12 01:00:49","commentOwner":"摘星咕"},{"comment":"基操","commentTime":"2021-12-12 01:04:12","commentOwner":"一"}]}