{"id":"8b608cf4-848c-4beb-920b-b5ff41c9b714","category":"晋江论坛→网友交流区→碧水江汀 请稍候...","postSubject":"主题：第一本小说顺v两千多接近三千收藏，预收三百多收藏，应该能顺v，但手上这本无纲裸奔实在写不下去了怎么办。想摆烂又怕被排雷的 [26] 【搜索关键词：排雷】","postUrl":"https://bbs.jjwxc.net/showmsg.php?board=17&keyword=%C5%C5%C0%D7&id=1703337","originalPost":"rbt，我基友说我继续写下去能飞但是我真的写的好痛苦tvt","numberOfReplies":26,"comments":[{"comment":"第一本。。。。羡慕","commentTime":"2022-01-03 18:23:12","commentOwner":"咕咕"},{"comment":"加油啊宝，完结一本真的收获很大的","commentTime":"2022-01-03 18:23:38","commentOwner":"。"},{"comment":"加油啊宝，完结一本真的收获很大的\n№2 ☆☆☆。|171c65ab于2022-01-03 18:23:38留言☆☆☆\n但无纲裸奔真的好难受","commentTime":"2022-01-03 18:24:33","commentOwner":"=="},{"comment":"我也在想第一本要怎么完结，救命啊，我有点不太会了","commentTime":"2022-01-03 18:25:29","commentOwner":"=="},{"comment":"历史引用 展开全部▼\n但无纲裸奔真的好难受\n№3 ☆☆☆==|7836e0ef于2022-01-03 18:24:33留言☆☆☆\n找个空闲的时间好好做一下纲，坚持下去就完事儿了!好好完结的文，完结都会有惊喜的!","commentTime":"2022-01-03 18:26:09","commentOwner":"。"},{"comment":"我也在想第一本要怎么完结，救命啊，我有点不太会了\n№4 ☆☆☆==|b1a3343b??于2022-01-03 18:25:29留言☆☆☆\n天天想烂尾，秃头了，下一本我一定存稿，但第一本我都写不下去了","commentTime":"2022-01-03 18:26:17","commentOwner":"=="},{"comment":"硬着头皮写完 别断更别坑 回头看你就会感谢你自己","commentTime":"2022-01-03 18:26:41","commentOwner":"。"},{"comment":"差不多情况，我解v了","commentTime":"2022-01-03 18:27:15","commentOwner":"。"},{"comment":"不要烂尾！你写完！我发誓！绝对会很有收获！\n你第一本就这样了超厉害的，慕了","commentTime":"2022-01-03 18:27:50","commentOwner":"= ="},{"comment":"硬着头皮写完 别断更别坑 回头看你就会感谢你自己\n№7 ☆☆☆。|95a3d133☆于2022-01-03 18:26:41留言☆☆☆\n没敢断更，但是有崩的趋势了","commentTime":"2022-01-03 18:28:09","commentOwner":"=="},{"comment":"差不多情况，我解v了\n№8 ☆☆☆。|c889d319于2022-01-03 18:27:15留言☆☆☆\n我解是因为我已经清楚自己有哪些问题，下本如何改，确实现在连载的这本成绩更好了","commentTime":"2022-01-03 18:28:19","commentOwner":"。"},{"comment":"历史引用 展开全部▼\n我解是因为我已经清楚自己有哪些问题，下本如何改，确实现在连载的这本成绩更好了\n№11 ☆☆☆。|c889d319☆于2022-01-03 18:28:19留言☆☆☆\n羡慕了","commentTime":"2022-01-03 18:29:12","commentOwner":"=="},{"comment":"断几天清清心把大纲撸出来。不建议摆烂","commentTime":"2022-01-03 18:30:33","commentOwner":"…"},{"comment":"断几天清清心把大纲撸出来。不建议摆烂\n№13 ☆☆☆…|3ca8aea6★于2022-01-03 18:30:33留言☆☆☆\n我已经开始请假了orz","commentTime":"2022-01-03 18:31:48","commentOwner":"=="},{"comment":"没有断更，但确实卡得请假，这也是想摆烂的原因","commentTime":"2022-01-03 18:32:38","commentOwner":"=="},{"comment":"这种情况应该怎么梳理大纲啊，我也不知道接下来的剧情，每天剧情都是先想也没存稿","commentTime":"2022-01-03 18:34:46","commentOwner":"=="},{"comment":"差点以为这贴是我梦游发的，无纲太痛苦了","commentTime":"2022-01-03 18:38:07","commentOwner":"阿"},{"comment":"我跟你一样，第一本是这个情况，所以后面烂尾，收益断崖式下降。匆匆完结，如果我能继续往下更的话，二星应该是不成问题。","commentTime":"2022-01-03 18:38:31","commentOwner":"。"},{"comment":"这种情况应该怎么梳理大纲啊，我也不知道接下来的剧情，每天剧情都是先想也没存稿\n№16 ☆☆☆==|7836e0ef于2022-01-03 18:34:46留言☆☆☆\n你先想结局，感情流想两个人多大年纪（成亲，谁先死亡等等）完结，然后把所有剧情往那上面推，只要你觉得合理就是适合你那本文的，然后番外写一点下辈子的故事，弥补这辈子的遗憾，或者配角的事\n剧情流想高光的时候完结，还是要写写高光之后的发展，然后列时间轴线分出几个大事件，这几个大事穿插小事，写完就正文完结写番外","commentTime":"2022-01-03 18:39:15","commentOwner":"。"},{"comment":"历史引用 展开全部▼\n你先想结局，感情流想两个人多大年纪（成亲，谁先死亡等等）完结，然后把所有剧情往那上面推，只要你觉得合理就是适合你那本文的，然后番外写一点下辈子的故事，弥补这辈子的遗憾，或者配角的事\n剧情流想高光的时候完结，还是要写写高光之后的发展，然后列时间轴线分出几个大事件，这几个大事穿插小事，写完就正文完结写番外\n№19 ☆☆☆。|d6f335f4于2022-01-03 18:39:15留言☆☆☆\n保持一开始想写这本文的热情写完","commentTime":"2022-01-03 18:40:02","commentOwner":"。"},{"comment":"历史引用 展开全部▼\n你先想结局，感情流想两个人多大年纪（成亲，谁先死亡等等）完结，然后把所有剧情往那上面推，只要你觉得合理就是适合你那本文的，然后番外写一点下辈子的故事，弥补这辈子的遗憾，或者配角的事\n剧情流想高光的时候完结，还是要写写高光之后的发展，然后列时间轴线分出几个大事件，这几个大事穿插小事，写完就正文完结写番外\n№19 ☆☆☆。|d6f335f4☆于2022-01-03 18:39:15留言☆☆☆\n嗯嗯，谢谢uu，我想一想怎么完结比较能圆","commentTime":"2022-01-03 18:46:36","commentOwner":"=="},{"comment":"坚持下去，我也是第一本，现在正文完结了，小飞，感觉成绩还可以","commentTime":"2022-01-03 18:49:48","commentOwner":"。"},{"comment":"坚持下去，我也是第一本，现在正文完结了，小飞，感觉成绩还可以\n№22 ☆☆☆。|0a19bece☆于2022-01-03 18:49:48留言☆☆☆\n嗯嗯，想了想决定还是坚持下去","commentTime":"2022-01-03 18:54:43","commentOwner":"=="},{"comment":"宝，得坚持。我第一本咬牙完结了万收了，直接下一本预收不愁。\n但你能想象我和你一样，下夹三千多收，中途断更一两个月，后来日更救起来完结直接飞吗？我真的后悔，如果我坚持日更我就一星了\n第一本一定要好好写啊！","commentTime":"2022-01-03 18:57:59","commentOwner":"咕咕"},{"comment":"宝，得坚持。我第一本咬牙完结了万收了，直接下一本预收不愁。\n但你能想象我和你一样，下夹三千多收，中途断更一两个月，后来日更救起来完结直接飞吗？我真的后悔，如果我坚持日更我就一星了\n第一本一定要好好写啊！\n№24 ☆☆☆咕咕|385392b8☆于2022-01-03 18:57:59留言☆☆☆\n这鸡汤我干了！谢谢咕咕","commentTime":"2022-01-03 18:58:39","commentOwner":"=="},{"comment":"本来还很痛苦的，但是咕咕们好暖哦，握拳，我要继续坚持下去","commentTime":"2022-01-03 18:59:18","commentOwner":"=="}]}