{"id":"e522bc5e-c575-4b34-a37b-81669967af93","category":"晋江论坛→网友交流区→碧水江汀 欢迎回来：53088456  退 出","postSubject":"主题：号不要了，小调查，有人被无中生有排雷过吗 [250] 【搜索关键词：排雷】","postUrl":"https://bbs.jjwxc.net/showmsg.php?board=17&keyword=%C5%C5%C0%D7&id=1984830","originalPost":"有的扣1\n没有扣2\n有但是对方道歉了扣3","numberOfReplies":243,"comments":[{"comment":"1 hzc的v前每一章都有","commentTime":"2022-07-12 08:28:00","commentOwner":"。"},{"comment":"1","commentTime":"2022-07-12 08:28:17","commentOwner":"=="},{"comment":"禁连动别的作者，只能说自己","commentTime":"2022-07-12 08:28:24","commentOwner":"= ="},{"comment":"晋江有作者没有吗","commentTime":"2022-07-12 08:28:48","commentOwner":"。"},{"comment":"1\n未签约同期","commentTime":"2022-07-12 08:28:50","commentOwner":"=="},{"comment":"1有看到过，那个读者自己看错了","commentTime":"2022-07-12 08:29:50","commentOwner":"kakakakaxi"},{"comment":"臆想式中评负分算吗，骂的跟我写的不是同个东西。算就1","commentTime":"2022-07-12 08:29:52","commentOwner":"。"},{"comment":"1 怀疑是同榜故意搞人","commentTime":"2022-07-12 08:30:03","commentOwner":"。"},{"comment":"1","commentTime":"2022-07-12 08:32:56","commentOwner":"。"},{"comment":"有","commentTime":"2022-07-12 08:33:30","commentOwner":"。"},{"comment":"没被排过雷，但是我写到还没一半的时候被带节奏说完结了，评论区所有读者都在骂我烂尾","commentTime":"2022-07-12 08:33:59","commentOwner":"。"},{"comment":"1 怀疑是同榜故意搞人\n№8 ☆☆☆。|882b7a03于2022-07-12 08:30:03留言☆☆☆\n啊 说到这个晋江有没有什么措施可以防止恶性竞争的","commentTime":"2022-07-12 08:34:04","commentOwner":"。"},{"comment":"第一章出现了一个恶毒男配一个恶毒女配，排雷，怎么又是恶毒女配。","commentTime":"2022-07-12 08:34:25","commentOwner":"= ="},{"comment":"3，被隔壁解码误伤\n真的很无语\n后来帖子删了","commentTime":"2022-07-12 08:34:53","commentOwner":"=="},{"comment":"1 hzc的v前每一章都有\n№1 ☆☆☆。|805d62d1于2022-07-12 08:28:00留言☆☆☆\n1，hzc怒排","commentTime":"2022-07-12 08:35:36","commentOwner":"。"},{"comment":"只在dww被排雷过（狗头）","commentTime":"2022-07-12 08:36:00","commentOwner":"。"},{"comment":"1","commentTime":"2022-07-12 08:36:00","commentOwner":"。"},{"comment":"1 受宠攻受追攻双洁，被排雷无中生有说别看舔狗攻榄菊受","commentTime":"2022-07-12 08:36:43","commentOwner":"。"},{"comment":"1","commentTime":"2022-07-12 08:36:45","commentOwner":"。"},{"comment":"来了来了！11111。\n在隔壁，一开始我很伤心，后来我想开了，这是人家的自由啊，而且楼里还有人帮我说话呀，我还挺开心。反正没到我评论区来，我就当做没有那群人，屏蔽词真好用。","commentTime":"2022-07-12 08:36:47","commentOwner":"。"},{"comment":"1\n只看了文名“我看你这个文名我就觉得你要写吧吧啦吧啦啦啊啦”","commentTime":"2022-07-12 08:36:50","commentOwner":"=="},{"comment":"1","commentTime":"2022-07-12 08:36:51","commentOwner":"……"},{"comment":"1","commentTime":"2022-07-12 08:36:54","commentOwner":"。"},{"comment":"1","commentTime":"2022-07-12 08:36:57","commentOwner":"。"},{"comment":"1，hzc文\n被追着连夜打负，满屏都是，都是主观性言论，我解释我没写过也没人给我道歉，投诉后晋江也没删，至今还在","commentTime":"2022-07-12 08:37:44","commentOwner":"。"},{"comment":"1，贴着我更新抄袭的hyb干的","commentTime":"2022-07-12 08:37:44","commentOwner":"。"},{"comment":"各种奇怪的原因被排雷甚至骂人\n有一次，完结许久的文来了个小天使，前期，认认真真读后感，然后指责我\n茫然至极，最后发现，有个老读者评论过，全部都是她幻想的内容，新读者信以为真了\n微笑","commentTime":"2022-07-12 08:38:39","commentOwner":"= ="},{"comment":"唯一一本hzc被虚假排雷到险些封笔，","commentTime":"2022-07-12 08:40:31","commentOwner":"努力升星星"},{"comment":"各种奇怪的原因被排雷甚至骂人\n有一次，完结许久的文来了个小天使，前期，认认真真读后感，然后指责我\n茫然至极，最后发现，有个老读者评论过，全部都是她幻想的内容，新读者信以为真了\n微笑\n№28 ☆☆☆= =|0207a85a于2022-07-12 08:38:39留言☆☆☆\n这种读者真的，既然都不看，花钱干啥啊，纯纯冤种","commentTime":"2022-07-12 08:40:47","commentOwner":"。"},{"comment":"1","commentTime":"2022-07-12 08:41:24","commentOwner":"。"},{"comment":"1","commentTime":"2022-07-12 08:41:58","commentOwner":"=="},{"comment":"1","commentTime":"2022-07-12 08:42:15","commentOwner":"。"},{"comment":"唯一一本hzc被虚假排雷到险些封笔，\n№30 ☆☆☆努力升星星|896480a2于2022-07-12 08:40:31留言☆☆☆\n从此以后再也不敢碰这个题材了，个别读者戾气太重，而且大家都默认写hzc就应该被骂","commentTime":"2022-07-12 08:42:31","commentOwner":"努力升星星"},{"comment":"1脑补型排雷，恐怖如斯","commentTime":"2022-07-12 08:42:57","commentOwner":"。"},{"comment":"因为糊，所以还没经历过……","commentTime":"2022-07-12 08:43:29","commentOwner":"= ="},{"comment":"虽然糊，但是有。\n第一篇文就被排过\n排雷理由：有副cp的文都是shi","commentTime":"2022-07-12 08:46:22","commentOwner":"……"},{"comment":"1，被脑补排过雷，还有一个是女主本性善良，反派养母养父被判了死罪，在牢里自杀，因为不是女主杀的，而我又恰好在前文提了反派黑化的原因，被在第一章排雷作者圣母又当又立还歌颂反派爱情","commentTime":"2022-07-12 08:47:03","commentOwner":"。"},{"comment":"1","commentTime":"2022-07-12 08:48:44","commentOwner":"。"},{"comment":"1","commentTime":"2022-07-12 08:49:29","commentOwner":"啦啦"},{"comment":"1","commentTime":"2022-07-12 08:49:43","commentOwner":"。"},{"comment":"1","commentTime":"2022-07-12 08:49:55","commentOwner":"想升三星"},{"comment":"有","commentTime":"2022-07-12 08:50:36","commentOwner":"。"},{"comment":"1，上夹，怀疑被同期恶意搞","commentTime":"2022-07-12 08:51:31","commentOwner":"。"},{"comment":"1","commentTime":"2022-07-12 08:52:58","commentOwner":"= ="},{"comment":"1，0订阅排雷，贴订阅率被其他读者嘲讽后，说我网暴他……","commentTime":"2022-07-12 08:53:05","commentOwner":"。"},{"comment":"1 那不是常态么\n全凭臆想开骂","commentTime":"2022-07-12 08:53:21","commentOwner":"= ="},{"comment":"有，一直被骂，查ip查出来是谁在搞事，又无可奈何。然后我就开始日万发愤图强了，你搞不死我，就眼睁睁看着我金榜哈~开不开心，惊不惊喜，意不意外！","commentTime":"2022-07-12 08:53:53","commentOwner":"= ="},{"comment":"1，0订阅排雷，贴订阅率被其他读者嘲讽后，说我网暴他……\n№48 ☆☆☆。|7fc1448d★★★★于2022-07-12 08:53:05留言☆☆☆\n这叫啥网暴哈哈哈哈，她自己臆想出来的网暴嘛？","commentTime":"2022-07-12 08:54:54","commentOwner":"= ="},{"comment":"有，写过娱乐圈被不可说cp粉代餐了然后排雷说我也是cp粉，澄清以后也没道歉，说我不管那我跟他们也是一伙的","commentTime":"2022-07-12 08:55:13","commentOwner":"。"},{"comment":"1\n没删评，觉得删评我就输了。","commentTime":"2022-07-12 08:55:37","commentOwner":"。"},{"comment":"1\n虚假捉虫\n说我全是错别字\n那章明明没有。","commentTime":"2022-07-12 08:56:34","commentOwner":"。"},{"comment":"1，之前因为写恶毒女配，被说厌女，负分打了几百条晋江给我看删评权限才搞定","commentTime":"2022-07-12 08:58:06","commentOwner":"@@"},{"comment":"评论区没有\n不过本人混贴吧\n曾恰巧碰见有人对我的文瞎编排雷\n排雷的时候还十分自信自豪地说：“都不用往下看我都知道xxxxxx”\n实际上她yy的发展一个都没有\n笑死\n她开心就好","commentTime":"2022-07-12 08:58:10","commentOwner":"。"},{"comment":"1\n没删评，觉得删评我就输了。\n№54 ☆☆☆。|bcde3634于2022-07-12 08:55:37留言☆☆☆\n那条排雷离谱到我截图给基友看，\n基友问：这说的是你哪本书？\n然后虽然有其他小天使在小面帮我说话，但是不排除一些起哄的点赞，然后说：溜了溜了。\nex不？","commentTime":"2022-07-12 08:58:13","commentOwner":"。"},{"comment":"1\n写了三条反驳它的评论以后忍不住骂了它","commentTime":"2022-07-12 08:59:25","commentOwner":"。"},{"comment":"1，那可太多次了，呵呵，第一章和v前章没法看","commentTime":"2022-07-12 08:59:58","commentOwner":"。"},{"comment":"1 我几百收的文都有人杠呵呵","commentTime":"2022-07-12 09:00:46","commentOwner":"。。"},{"comment":"3，没看全文就根据臆想排雷，连着给我刷负，我跟她在文下对线，后来看完了又回来给我投雷道歉了。","commentTime":"2022-07-12 09:02:53","commentOwner":"= ="},{"comment":"1","commentTime":"2022-07-12 09:08:09","commentOwner":"今天要日万"},{"comment":"有","commentTime":"2022-07-12 09:08:40","commentOwner":"。。"},{"comment":"1","commentTime":"2022-07-12 09:11:17","commentOwner":"= ="},{"comment":"1","commentTime":"2022-07-12 09:11:31","commentOwner":"丨"},{"comment":"不看正文，开始小作文，0订阅在第一章开始排雷后面内容","commentTime":"2022-07-12 09:16:06","commentOwner":"。"},{"comment":"不仅被无中生有排雷，还把多年前的旧文造谣写了莫须有的罪名放到新文下面接着排雷，长篇累牍的刷，上夹子刷。","commentTime":"2022-07-12 09:22:03","commentOwner":"1……"},{"comment":"1","commentTime":"2022-07-12 09:25:44","commentOwner":"……"},{"comment":"1","commentTime":"2022-07-12 09:26:41","commentOwner":"。"},{"comment":"1\n埋伏笔被排雷我真的会谢\n没办法只好剧透解释\n然后对方持续装死","commentTime":"2022-07-12 09:27:39","commentOwner":"=="},{"comment":"1，还是在三大上，组团来排","commentTime":"2022-07-12 09:28:07","commentOwner":"。"},{"comment":"1\n衍生，被第一章和读者区造谣我拉踩","commentTime":"2022-07-12 09:29:58","commentOwner":"= ="},{"comment":"1，就没看到那些虚假排雷的给我道歉\n明明都被其他读者指出来了，还装死呢","commentTime":"2022-07-12 09:36:17","commentOwner":"。"},{"comment":"1","commentTime":"2022-07-12 09:36:30","commentOwner":"。"},{"comment":"1，在古穿，在幻言，都经历过","commentTime":"2022-07-12 09:36:35","commentOwner":"。"},{"comment":"1\n№77 ☆☆☆。|cf9f15c1于2022-07-12 09:36:30留言☆☆☆\n评分造谣，删也删不掉","commentTime":"2022-07-12 09:36:49","commentOwner":"。"},{"comment":"1\n我唯一一个关闭评论区的文就是因为有人无中生有排雷了七八条，全是我没写过的内容，我那天心情不好，当场破防把评论区关了","commentTime":"2022-07-12 09:37:25","commentOwner":"。。"},{"comment":"1\n呃，这不是很常见的事吗\n经常有读者排雷，然后排雷内容是ta自己臆想的内容，我根本没写过，不知道ta怎么看的\n我只能举报给管理员，然后删了","commentTime":"2022-07-12 09:37:46","commentOwner":"刷什么论坛码字啊"},{"comment":"历史引用 展开全部▼\n评分造谣，删也删不掉\n№79 ☆☆☆。|cf9f15c1于2022-07-12 09:36:49留言☆☆☆\n甚至我都能拿出证明，我都拿出证明截图去投诉了，结果造谣的评分还是删不了。真的牛。","commentTime":"2022-07-12 09:37:51","commentOwner":"。"},{"comment":"1","commentTime":"2022-07-12 09:38:12","commentOwner":"。"},{"comment":"1跟着自己的想法臆测我文章的内容。让我多读书。然后那个知识点是他错了","commentTime":"2022-07-12 09:39:27","commentOwner":"= ="},{"comment":"1\n就看到第五章还是第几章，反正很前面，看到一个角色出场，就说了一大堆，后面肯定是xxxxxx的剧情加吐槽，盖了好几楼，然后就有人开始感谢排雷\n可问题是她根本就没看后文啊……呃……","commentTime":"2022-07-12 09:39:41","commentOwner":"。"},{"comment":"1\n不过后面她澄清了","commentTime":"2022-07-12 09:40:14","commentOwner":"。"},{"comment":"1","commentTime":"2022-07-12 10:05:21","commentOwner":"。"},{"comment":"1","commentTime":"2022-07-12 10:06:33","commentOwner":"。"},{"comment":"1","commentTime":"2022-07-12 10:07:08","commentOwner":"。"},{"comment":"1111111\n我怀疑她是在梦里看的文","commentTime":"2022-07-12 10:07:27","commentOwner":"。"},{"comment":"1","commentTime":"2022-07-12 10:08:05","commentOwner":"。"},{"comment":"1","commentTime":"2022-07-12 10:08:11","commentOwner":"——@"},{"comment":"有","commentTime":"2022-07-12 10:08:32","commentOwner":"。"},{"comment":"1","commentTime":"2022-07-12 10:09:06","commentOwner":"。。。"},{"comment":"11","commentTime":"2022-07-12 10:09:17","commentOwner":"。。。"},{"comment":"1","commentTime":"2022-07-12 10:09:32","commentOwner":"。"},{"comment":"评论区没有\n不过本人混贴吧\n曾恰巧碰见有人对我的文瞎编排雷\n排雷的时候还十分自信自豪地说：“都不用往下看我都知道xxxxxx”\n实际上她yy的发展一个都没有\n笑死\n她开心就好\n№57 ☆☆☆。|69cf9523★于2022-07-12 08:58:10留言☆☆☆\n。\n我也有被这样排雷过，我那篇还是完结文。","commentTime":"2022-07-12 10:09:47","commentOwner":"。"},{"comment":"1\n胡编乱造的排雷，张冠李戴的排雷，每篇文都有。","commentTime":"2022-07-12 10:11:04","commentOwner":"。。。"},{"comment":"1","commentTime":"2022-07-12 10:12:20","commentOwner":"。"},{"comment":"1  我都没写过的内容，对方骂我cx，我差点以为我出现了幻觉，然后用关键词搜索，然后从头到尾翻了翻，我就是没写啊……","commentTime":"2022-07-12 10:13:18","commentOwner":"=="},{"comment":"2我很幸运，还没被人排过雷","commentTime":"2022-07-12 10:14:44","commentOwner":"=="},{"comment":"1","commentTime":"2022-07-12 10:14:59","commentOwner":"。"},{"comment":"1\n两次被骂抄袭","commentTime":"2022-07-12 10:15:51","commentOwner":"不日万毋宁死"},{"comment":"1","commentTime":"2022-07-12 10:15:57","commentOwner":"。"},{"comment":"1，真的离谱，被举报还通过了……真的服气","commentTime":"2022-07-12 10:16:42","commentOwner":"= ="},{"comment":"2 我菜，没多少评论，","commentTime":"2022-07-12 10:16:49","commentOwner":"。"},{"comment":"1 莫名其妙被扣厌女帽子，就因为一篇文出场的第一个反派是女性，呵呵","commentTime":"2022-07-12 10:17:18","commentOwner":"。"},{"comment":"1，而且很搞笑，排雷我的男主没钱2333，但我男主只是不管事但是有股份，而且从来不缺钱","commentTime":"2022-07-12 10:18:30","commentOwner":"。"},{"comment":"1","commentTime":"2022-07-12 10:21:26","commentOwner":"236497"},{"comment":"1","commentTime":"2022-07-12 10:26:12","commentOwner":"0-0"},{"comment":"1","commentTime":"2022-07-12 10:27:05","commentOwner":"。"},{"comment":"111","commentTime":"2022-07-12 10:27:28","commentOwner":"。"},{"comment":"乱入，在读者区见过那种故意恶心人的瞎排雷——拍的还是我正在追的一本，就想不明白他们是怎么写出那种话来的。","commentTime":"2022-07-12 10:29:01","commentOwner":"萤叶灯"},{"comment":"1","commentTime":"2022-07-12 10:29:39","commentOwner":"。。"},{"comment":"1","commentTime":"2022-07-12 10:30:24","commentOwner":"。"},{"comment":"1","commentTime":"2022-07-12 10:31:02","commentOwner":"=="},{"comment":"1\n追着我排雷，排雷后被删除评论还来找","commentTime":"2022-07-12 10:34:46","commentOwner":"=="},{"comment":"1。我前两本是现言，连载期间完全无差评，完结以后也都是五星的分，书里边小虐过男主，从来没虐过女主。然后完结某一天早上起来，突然发现有个读者在我两篇文章底下连续打负分！！关键她一直说我厌女，不是我写的剧情，她非要安装到我的文章里面，而且是以那种半真半假的口吻说的，她也确实知道我后边的剧情，再一查两本书的订阅率都是零，有一本书的评论已经被删了，另一本书的折叠起来还挂在那里，可能有时候有一些读者路过，看到就不去看这本书了，这个读者我点开他的专栏看了一下，天天抽两本书打负分骂作者，估计至少被投诉过几百条，然而就这种人，直到现在还在评论区跳脚，人家不花钱，但是也不影响领月石打负分～","commentTime":"2022-07-12 10:35:53","commentOwner":"。"},{"comment":"1","commentTime":"2022-07-12 10:36:25","commentOwner":"。"},{"comment":"2","commentTime":"2022-07-12 10:37:11","commentOwner":"久乐"},{"comment":"1","commentTime":"2022-07-12 10:40:17","commentOwner":"00"},{"comment":"11111111111111","commentTime":"2022-07-12 10:40:37","commentOwner":"。"},{"comment":"1111111111111","commentTime":"2022-07-12 10:41:14","commentOwner":"。"},{"comment":"13都有 被扣过太多帽子了，有的造谣了看到下一章还能回来在楼中楼回一句自己想错了，有的直接发完疯就溜了","commentTime":"2022-07-12 12:56:40","commentOwner":"。"},{"comment":"1","commentTime":"2022-07-12 12:59:32","commentOwner":"= ="},{"comment":"1，是衍生未签约作者","commentTime":"2022-07-12 12:59:55","commentOwner":"。"},{"comment":"1","commentTime":"2022-07-12 12:59:56","commentOwner":"。"},{"comment":"1\n甚至还是因为预收被排雷？？？","commentTime":"2022-07-12 13:00:06","commentOwner":"。"},{"comment":"2","commentTime":"2022-07-12 13:00:11","commentOwner":"小号。"},{"comment":"1","commentTime":"2022-07-12 13:00:24","commentOwner":"……"},{"comment":"1，3都有","commentTime":"2022-07-12 13:00:48","commentOwner":"。"},{"comment":"1","commentTime":"2022-07-12 13:02:41","commentOwner":"。"},{"comment":"1\n算不上排雷，但读者老是臆想情节并当做我写的内容评论出来。","commentTime":"2022-07-12 13:02:59","commentOwner":"。。。"},{"comment":"1，第一章评论猥琐的要死","commentTime":"2022-07-12 13:03:37","commentOwner":"一只会飞的猪"},{"comment":"1","commentTime":"2022-07-12 13:03:44","commentOwner":"。"},{"comment":"1","commentTime":"2022-07-12 13:04:46","commentOwner":"……"},{"comment":"1","commentTime":"2022-07-12 13:04:53","commentOwner":"。"},{"comment":"1\n被零订阅组团刷负，时不时就来，举报没用\n那段时间确实黑暗","commentTime":"2022-07-12 13:05:22","commentOwner":"。"},{"comment":"1\n笑死，根本不会道歉。被指出虚假排雷，人就消失了","commentTime":"2022-07-12 13:05:37","commentOwner":"。"},{"comment":"1\n笑死，谁给我道歉？直接给我心态排爆炸了","commentTime":"2022-07-12 13:07:08","commentOwner":"=="},{"comment":"1零订阅夹子发表意见","commentTime":"2022-07-12 13:07:09","commentOwner":"哈哈"},{"comment":"1攻受有名义上前男友被排雷不洁，洁这个字真的恶心到我了","commentTime":"2022-07-12 13:08:14","commentOwner":"——"},{"comment":"1根本不了解剧情在评论区瞎骂","commentTime":"2022-07-12 13:08:43","commentOwner":"gog"},{"comment":"1\n读了免费章，断章取义然后故意夸大，然后跑去读者区挂我。\n五万人读过都不觉得有问题，就她觉得有问题。","commentTime":"2022-07-12 13:12:57","commentOwner":"。"},{"comment":"1免费章第一章，说我受出轨。但我那个是青梅竹马的双洁文","commentTime":"2022-07-12 13:14:42","commentOwner":"= ="},{"comment":"1，不过她被其他读者骂了很多层，我爽了所以对我没有伤害","commentTime":"2022-07-12 13:15:11","commentOwner":"。"},{"comment":"1，第一章评论区负分排雷","commentTime":"2022-07-12 13:15:38","commentOwner":"。"},{"comment":"1111","commentTime":"2022-07-12 13:16:18","commentOwner":"。"},{"comment":"根据一个文名空口鉴抄袭，大概就是这种。\n金鱼成精后穿成了男主前妻，另一本书主角叫金鱼，然后就在我文下面说：太太你看过xxx这本书吗，和那本书好像……\n我：……","commentTime":"2022-07-12 13:18:30","commentOwner":"。。"},{"comment":"根据一个文名空口鉴抄袭，大概就是这种。\n金鱼成精后穿成了男主前妻，另一本书主角叫金鱼，然后就在我文下面说：太太你看过xxx这本书吗，和那本书好像……\n我：……\n№150 ☆☆☆。。|e97e0cc6于2022-07-12 13:18:30留言☆☆☆\n1，没有道歉，人直接消失，我要笑死","commentTime":"2022-07-12 13:19:17","commentOwner":"。。"},{"comment":"1 虚假排雷，对方专搞新人作者","commentTime":"2022-07-12 13:19:30","commentOwner":"=="},{"comment":"1","commentTime":"2022-07-12 13:20:03","commentOwner":"= ="},{"comment":"1","commentTime":"2022-07-12 13:20:05","commentOwner":"。"},{"comment":"1，被扒马的前基友开小号搞","commentTime":"2022-07-12 13:20:24","commentOwner":"。"},{"comment":"1","commentTime":"2022-07-12 13:20:37","commentOwner":"。"},{"comment":"1","commentTime":"2022-07-12 13:21:08","commentOwner":"。"},{"comment":"1","commentTime":"2022-07-12 13:21:14","commentOwner":"。"},{"comment":"我滑下来，清一色的1","commentTime":"2022-07-12 13:21:24","commentOwner":"。"},{"comment":"1","commentTime":"2022-07-12 13:21:33","commentOwner":"=="},{"comment":"1\n而且还是同频作者喔","commentTime":"2022-07-12 13:22:05","commentOwner":"。"},{"comment":"有，而且很多都是没订阅的","commentTime":"2022-07-12 13:22:33","commentOwner":"。"},{"comment":"1","commentTime":"2022-07-12 13:22:51","commentOwner":"。"},{"comment":"1\n读者自己脑补的东西在评论区说是雷点，我#%￥%￥","commentTime":"2022-07-12 13:22:54","commentOwner":"=="},{"comment":"排，主角好没用","commentTime":"2022-07-12 13:24:50","commentOwner":"。"},{"comment":"1 只看了文名就排雷……","commentTime":"2022-07-12 13:25:59","commentOwner":"。"},{"comment":"你应该问，有人没被恶意排雷过吗","commentTime":"2022-07-12 13:28:01","commentOwner":"。。"},{"comment":"1，突然冒出来，重点强调她看完了我的文，有备而来，然后写我文里根本没有的牛马不相干的东西，被指出来虚假排雷后，又突然消失了，很难不怀疑是谁故意来恶心我的","commentTime":"2022-07-12 13:33:56","commentOwner":"。"},{"comment":"1，现在想起来还生气，当时第一次遇到这种情况，觉得都是自己的错。\n如果不是主号在连载，不能对不起读者，都想直接不写了。\n现在只有一个想法，敢网暴，我就敢打官司打到底。","commentTime":"2022-07-12 13:34:58","commentOwner":"。"},{"comment":"1\n因为晋江抽了，我申请把我重复的几个回复删掉，结果晋江把我所有回复都屏蔽了，不知道没看过文的路人看了是不是以为我真的那么写了。","commentTime":"2022-07-12 13:36:03","commentOwner":"=="},{"comment":"有作者没经历过？我不信","commentTime":"2022-07-12 13:36:31","commentOwner":"= ="},{"comment":"1","commentTime":"2022-07-12 13:36:42","commentOwner":"……"},{"comment":"又被夸张排雷，就是，比如说一个人出了车祸，明明是剐蹭，被排雷形容的像是被撞飞十米远然后反复碾压的程度","commentTime":"2022-07-12 13:37:59","commentOwner":"。"},{"comment":"111111\n还是第一本的时候，我爆哭了一下午更新都没写","commentTime":"2022-07-12 13:38:59","commentOwner":"= ="},{"comment":"1\n有，还是组团来的，说是某个帖子挂了我，排二□□。\n他们刷负几个月，还闹到新文下。我说我没写他们臆想的情节，不信。\n我很硬气，因为基友告成功了，所以我打算效仿，后来她自己滑跪去看正文说弄错了给我道歉。","commentTime":"2022-07-12 13:40:44","commentOwner":"= ="},{"comment":"1\n有，还是组团来的，说是某个帖子挂了我，排二□□。\n他们刷负几个月，还闹到新文下。我说我没写他们臆想的情节，不信。\n我很硬气，因为基友告成功了，所以我打算效仿，后来她自己滑跪去看正文说弄错了给我道歉。\n№175 ☆☆☆= =|0f78e9d2于2022-07-12 13:40:44留言☆☆☆\n屏蔽的是二.手.雷","commentTime":"2022-07-12 13:41:05","commentOwner":"= ="},{"comment":"2，但是扑街+每次选材仔细，不敢碰雷区，被杠过……","commentTime":"2022-07-12 13:41:54","commentOwner":"摘个星星"},{"comment":"第一章翻了几页，甚至都没看完，给我脑补一大堆无中生有的恶心剧情，一看点赞67","commentTime":"2022-07-12 13:41:54","commentOwner":"。"},{"comment":"历史引用 展开全部▼\n屏蔽的是二.手.雷\n№176 ☆☆☆= =|0f78e9d2于2022-07-12 13:41:05留言☆☆☆\n才发现应该选3\n但是这个是我要告了才道歉的。\n纠缠了好像半年多我记得。","commentTime":"2022-07-12 13:43:02","commentOwner":"= ="},{"comment":"1。痛苦近一年","commentTime":"2022-07-12 13:48:19","commentOwner":"。"},{"comment":"1\n经常被虚假排雷，投诉也删不掉","commentTime":"2022-07-12 13:49:21","commentOwner":"。"},{"comment":"11111","commentTime":"2022-07-12 13:49:29","commentOwner":"111"},{"comment":"1多次被排雷造谣，至今被咬着黑","commentTime":"2022-07-12 13:53:02","commentOwner":"= ="},{"comment":"我是读者，我在读者区看过对一篇文的虚假排雷，但我去看了这篇主攻文，甚至这文的类型是主攻文里人人喊打的那种，但是我看了全文也没有出现排雷里的各种恶心内容。我只能说“实践出真知”，这些虚假排雷的人到底是在想什么只有他们自己知道。","commentTime":"2022-07-12 13:53:48","commentOwner":"花被子宇航员"},{"comment":"有。。。","commentTime":"2022-07-12 14:00:51","commentOwner":"= ="},{"comment":"111111\n还是dwg呢","commentTime":"2022-07-12 14:01:14","commentOwner":"。"},{"comment":"1……我一小扑街都有……","commentTime":"2022-07-12 14:02:59","commentOwner":"。"},{"comment":"1…我至今也不理解，为啥说我逼受做1，我真的不理解","commentTime":"2022-07-12 14:07:26","commentOwner":"。"},{"comment":"1","commentTime":"2022-07-12 14:10:43","commentOwner":"= ="},{"comment":"1","commentTime":"2022-07-12 14:11:04","commentOwner":"。"},{"comment":"1，说我立虚假人设，但其实是成长主角，就是拿着放大镜找事","commentTime":"2022-07-12 14:11:35","commentOwner":"= ="},{"comment":"第一章出现了一个恶毒男配一个恶毒女配，排雷，怎么又是恶毒女配。\n№13☆☆☆= =|ca765050于2022-07-12 08:34:25留言☆☆☆\n现在都不敢写女反派了，写了就是雌竞","commentTime":"2022-07-12 14:11:54","commentOwner":"knxj"},{"comment":"昨天刚被无中生有脑补排过","commentTime":"2022-07-12 14:12:09","commentOwner":"。"},{"comment":"1","commentTime":"2022-07-12 14:12:25","commentOwner":"咕咕"},{"comment":"1","commentTime":"2022-07-12 14:12:43","commentOwner":"，，"},{"comment":"1\n18年写的文被文案排雷，呵呵","commentTime":"2022-07-12 14:13:20","commentOwner":"。"},{"comment":"1\n因为不知道梗，所以觉得我在搞ws玩笑，只看标题-2排雷","commentTime":"2022-07-12 14:14:21","commentOwner":"。"},{"comment":"1我男主就和女演员搭了个戏，在评论区都被人传成他们上那个床了","commentTime":"2022-07-12 14:14:42","commentOwner":"。"},{"comment":"1零订阅排雷打负","commentTime":"2022-07-12 14:14:43","commentOwner":"。"},{"comment":"1\n看个1/10就开始假想臆测排雷","commentTime":"2022-07-12 14:15:49","commentOwner":"= ="},{"comment":"1夹子当天说一些莫须有的排雷，气死我了","commentTime":"2022-07-12 14:17:22","commentOwner":"。"},{"comment":"1，写同人被没看过原著的……","commentTime":"2022-07-12 14:18:23","commentOwner":"= ="},{"comment":"我，虽然她没标排雷，但在我上夹子那一天说了一堆莫须有的东西，贷款安我女主头上","commentTime":"2022-07-12 14:18:23","commentOwner":"咕咕"},{"comment":"1","commentTime":"2022-07-12 14:18:40","commentOwner":"…"},{"comment":"1","commentTime":"2022-07-12 14:18:48","commentOwner":"。"},{"comment":"1","commentTime":"2022-07-12 14:20:22","commentOwner":"。。。"},{"comment":"我","commentTime":"2022-07-12 14:20:30","commentOwner":"大号挂了"},{"comment":"1","commentTime":"2022-07-12 14:20:55","commentOwner":"=="},{"comment":"1文案写的很清楚了，还是贷款骂","commentTime":"2022-07-12 14:21:37","commentOwner":"。"},{"comment":"1","commentTime":"2022-07-12 14:44:03","commentOwner":"，"},{"comment":"1然后他被人骂了","commentTime":"2022-07-12 14:44:22","commentOwner":"。"},{"comment":"1，每本都有，属于恶意排雷","commentTime":"2022-07-12 14:46:06","commentOwner":"=="},{"comment":"1","commentTime":"2022-07-12 14:46:19","commentOwner":"……"},{"comment":"1","commentTime":"2022-07-12 14:48:33","commentOwner":"咕咕"},{"comment":"1","commentTime":"2022-07-12 14:50:47","commentOwner":"。。。"},{"comment":"1\n说女主发现末世来了为什么不告诉父母，排雷\n但凡看了第一章都知道，女主孤儿","commentTime":"2022-07-12 14:51:52","commentOwner":"。"},{"comment":"1，天知道是怎么联想出的情节","commentTime":"2022-07-12 14:52:31","commentOwner":"。"},{"comment":"1\n说女主发现末世来了为什么不告诉父母，排雷\n但凡看了第一章都知道，女主孤儿\n№216 ☆☆☆。|e28e905a于2022-07-12 14:51:52留言☆☆☆\n这个笑死哈哈哈哈哈哈","commentTime":"2022-07-12 14:52:55","commentOwner":"。"},{"comment":"我去 看了一圈好像没有三","commentTime":"2022-07-12 14:55:09","commentOwner":"。"},{"comment":"1\n还是一本完结v的文","commentTime":"2022-07-12 14:56:09","commentOwner":"。。"},{"comment":"1","commentTime":"2022-07-12 14:56:20","commentOwner":"=="},{"comment":"1无中生有举报","commentTime":"2022-07-12 14:56:30","commentOwner":"。"},{"comment":"1","commentTime":"2022-07-12 14:56:51","commentOwner":"。"},{"comment":"有","commentTime":"2022-07-12 15:19:44","commentOwner":"。"},{"comment":"1","commentTime":"2022-07-12 15:22:03","commentOwner":"=-="},{"comment":"1","commentTime":"2022-07-12 15:22:29","commentOwner":"= ="},{"comment":"1","commentTime":"2022-07-12 15:22:34","commentOwner":"淘气乌龙"},{"comment":"1","commentTime":"2022-07-12 15:22:46","commentOwner":"。"},{"comment":"111111111","commentTime":"2022-07-12 15:23:36","commentOwner":"。"},{"comment":"1\n真正看文的不排雷，排雷的一般都只看文案，最多看到第一章，普遍是看盗文的。\n但是很影响创作，导致写文不敢埋伏笔，有特殊情节要提前交代。","commentTime":"2022-07-12 15:24:17","commentOwner":"。"},{"comment":"1拿我没写过的情节说我抄袭","commentTime":"2022-07-12 15:25:07","commentOwner":"= ="},{"comment":"1不止一次了","commentTime":"2022-07-12 15:29:53","commentOwner":"。"},{"comment":"1跟3都有，说我抄袭，其中有个dwg追着骂我三四星期，各种虚假排雷，评论区乌烟瘴气。","commentTime":"2022-07-12 15:32:15","commentOwner":"大小号被封可自证"},{"comment":"1，说我男主唯唯诺诺，但是他只是尊重抚养自己长大的女性长辈","commentTime":"2022-07-12 15:33:19","commentOwner":"=="},{"comment":"1","commentTime":"2022-07-12 15:34:07","commentOwner":"………"},{"comment":"1\n不止一本被虚假排雷过，那时还没有虚假排雷的投诉选项，投诉管理员n次都删不掉\n那种虚假排雷的还都是小号，很明显是dwg跟hyb来搞你的，真的很恶心","commentTime":"2022-07-12 15:34:37","commentOwner":"。"},{"comment":"1","commentTime":"2022-07-12 15:42:05","commentOwner":"= ="},{"comment":"11111111111","commentTime":"2022-07-12 15:42:28","commentOwner":"……"},{"comment":"1谁没有过呢","commentTime":"2022-07-12 15:42:38","commentOwner":"= ="},{"comment":"1，在第一章发一大段自己臆想的剧情，呵呵","commentTime":"2022-07-12 15:43:51","commentOwner":"。"},{"comment":"1","commentTime":"2022-07-12 15:44:15","commentOwner":"。"},{"comment":"恩有 砸霸王那两天尤甚","commentTime":"2022-07-12 15:44:52","commentOwner":"—"},{"comment":"1","commentTime":"2022-07-12 15:45:24","commentOwner":"。"},{"comment":"1\n道歉没遇到过。\n侮辱性评论作者号投诉了三天，最后用小号举报才掉的。","commentTime":"2022-07-12 15:51:44","commentOwner":"。"},{"comment":"被断章取义带节奏排雷过（）","commentTime":"2022-07-12 15:54:27","commentOwner":"。"},{"comment":"1","commentTime":"2022-07-12 15:54:43","commentOwner":"cicc"},{"comment":"，1","commentTime":"2022-07-12 16:24:35","commentOwner":"……"},{"comment":"1","commentTime":"2022-07-12 16:27:45","commentOwner":"，"},{"comment":"1挺多次的，还被去读者区瞎排","commentTime":"2022-07-12 16:52:23","commentOwner":"。"},{"comment":"1111111","commentTime":"2022-07-12 16:53:02","commentOwner":"=="}]}