{"id":"f77bab9c-18f5-43e8-868e-f424fdcb59db","category":"晋江论坛→网友交流区→碧水江汀 欢迎回来：53088456  退 出","postSubject":"主题：原来真有读者故意开零订阅小号辱骂排雷，钓鸽子上钩，然后再开全订大号来打鸽子脸，自以为很帅很爽的。 [62] 【搜索关键词：排雷】","postUrl":"https://bbs.jjwxc.net/showmsg.php?board=17&keyword=%C5%C5%C0%D7&id=1846550","originalPost":"震惊我全家","numberOfReplies":60,"comments":[{"comment":"看着就很无语的程度","commentTime":"2022-04-13 00:11:42","commentOwner":"。"},{"comment":"……","commentTime":"2022-04-13 00:12:12","commentOwner":"alalalal"},{"comment":"醉了","commentTime":"2022-04-13 00:12:55","commentOwner":"。"},{"comment":"欠骂还是找存在感？","commentTime":"2022-04-13 00:13:15","commentOwner":"。"},{"comment":"在隔壁看到了……她还挺骄傲的，为什么有人可以这么坏啊","commentTime":"2022-04-13 00:14:13","commentOwner":"。"},{"comment":"在隔壁看到了……她还挺骄傲的，为什么有人可以这么坏啊\n№6 ☆☆☆。|00db1e91于2022-04-13 00:14:13留言☆☆☆\n不过希望她是口嗨，有鸽子被搞过吗呜呜","commentTime":"2022-04-13 00:14:38","commentOwner":"。"},{"comment":"有啊，去年吧，隔壁就有这样的教程了","commentTime":"2022-04-13 00:15:01","commentOwner":"。"},{"comment":"我的天不会吧，这心理得阴暗成什么样啊","commentTime":"2022-04-13 00:15:16","commentOwner":"。"},{"comment":"我还在xq看到有人教怎么激怒作者，搞作者心态的，都整理出模板了","commentTime":"2022-04-13 00:15:44","commentOwner":"。"},{"comment":"what！？","commentTime":"2022-04-13 00:16:14","commentOwner":"ouooou"},{"comment":"什么？","commentTime":"2022-04-13 00:18:35","commentOwner":"晋江首富"},{"comment":"我被这么对待过……","commentTime":"2022-04-13 00:19:04","commentOwner":"。"},{"comment":"《这是在干什么》","commentTime":"2022-04-13 00:19:15","commentOwner":"。"},{"comment":"有不少，都能总结出一套模板了","commentTime":"2022-04-13 00:19:37","commentOwner":"= ="},{"comment":"心理疾病小脑残缺？钓鱼执法被她整明白了！什么人啊！","commentTime":"2022-04-13 00:19:47","commentOwner":"，"},{"comment":"就是贱。","commentTime":"2022-04-13 00:20:05","commentOwner":"。"},{"comment":"有不少，都能总结出一套模板了\n№15 ☆☆☆= =|750e772e于2022-04-13 00:19:37留言☆☆☆\n为什么要这么做啊，好坏","commentTime":"2022-04-13 00:20:12","commentOwner":"。"},{"comment":"好坏","commentTime":"2022-04-13 00:20:22","commentOwner":"。"},{"comment":"我明白了，只要辱骂负分统一回复0%，这样他们为了打脸，肯定得全订我","commentTime":"2022-04-13 00:20:24","commentOwner":"。"},{"comment":"物种的多样性","commentTime":"2022-04-13 00:21:09","commentOwner":"亚亚"},{"comment":"我明白了，只要辱骂负分统一回复0%，这样他们为了打脸，肯定得全订我\n№20 ☆☆☆。|4b0db2d6于2022-04-13 00:20:24留言☆☆☆\n不错","commentTime":"2022-04-13 00:21:18","commentOwner":"。"},{"comment":"我明白了，只要辱骂负分统一回复0%，这样他们为了打脸，肯定得全订我\n№20 ☆☆☆。|4b0db2d6于2022-04-13 00:20:24留言☆☆☆\n悟了","commentTime":"2022-04-13 00:21:29","commentOwner":"。"},{"comment":"我明白了，只要辱骂负分统一回复0%，这样他们为了打脸，肯定得全订我\n№20 ☆☆☆。|4b0db2d6于2022-04-13 00:20:24留言☆☆☆\n哈哈哈哈哈","commentTime":"2022-04-13 00:21:55","commentOwner":"。"},{"comment":"我明白了，只要辱骂负分统一回复0%，这样他们为了打脸，肯定得全订我\n№20☆☆☆。|4b0db2d6于2022-04-13 00:20:24留言☆☆☆\n开始懂了","commentTime":"2022-04-13 00:22:24","commentOwner":"。"},{"comment":"我明白了，只要辱骂负分统一回复0%，这样他们为了打脸，肯定得全订我\n№20 ☆☆☆。|4b0db2d6于2022-04-13 00:20:24留言☆☆☆\n草，高深。这波你属于是大气层","commentTime":"2022-04-13 00:23:57","commentOwner":"家里养鸟哒"},{"comment":"我明白了，只要辱骂负分统一回复0%，这样他们为了打脸，肯定得全订我\n№20 ☆☆☆。|4b0db2d6于2022-04-13 00:20:24留言☆☆☆\n绝了，这波直接大气层。","commentTime":"2022-04-13 00:24:53","commentOwner":"。"},{"comment":"去年看到一个帖子就是这样的，作者真惨","commentTime":"2022-04-13 00:24:59","commentOwner":"= ="},{"comment":"之前有个帖子就是这样，评论dissv章情节，作者说她订阅0，然后她开了自己的全订账号得意洋洋来打脸，跟楼的其他读者都在嘲讽作者和说她干得漂亮","commentTime":"2022-04-13 00:27:15","commentOwner":"。"},{"comment":"历史引用 展开全部▼\n绝了，这波直接大气层。\n№27 ☆☆☆。|b768bb77于2022-04-13 00:24:53留言☆☆☆\n就……保持这样的品质\n勇敢:那怎么办那你bj抓我\n宽容:啊对对对\n谦逊:我怎么知道\n沟通:你在狗叫什么（这个划掉）","commentTime":"2022-04-13 00:28:08","commentOwner":"就要贴贴就要贴贴"},{"comment":"我明白了，只要辱骂负分统一回复0%，这样他们为了打脸，肯定得全订我\n№20 ☆☆☆。|4b0db2d6于2022-04-13 00:20:24留言☆☆☆\n理解错误吧，我倒觉得这就是已经订阅的正版读者，只是心理阴暗想报复鸽子，开小号骂人再上大号打脸恶心人。","commentTime":"2022-04-13 00:28:40","commentOwner":"。"},{"comment":"那号可能是借的，也可能是买的，我经常在咸鱼看见有人收全订某本书的号……","commentTime":"2022-04-13 00:28:46","commentOwner":"。"},{"comment":"是先被喷了，骂不过才去弄的号，基本上都是","commentTime":"2022-04-13 00:29:08","commentOwner":"。"},{"comment":"是先被喷了，骂不过才去弄的号，基本上都是\n№33 ☆☆☆。|c1a3f67f于2022-04-13 00:29:08留言☆☆☆\n隔壁用这套路的是个三心读者，故意报复。","commentTime":"2022-04-13 00:30:31","commentOwner":"。"},{"comment":"历史引用 展开全部▼\n理解错误吧，我倒觉得这就是已经订阅的正版读者，只是心理阴暗想报复鸽子，开小号骂人再上大号打脸恶心人。\n№31 ☆☆☆。|166a842f于2022-04-13 00:28:40留言☆☆☆\n就是我的意思就是不需要太在意这个，小号辱骂就回0%，她切大号就谢谢全订～，再来一个切小号就继续0%，切大号就谢谢全订～\n管他骂什么就回这两个","commentTime":"2022-04-13 00:32:16","commentOwner":"。"},{"comment":"历史引用 展开全部▼\n就是我的意思就是不需要太在意这个，小号辱骂就回0%，她切大号就谢谢全订～，再来一个切小号就继续0%，切大号就谢谢全订～\n管他骂什么就回这两个\n№35 ☆☆☆。|4b0db2d6于2022-04-13 00:32:16留言☆☆☆\n哈哈哈哈哈哈哈哈哈干的漂亮","commentTime":"2022-04-13 00:34:33","commentOwner":"扑咕起飞"},{"comment":"多半是生活不顺，签约不上的hyb，到处搞作者心态，直接举报盗文评论，让它随便吠去一个字别回，这样崩的就是它的心态","commentTime":"2022-04-13 00:35:39","commentOwner":"。"},{"comment":"历史引用 展开全部▼\n就是我的意思就是不需要太在意这个，小号辱骂就回0%，她切大号就谢谢全订～，再来一个切小号就继续0%，切大号就谢谢全订～\n管他骂什么就回这两个\n№35☆☆☆。|4b0db2d6于2022-04-13 00:32:16留言☆☆☆\n爽了","commentTime":"2022-04-13 00:42:25","commentOwner":"。"},{"comment":"历史引用 展开全部▼\n就是我的意思就是不需要太在意这个，小号辱骂就回0%，她切大号就谢谢全订～，再来一个切小号就继续0%，切大号就谢谢全订～\n管他骂什么就回这两个\n№35 ☆☆☆。|4b0db2d6于2022-04-13 00:32:16留言☆☆☆\n噢噢噢！！你说得很有道理。简单粗暴一点。","commentTime":"2022-04-13 00:43:50","commentOwner":"。"},{"comment":"历史引用 展开全部▼\n就是我的意思就是不需要太在意这个，小号辱骂就回0%，她切大号就谢谢全订～，再来一个切小号就继续0%，切大号就谢谢全订～\n管他骂什么就回这两个\n№35 ☆☆☆。|4b0db2d6于2022-04-13 00:32:16留言☆☆☆\n爽唧唧","commentTime":"2022-04-13 00:45:01","commentOwner":"。"},{"comment":"历史引用 展开全部▼\n爽了\n№39 ☆☆☆。|17192e3b于2022-04-13 00:42:25留言☆☆☆\n懂了","commentTime":"2022-04-13 00:45:50","commentOwner":"= ="},{"comment":"历史引用 展开全部▼\n就是我的意思就是不需要太在意这个，小号辱骂就回0%，她切大号就谢谢全订～，再来一个切小号就继续0%，切大号就谢谢全订～\n管他骂什么就回这两个\n№35 ☆☆☆。|4b0db2d6于2022-04-13 00:32:16留言☆☆☆\n哈哈哈哈哈哈哈哈哈","commentTime":"2022-04-13 00:47:13","commentOwner":"= ="},{"comment":"小仆街不明白为什么其他读者会跟着嘲讽？难道大家不是因为喜欢文才关注留言的吗？像我这种别人评论不好，就难过得想断更的，果然不能回复评论区","commentTime":"2022-04-13 01:03:04","commentOwner":"= ="},{"comment":"迷惑行为","commentTime":"2022-04-13 13:05:55","commentOwner":"。"},{"comment":"小仆街不明白为什么其他读者会跟着嘲讽？难道大家不是因为喜欢文才关注留言的吗？像我这种别人评论不好，就难过得想断更的，果然不能回复评论区\n№44 ☆☆☆= =|2f2e7136于2022-04-13 01:03:04留言☆☆☆\n第一章排雷评论下面总是会跟一堆没看过文直接“谢谢排雷”的不知道哪里来的读者。追连载的读者都往后看了，很多都不会注意前面的评论。估计就是这些读者喷的吧","commentTime":"2022-04-13 13:53:18","commentOwner":"。"},{"comment":"好啥b这种戏精，作者做错了什么？","commentTime":"2022-04-13 13:53:46","commentOwner":"。"},{"comment":"多半是生活不顺，签约不上的hyb，到处搞作者心态，直接举报盗文评论，让它随便吠去一个字别回，这样崩的就是它的心态\n№38☆☆☆。|5a65404d于2022-04-13 00:35:39留言☆☆☆\n不是……这是另一种精神胜利法","commentTime":"2022-04-13 14:00:09","commentOwner":"。"},{"comment":"在隔壁看见的，当时一整个大无语","commentTime":"2022-04-13 14:01:04","commentOwner":"超级无敌闪电大魔王"},{"comment":"只要你心态不崩，崩的就是他。\n你想想，他费这么多心思，学习模板，大号全订，小号骂你。为的啥，不就是搞你心态吗？你心态不崩，还哈哈哈，他该多气。","commentTime":"2022-04-13 14:04:03","commentOwner":"。。"},{"comment":"真乃奇人也","commentTime":"2022-04-13 14:05:56","commentOwner":"= ="},{"comment":"只要你心态不崩，崩的就是他。\n你想想，他费这么多心思，学习模板，大号全订，小号骂你。为的啥，不就是搞你心态吗？你心态不崩，还哈哈哈，他该多气。\n№50 ☆☆☆。。|20aff900于2022-04-13 14:04:03留言☆☆☆\n赞同","commentTime":"2022-04-13 14:09:24","commentOwner":"富婆咕的马甲线"},{"comment":"只要你心态不崩，崩的就是他。\n你想想，他费这么多心思，学习模板，大号全订，小号骂你。为的啥，不就是搞你心态吗？你心态不崩，还哈哈哈，他该多气。\n№50 ☆☆☆。。|20aff900于2022-04-13 14:04:03留言☆☆☆\n对的\n世间有人谤我、欺我、辱我、笑我、轻我、骂我、骗我，该如何处治乎？\n只要忍他、让他、避他、由他、耐他、敬他、不要理他、再过几年、你且看他。","commentTime":"2022-04-13 14:10:52","commentOwner":"。"},{"comment":"我真疑惑，习惯看正版的读者会觉得这个爽吗。\n反正我get不到爽点","commentTime":"2022-04-13 14:10:55","commentOwner":"。"},{"comment":"我真疑惑，习惯看正版的读者会觉得这个爽吗。\n反正我get不到爽点\n№54 ☆☆☆。|bf2571a9于2022-04-13 14:10:55留言☆☆☆\n我也","commentTime":"2022-04-13 14:12:00","commentOwner":"。"},{"comment":"好ex的行为","commentTime":"2022-04-13 14:13:22","commentOwner":"。"},{"comment":"我真疑惑，习惯看正版的读者会觉得这个爽吗。\n反正我get不到爽点\n№54 ☆☆☆。|bf2571a9于2022-04-13 14:10:55留言☆☆☆\n你当然get不到啦，你是正常人，又不是像他一样神经病。","commentTime":"2022-04-13 14:16:05","commentOwner":"简灵灵"},{"comment":"这样的肚子真的太坏了","commentTime":"2022-04-13 14:31:33","commentOwner":"。"},{"comment":"好坏的人啊","commentTime":"2022-04-13 14:34:00","commentOwner":"八爪鱼仙女"},{"comment":"历史引用 展开全部▼\n不是……这是另一种精神胜利法\n№48☆☆☆。|7eae8e51于2022-04-13 14:00:09留言☆☆☆\n那个，其实，很多事情只能精神胜利","commentTime":"2022-04-13 14:35:26","commentOwner":"。"},{"comment":"哪个帖子，这么可怕，想去围观一下","commentTime":"2022-04-13 14:36:50","commentOwner":"。"},{"comment":"历史引用 展开全部▼\n就是我的意思就是不需要太在意这个，小号辱骂就回0%，她切大号就谢谢全订～，再来一个切小号就继续0%，切大号就谢谢全订～\n管他骂什么就回这两个\n№35 ☆☆☆。|4b0db2d6于2022-04-13 00:32:16留言☆☆☆\n学会了学会了，牛啊","commentTime":"2022-04-13 14:38:31","commentOwner":"。"}]}