{"id":"daf2d0ea-9ebf-4443-ba78-09fe349b3a9c","category":"晋江论坛→网友交流区→碧水江汀 请稍候...","postSubject":"主题：不知道为什么，突然想起来，我以前有一本文完结以后第一章来了一个0订阅排雷，说的特别难听而且虚假排雷，我就怼回去了，然后她切了一个全订的小号过来，嘲讽我普信作者在线打脸，后面来的读者跟看爽文一样围观评论 [184] 【搜索关键词：排雷】","postUrl":"https://bbs.jjwxc.net/showmsg.php?board=17&keyword=%C5%C5%C0%D7&id=1715227","originalPost":"我一直记到现在，就觉得好委屈，她排雷的那个号就是一个0订阅小号啊，而且排雷内容是她个人感觉，一直把我后面全剧透完了。\n我觉得难受的是后面一串读者都是笑我被打脸的，说我普信什么的，盖了一层高楼，我举报了，还是挂了很久，不知道现在还在不在，想起来一次痛苦一次","numberOfReplies":183,"comments":[{"comment":"这个读者有毒","commentTime":"2022-01-12 18:18:22","commentOwner":"= ="},{"comment":"啊这","commentTime":"2022-01-12 18:18:27","commentOwner":"=="},{"comment":"啊这……","commentTime":"2022-01-12 18:18:42","commentOwner":"——"},{"comment":"好惨","commentTime":"2022-01-12 18:18:54","commentOwner":"= ="},{"comment":"正常，不是你的错","commentTime":"2022-01-12 18:19:03","commentOwner":"＝＝"},{"comment":"摸摸，很理解你，已经开始难过","commentTime":"2022-01-12 18:19:12","commentOwner":"11"},{"comment":"神经病吧","commentTime":"2022-01-12 18:19:17","commentOwner":"。"},{"comment":"摸摸咕咕，真的好惨","commentTime":"2022-01-12 18:19:33","commentOwner":"。"},{"comment":"好恶心","commentTime":"2022-01-12 18:19:36","commentOwner":"= ="},{"comment":"啊这","commentTime":"2022-01-12 18:19:36","commentOwner":"。"},{"comment":"摸摸咕咕","commentTime":"2022-01-12 18:19:50","commentOwner":"看见我舅姥爷没"},{"comment":"摸摸咕脑袋","commentTime":"2022-01-12 18:20:02","commentOwner":"碧水鸽毛陈列馆"},{"comment":"他们就是闲的，像是这种评论，骂人还没订阅，为什么会过审？为了让我们作者难受，","commentTime":"2022-01-12 18:20:08","commentOwner":"二柱子"},{"comment":"读者看爽文一样围观，不看你的文……大概是因为你的文真的很无聊吧","commentTime":"2022-01-12 18:20:59","commentOwner":"= ="},{"comment":"他们就是闲的，像是这种评论，骂人还没订阅，为什么会过审？为了让我们作者难受，\n№13 ☆☆☆二柱子|d754565d于2022-01-12 18:20:08留言☆☆☆\n比如那种诅咒作者的，明明有审核为什么还通过，","commentTime":"2022-01-12 18:21:03","commentOwner":"二柱子"},{"comment":"好惨，有些人就是故意来发泄的，正常人理解不了她的思维。","commentTime":"2022-01-12 18:21:09","commentOwner":"。"},{"comment":"读者看爽文一样围观，不看你的文……大概是因为你的文真的很无聊吧\n№14 ☆☆☆= =|b5d4dfa2于2022-01-12 18:20:59留言☆☆☆\n？你？","commentTime":"2022-01-12 18:21:37","commentOwner":"。"},{"comment":"读者看爽文一样围观，不看你的文……大概是因为你的文真的很无聊吧\n№14 ☆☆☆= =|b5d4dfa2于2022-01-12 18:20:59留言☆☆☆\n不会说话可以不说","commentTime":"2022-01-12 18:21:50","commentOwner":"。"},{"comment":"可以看到订阅时间吗？说不定是你怼完她才拿另一个号订阅的","commentTime":"2022-01-12 18:21:52","commentOwner":"qdq"},{"comment":"摸摸头","commentTime":"2022-01-12 18:22:30","commentOwner":"= ="},{"comment":"读者看爽文一样围观，不看你的文……大概是因为你的文真的很无聊吧\n№14 ☆☆☆= =|b5d4dfa2于2022-01-12 18:20:59留言☆☆☆\n大家来文明观猴","commentTime":"2022-01-12 18:23:13","commentOwner":"=="},{"comment":"读者看爽文一样围观，不看你的文……大概是因为你的文真的很无聊吧\n№14 ☆☆☆= =|b5d4dfa2于2022-01-12 18:20:59留言☆☆☆\n不会说话可以闭上嘴巴。","commentTime":"2022-01-12 18:23:18","commentOwner":"宵夜q"},{"comment":"抱抱，世上有人散发恶意，就有人散发善意。别想不开心的。","commentTime":"2022-01-12 18:23:35","commentOwner":"= ="},{"comment":"读者看爽文一样围观，不看你的文……大概是因为你的文真的很无聊吧\n№14 ☆☆☆= =|b5d4dfa2于2022-01-12 18:20:59留言☆☆☆\n楼主的文应该没你的人生无聊，无聊到用这种方式找存在感，摸摸，可怜","commentTime":"2022-01-12 18:23:41","commentOwner":"=="},{"comment":"读者看爽文一样围观，不看你的文……大概是因为你的文真的很无聊吧\n№14 ☆☆☆= =|b5d4dfa2于2022-01-12 18:20:59留言☆☆☆\n不看文是怎么翻到评论的？不会说话可以闭嘴","commentTime":"2022-01-12 18:24:09","commentOwner":"= ="},{"comment":"然后你变成三星咕了，这才是真爽文。","commentTime":"2022-01-12 18:24:28","commentOwner":"= ="},{"comment":"读者看爽文一样围观，不看你的文……大概是因为你的文真的很无聊吧\n№14 ☆☆☆= =|b5d4dfa2于2022-01-12 18:20:59留言☆☆☆\n无心无星，懂得都懂","commentTime":"2022-01-12 18:24:40","commentOwner":"=="},{"comment":"铁子看看后台的钱。\n这种人自以为扮猪吃老虎玩打脸，殊不知这种情况真的很low","commentTime":"2022-01-12 18:25:12","commentOwner":"= ="},{"comment":"读者看爽文一样围观，不看你的文……大概是因为你的文真的很无聊吧\n№14☆☆☆= =|b5d4dfa2于2022-01-12 18:20:59留言☆☆☆\n上大号","commentTime":"2022-01-12 18:25:54","commentOwner":"。"},{"comment":"读者看爽文一样围观，不看你的文……大概是因为你的文真的很无聊吧\n№14 ☆☆☆= =|b5d4dfa2于2022-01-12 18:20:59留言☆☆☆\n我看完这一层决定骂你，不管你说什么，大概是因为你这人欠骂吧\n楼主文很无聊楼主三星，你呢，你什么都没有","commentTime":"2022-01-12 18:26:22","commentOwner":"。"},{"comment":"读者看爽文一样围观，不看你的文……大概是因为你的文真的很无聊吧\n№14 ☆☆☆= =|b5d4dfa2于2022-01-12 18:20:59留言☆☆☆\n怂货，有本事上大号","commentTime":"2022-01-12 18:26:28","commentOwner":"。"},{"comment":"咕咕好惨，抱抱你。\n你应该凶一点的，我读者都骂不过我。","commentTime":"2022-01-12 18:27:12","commentOwner":"——"},{"comment":"读者看爽文一样围观，不看你的文……大概是因为你的文真的很无聊吧\n№14☆☆☆= =|b5d4dfa2于2022-01-12 18:20:59留言☆☆☆\n太会说话了，早上在厕所吃的饭吧","commentTime":"2022-01-12 18:27:27","commentOwner":"。"},{"comment":"啊这……\n说实话我要是看热闹的我也会像这些路人一样看热闹……但如果代入楼主，我真的觉得超级惨，我也会被气死……\n说到底还是那个读者有毒，要排雷大大方方上全订号，干嘛搞个没订阅的号","commentTime":"2022-01-12 18:27:29","commentOwner":"。"},{"comment":"合理怀疑她是故意的……不然全订了干嘛要专门切小号说你","commentTime":"2022-01-12 18:28:24","commentOwner":"。"},{"comment":"读者看爽文一样围观，不看你的文……大概是因为你的文真的很无聊吧\n№14 ☆☆☆= =|b5d4dfa2于2022-01-12 18:20:59留言☆☆☆\n哟，那你有个啥，是不是生活过得不顺，来发泄了？","commentTime":"2022-01-12 18:28:34","commentOwner":"——"},{"comment":"你可以看看订阅时间？我怀疑她是补定的","commentTime":"2022-01-12 18:29:19","commentOwner":"雪中对饮"},{"comment":"可以看到订阅时间吗？说不定是你怼完她才拿另一个号订阅的\n№19☆☆☆qdq|ea76f781于2022-01-12 18:21:52留言☆☆☆\n。\n后台对着读者号找一下，看下订阅时间","commentTime":"2022-01-12 18:29:25","commentOwner":"。。"},{"comment":"读者看爽文一样围观，不看你的文……大概是因为你的文真的很无聊吧\n№14☆☆☆= =|b5d4dfa2于2022-01-12 18:20:59留言☆☆☆\n有病吧","commentTime":"2022-01-12 18:30:47","commentOwner":"##："},{"comment":"历史引用 展开全部▼\n。\n后台对着读者号找一下，看下订阅时间\n№38 ☆☆☆。。|7d927231于2022-01-12 18:29:25留言☆☆☆\n已经过去几个月了，被怼以后我举报了评论，然后再也不敢打开那本评论区，当时就觉得尴尬的要命，没有认真打开后台看过，我当时应该看看的，我现在去看看评论区还在不在，谢谢咕咕","commentTime":"2022-01-12 18:31:25","commentOwner":"。"},{"comment":"所以说别回复评论区，无论说什么都别理，晋江评论区已经不是作者读者快乐互动的地方了","commentTime":"2022-01-12 18:31:47","commentOwner":"oo"},{"comment":"这个读者肯定是故意的，她深谙作者对0订阅免费章排雷的厌恶，先用0订阅小号虚假排雷，专门等你怼她，再拿出全订大号来反驳【我都全订了说的都是真的，不过是换了个号排雷而已】\n好让大家来看作者笑话。不得不说这人果然恶毒，一般读者也做不出来，不是hyb，就是喜欢戏耍作者的那一种。","commentTime":"2022-01-12 18:32:38","commentOwner":"。。"},{"comment":"读者看爽文一样围观，不看你的文……大概是因为你的文真的很无聊吧\n№14 ☆☆☆= =|b5d4dfa2于2022-01-12 18:20:59留言☆☆☆\n神经病吧","commentTime":"2022-01-12 18:35:02","commentOwner":"_(:3」∠)_"},{"comment":"普通读者应该不会专门两个号，搞作者心态吧\n这是hyb吧","commentTime":"2022-01-12 18:35:59","commentOwner":"。"},{"comment":"读者看爽文一样围观，不看你的文……大概是因为你的文真的很无聊吧\n№14☆☆☆= =|b5d4dfa2于2022-01-12 18:20:59留言☆☆☆\n你是故意来找骂的吗？我喜欢助人为乐，满足你哟—滚犊子！","commentTime":"2022-01-12 18:37:03","commentOwner":""},{"comment":"读者看爽文一样围观，不看你的文……大概是因为你的文真的很无聊吧\n№14 ☆☆☆= =|b5d4dfa2于2022-01-12 18:20:59留言☆☆☆\n人家无聊的文都三星了，你星没有心没有，你跟那个读者一样都爱切小号说怪话啊。\n再说也许那个读者是被说零订阅之后拿另一个号订的呢？","commentTime":"2022-01-12 18:38:12","commentOwner":"。"},{"comment":"历史引用 展开全部▼\n人家无聊的文都三星了，你星没有心没有，你跟那个读者一样都爱切小号说怪话啊。\n再说也许那个读者是被说零订阅之后拿另一个号订的呢？\n№46☆☆☆。|c8144117于2022-01-12 18:38:12留言☆☆☆\n等着这位大佬拿出他的四星五星打我的脸","commentTime":"2022-01-12 18:39:41","commentOwner":"。"},{"comment":"这不就像碧水空星发言被嘲讽，结果空星开五星大号来打脸，咕咕们也都觉得是爽文啊","commentTime":"2022-01-12 18:40:57","commentOwner":"。"},{"comment":"有钱拿就好了，你都三星了，不过就不应该回他，不是说两句就能改变他想法的，说了又有什么用","commentTime":"2022-01-12 18:41:15","commentOwner":"= ="},{"comment":"宝啊，你有没有查一下那个全订小号的订阅时间？\n遇过一模一样的事情，不止一次，查询发现它们都是在被揭穿之后秒定的，贴出时间来，被打脸的是它。\n恶毒配角原型了属于是。","commentTime":"2022-01-12 18:41:25","commentOwner":"。"},{"comment":"感觉用小号虚假排雷可能是某些人故意的，摸摸咕，都虚假排雷了，有什么打脸的，直接怼她虚假排雷是不是故意的。","commentTime":"2022-01-12 18:41:51","commentOwner":"。"},{"comment":"读者看爽文一样围观，不看你的文……大概是因为你的文真的很无聊吧\n№14 ☆☆☆= =|b5d4dfa2于2022-01-12 18:20:59留言☆☆☆\n那你可以拿出你的5星/心号打我们的脸吗？把我们的脸打红，红彤彤的，过年好看","commentTime":"2022-01-12 18:42:58","commentOwner":"。。"},{"comment":"读者看爽文一样围观，不看你的文……大概是因为你的文真的很无聊吧\n№14 ☆☆☆= =|b5d4dfa2于2022-01-12 18:20:59留言☆☆☆\n不会说话就闭嘴","commentTime":"2022-01-12 18:44:04","commentOwner":"。"},{"comment":"我也想起一个，就是0订阅，我揭穿了她，后来去后台，看到它很多评论的文都没有订阅，我跟到评论揭穿他","commentTime":"2022-01-12 18:45:03","commentOwner":"。。。"},{"comment":"读者看爽文一样围观，不看你的文……大概是因为你的文真的很无聊吧\n№14 ☆☆☆= =|b5d4dfa2于2022-01-12 18:20:59留言☆☆☆\n你好刻薄","commentTime":"2022-01-12 18:45:21","commentOwner":"。"},{"comment":"揉揉楼主，怎么知道是同一个读者？","commentTime":"2022-01-12 18:45:27","commentOwner":"=="},{"comment":"这个读者肯定是故意的，她深谙作者对0订阅免费章排雷的厌恶，先用0订阅小号虚假排雷，专门等你怼她，再拿出全订大号来反驳【我都全订了说的都是真的，不过是换了个号排雷而已】\n好让大家来看作者笑话。不得不说这人果然恶毒，一般读者也做不出来，不是hyb，就是喜欢戏耍作者的那一种。\n№42 ☆☆☆。。|b1a42d46于2022-01-12 18:32:38留言☆☆☆\n排","commentTime":"2022-01-12 18:45:35","commentOwner":"。"},{"comment":"宝啊，你有没有查一下那个全订小号的订阅时间？\n遇过一模一样的事情，不止一次，查询发现它们都是在被揭穿之后秒定的，贴出时间来，被打脸的是它。\n恶毒配角原型了属于是。\n№50 ☆☆☆。|3efa633e于2022-01-12 18:41:25留言☆☆☆\n顶顶顶 楼主看看这条！","commentTime":"2022-01-12 18:45:41","commentOwner":"。"},{"comment":"弱弱好奇一下怎么查询订阅时间啊","commentTime":"2022-01-12 18:46:54","commentOwner":"。"},{"comment":"历史引用 展开全部▼\n顶顶顶 楼主看看这条！\n№58 ☆☆☆。|fc8edff1于2022-01-12 18:45:41留言☆☆☆\n过去挺久了，真的好尴尬啊，我就没有查时间了，现在去评论区看，好像删了他虚假排雷的评论，只剩下她骂我打脸的那一条了","commentTime":"2022-01-12 18:47:44","commentOwner":"。"},{"comment":"读者看爽文一样围观，不看你的文……大概是因为你的文真的很无聊吧\n№14 ☆☆☆= =|b5d4dfa2于2022-01-12 18:20:59留言☆☆☆\n无心无星嘲讽三星？","commentTime":"2022-01-12 19:04:46","commentOwner":"＝"},{"comment":"读者看爽文一样围观，不看你的文……大概是因为你的文真的很无聊吧\n№14 ☆☆☆= =|b5d4dfa2于2022-01-12 18:20:59留言☆☆☆\n你有什么病？脑子带了吗就出来发言","commentTime":"2022-01-12 19:07:15","commentOwner":"。"},{"comment":"揉揉楼主","commentTime":"2022-01-12 19:07:56","commentOwner":"番茄牛肉汤"},{"comment":"读者看爽文一样围观，不看你的文……大概是因为你的文真的很无聊吧\n№14 ☆☆☆= =|b5d4dfa2于2022-01-12 18:20:59留言☆☆☆\n看猴","commentTime":"2022-01-12 19:10:00","commentOwner":"ddbx"},{"comment":"摸摸lz，有的读者就是闲","commentTime":"2022-01-12 19:10:59","commentOwner":"= ="},{"comment":"抱抱","commentTime":"2022-01-12 21:11:31","commentOwner":"放下助人情节"},{"comment":"下次反手就是一个举报，不跟他说话。没人陪她演戏。","commentTime":"2022-01-12 21:13:44","commentOwner":"- -"},{"comment":"这种是故意钓鱼的，之前还没有读者区的时候，我在闲情就见过，那人还洋洋得意的开了一栋楼，专门教别人怎么搞作者心态，怎么话术，怎么放饵，下面还有几十层称赞它真聪明真厉害的。还有一种就是故意来网上找乐子的，贴吧和xq都有帖子，说自己怎么怎么不开心，就去jj骂女作者，还有人支持自己，它就开心了。\n我印象中最深的，就是一个人发的最后一句话“呼，骂完爽了”，很简单的几个字，我记了三年","commentTime":"2022-01-12 21:20:01","commentOwner":"。"},{"comment":"现在也有读者区在bs钓鱼的，先用无心一心号发敏感话题，故意做饼引导别人骂它，然后上个大号，“打脸”回去，再去读者区嘲讽一顿，一趟流程下来行云流水","commentTime":"2022-01-12 21:21:27","commentOwner":"。"},{"comment":"啥比","commentTime":"2022-01-12 21:21:48","commentOwner":"。"},{"comment":"不用理他，越理他越上劲，就举报，压评好了","commentTime":"2022-01-12 21:22:04","commentOwner":"饿了"},{"comment":"这种是故意钓鱼的，之前还没有读者区的时候，我在闲情就见过，那人还洋洋得意的开了一栋楼，专门教别人怎么搞作者心态，怎么话术，怎么放饵，下面还有几十层称赞它真聪明真厉害的。还有一种就是故意来网上找乐子的，贴吧和xq都有帖子，说自己怎么怎么不开心，就去jj骂女作者，还有人支持自己，它就开心了。\n我印象中最深的，就是一个人发的最后一句话“呼，骂完爽了”，很简单的几个字，我记了三年\n№68 ☆☆☆。|4ecbb5b8于2022-01-12 21:20:01留言☆☆☆\n有的还有群，群里有专门的教程，19年的时候我就见过","commentTime":"2022-01-12 21:22:43","commentOwner":"。"},{"comment":"读者看爽文一样围观，不看你的文……大概是因为你的文真的很无聊吧\n№14 ☆☆☆= =|b5d4dfa2于2022-01-12 18:20:59留言☆☆☆\n签不上约的辣鸡来了","commentTime":"2022-01-12 21:22:54","commentOwner":"咕咕要升星"},{"comment":"我把我自己踹上去，真的有人故意这么干吗？","commentTime":"2022-04-13 00:25:46","commentOwner":"。"},{"comment":"心疼楼主…隔壁同样类型自爆了","commentTime":"2022-04-13 00:26:29","commentOwner":"= ="},{"comment":"这种是故意钓鱼的，之前还没有读者区的时候，我在闲情就见过，那人还洋洋得意的开了一栋楼，专门教别人怎么搞作者心态，怎么话术，怎么放饵，下面还有几十层称赞它真聪明真厉害的。还有一种就是故意来网上找乐子的，贴吧和xq都有帖子，说自己怎么怎么不开心，就去jj骂女作者，还有人支持自己，它就开心了。\n我印象中最深的，就是一个人发的最后一句话“呼，骂完爽了”，很简单的几个字，我记了三年\n№68☆☆☆。|4ecbb5b8于2022-01-12 21:20:01留言☆☆☆\n牛逼","commentTime":"2022-04-13 00:27:54","commentOwner":"…"},{"comment":"读者看爽文一样围观，不看你的文……大概是因为你的文真的很无聊吧\n№14 ☆☆☆= =|b5d4dfa2于2022-01-12 18:20:59留言☆☆☆\n星和心都没，奇行zhong","commentTime":"2022-04-13 00:29:04","commentOwner":"。"},{"comment":"摸摸咕咕，我刚才在隔壁看，就有个野马说她就喜欢这样干，说拿小号去评论然后作者回复了就拿全订大号来打脸，无语了都","commentTime":"2022-04-13 00:29:32","commentOwner":"。"},{"comment":"闲鱼经常有收全订某本书的号的……","commentTime":"2022-04-13 00:30:11","commentOwner":"。"},{"comment":"太惨了，摸头","commentTime":"2022-04-13 00:30:54","commentOwner":"家里养鸟哒"},{"comment":"怜爱了","commentTime":"2022-04-13 00:32:26","commentOwner":"。"},{"comment":"好惨","commentTime":"2022-04-13 00:33:10","commentOwner":"。"},{"comment":"鸽子好惨，rua鸽毛","commentTime":"2022-04-13 00:33:22","commentOwner":"叶巫溪"},{"comment":"这种是故意钓鱼的，之前还没有读者区的时候，我在闲情就见过，那人还洋洋得意的开了一栋楼，专门教别人怎么搞作者心态，怎么话术，怎么放饵，下面还有几十层称赞它真聪明真厉害的。还有一种就是故意来网上找乐子的，贴吧和xq都有帖子，说自己怎么怎么不开心，就去jj骂女作者，还有人支持自己，它就开心了。\n我印象中最深的，就是一个人发的最后一句话“呼，骂完爽了”，很简单的几个字，我记了三年\n№68 ☆☆☆。|4ecbb5b8于2022-01-12 21:20:01留言☆☆☆\n靠","commentTime":"2022-04-13 00:34:09","commentOwner":"。"},{"comment":"摸摸鸽子，怜爱了","commentTime":"2022-04-13 00:35:28","commentOwner":"。"},{"comment":"读者看爽文一样围观，不看你的文……大概是因为你的文真的很无聊吧\n№14 ☆☆☆= =|b5d4dfa2于2022-01-12 18:20:59留言☆☆☆\n你说话这么难听，大概是因为你生活很艰辛吧","commentTime":"2022-04-13 00:35:41","commentOwner":"晋江首富"},{"comment":"就……凭什么她一张嘴说大号是她订的，万一是借的别人号……","commentTime":"2022-04-13 00:35:48","commentOwner":"= ="},{"comment":"我去，真就，这套路真的好脏啊。","commentTime":"2022-04-13 00:35:57","commentOwner":"。"},{"comment":"这也太惨了叭，摸摸楼主","commentTime":"2022-04-13 00:36:16","commentOwner":"咕咕咕"},{"comment":"我也被这样对待过……","commentTime":"2022-04-13 00:38:01","commentOwner":"。"},{"comment":"好惨","commentTime":"2022-04-13 00:39:03","commentOwner":"。"},{"comment":"所以很多老作者说远离读者，冷淡一点，少回复，是自己亲身经历后的血泪教训","commentTime":"2022-04-13 00:39:29","commentOwner":"。"},{"comment":"而且那么干的人还在那层楼里边，洋洋得意的自爆了。","commentTime":"2022-04-13 00:39:45","commentOwner":"……"},{"comment":"好恶心了。jj什么时候让我们作者有点尊严啊，要被这么一群傻叉搞心态","commentTime":"2022-04-13 00:40:07","commentOwner":"。"},{"comment":"辛苦一点可以去查他大号订阅时间，看是评论前后","commentTime":"2022-04-13 00:40:44","commentOwner":"。"},{"comment":"摸摸楼主，换我就直接继续喷回去了，反正已经这样了，谁怕谁啊","commentTime":"2022-04-13 00:41:24","commentOwner":"——"},{"comment":"虽然但是，这是什么爽文剧情？？正常人都看得出她脑子有b，当爽文看的恐怕都是她那样心理阴暗的货色吧？","commentTime":"2022-04-13 00:41:59","commentOwner":"。"},{"comment":"怜爱了。代入后已经在生气啦！","commentTime":"2022-04-13 00:43:04","commentOwner":"。"},{"comment":"这种是故意钓鱼的，之前还没有读者区的时候，我在闲情就见过，那人还洋洋得意的开了一栋楼，专门教别人怎么搞作者心态，怎么话术，怎么放饵，下面还有几十层称赞它真聪明真厉害的。还有一种就是故意来网上找乐子的，贴吧和xq都有帖子，说自己怎么怎么不开心，就去jj骂女作者，还有人支持自己，它就开心了。\n我印象中最深的，就是一个人发的最后一句话“呼，骂完爽了”，很简单的几个字，我记了三年\n№68 ☆☆☆。|4ecbb5b8于2022-01-12 21:20:01留言☆☆☆\nsjb吧这，搞了作者心态他能变厉害是咋滴","commentTime":"2022-04-13 00:44:27","commentOwner":"= ="},{"comment":"读者看爽文一样围观，不看你的文……大概是因为你的文真的很无聊吧\n№14 ☆☆☆= =|b5d4dfa2于2022-01-12 18:20:59留言☆☆☆\n上来就攻击人你有事吗？生活这么不如意？","commentTime":"2022-04-13 00:45:06","commentOwner":"。。。"},{"comment":"读者看爽文一样围观，不看你的文……大概是因为你的文真的很无聊吧\n№14 ☆☆☆= =|b5d4dfa2于2022-01-12 18:20:59留言☆☆☆\n？劝你吃点溜溜梅","commentTime":"2022-04-13 00:46:30","commentOwner":"= ="},{"comment":"读者看爽文一样围观，不看你的文……大概是因为你的文真的很无聊吧\n№14 ☆☆☆= =|b5d4dfa2于2022-01-12 18:20:59留言☆☆☆\n有病吗？？？？","commentTime":"2022-04-13 00:50:51","commentOwner":"哦哦"},{"comment":"摸摸鸽子，怜爱了","commentTime":"2022-04-13 00:50:59","commentOwner":"……"},{"comment":"摸摸楼主\n看的我都心梗了\n怎么会有这种人！！！","commentTime":"2022-04-13 00:51:12","commentOwner":"。。"},{"comment":"我记得我看过这个帖子","commentTime":"2022-04-13 00:51:28","commentOwner":"。"},{"comment":"读者看爽文一样围观，不看你的文……大概是因为你的文真的很无聊吧\n№14 ☆☆☆= =|b5d4dfa2于2022-01-12 18:20:59留言☆☆☆\n这么刻薄，拿你大号来，看看是五星还是五心，lz好歹三星","commentTime":"2022-04-13 00:52:45","commentOwner":"。"},{"comment":"这种是故意钓鱼的，之前还没有读者区的时候，我在闲情就见过，那人还洋洋得意的开了一栋楼，专门教别人怎么搞作者心态，怎么话术，怎么放饵，下面还有几十层称赞它真聪明真厉害的。还有一种就是故意来网上找乐子的，贴吧和xq都有帖子，说自己怎么怎么不开心，就去jj骂女作者，还有人支持自己，它就开心了。\n我印象中最深的，就是一个人发的最后一句话“呼，骂完爽了”，很简单的几个字，我记了三年\n№68 ☆☆☆。|4ecbb5b8于2022-01-12 21:20:01留言☆☆☆\n！！！真的好贱啊这种东西","commentTime":"2022-04-13 00:54:13","commentOwner":"。"},{"comment":"我记得我看过这个帖子\n№105 ☆☆☆。|2bfd0417于2022-04-13 00:51:28留言☆☆☆\n几个月前的帖子，今天隔壁好像自爆有专门这么搞作者心态的，开了两个帖子。\n楼主自己把楼踹起来了，是真的很在意意难平了","commentTime":"2022-04-13 00:57:03","commentOwner":"。"},{"comment":"血压高了……","commentTime":"2022-04-13 01:10:05","commentOwner":""},{"comment":"历史引用 展开全部▼\n楼主的文应该没你的人生无聊，无聊到用这种方式找存在感，摸摸，可怜\n№24 ☆☆☆==|21443b16于2022-01-12 18:23:41留言☆☆☆\n大家像看猴一样围观，不认同你的说法只觉得疑惑……大概是因为你真的没长会说话的嘴吧。","commentTime":"2022-04-13 03:56:54","commentOwner":"橘猫猪咪"},{"comment":"太可怕了，从此以后，我是个高冷的鸽头……","commentTime":"2022-04-13 04:02:31","commentOwner":"……"},{"comment":"抱抱楼主，隔壁都在嘲讽这个nt，大家都知道是那人不对。不要难过","commentTime":"2022-04-13 04:39:17","commentOwner":"。"},{"comment":"下次你回怼的时候补“如果这是你的小号，你另外用号全订了并跑来虚假排雷，那么你要么用心更险恶。要么学习成绩不好，毕竟看完文连别人写的啥都记不住。”","commentTime":"2022-04-13 06:40:41","commentOwner":"。"},{"comment":"读者看爽文一样围观，不看你的文……大概是因为你的文真的很无聊吧\n№14 ☆☆☆= =|b5d4dfa2于2022-01-12 18:20:59留言☆☆☆\n所以就可以这样对作者？","commentTime":"2022-04-13 06:43:56","commentOwner":"。"},{"comment":"读者看爽文一样围观，不看你的文……大概是因为你的文真的很无聊吧\n№14 ☆☆☆= =|b5d4dfa2于2022-01-12 18:20:59留言☆☆☆\n那你猜，这些读者为啥在楼主的文下不在你的文下","commentTime":"2022-04-13 06:44:43","commentOwner":"。。"},{"comment":"所以很多老作者说远离读者，冷淡一点，少回复，是自己亲身经历后的血泪教训\n№92 ☆☆☆。|d2b599ac于2022-04-13 00:39:29留言☆☆☆\n原来是这样","commentTime":"2022-04-13 08:20:28","commentOwner":"。"},{"comment":"所以很多老作者说远离读者，冷淡一点，少回复，是自己亲身经历后的血泪教训\n№92☆☆☆。|d2b599ac于2022-04-13 00:39:29留言☆☆☆\n。","commentTime":"2022-04-13 08:22:29","commentOwner":"。"},{"comment":"读者看爽文一样围观，不看你的文……大概是因为你的文真的很无聊吧\n№14 ☆☆☆= =|b5d4dfa2于2022-01-12 18:20:59留言☆☆☆\n来来来，上你的五星大号","commentTime":"2022-04-13 08:22:56","commentOwner":"。"},{"comment":"啊……我也遇到过","commentTime":"2022-04-13 08:24:48","commentOwner":"。"},{"comment":"好惨……","commentTime":"2022-04-13 08:30:06","commentOwner":"。"},{"comment":"读者看爽文一样围观，不看你的文……大概是因为你的文真的很无聊吧\n№14☆☆☆= =|b5d4dfa2于2022-01-12 18:20:59留言☆☆☆\n要不吃点溜溜梅？","commentTime":"2022-04-13 08:32:55","commentOwner":"。"},{"comment":"隔壁看到了来摸摸咕咕，这种sb一定是人生特别不如意，否则怎么会用这么ex的手段来给自己找脸呢，毕竟它没脸活下去了","commentTime":"2022-04-13 08:34:28","commentOwner":"……"},{"comment":"隔壁看到了来摸摸咕咕，这种sb一定是人生特别不如意，否则怎么会用这么ex的手段来给自己找脸呢，毕竟它没脸活下去了\n№122 ☆☆☆……|1cd7db14于2022-04-13 08:34:28留言☆☆☆\nex狗","commentTime":"2022-04-13 08:34:52","commentOwner":"……"},{"comment":"太惨了，摸摸lz","commentTime":"2022-04-13 08:35:36","commentOwner":"。"},{"comment":"真的是什么奇葩种都有","commentTime":"2022-04-13 08:40:05","commentOwner":"……"},{"comment":"下次评论个订阅率，然后直接投诉！之前有个读者，我看专栏里面的评论还算正常，可到我文下就是——我没订，但我还是要排雷，剧透一通，批主角一无是处。\n没必要跟这种人多费口舌，浪费生命。","commentTime":"2022-04-13 08:46:37","commentOwner":"。"},{"comment":"读者看爽文一样围观，不看你的文……大概是因为你的文真的很无聊吧\n№14 ☆☆☆= =|b5d4dfa2于2022-01-12 18:20:59留言☆☆☆\n一路看下去，这么多人骂你……大概是因为你这个人真的有问题吧","commentTime":"2022-04-13 08:47:02","commentOwner":"。"},{"comment":"遇到这种情况直接深山，删不掉小号压评，千万不要跟读者在评论区开怼。开怼\n读者的损失绝对没有作者大，读者最多心梗心塞，作者心梗心塞外加损失订阅率，作者亲自下场真的会败坏正常读者的好感度","commentTime":"2022-04-13 08:47:31","commentOwner":"揣手手"},{"comment":"压评吧，这种没有办法。","commentTime":"2022-04-13 08:48:46","commentOwner":"。"},{"comment":"玻璃心如我遇到这种事会破防断更","commentTime":"2022-04-13 08:49:29","commentOwner":"。"},{"comment":"远离读者，多看后台收益，做个高冷作者","commentTime":"2022-04-13 08:50:39","commentOwner":"=="},{"comment":"摸摸咕咕，我刚才在隔壁看，就有个野马说她就喜欢这样干，说拿小号去评论然后作者回复了就拿全订大号来打脸，无语了都\n№78 ☆☆☆。|2a07ff3c于2022-04-13 00:29:32留言☆☆☆\n不知道有什么打脸的，晋江全订一本也就几块十几块，你要是说砸过几十个深水来打脸也就算了，笑死，几块钱的事还打脸，小学生都没这么穷","commentTime":"2022-04-13 08:51:18","commentOwner":"。"},{"comment":"这种是故意钓鱼的，之前还没有读者区的时候，我在闲情就见过，那人还洋洋得意的开了一栋楼，专门教别人怎么搞作者心态，怎么话术，怎么放饵，下面还有几十层称赞它真聪明真厉害的。还有一种就是故意来网上找乐子的，贴吧和xq都有帖子，说自己怎么怎么不开心，就去jj骂女作者，还有人支持自己，它就开心了。\n我印象中最深的，就是一个人发的最后一句话“呼，骂完爽了”，很简单的几个字，我记了三年\n№68 ☆☆☆。|4ecbb5b8于2022-01-12 21:20:01留言☆☆☆\n。。。。。无语-_-||","commentTime":"2022-04-13 08:51:24","commentOwner":"。"},{"comment":"这种是故意钓鱼的，之前还没有读者区的时候，我在闲情就见过，那人还洋洋得意的开了一栋楼，专门教别人怎么搞作者心态，怎么话术，怎么放饵，下面还有几十层称赞它真聪明真厉害的。还有一种就是故意来网上找乐子的，贴吧和xq都有帖子，说自己怎么怎么不开心，就去jj骂女作者，还有人支持自己，它就开心了。\n我印象中最深的，就是一个人发的最后一句话“呼，骂完爽了”，很简单的几个字，我记了三年\n№68 ☆☆☆。|4ecbb5b8于2022-01-12 21:20:01留言☆☆☆\n我去","commentTime":"2022-04-13 08:51:31","commentOwner":"。"},{"comment":"虽然但是，这是什么爽文剧情？？正常人都看得出她脑子有b，当爽文看的恐怕都是她那样心理阴暗的货色吧？\n№97 ☆☆☆。|6b3b354f于2022-04-13 00:41:59留言☆☆☆\n。","commentTime":"2022-04-13 08:52:47","commentOwner":"。"},{"comment":"隔壁自爆了，真的好心疼作者摸摸头","commentTime":"2022-04-13 08:52:51","commentOwner":"鹊别枝"},{"comment":"这个情节，整个小品都可以了。","commentTime":"2022-04-13 08:58:54","commentOwner":"……"},{"comment":"隔壁自爆了，真的好心疼作者摸摸头\n№136☆☆☆鹊别枝|1c0dad06于2022-04-13 08:52:51留言☆☆☆\n。","commentTime":"2022-04-13 08:59:40","commentOwner":"= ="},{"comment":"小品的名字就叫钓鱼，到底是谁钓了谁，最后又是哪条鱼上了钩？","commentTime":"2022-04-13 09:00:02","commentOwner":"……"},{"comment":"历史引用 展开全部▼\n不知道有什么打脸的，晋江全订一本也就几块十几块，你要是说砸过几十个深水来打脸也就算了，笑死，几块钱的事还打脸，小学生都没这么穷\n№132 ☆☆☆。|dd1cb363于2022-04-13 08:51:18留言☆☆☆\n。","commentTime":"2022-04-13 09:01:36","commentOwner":"。"},{"comment":"lz需要火盆跨跨吗，这种晦气生物","commentTime":"2022-04-13 09:01:53","commentOwner":"……"},{"comment":"普通读者应该不会专门两个号，搞作者心态吧\n这是hyb吧\n№44 ☆☆☆。|a0b63a66于2022-01-12 18:35:59留言☆☆☆\n我有啊 vx一个企鹅一个\n然后还傻傻的有些书买了两次","commentTime":"2022-04-13 09:06:20","commentOwner":"冬。。。"},{"comment":"为了嘲讽你，还专门切了一个小号投钱，也是花本钱了。\n干嘛开始的时候，不直接用全定号来排雷，还不是做贼心虚，0定被怼也属正常。。","commentTime":"2022-04-13 09:12:29","commentOwner":"叔叔我"},{"comment":"隔壁自爆了，真的好心疼作者摸摸头\n№136 ☆☆☆鹊别枝|1c0dad06于2022-04-13 08:52:51留言☆☆☆\n咕咕可以给指个路吗？我没翻到","commentTime":"2022-04-13 09:14:48","commentOwner":"。"},{"comment":"读者看爽文一样围观，不看你的文……大概是因为你的文真的很无聊吧\n№14 ☆☆☆= =|b5d4dfa2于2022-01-12 18:20:59留言☆☆☆\n呵呵，楼里都在骂你，可见你的问题很大呢","commentTime":"2022-04-13 09:16:09","commentOwner":"，，，"},{"comment":"好惨，有些人就是故意来发泄的，正常人理解不了她的思维。\n№16 ☆☆☆。|8eb2ae07于2022-01-12 18:21:09留言☆☆☆\n。之前我文下也来了个莫名其妙骂脏话的，后来发现她在别的文下也这样，然而审核直接没给她过","commentTime":"2022-04-13 09:17:17","commentOwner":"，，，"},{"comment":"只能说这样的读者多多少少有点有病","commentTime":"2022-04-13 09:18:16","commentOwner":"。"},{"comment":"历史引用 展开全部▼\n咕咕可以给指个路吗？我没翻到\n№145 ☆☆☆。|aaf712c2于2022-04-13 09:14:48留言☆☆☆\n在一个吐槽小奇葩的帖子里面，没想到居然钓出了这么一个大奇葩。应该是吐槽一个读者看盗文，还在作者旧文下打负分，然后还骂作者心里有疾病的一个帖子。","commentTime":"2022-04-13 09:18:21","commentOwner":"……"},{"comment":"隔壁：135364\n\n34楼的发言\n\n被怼了","commentTime":"2022-04-13 09:19:03","commentOwner":"口a口ooo"},{"comment":"这种压评吧，有些深井冰会回来看自己的评论还在不在，我现在都不怎么看评论了","commentTime":"2022-04-13 09:20:18","commentOwner":"。"},{"comment":"一般遇到这种  我直接压评  就是怕出现这种情况","commentTime":"2022-04-13 09:20:41","commentOwner":"= ="},{"comment":"这不就像碧水空星发言被嘲讽，结果空星开五星大号来打脸，咕咕们也都觉得是爽文啊\n№48 ☆☆☆。|1c25057d♥♥于2022-01-12 18:40:57留言☆☆☆\n。","commentTime":"2022-04-13 09:22:36","commentOwner":"。。"},{"comment":"隔壁：135364\n34楼的发言\n被怼了\n№150 ☆☆☆口a口ooo|ecf0d00b于2022-04-13 09:19:03留言☆☆☆\n谢谢咕咕","commentTime":"2022-04-13 09:22:43","commentOwner":"。"},{"comment":"历史引用 展开全部▼\n在一个吐槽小奇葩的帖子里面，没想到居然钓出了这么一个大奇葩。应该是吐槽一个读者看盗文，还在作者旧文下打负分，然后还骂作者心里有疾病的一个帖子。\n№149 ☆☆☆……|4c1d6243于2022-04-13 09:18:21留言☆☆☆\n谢谢咕咕。","commentTime":"2022-04-13 09:23:07","commentOwner":"。"},{"comment":"摸摸头，都过去了","commentTime":"2022-04-13 09:23:15","commentOwner":"。"},{"comment":"历史引用 展开全部▼\n。\n№153 ☆☆☆。。|c634b604于2022-04-13 09:22:36留言☆☆☆\n不懂为什么总有人把两件性质完全不同的事情拿来类比，以此显示自己的“明智”","commentTime":"2022-04-13 09:24:29","commentOwner":"= ="},{"comment":"历史引用 展开全部▼\n。\n№153 ☆☆☆。。|c634b604于2022-04-13 09:22:36留言☆☆☆\n空星发言智障无脑妄图切五星号用星级鄙夷众人然后被群嘲纳鞋底。（被怼不可能只因为星级绝大多数是智障发言）","commentTime":"2022-04-13 09:26:09","commentOwner":"。"},{"comment":"历史引用 展开全部▼\n不懂为什么总有人把两件性质完全不同的事情拿来类比，以此显示自己的“明智”\n№157☆☆☆= =|cb35bdf7于2022-04-13 09:24:29留言☆☆☆\n可能它代入感强烈，非要东拉西扯证明自己的正当性吧","commentTime":"2022-04-13 09:27:05","commentOwner":"= ="},{"comment":"爬完隔壁的楼回来了，那人太ex了","commentTime":"2022-04-13 09:28:03","commentOwner":"。"},{"comment":"这不就像碧水空星发言被嘲讽，结果空星开五星大号来打脸，咕咕们也都觉得是爽文啊\n№48 ☆☆☆。|1c25057d于2022-01-12 18:40:57留言☆☆☆\n倒也不必给那些伸长脖子恶意看热闹的人洗。\n至于bs，先拿空星号挑事，别说换五星号，就是换十星号也是被嘲的命。","commentTime":"2022-04-13 09:30:57","commentOwner":"=="},{"comment":"这种人是不是找骂啊，生活有多不如意才觉得这是打脸","commentTime":"2022-04-13 09:33:23","commentOwner":"。"},{"comment":"隔壁是哪个帖子啊，没找到，求指路","commentTime":"2022-04-13 09:36:07","commentOwner":"。"},{"comment":"不把它当事，就是自以为的打脸爽文了\n零订阅该揭穿揭穿，开大号证明又怎么样，排雷不上大号误伤活该，自找的，真正气愤排雷的就算这号没订也会叨叨一句别的号订了","commentTime":"2022-04-13 09:39:48","commentOwner":"=="},{"comment":"这标题和主楼内容我看着一次难受一次，怎么会有这种人","commentTime":"2022-04-13 09:41:34","commentOwner":"。"},{"comment":"读者看爽文一样围观，不看你的文……大概是因为你的文真的很无聊吧\n№14 ☆☆☆= =|b5d4dfa2于2022-01-12 18:20:59留言☆☆☆\n活捉sjb","commentTime":"2022-04-13 09:42:16","commentOwner":"徐伦的指甲"},{"comment":"历史引用 展开全部▼\n倒也不必给那些伸长脖子恶意看热闹的人洗。\n至于bs，先拿空星号挑事，别说换五星号，就是换十星号也是被嘲的命。\n№161 ☆☆☆==|fecb8306于2022-04-13 09:30:57留言☆☆☆\n.","commentTime":"2022-04-13 09:46:25","commentOwner":"nsdd"},{"comment":"我去 这个人也太恶毒了吧……","commentTime":"2022-04-13 10:16:29","commentOwner":"仓鼠的祈祷"},{"comment":"好ex，这叫什么打脸？？用0订阅的号排雷被怼才正常吧，摸摸楼主咕……","commentTime":"2022-04-13 10:18:09","commentOwner":"。"},{"comment":"求求出个踩抵消赞的功能吧，我相信这个世界还是正常人多，这些评论每出一个赞都是对作者的伤害！！！！\n踩可以不显示，但能不能直接把赞抵消了！！！","commentTime":"2022-04-13 10:19:37","commentOwner":"……"},{"comment":"读者看爽文一样围观，不看你的文……大概是因为你的文真的很无聊吧\n№14 ☆☆☆= =|b5d4dfa2于2022-01-12 18:20:59留言☆☆☆\nsjb吧？","commentTime":"2022-04-13 10:19:44","commentOwner":"你也想起舞吗"},{"comment":"不会啊我就是两个手机，哪个顺手就拿哪个看…开两个号真的很方便","commentTime":"2022-04-13 10:19:48","commentOwner":"。"},{"comment":"可以查一下订阅时间，真有骂了人没订阅之后补订的，我第一时间截图保留证据，然后在评论区和他把时间线拉出来。\n然后那人再也没冒头。","commentTime":"2022-04-13 10:21:57","commentOwner":"。"},{"comment":"好恶毒。","commentTime":"2022-04-13 12:21:53","commentOwner":"。。"},{"comment":"摸摸头","commentTime":"2022-04-13 12:25:32","commentOwner":"兔"},{"comment":"这不就是某些读者钓鱼故意打脸作者？","commentTime":"2022-04-13 12:39:51","commentOwner":"= ="},{"comment":"求求出个踩抵消赞的功能吧，我相信这个世界还是正常人多，这些评论每出一个赞都是对作者的伤害！！！！\n踩可以不显示，但能不能直接把赞抵消了！！！\n№170 ☆☆☆……|e69790e0于2022-04-13 10:19:37留言☆☆☆\n。","commentTime":"2022-04-13 12:49:08","commentOwner":"。"},{"comment":"还有看盗文的，被怼了会补订阅，说自己全订，后面的读者也会看到全订标。\n对于这种评论，最好说清楚，比如：刚刚查了一下，订阅2.3%，看盗文就别来评价了。\n怼也别针对排雷的内容，就点名他看盗文，会有正版读者帮忙怼回去的。","commentTime":"2022-04-13 12:54:05","commentOwner":"。。。。"},{"comment":"抱抱你，看着像什么新型钓鱼手法","commentTime":"2022-04-13 13:19:19","commentOwner":"蔓越莓甜甜圈"},{"comment":"这就是闲着没事干？","commentTime":"2022-04-13 13:28:20","commentOwner":""},{"comment":"突然想到很早以前看过一个瓜就是作者骂全订读者dwg……现在回想起来有点后背发凉","commentTime":"2022-04-13 13:33:28","commentOwner":"= ="},{"comment":"这巨巨巨恶心。\n看dw我不说了，希望回归正版吧，写文真的不容易，只要回归我就欢迎，买了文批评的正版读者我也感恩。\n但是dw还来回踩的狗，见一次怼一次。\n而且他们那种low穿地心的气质，真的我不查订阅一眼就能看个□□不离十。","commentTime":"2022-04-13 17:46:14","commentOwner":"。。"},{"comment":"隔壁是哪个帖子啊，没找到，求指路\n№163 ☆☆☆。|baef9af1于2022-04-13 09:36:07留言☆☆☆\n读者区，135364","commentTime":"2022-04-14 12:41:26","commentOwner":"鹊别枝"},{"comment":"历史引用 展开全部▼\n咕咕可以给指个路吗？我没翻到\n№145 ☆☆☆。|aaf712c2于2022-04-13 09:14:48留言☆☆☆\n读者区135364","commentTime":"2022-04-14 12:42:15","commentOwner":"鹊别枝"}]}