{"id":"ea40db76-ee95-469f-86e5-7f9598c9b50b","category":"晋江论坛→网友交流区→碧水江汀 欢迎回来：53088456  退 出","postSubject":"主题：看着夹子上各种出警，各种追咬着排雷，我真的对上夹充满了恐惧，写一个稍微争议情节都要思考半天，但往往最后就直接删了唉 [8] 【搜索关键词：排雷】","postUrl":"https://bbs.jjwxc.net/showmsg.php?board=17&keyword=%C5%C5%C0%D7&id=1914863","originalPost":"其实很多时候就是一个细节，然后被揪住了，放大，于是夹子上就开始腥风血雨，唉","numberOfReplies":8,"comments":[{"comment":"关评论区？","commentTime":"2022-05-25 20:12:50","commentOwner":"。"},{"comment":"不看评论区可破","commentTime":"2022-05-25 20:13:09","commentOwner":"= ="},{"comment":"我上夹那天，一个读者给我贷款排雷，还追着评了十几条，引得编辑都来问我。\n看完的读者都说我还没写这种剧情，她非说我以后一定会写，因为别的文都是这么写的。\n我就乌鸡鲅鱼了。","commentTime":"2022-05-25 20:13:15","commentOwner":"……"},{"comment":"对，特别怕上夹子","commentTime":"2022-05-25 20:14:04","commentOwner":"……"},{"comment":"关评论区？\n№1☆☆☆。|ecf1b44b于2022-05-25 20:12:50留言☆☆☆\n关了不能重开，而且跟正常读者的交流就没有途径了。观察过，很多文夹子过后评论区其实就正常了。","commentTime":"2022-05-25 20:14:31","commentOwner":"。"},{"comment":"能被争议都是夹子上比较高的，末端夹根本没人讨论。心态放平，能被腥风血雨，就说明看的人多。就像越赚钱的明星黑料越多。","commentTime":"2022-05-25 20:14:31","commentOwner":"。。。"},{"comment":"我记得之前一个上夹子被排雷的关评论区，后来照样上金榜了，而且很奇怪的一点，排雷的都在过零点后，消失殆尽。","commentTime":"2022-05-25 20:15:01","commentOwner":"。。"},{"comment":"我记得之前一个上夹子被排雷的关评论区，后来照样上金榜了，而且很奇怪的一点，排雷的都在过零点后，消失殆尽。\n№7☆☆☆。。|03fa0d38于2022-05-25 20:15:01留言☆☆☆\n对，零点是一个节点，恶寒","commentTime":"2022-05-25 21:57:12","commentOwner":"。"}]}