{"id":"5f53102b-7f65-40bd-ba9f-8e6b3bd2e54d","category":"晋江论坛→网友交流区→碧水江汀 欢迎回来：53088456  退 出","postSubject":"主题：【排雷】美工霜天和画手妮娜，偷换概念合理化看盗版行为 [144] 【搜索关键词：排雷】","postUrl":"https://bbs.jjwxc.net/showmsg.php?board=17&keyword=%C5%C5%C0%D7&id=1848739","originalPost":"好朋友一生一起走，谁先逃跑谁是狗，既然这么乐意出头，那全部出道好了。\n我在这里仅代表我自己，今后不会约这些人的稿。我也会在我所在的所有约稿群、作者群，呼吁这件事情，转发这件事情，以后，一旦有作者提到他们，我也会顶相应帖。","numberOfReplies":143,"comments":[{"comment":"好朋友一生一起走，谁先逃跑谁是狗，既然这么乐意出头，那全部出道好了。\n我在这里仅代表我自己，今后不会约这些人的稿。我也会在我所在的所有约稿群、作者群，呼吁这件事情，转发这件事情，以后，一旦有作者提到他们，我也会顶相应帖。\n\n№0☆☆☆。|6f551c0c于2022-04-14 13:42:23留言☆☆☆\n(显示全部)\nfpb","commentTime":"2022-04-14 13:42:33","commentOwner":"。"},{"comment":"妮娜\n(显示全部)","commentTime":"2022-04-14 13:42:59","commentOwner":"。"},{"comment":"妮娜\n\n№2☆☆☆。|6f551c0c于2022-04-14 13:42:59留言☆☆☆\n(显示全部)\nfpb","commentTime":"2022-04-14 13:43:15","commentOwner":"。"},{"comment":"明天被盗图商用不要难过就行","commentTime":"2022-04-14 13:43:46","commentOwner":"。"},{"comment":"大中午恶心的我，午觉都没睡。\n每日一顶，提神醒脑。","commentTime":"2022-04-14 13:43:47","commentOwner":"。"},{"comment":"恶心死了","commentTime":"2022-04-14 13:43:56","commentOwner":"。。"},{"comment":"顶一个，言论不要太恶心","commentTime":"2022-04-14 13:44:02","commentOwner":"。。。"},{"comment":"好糊，不认识","commentTime":"2022-04-14 13:44:04","commentOwner":"。"},{"comment":"ddd","commentTime":"2022-04-14 13:44:17","commentOwner":"。。"},{"comment":"明天被盗图商用不要难过就行\n№4☆☆☆。|e9c6c82e于2022-04-14 13:43:46留言☆☆☆\n人家每天转发那些盗图的微博，挂别人呢。人家画手圈就没拿你作者圈当人，人家就是把咱们当提款机。","commentTime":"2022-04-14 13:44:27","commentOwner":"。"},{"comment":"庙小王八多","commentTime":"2022-04-14 13:44:33","commentOwner":"。"},{"comment":"明天盗图不要哭爹喊娘","commentTime":"2022-04-14 13:44:45","commentOwner":"。"},{"comment":"我只会问他们，交税了吗？","commentTime":"2022-04-14 13:44:54","commentOwner":"= ="},{"comment":"我也，未成年，可以把她们的图拿去小h书送人吗","commentTime":"2022-04-14 13:44:57","commentOwner":"。"},{"comment":"dd","commentTime":"2022-04-14 13:45:01","commentOwner":"＝＝"},{"comment":"yue了 不愧双标小画家，自己图被二传恨不得把人手撕，看盗文几年都不补票还理所应当","commentTime":"2022-04-14 13:45:09","commentOwner":"。"},{"comment":"顶顶顶，最好放个主页链接以防偷偷改ID","commentTime":"2022-04-14 13:45:17","commentOwner":"。"},{"comment":"不约不约，号召基友也不约","commentTime":"2022-04-14 13:45:21","commentOwner":"……"},{"comment":"收藏避雷了。","commentTime":"2022-04-14 13:46:32","commentOwner":"。"},{"comment":"https://weibo.com/u/6132788099\nhttps://weibo.com/u/6631105141","commentTime":"2022-04-14 13:46:40","commentOwner":"。"},{"comment":"https://weibo.com/u/6132788099\nhttps://weibo.com/u/6631105141\n№20☆☆☆。|6f551c0c于2022-04-14 13:46:40留言☆☆☆\nfpb","commentTime":"2022-04-14 13:46:57","commentOwner":"。"},{"comment":"楼主带带我\n霜天主页https://weibo.com/u/6631105141\n妮娜主页https://weibo.com/u/6132788099","commentTime":"2022-04-14 13:47:19","commentOwner":"。"},{"comment":"yue了 不愧双标小画家，自己图被二传恨不得把人手撕，看盗文几年都不补票还理所应当\n№16☆☆☆。|ca5edc2c于2022-04-14 13:45:09留言☆☆☆\n真的，我真的被恶心死了，尤其那个霜天他的简介还是说来赚钱的。\n他是来赚钱的，我们写手就是被白p的呗。","commentTime":"2022-04-14 13:47:48","commentOwner":"。"},{"comment":"笑死了\n我的mp3真的是我听的歌的创作者抽奖送的\n里面的歌都是数专下的呢","commentTime":"2022-04-14 13:48:00","commentOwner":"。"},{"comment":"楼主带带我\n霜天主页https://weibo.com/u/6631105141\n妮娜主页https://weibo.com/u/6132788099\n\n№22☆☆☆。|31fe66d9于2022-04-14 13:47:19留言☆☆☆\n带，fpb","commentTime":"2022-04-14 13:48:05","commentOwner":"。"},{"comment":"以后这两个人的素材大家免费用","commentTime":"2022-04-14 13:48:16","commentOwner":"。"},{"comment":"去看了他们的首页……自信小画家……","commentTime":"2022-04-14 13:48:29","commentOwner":"。"},{"comment":"真的，有效治疗低血压。","commentTime":"2022-04-14 13:48:51","commentOwner":"。"},{"comment":"","commentTime":"2022-04-14 13:50:09","commentOwner":"。"},{"comment":"私下就算了，谁也不知道，自个儿看着乐。公然宣扬d版合理性就过了","commentTime":"2022-04-14 13:50:19","commentOwner":"。"},{"comment":"ddd","commentTime":"2022-04-14 13:50:25","commentOwner":"。"},{"comment":"№29☆☆☆。|6f551c0c于2022-04-14 13:50:09留言☆☆☆\n这个妮娜，真是绝了，把双标演绎的淋漓尽致","commentTime":"2022-04-14 13:50:37","commentOwner":"。"},{"comment":"《拿别人作品赚钱不觉得良心不安吗》","commentTime":"2022-04-14 13:50:50","commentOwner":"。"},{"comment":"我能理解很多纯读者说这种话，但是文游画手这样说，真的理解不了。","commentTime":"2022-04-14 13:50:53","commentOwner":"- -"},{"comment":"<><>№\n双标到极致","commentTime":"2022-04-14 13:51:10","commentOwner":"。"},{"comment":"我真想说恶人自有恶人磨","commentTime":"2022-04-14 13:51:23","commentOwner":"。"},{"comment":"草","commentTime":"2022-04-14 13:51:36","commentOwner":"厚椰乳莓莓"},{"comment":"我能理解很多纯读者说这种话，但是文游画手这样说，真的理解不了。\n№34 ☆☆☆- -|3b40a38b于2022-04-14 13:50:53留言☆☆☆\n人家拿写手当提款机啦，提款机也配跟小画家相提并论？","commentTime":"2022-04-14 13:51:55","commentOwner":"。"},{"comment":"笑死了，自己被盗图跟鲨了爹一样","commentTime":"2022-04-14 13:52:17","commentOwner":"。"},{"comment":"yue了 不愧双标小画家，自己图被二传恨不得把人手撕，看盗文几年都不补票还理所应当\n№16 ☆☆☆。|ca5edc2c于2022-04-14 13:45:09留言☆☆☆\n。","commentTime":"2022-04-14 13:52:18","commentOwner":"。。"},{"comment":"这双标也太离谱了吧","commentTime":"2022-04-14 13:52:19","commentOwner":"= ="},{"comment":"我能理解很多纯读者说这种话，但是文游画手这样说，真的理解不了。\n№34 ☆☆☆- -|3b40a38b于2022-04-14 13:50:53留言☆☆☆\n同意，不应该更懂被盗的苦恼吗？看来就是单纯双标g","commentTime":"2022-04-14 13:52:31","commentOwner":"。"},{"comment":"《拿别人作品赚钱不觉得良心不安吗》\n№33 ☆☆☆。|a05a6e80于2022-04-14 13:50:50留言☆☆☆\n典 中 典","commentTime":"2022-04-14 13:53:33","commentOwner":"。"},{"comment":"不李姐。截图晋江的文章简介界面挂大眼仔表示喜欢能多花几分钟啊。。","commentTime":"2022-04-14 13:53:37","commentOwner":"。"},{"comment":"我寻思剧本也不是“年少无知看了盗文，后来开始看正版一直支持正版，没想到多年前看盗文的记录被拉出来挂”\n而是“年少无知看了盗文，后来虽然我知道在意自己的版权了，但我还是要看盗文，从过去到现在，一直看盗文一直看盗文，翻来覆去看盗文，盘包浆了也看盗文，还要把我的txt截图发出来让粉丝看看我有多爱这两篇盗文”","commentTime":"2022-04-14 13:55:01","commentOwner":"。"},{"comment":"d","commentTime":"2022-04-14 13:55:07","commentOwner":"。"},{"comment":"踢","commentTime":"2022-04-14 13:56:29","commentOwner":"。"},{"comment":"建议这几位尽快补税，每分钱都要补喔","commentTime":"2022-04-14 13:59:34","commentOwner":"。"},{"comment":"这俩画手都属于是典中点了。\n№48☆☆☆。|6f551c0c于2022-04-14 13:59:21留言☆☆☆\n原来世界上真的会有这样的人呢，你要不要回头看看你说了什么？对原创作者造成了多大的伤害啊？","commentTime":"2022-04-14 13:59:47","commentOwner":"。"},{"comment":"建议这几位尽快补税，每分钱都要补喔\n№49 ☆☆☆。|229483b9于2022-04-14 13:59:34留言☆☆☆\n直接举报偷税漏税","commentTime":"2022-04-14 14:00:02","commentOwner":"。"},{"comment":"小画家双标早就见识过了，反正晋江写手是最底层","commentTime":"2022-04-14 14:00:51","commentOwner":"。"},{"comment":"这难道不是你对作者的要求吗？天哪，简直字字句句都在打脸","commentTime":"2022-04-14 14:01:04","commentOwner":"。"},{"comment":"这难道不是你对作者的要求吗？天哪，简直字字句句都在打脸\n№53☆☆☆。|6f551c0c于2022-04-14 14:01:04留言☆☆☆\n你们画手是人，我们作者就不是","commentTime":"2022-04-14 14:01:20","commentOwner":"。"},{"comment":"不能再翻他们的微博了，真低血压变成高血压了","commentTime":"2022-04-14 14:01:45","commentOwner":"。"},{"comment":"d","commentTime":"2022-04-14 14:02:53","commentOwner":"。"},{"comment":"祝他们的图天天被盗被复制被二传","commentTime":"2022-04-14 14:03:55","commentOwner":"xx"},{"comment":"我寻思剧本也不是“年少无知看了盗文，后来开始看正版一直支持正版，没想到多年前看盗文的记录被拉出来挂”\n而是“年少无知看了盗文，后来虽然我知道在意自己的版权了，但我还是要看盗文，从过去到现在，一直看盗文一直看盗文，翻来覆去看盗文，盘包浆了也看盗文，还要把我的txt截图发出来让粉丝看看我有多爱这两篇盗文”\n№45 ☆☆☆。|5e7d0206于2022-04-14 13:55:01留言☆☆☆\n。","commentTime":"2022-04-14 14:04:25","commentOwner":"。"},{"comment":"浪国小画家基操啦","commentTime":"2022-04-14 14:04:34","commentOwner":"= ="},{"comment":"dd双标到极致","commentTime":"2022-04-14 14:05:13","commentOwner":"！"},{"comment":"提醒一下 该缴税了……","commentTime":"2022-04-14 14:06:10","commentOwner":"。"},{"comment":"“陶不了课”也是，发了两条评论，被删了一跳，几千粉小画手，记得避雷","commentTime":"2022-04-14 14:07:54","commentOwner":"。"},{"comment":"提醒一下 该缴税了……\n№61☆☆☆。|b150eb73于2022-04-14 14:06:10留言☆☆☆\n还在那儿骄傲，排单已经排到2077年了呢。我就是最近忙，不然的话我非得进到他们的群里头，把他这玩意儿都记录下来，然后为我们国家的税收作出贡献来。","commentTime":"2022-04-14 14:08:52","commentOwner":"。"},{"comment":"微博画手基操，画手刮不少，听到的不是恨国就是偷税漏税，这还来个宣传盗文，五毒俱全","commentTime":"2022-04-14 14:09:13","commentOwner":"。"},{"comment":"她们这是去画画了才这么说\n要是她们是作者，你看她还说不说得出这种话\n刀没挨到自己身上罢了","commentTime":"2022-04-14 14:09:38","commentOwner":"= ="},{"comment":"忽然好讨厌画手是怎么回事","commentTime":"2022-04-14 14:10:46","commentOwner":"。。。"},{"comment":"小画手就是喜欢在wb抱团，每次有事我总能顺着转发拉黑一堆","commentTime":"2022-04-14 14:12:24","commentOwner":"= ="},{"comment":"我寻思剧本也不是“年少无知看了盗文，后来开始看正版一直支持正版，没想到多年前看盗文的记录被拉出来挂”\n而是“年少无知看了盗文，后来虽然我知道在意自己的版权了，但我还是要看盗文，从过去到现在，一直看盗文一直看盗文，翻来覆去看盗文，盘包浆了也看盗文，还要把我的txt截图发出来让粉丝看看我有多爱这两篇盗文”\n№45 ☆☆☆。|5e7d0206于2022-04-14 13:55:01留言☆☆☆\n。","commentTime":"2022-04-14 14:12:41","commentOwner":"。"},{"comment":"忽然好讨厌画手是怎么回事\n№66☆☆☆。。。|17bbd8da于2022-04-14 14:10:46留言☆☆☆\n浪国小画手特色，还有好画手的","commentTime":"2022-04-14 14:13:07","commentOwner":"。"},{"comment":"dd","commentTime":"2022-04-14 14:14:00","commentOwner":"。"},{"comment":"踢一脚","commentTime":"2022-04-14 14:14:08","commentOwner":"。"},{"comment":"小画手就是喜欢在wb抱团，每次有事我总能顺着转发拉黑一堆\n№67 ☆☆☆= =|1e3927d0于2022-04-14 14:12:24留言☆☆☆\n火速去丰富黑名单","commentTime":"2022-04-14 14:14:38","commentOwner":"。。。"},{"comment":"踢一脚","commentTime":"2022-04-14 14:14:51","commentOwner":"。"},{"comment":"历史引用 展开全部▼\n。\n№68 ☆☆☆。|f54bfc38于2022-04-14 14:12:41留言☆☆☆\n笑死了","commentTime":"2022-04-14 14:15:01","commentOwner":"=="},{"comment":"大家顶这个啊","commentTime":"2022-04-14 14:15:28","commentOwner":"。。。"},{"comment":"她们这是去画画了才这么说\n要是她们是作者，你看她还说不说得出这种话\n刀没挨到自己身上罢了\n№65☆☆☆= =|cc51edc2于2022-04-14 14:09:38留言☆☆☆\n我发现人和人不可以一概而论，写手在画圈出事的时候都支持正版。画手啊吸写手血，就显得理所当然。","commentTime":"2022-04-14 14:16:34","commentOwner":"。"},{"comment":"浪国小画家已经不是第一次崩雷了吧？这完全是他们的素质基操啊","commentTime":"2022-04-14 14:16:42","commentOwner":"咕咕"},{"comment":"dd","commentTime":"2022-04-14 14:16:46","commentOwner":"雪镜"},{"comment":"助力hot","commentTime":"2022-04-14 14:17:38","commentOwner":"。"},{"comment":"呼叫水军！！！水军呢？","commentTime":"2022-04-14 14:18:08","commentOwner":"。。。"},{"comment":"dd","commentTime":"2022-04-14 14:18:09","commentOwner":"= ="},{"comment":"真的恶心得我想吐，最近怎么老是有恶心事","commentTime":"2022-04-14 14:18:39","commentOwner":"。"},{"comment":"收藏了时不时顶一下","commentTime":"2022-04-14 14:18:50","commentOwner":"。。。"},{"comment":"部分画手可真是双标啊，那就祝她们天天维权，商用稿被免费用吧。","commentTime":"2022-04-14 14:19:19","commentOwner":"。"},{"comment":"顶","commentTime":"2022-04-14 14:23:07","commentOwner":"=="},{"comment":"顶一下","commentTime":"2022-04-14 14:23:18","commentOwner":"蹭尽天下鸡汤"},{"comment":"部分画手可真是双标啊，那就祝她们天天维权，商用稿被免费用吧。\n№84☆☆☆。|a05a6e80于2022-04-14 14:19:19留言☆☆☆\n加上我最真挚的祝愿","commentTime":"2022-04-14 14:23:35","commentOwner":"。"},{"comment":"dd","commentTime":"2022-04-14 14:24:21","commentOwner":"= ="},{"comment":"部分画手好过分啊（我说的部分）","commentTime":"2022-04-14 14:24:52","commentOwner":"。。。"},{"comment":"踢踢","commentTime":"2022-04-14 14:25:55","commentOwner":"。"},{"comment":"出道吧","commentTime":"2022-04-14 14:26:53","commentOwner":"。"},{"comment":"d","commentTime":"2022-04-14 14:29:31","commentOwner":"。"},{"comment":"dd","commentTime":"2022-04-14 14:31:09","commentOwner":"= ="},{"comment":"dd","commentTime":"2022-04-14 14:31:36","commentOwner":"。。"},{"comment":"dd","commentTime":"2022-04-14 14:32:10","commentOwner":"。"},{"comment":"开一个楼专门放这些避雷画手美工吧","commentTime":"2022-04-14 14:32:39","commentOwner":"。"},{"comment":"开一个楼专门放这些避雷画手美工吧\n№96 ☆☆☆。|c4b38b8a于2022-04-14 14:32:39留言☆☆☆\n把这些人汇总到一起避雷","commentTime":"2022-04-14 14:32:56","commentOwner":"。"},{"comment":"好基友一起走，一起飘首页。","commentTime":"2022-04-14 14:48:42","commentOwner":"。"},{"comment":"来了来了","commentTime":"2022-04-14 14:54:53","commentOwner":"。。。"},{"comment":"。","commentTime":"2022-04-14 14:55:10","commentOwner":"= ="},{"comment":"顶","commentTime":"2022-04-14 14:59:37","commentOwner":"。。。"},{"comment":"初高中九年义务教育应该是最有版权意识的年纪了\n相信晋江正版学生的年龄层是很庞大的，所以年纪小并不是理由，真的觉得错了就应该早点补V\n而不是被发现了之后才说以前观念薄弱，我看现在也觉得自己没错的无耻样子","commentTime":"2022-04-14 15:01:56","commentOwner":"虎虎虎菇"},{"comment":"顶","commentTime":"2022-04-14 15:06:14","commentOwner":"。。。"},{"comment":"恕我直言，什么娜那张图丑死了，这种中二病有约稿吗。","commentTime":"2022-04-14 15:10:41","commentOwner":"=="},{"comment":"一起走","commentTime":"2022-04-14 15:19:32","commentOwner":"。"},{"comment":"历史引用 展开全部▼\n这个妮娜，真是绝了，把双标演绎的淋漓尽致\n№32 ☆☆☆。|6f551c0c于2022-04-14 13:50:37留言☆☆☆\n原来是这位，差点误伤另一位妮娜","commentTime":"2022-04-14 15:21:30","commentOwner":"。。。"},{"comment":"“陶不了课”也是，发了两条评论，被删了一跳，几千粉小画手，记得避雷\n№62 ☆☆☆。|b5f14145于2022-04-14 14:07:54留言☆☆☆\n去拉黑了","commentTime":"2022-04-14 15:22:40","commentOwner":"。。。"},{"comment":"顶一顶","commentTime":"2022-04-14 15:26:49","commentOwner":"。。。"},{"comment":"dd","commentTime":"2022-04-14 15:33:52","commentOwner":"。"},{"comment":"d?d","commentTime":"2022-04-14 15:39:43","commentOwner":"蹭尽天下鸡汤"},{"comment":"dd","commentTime":"2022-04-14 15:46:19","commentOwner":"。"},{"comment":"丁丁","commentTime":"2022-04-14 15:46:45","commentOwner":"。。。"},{"comment":"dd","commentTime":"2022-04-14 15:48:19","commentOwner":"。"},{"comment":"ddd","commentTime":"2022-04-14 15:54:28","commentOwner":"。"},{"comment":"《怎么被盗图就急了呀》","commentTime":"2022-04-14 15:54:58","commentOwner":"。"},{"comment":"排","commentTime":"2022-04-14 15:55:56","commentOwner":"，"},{"comment":"她们好丢人现眼……","commentTime":"2022-04-14 15:56:45","commentOwner":"。"},{"comment":"怕不是自己也看盗文，怕下次被抓出来当典型的时候无人为我“摇旗呐喊”呢","commentTime":"2022-04-14 16:08:45","commentOwner":"——"},{"comment":"再dd","commentTime":"2022-04-14 16:41:33","commentOwner":"蹭尽天下鸡汤"},{"comment":"本质是只关心自己的利益","commentTime":"2022-04-14 17:27:45","commentOwner":"。"},{"comment":"本质是只关心自己的利益\n№120 ☆☆☆。|2884f5f7于2022-04-14 17:27:45留言☆☆☆\n。","commentTime":"2022-04-14 17:28:15","commentOwner":"……"},{"comment":"丁丁","commentTime":"2022-04-14 17:37:08","commentOwner":"。。。"},{"comment":"正义帮顶","commentTime":"2022-04-14 17:46:18","commentOwner":"= ="},{"comment":"钉钉","commentTime":"2022-04-14 17:46:30","commentOwner":"楼主"},{"comment":"d","commentTime":"2022-04-14 17:48:09","commentOwner":"。"},{"comment":"开一个楼专门放这些避雷画手美工吧\n№96 ☆☆☆。|c4b38b8a于2022-04-14 14:32:39留言☆☆☆\n排","commentTime":"2022-04-14 17:52:18","commentOwner":"。。。。"},{"comment":"顶顶","commentTime":"2022-04-14 20:38:07","commentOwner":"。。。"},{"comment":"dd","commentTime":"2022-04-14 20:43:09","commentOwner":"。"},{"comment":"dd\n№128 ☆☆☆。|29011200于2022-04-14 20:43:09留言☆☆☆\n揽镜自照，霍","commentTime":"2022-04-14 20:43:34","commentOwner":"。"},{"comment":"dd","commentTime":"2022-04-14 20:44:00","commentOwner":"。"},{"comment":"《拿别人的东西赚钱不会觉得良心不安吗》","commentTime":"2022-04-14 20:45:28","commentOwner":"。"},{"comment":"顶顶","commentTime":"2022-04-14 20:47:05","commentOwner":"。"},{"comment":"dd","commentTime":"2022-04-14 20:47:17","commentOwner":"。"},{"comment":"晚上大家这么活跃，dd","commentTime":"2022-04-14 23:01:39","commentOwner":"。"},{"comment":"为什么别的网站能做好呀？","commentTime":"2022-04-14 23:10:58","commentOwner":"。"},{"comment":"歪个楼，这个 是画师……不是美工吧哈哈哈哈","commentTime":"2022-04-14 23:14:40","commentOwner":"。"},{"comment":"dd","commentTime":"2022-04-14 23:16:39","commentOwner":"。"},{"comment":"歪个楼，这个 是画师……不是美工吧哈哈哈哈\n№136☆☆☆。|29f246f1于2022-04-14 23:14:40留言☆☆☆\n她说自己是美工，咱不得尊重人家","commentTime":"2022-04-15 03:07:21","commentOwner":"。"},{"comment":"说真的如果有预算，我宁愿去约国外画师，至少人家版权意识比较高水平强性价比还高……\n还不那么爱输出观点……","commentTime":"2022-04-15 03:10:13","commentOwner":"^_^"},{"comment":"dd","commentTime":"2022-04-15 03:14:35","commentOwner":"= ="},{"comment":"dd","commentTime":"2022-04-15 03:15:14","commentOwner":"……"},{"comment":"哈哈哈哈哈哈哈自己的图被盗恨不得爬出屏幕把人撕了哈哈哈哈哈哈哈哈哈哈哈哈哈哈哈哈哈哈哈","commentTime":"2022-04-15 03:19:03","commentOwner":"= ="},{"comment":"还没赚钱之前因为太穷看了盗版，赚钱之后又乐滋滋的去买正版看了???，那篇文我翻来覆去看了十几遍都。","commentTime":"2022-04-15 03:21:52","commentOwner":"(???︿???)"},{"comment":"ddd","commentTime":"2022-04-15 06:44:14","commentOwner":"。"}]}