{"id":"6fc70853-3598-4e4a-93b9-0b9dd46ba77c","category":"晋江论坛→网友交流区→碧水江汀 请稍候...","postSubject":"主题：看大家都在讨论国际版的翻译问题，那之前qd的国际版有没有什么经验能看看是学习还是排雷…… [7] 【搜索关键词：排雷】","postUrl":"https://bbs.jjwxc.net/showmsg.php?board=17&keyword=%C5%C5%C0%D7&id=1725876","originalPost":"毕竟他们不是做了好几年了吗？几个顶流作者的文据说国外追读做笔记的人非常多，比如闺蜜，虽然后来也没具体了解过了…","numberOfReplies":7,"comments":[{"comment":"蹲一个","commentTime":"2022-01-19 20:30:38","commentOwner":"。"},{"comment":"蹲蹲","commentTime":"2022-01-19 20:38:44","commentOwner":"→_→"},{"comment":"蹲蹲","commentTime":"2022-01-19 20:41:01","commentOwner":"。"},{"comment":"起点是机翻＋人工校对的，根本所谓的“手工翻译”，拜托，如今都工业化时代了，还小农经济一句句自己翻译吗？（针对碧水某些言论）","commentTime":"2022-01-19 20:41:26","commentOwner":"= ="},{"comment":"就是又不是没有人\n摸着起点过河都不会吗？非要在后台弄个翻译者，窒息","commentTime":"2022-01-19 20:42:52","commentOwner":"= ="},{"comment":"反正我同意机翻+校队模式，同时开放精品翻译区，至于人工翻译，实在良莠不齐，难以保证质量","commentTime":"2022-01-19 20:42:59","commentOwner":"。"},{"comment":"我也是","commentTime":"2022-01-19 20:48:38","commentOwner":"头顶炸鸡"}]}