{"id":"7aaa9a9a-6eaf-4abf-bc6f-9811ca5004d0","category":"晋江论坛→网友交流区→碧水江汀 请稍候...","postSubject":"主题：pbc排雷，纯读者好奇，想问问咕咕们第一章或者文案排雷会影响收益吗 [4] 【搜索关键词：排雷】","postUrl":"https://bbs.jjwxc.net/showmsg.php?board=17&keyword=%C5%C5%C0%D7&id=1777061","originalPost":"rt","numberOfReplies":4,"comments":[{"comment":"会哒","commentTime":"2022-02-25 06:43:26","commentOwner":"…"},{"comment":"会【红色初号粗体加下划线】","commentTime":"2022-02-25 06:56:26","commentOwner":"。"},{"comment":"当然啊","commentTime":"2022-02-25 06:57:16","commentOwner":"。。。"},{"comment":"会也要排。能防杠精。","commentTime":"2022-02-25 07:05:50","commentOwner":"。"}]}