{"id":"1e380c90-fd29-44a1-8716-b0a4e686bef4","category":"晋江论坛→网友交流区→碧水江汀 欢迎回来：53088456  退 出","postSubject":"主题：看盗文在评论区虚假排雷举报原因选哪个 [3] 【搜索关键词：排雷】","postUrl":"https://bbs.jjwxc.net/showmsg.php?board=17&keyword=%C5%C5%C0%D7&id=1798081","originalPost":"rt","numberOfReplies":3,"comments":[{"comment":"气死了气死了","commentTime":"2022-03-12 15:37:44","commentOwner":"。"},{"comment":"虚假排雷很难删除。我之前看别人说回复零订阅，然后再投诉盗文评论比较好","commentTime":"2022-03-12 15:39:33","commentOwner":"。"},{"comment":"因为是普通用户，初级vip正在审核，我提前去后台看了一下，看完了气得头疼","commentTime":"2022-03-12 15:40:01","commentOwner":"。"}]}