{"id":"0b7ec7ce-0414-4677-be9b-aba394fc35d3","category":"晋江论坛→网友交流区→碧水江汀 欢迎回来：53088456  退 出","postSubject":"主题：男女主非c这种还需要排雷吗？感觉大家现在对c不c也不是特别在意？ [12] 【搜索关键词：排雷】","postUrl":"https://bbs.jjwxc.net/showmsg.php?board=17&keyword=%C5%C5%C0%D7&id=1949214","originalPost":"rt","numberOfReplies":12,"comments":[{"comment":"d","commentTime":"2022-06-17 15:50:00","commentOwner":"。"},{"comment":"这种看你自己吧。\n只要不是男p女c就行。","commentTime":"2022-06-17 15:51:02","commentOwner":"。"},{"comment":"什么都不需要排雷","commentTime":"2022-06-17 15:51:31","commentOwner":"。"},{"comment":"有些人会很在意，最好是排下吧。不然要是遇见不讲理的大概率帮你负分排雷","commentTime":"2022-06-17 15:54:07","commentOwner":"。"},{"comment":"什么都不需要排雷\n№3 ☆☆☆。|fd0da24b于2022-06-17 15:51:31留言☆☆☆\n。","commentTime":"2022-06-17 15:54:19","commentOwner":"。"},{"comment":"我很反感详细的排雷，凭什么作者需要解释这么多\n我一般会来一句：任意雷点者慎入","commentTime":"2022-06-17 15:55:11","commentOwner":"。"},{"comment":"最好还是说一句，避免被骂被排雷","commentTime":"2022-06-17 15:55:28","commentOwner":"，"},{"comment":"大神随便","commentTime":"2022-06-17 15:57:02","commentOwner":"。"},{"comment":"我之前有篇女非男C，没排雷，有些洁党破防了，但我无所谓，想骂就骂去吧，谁让他们不去找标着双洁双C的文看。","commentTime":"2022-06-17 15:58:24","commentOwner":"。"},{"comment":"不想写，觉得很没意思，但为了不被骂还是要写，除非那种第一章就点出来男女主有过前对象，感觉可以不用写","commentTime":"2022-06-17 15:58:47","commentOwner":"。"},{"comment":"我不在意，几乎没雷点，只要写得好，我啥都可","commentTime":"2022-06-17 16:05:16","commentOwner":"hfeye"},{"comment":"洁党挺多的……","commentTime":"2022-06-17 16:10:05","commentOwner":"！！"}]}