{"id":"04a8aafe-59fe-4eb1-97ce-2dfc15dff217","category":"晋江论坛→网友交流区→碧水江汀 欢迎回来：53088456  退 出","postSubject":"主题：你们排雷能不能上原文贴证据啊，上蹿下跳吃了好几个版本的瓜了。 [11] 【搜索关键词：排雷】","postUrl":"https://bbs.jjwxc.net/showmsg.php?board=17&keyword=%C5%C5%C0%D7&id=1941192","originalPost":"。","numberOfReplies":10,"comments":[{"comment":"<imgsrc=\"https://img.mjj.today/2022/06/12/152d5982124833dd53a42255214eb55c.jpg\" alt=\"152d5982124833dd53a42255214eb55c.jpg\" border=\"0\">\n吃瓜吃到目前唯一一个贴了的，但是也好像没有攻喂女配蛋糕和嫌弃受的内容。","commentTime":"2022-06-12 11:23:24","commentOwner":"= ="},{"comment":"srds，隔壁两个区的排雷都上了原文的，我还是前两天在xq吃到的排雷","commentTime":"2022-06-12 11:23:41","commentOwner":"= ="},{"comment":"srds，隔壁两个区的排雷都上了原文的，我还是前两天在xq吃到的排雷\n№2 ☆☆☆= =|e58fa5bc于2022-06-12 11:23:41留言☆☆☆\n姐妹给个楼号让俺看看","commentTime":"2022-06-12 11:24:09","commentOwner":"= ="},{"comment":"srds，隔壁两个区的排雷都上了原文的，我还是前两天在xq吃到的排雷\n№2 ☆☆☆= =|e58fa5bc于2022-06-12 11:23:41留言☆☆☆\n给个楼号","commentTime":"2022-06-12 11:24:55","commentOwner":"。"},{"comment":"历史引用 展开全部▼\n姐妹给个楼号让俺看看\n№3 ☆☆☆= =|fe59690b于2022-06-12 11:24:09留言☆☆☆\n有点久我也不记得了，你搜一下吧，我记得原文不是你上面说的攻喂女配，是女配给攻然后攻吃了，前面受给攻攻确实嫌弃了","commentTime":"2022-06-12 11:26:19","commentOwner":"= ="},{"comment":"历史引用 展开全部▼\n有点久我也不记得了，你搜一下吧，我记得原文不是你上面说的攻喂女配，是女配给攻然后攻吃了，前面受给攻攻确实嫌弃了\n№5 ☆☆☆= =|e58fa5bc于2022-06-12 11:26:19留言☆☆☆\n好哒谢谢姐妹!","commentTime":"2022-06-12 11:26:46","commentOwner":"= ="},{"comment":"那个要求三星道歉的贴子有原文，反正我个人觉得确实很争议","commentTime":"2022-06-12 11:28:11","commentOwner":"。"},{"comment":"贴给那些无脑站队的人看，只要你看小白甜文，你写这种文，你就是所谓“qu”，就是写“shi”的作者。\n= =|c8ecdcaf:","commentTime":"2022-06-12 11:28:45","commentOwner":"= ="},{"comment":"恰完回来了，xq3555287。\n攻吃女配咬过的蛋糕这点挺恶心。\n但是。\n其他攻喂女配是没有的，还有女配说这样亲你甜也是没有的。\n受给攻吃蛋糕那里感觉更想打情骂俏。","commentTime":"2022-06-12 11:34:41","commentOwner":"。。"},{"comment":"我感觉不会有正常读者在这种情况下还拱火一样说什么作者大大我爱你吧？","commentTime":"2022-06-12 11:37:22","commentOwner":"。。"}]}