{"id":"3295c277-5ddc-4f8d-957a-b747a8620536","category":"晋江论坛→网友交流区→碧水江汀 欢迎回来：53088456  退 出","postSubject":"主题：pbc吐黑泥 在言情文下要求排雷有无耽美是有毛病吗？ [36] 【搜索关键词：排雷】","postUrl":"https://bbs.jjwxc.net/showmsg.php?board=17&keyword=%C5%C5%C0%D7&id=1867197","originalPost":"言情ABO有几个掺耽美的？\n有几个掺了不被骂的？\n什么ky精","numberOfReplies":36,"comments":[{"comment":"还跟别的读者科普说有言情掺耽美\n没排雷就是没有\n是不是有饼","commentTime":"2022-04-25 19:32:51","commentOwner":"。"},{"comment":"啊啊啊真的麻了\n定时过来搞心态是吗明今昨天来一次今天来一次\n扑街狠狠生气了","commentTime":"2022-04-25 19:33:55","commentOwner":"。"},{"comment":"专栏都是在言情底下ky的我真的无语","commentTime":"2022-04-25 19:34:32","commentOwner":"。"},{"comment":"晋江投诉评论是有“要求作者排雷”的你知不知道啊","commentTime":"2022-04-25 19:34:58","commentOwner":"。"},{"comment":"投诉了\n真无语","commentTime":"2022-04-25 19:35:25","commentOwner":"。"},{"comment":"要这么说是不是啥都要排雷\n以后还得排雷主角都是人类\n因为也有恋物癖和人外控？","commentTime":"2022-04-25 19:35:48","commentOwner":"。"},{"comment":"总共才刚写个开头就搁这排雷问副cp男A女O还是女A男O完事来一句自己雷bl\n就是我真的不理解\n我专栏全是言情\n你觉得我写耽美吗？\n或者说你觉得我这个号和耽美有什么关系吗？","commentTime":"2022-04-25 19:37:58","commentOwner":"。"},{"comment":"冷题材自割腿肉怎么还能碰到这种人\n真的晦气","commentTime":"2022-04-25 19:38:19","commentOwner":"。"},{"comment":"啊啊啊好烦\n写冷题材就是想和小天使贴贴的！","commentTime":"2022-04-25 19:38:59","commentOwner":"。"},{"comment":"还有人给ky点赞\n我让你点赞！（挥煎蛋锅）","commentTime":"2022-04-25 19:40:23","commentOwner":"。"},{"comment":"莫名其妙找茬的要求，别理","commentTime":"2022-04-25 19:40:33","commentOwner":"= ="},{"comment":"下次你让耽美作者排雷有无bg情侣说自己雷bg呗","commentTime":"2022-04-25 19:40:40","commentOwner":"。"},{"comment":"bg癌罢了","commentTime":"2022-04-25 19:40:59","commentOwner":"= ="},{"comment":"bg癌罢了\n№13 ☆☆☆= =|db5c06e1于2022-04-25 19:40:59留言☆☆☆\nlz明显是想打腐女","commentTime":"2022-04-25 19:41:25","commentOwner":"=="},{"comment":"历史引用 展开全部▼\nlz明显是想打腐女\n№14☆☆☆==|b6eb4eef于2022-04-25 19:41:25留言☆☆☆\n？？","commentTime":"2022-04-25 19:41:49","commentOwner":"。"},{"comment":"bg癌罢了\n№13 ☆☆☆= =|db5c06e1于2022-04-25 19:40:59留言☆☆☆\n。\n替楼主窒息了","commentTime":"2022-04-25 19:41:57","commentOwner":"= ="},{"comment":"就是说\n有没有可能\n我是在骂ky精？","commentTime":"2022-04-25 19:42:06","commentOwner":"。"},{"comment":"历史引用 展开全部▼\n。\n替楼主窒息了\n№16☆☆☆= =|444b9ae0于2022-04-25 19:41:57留言☆☆☆\n。","commentTime":"2022-04-25 19:42:08","commentOwner":"= ="},{"comment":"bg癌罢了\n№13 ☆☆☆= =|db5c06e1于2022-04-25 19:40:59留言☆☆☆\n认为全世界都该围着它转的bg癌，lz还是写abo的？那遇到这种sjb太正常了，这种人就是又想看abo这个bl设定的言情，又不想看到bl，只能对着作者撒气","commentTime":"2022-04-25 19:42:10","commentOwner":"= ="},{"comment":"历史引用 展开全部▼\n认为全世界都该围着它转的bg癌，lz还是写abo的？那遇到这种sjb太正常了，这种人就是又想看abo这个bl设定的言情，又不想看到bl，只能对着作者撒气\n№19 ☆☆☆= =|db5c06e1于2022-04-25 19:42:10留言☆☆☆\n防误解，我说的也是这种找茬的读者，就是纯纯bg癌，又馋abo这个bl设定，又不想看到bl，吃着作者的饭，还要对着作者撒无名气","commentTime":"2022-04-25 19:43:19","commentOwner":"= ="},{"comment":"历史引用 展开全部▼\n防误解，我说的也是这种找茬的读者，就是纯纯bg癌，又馋abo这个bl设定，又不想看到bl，吃着作者的饭，还要对着作者撒无名气\n№20☆☆☆= =|db5c06e1于2022-04-25 19:43:19留言☆☆☆\n确实\n我看了一眼她读者页评论\n全是让作者排雷说自己雷bl\n真的ky巨婴","commentTime":"2022-04-25 19:43:58","commentOwner":"。"},{"comment":"这种人为什么还非要找abo看","commentTime":"2022-04-25 19:45:00","commentOwner":"= ="},{"comment":"有没有可能作者没排雷\n是因为真的没什么可排雷呢\n上次碰到姐弟恋让我排雷\n这次碰到bl让我排雷\n我真的搞不懂部分读者\n明明写了年龄说明是男大女\n暗示了身高是女A男O\n还ky？还ky？是不是写女A男O的hyb搞人心态啊我真的不理解","commentTime":"2022-04-25 19:46:24","commentOwner":"。"},{"comment":"这种人为什么还非要找abo看\n№22☆☆☆= =|1beee2ef于2022-04-25 19:45:00留言☆☆☆\n她收藏订阅全是女a男o\n我都怀疑她写这个题材了","commentTime":"2022-04-25 19:46:44","commentOwner":"。"},{"comment":"我道歉，之前遇到过鸽子因为写二言结果评论区被人骂麦麸，于是在bs开帖骂腐癌的。\n看到lz说让人去耽美下面要求作者排雷bg，就敏感了一些。\n因为我不能理解那人既然激凸到会要求bg文必须排雷没有bl，为什么会看耽美","commentTime":"2022-04-25 19:47:30","commentOwner":"=="},{"comment":"历史引用 展开全部▼\n确实\n我看了一眼她读者页评论\n全是让作者排雷说自己雷bl\n真的ky巨婴\n№21 ☆☆☆。|710c2898于2022-04-25 19:43:58留言☆☆☆\n别理这种人了，越理她越来劲，这种人就是知道自己馋的是bl的设定，但又讨厌bl，类比一下就是看上别人东西，但又讨厌这个人，即使买了同款，别人稍微一提这个东西还是会炸，即使对方没有提那个人，认为对方在说自己学人精，本质就是心虚，你不理她都还好，你要是理她，她直接炸给你看，说你果然是想bg掺腐，这种人就不能理，这种事我有血泪经验，说多了都是泪","commentTime":"2022-04-25 19:47:33","commentOwner":"= ="},{"comment":"我道歉，之前遇到过鸽子因为写二言结果评论区被人骂麦麸，于是在bs开帖骂腐癌的。\n看到lz说让人去耽美下面要求作者排雷bg，就敏感了一些。\n因为我不能理解那人既然激凸到会要求bg文必须排雷没有bl，为什么会看耽美\n№25☆☆☆==|b6eb4eef于2022-04-25 19:47:30留言☆☆☆\n我只是举那个例子\n因为bl里多少会有bg\n所以举例说她排雷要求很离谱","commentTime":"2022-04-25 19:49:35","commentOwner":"。"},{"comment":"（父母或者路人啥的，全员bl非ABO我也见过有人排雷）","commentTime":"2022-04-25 19:50:01","commentOwner":"。"},{"comment":"算了她收藏我了\n我可以原谅","commentTime":"2022-04-25 19:50:55","commentOwner":"。"},{"comment":"她好奇怪啊 我也是bg癌，但我根本不看abo 女a男o算什么bg？一点都不清真","commentTime":"2022-04-25 19:51:51","commentOwner":"= ="},{"comment":"她好奇怪啊 我也是bg癌，但我根本不看abo 女a男o算什么bg？一点都不清真\n№30☆☆☆= =|f901d16d于2022-04-25 19:51:51留言☆☆☆\n她爱看gb就是说","commentTime":"2022-04-25 19:52:43","commentOwner":"。"},{"comment":"算了她收藏我了\n我可以原谅\n№29 ☆☆☆。|710c2898于2022-04-25 19:50:55留言☆☆☆\n哈哈哈哈哈，就很真实","commentTime":"2022-04-25 19:53:37","commentOwner":"= ="},{"comment":"PBC啥意思……","commentTime":"2022-04-25 19:53:40","commentOwner":"星雾"},{"comment":"PBC啥意思……\n№33☆☆☆星雾|56de8eaa于2022-04-25 19:53:40留言☆☆☆\n屏蔽词","commentTime":"2022-04-25 19:54:20","commentOwner":"。"},{"comment":"可恶为什么我待高审了","commentTime":"2022-04-25 19:54:47","commentOwner":"。"},{"comment":"历史引用 展开全部▼\n哈哈哈哈哈，就很真实\n№32☆☆☆= =|444b9ae0于2022-04-25 19:53:37留言☆☆☆\n（扑通滑跪","commentTime":"2022-04-25 19:55:05","commentOwner":"。"}]}