{"id":"b3710a36-aaad-4bbc-a551-6723fec11820","category":"晋江论坛→网友交流区→碧水江汀 请稍候...","postSubject":"主题：我自己微博关注了一个作者（对方没关注我），还有我的读者到我微博下面排雷我追的作者……无语 [21] 【搜索关键词：排雷】","postUrl":"https://bbs.jjwxc.net/showmsg.php?board=17&keyword=%C5%C5%C0%D7&id=1675451","originalPost":"就大概我单方面关注了作者A。\n我是成绩比我关注的作者A看起来好一点，但A写文早又不在乎成绩，现在都不在jj了，也是我的启蒙+少女时期挚爱，甚至我写文都是因为对方挖坑不填。我本来也就是对那个作者的文和一部分的微博比较喜欢，她说的话我也有不认同的，但我无所谓，毕竟我就是个读者。\n然后我的读者，就在我转发A的某些微博的时候（纯hhhh那种微博），跟我排雷，说：A写过不干净的男主，A挂过读者，A还故意写雷文，A长得不好看，大大你怎么能关注A这种人呢，而且A甚至都没回关你，你还转发她！\n我一整个无语。\nA是写过好多雷文，但也没抄袭或者rp有问题。而且我是特别杂食，雷就雷，喂shi就喂shi，我难受了也就不看了，不会天天到处喊。而且我对与很多雷都是抱着进大观园的心情看热闹的。\n我直接回了一句自己读者一句：\n“因为我当读者的时候，只是看文，不爱瞎管作者的闲事。”","numberOfReplies":21,"comments":[{"comment":"fpb\n就大概我单方面关注了作者A。\n我是成绩比我关注的作者A看起来好一点，但A写文早又不在乎成绩，现在都不在jj了，也是我的启蒙+少女时期挚爱，甚至我写文都是因为对方挖坑不填。我本来也就是对那个作者的文和一部分的微博比较喜欢，她说的话我也有不认同的，但我无所谓，毕竟我就是个读者。\n然后我的读者，就在我转发A的某些微博的时候（纯hhhh那种微博），跟我排雷，说：A写过不干净的男主，A挂过读者，A还故意写雷文，A长得不好看，大大你怎么能关注A这种人呢，而且A甚至都没回关你，你还转发她！\n我一整个无语。\nA是写过好多雷文，但也没抄袭或者rp有问题。而且我是特别杂食，雷就雷，喂shi就喂shi，我难受了也就不看了，不会天天到处喊。而且我对与很多雷都是抱着进大观园的心情看热闹的。\n我直接回了一句自己读者一句：\n“因为我当读者的时候，只是看文，不爱瞎管作者的闲事。”","commentTime":"2021-12-13 21:32:55","commentOwner":"euhu"},{"comment":"小明的爷爷活到九十九，我觉得你说的没错","commentTime":"2021-12-13 21:34:00","commentOwner":"＝＝"},{"comment":"不干净的男主emmmm，这个语气很难不让人怀疑是dbj","commentTime":"2021-12-13 21:34:04","commentOwner":"。"},{"comment":"管得好宽……","commentTime":"2021-12-13 21:34:12","commentOwner":"。"},{"comment":"爽到了！（但是咕咕小心被挂","commentTime":"2021-12-13 21:35:00","commentOwner":"= ="},{"comment":"让她晒订阅图！\n这种比比的，一般都是盗文狗。","commentTime":"2021-12-13 21:35:06","commentOwner":"=="},{"comment":"小明的爷爷活到九十九，我觉得你说的没错\n№2 ☆☆☆＝＝|bb61ec35于2021-12-13 21:34:00留言☆☆☆\n。","commentTime":"2021-12-13 21:35:24","commentOwner":"。"},{"comment":"你的发言我喜欢，你的私信记得关……挺佩服楼主的，如果是我的话大概没这个胆子去回，估计直接无视了，卑微码字工","commentTime":"2021-12-13 21:36:22","commentOwner":"= ="},{"comment":"虽然很赞同楼主的观点（看文不管闲事）。但是你读者的发言一看就很小心眼，被惦记上了怎么办，估计要连你一起排雷。","commentTime":"2021-12-13 21:38:20","commentOwner":"。"},{"comment":"楼主好勇，爱了","commentTime":"2021-12-13 21:38:24","commentOwner":"=="},{"comment":"虽然很赞同楼主的观点（看文不管闲事）。但是你读者的发言一看就很小心眼，被惦记上了怎么办，估计要连你一起排雷。\n№9 ☆☆☆。|77f644a9于2021-12-13 21:38:20留言☆☆☆\n我倒觉得被排雷是好事……这太疯了，要这样的读者干嘛","commentTime":"2021-12-13 21:40:25","commentOwner":"。"},{"comment":"啥玩意啊？太平洋jc吗？管这么宽，而且好没礼貌，disa别人的喜好干什么","commentTime":"2021-12-13 21:41:11","commentOwner":"= ="},{"comment":"虽然很赞同楼主的观点（看文不管闲事）。但是你读者的发言一看就很小心眼，被惦记上了怎么办，估计要连你一起排雷。\n№9☆☆☆。|77f644a9于2021-12-13 21:38:20留言☆☆☆\n我都被挂习惯了。上次因为我评论区有人骂脏话，大概就是1L正常评论，2L阴阳怪气，3L突然一个陌生人开始骂2L脏话，我看到就很生气，就说“不要在我评论区骂脏话”，但我回评论的时候2L以更脏的语气回骂了3L，我的评论就接在2L的回骂之后了。2L就以为我在凶她，开始发疯说我拉偏架，说我不针对3L只针对她的回嘴。然后开始分析3L的id一看就是xdz，我不管xdz骂人只管她骂人我也是xdz，然后闹腾了好久，到处拿着截图挂我……\n从此之后我就无所谓了哈哈哈哈哈","commentTime":"2021-12-13 21:44:29","commentOwner":"不"},{"comment":"笑死我了这什么读者啊，离大谱","commentTime":"2021-12-13 21:48:20","commentOwner":"。。"},{"comment":"太可怕了现在，zheng审都没这么严格吧","commentTime":"2021-12-13 21:49:01","commentOwner":"。"},{"comment":"上次我读者弃文，说因为发现我和某某是基友，基友的攻戏弄过受，她不喜欢，我们能来往说明我认同基友的观点，对我很失望，还特意给后人科普这事排雷我来着。","commentTime":"2021-12-13 23:22:32","commentOwner":"=="},{"comment":"我喜欢的作者都是很多读者口中的天雷文作者、什么看到作者名就绕道的那种，我也经常转他们、点赞微博什么的\n管读者怎么说呢，要是我看个文还要听人摆布，这么低三下气的做人，还不如死了算了","commentTime":"2021-12-13 23:25:05","commentOwner":"= ="},{"comment":"太可怕了现在，zheng审都没这么严格吧\n№15 ☆☆☆。|a99607fd于2021-12-13 21:49:01留言☆☆☆\n哈哈哈哈哈哈救命，看到你这句忍不住笑了，真的是","commentTime":"2021-12-13 23:27:19","commentOwner":"今天失灵了吗"},{"comment":"上次我读者弃文，说因为发现我和某某是基友，基友的攻戏弄过受，她不喜欢，我们能来往说明我认同基友的观点，对我很失望，还特意给后人科普这事排雷我来着。\n№16 ☆☆☆==|130daca5?于2021-12-13 23:22:32留言☆☆☆\n这种我也见过。隔壁不就经常会开那种XX和XXX是基友的避雷贴吗？","commentTime":"2021-12-13 23:27:53","commentOwner":"euhu"},{"comment":"历史引用 展开全部▼\n这种我也见过。隔壁不就经常会开那种XX和XXX是基友的避雷贴吗？\n№19 ☆☆☆euhu|da796f88于2021-12-13 23:27:53留言☆☆☆\n这种真的恶心","commentTime":"2021-12-13 23:31:15","commentOwner":"。"},{"comment":"都是世界jc","commentTime":"2021-12-13 23:33:14","commentOwner":"。"}]}