{"id":"184e328f-abda-403f-9700-0d09b7e4b957","category":"晋江论坛→网友交流区→碧水江汀 请稍候...","postSubject":"主题：读者因为六七年前老文免费章里的臆想排雷刷负分避雷我，并威胁我绝对不看我的新文并且要到处挂我广而告之。 [9] 【搜索关键词：排雷】","postUrl":"https://bbs.jjwxc.net/showmsg.php?board=17&keyword=%C5%C5%C0%D7&id=1710922","originalPost":"这？","numberOfReplies":9,"comments":[{"comment":"以及为什么长按评论没有投诉选项了？","commentTime":"2022-01-09 18:37:37","commentOwner":"。"},{"comment":"别理她","commentTime":"2022-01-09 18:37:38","commentOwner":"。"},{"comment":"………………好恶心","commentTime":"2022-01-09 18:38:18","commentOwner":"。"},{"comment":"未必是读者","commentTime":"2022-01-09 18:40:25","commentOwner":"。"},{"comment":"先投诉，然后看看后期会不会和造谣或者名誉权之类的哪个挂钩。","commentTime":"2022-01-09 18:45:25","commentOwner":"。"},{"comment":"这个不是读者","commentTime":"2022-01-09 18:48:18","commentOwner":"两只咕咕爱跳舞"},{"comment":"我看了眼这个读者后台，评论每一条都是这种满是恶意的排雷，例如“这作者的攻巴拉巴拉，这作者写过巴拉巴拉”然后一通威胁排雷广而告之警告","commentTime":"2022-01-09 18:53:13","commentOwner":"。"},{"comment":"而且这个读者嘴非常臭","commentTime":"2022-01-09 18:55:04","commentOwner":"。"},{"comment":"先投诉，然后看看后期会不会和造谣或者名誉权之类的哪个挂钩。\n№5 ☆☆☆。|1dde72a8于2022-01-09 18:45:25留言☆☆☆\n投诉不了，他显示投诉过多被折叠了，长按没有投诉选项了","commentTime":"2022-01-09 18:55:33","commentOwner":"。"}]}