{"id":"96a37ca1-575b-405b-8e12-fc1f4c2092b9","category":"晋江论坛→网友交流区→碧水江汀 请稍候...","postSubject":"主题：自用哭哭楼，排雷精真的好讨厌！ [19] 【搜索关键词：排雷】","postUrl":"https://bbs.jjwxc.net/showmsg.php?board=17&keyword=%C5%C5%C0%D7&id=1687952","originalPost":"每当我遇到排雷精，我就来哭一哭。\n呜呜呜呜呜哇哇哇哇哇哇……","numberOfReplies":19,"comments":[{"comment":"排雷精，希望这盛世的三观，如你所愿","commentTime":"2021-12-22 21:34:24","commentOwner":"野马噔噔子"},{"comment":"……总比有些人踩雷骂你好？","commentTime":"2021-12-22 21:35:00","commentOwner":"。"},{"comment":"倒是用作者号发帖啊","commentTime":"2021-12-22 21:35:24","commentOwner":"。"},{"comment":"倒是用作者号发帖啊\n№3 ☆☆☆。|6d01e103于2021-12-22 21:35:24留言☆☆☆\n？这都要管？","commentTime":"2021-12-22 21:35:53","commentOwner":"鸽头"},{"comment":"解个码嘛","commentTime":"2021-12-22 21:36:07","commentOwner":"。"},{"comment":"历史引用 展开全部▼\n？这都要管？\n№4 ☆☆☆鸽头|2b023c2e于2021-12-22 21:35:53留言☆☆☆\n那又贷款呢？","commentTime":"2021-12-22 21:36:41","commentOwner":"。"},{"comment":"emmmm排雷咋了？劝退雷的人，不雷的人也劝不走啊，不然读者踩雷了还有反过来留脚印呢\n啊，除非那个人虚假排雷了","commentTime":"2021-12-22 21:38:14","commentOwner":"。"},{"comment":"啊，题目上写了本帖自用。\n而且是dw读者在第一章虚假排雷。\n要上作者号才能来哭吗？","commentTime":"2021-12-22 22:09:02","commentOwner":"野马噔噔子"},{"comment":"…… 楼主真倒霉，偏偏这个时间段碰上了sjb","commentTime":"2021-12-22 22:09:55","commentOwner":"。。"},{"comment":"抱歉，题目写了自用。\n所以我就没把来龙去脉写清楚。\n不哭了，我去码字。","commentTime":"2021-12-22 22:10:07","commentOwner":"野马噔噔子"},{"comment":"…… 楼主真倒霉，偏偏这个时间段碰上了sjb\n№9 ☆☆☆。。|17fc92ba于2021-12-22 22:09:55留言☆☆☆\n包括且不限于标题上说的排雷精哦","commentTime":"2021-12-22 22:10:20","commentOwner":"。。"},{"comment":"前排那两个人是有那个什么病吗，楼主说自用了还是哭哭楼，遇到让自己不开心的事还不能自己难受一会儿了，你们在这里叭叭叭什么呢","commentTime":"2021-12-22 22:13:02","commentOwner":"。"},{"comment":"摸摸楼主，别看评论了先，做点放松的事","commentTime":"2021-12-22 22:14:15","commentOwner":"。"},{"comment":"倒是用作者号发帖啊\n№3 ☆☆☆。|6d01e103于2021-12-22 21:35:24留言☆☆☆\n你家住海边？自用你都要来管管，bs你家开的？","commentTime":"2021-12-22 22:14:34","commentOwner":"。"},{"comment":"我也不喜欢，哎","commentTime":"2021-12-22 22:14:58","commentOwner":"123"},{"comment":"历史引用 展开全部▼\n你家住海边？自用你都要来管管，bs你家开的？\n№14 ☆☆☆。|549fa642于2021-12-22 22:14:34留言☆☆☆\n太平洋在她肚子里只占了1/10的位置\n宽的很，楼主打喷嚏都要质问楼主为什么不等她死了再打","commentTime":"2021-12-22 22:15:24","commentOwner":"。。"},{"comment":"不过他们对我算宽容了，给的两分，我还能回来悄悄摸摸的删掉","commentTime":"2021-12-22 22:15:29","commentOwner":"123"},{"comment":"解个码嘛\n№5☆☆☆。|6d01e103于2021-12-22 21:36:07留言☆☆☆\n避雷精又来了？这么仇视作者你别看小说了好不好啊？","commentTime":"2021-12-22 22:16:12","commentOwner":"。"},{"comment":"理解你，今天被挑刺的打了好几个负分，看了看他专栏，只给我打了，还换了用户名，不知道是同榜还是随意发泄的人，真的一晚上都在想为什么针对我，明明没有写他说的那些，真的从评论到昵称一看就是来找茬的","commentTime":"2021-12-22 22:19:58","commentOwner":"。"}]}