{"id":"8a55af63-dcf0-498e-a455-537a7d2a377a","category":"晋江论坛→网友交流区→碧水江汀 欢迎回来：53088456  退 出","postSubject":"主题：排雷:纯消遣不入流小说，特别肤浅，不建议在此讨论“i女厌女”等严肃话题 [9] 【搜索关键词：排雷】","postUrl":"https://bbs.jjwxc.net/showmsg.php?board=17&keyword=%C5%C5%C0%D7&id=1919895","originalPost":"这样写会不会被挂？","numberOfReplies":9,"comments":[{"comment":"会","commentTime":"2022-05-28 22:18:43","commentOwner":"=="},{"comment":"dbj看到可能就会……嗯","commentTime":"2022-05-28 22:18:49","commentOwner":"。"},{"comment":"会，别沾，别给她们眼神","commentTime":"2022-05-28 22:18:53","commentOwner":"。"},{"comment":"会，她们可能更兴奋了","commentTime":"2022-05-28 22:19:05","commentOwner":"。"},{"comment":"你这样反而会吸引一些不该来的人","commentTime":"2022-05-28 22:19:07","commentOwner":"。"},{"comment":"你这样反而会吸引一些不该来的人\n№5 ☆☆☆。|3f94ced9于2022-05-28 22:19:07留言☆☆☆\n那种“你不让讨论，反而说明有问题”的","commentTime":"2022-05-28 22:19:41","commentOwner":"。"},{"comment":"我也想这样标，实在被烦死了。我都不知道被打成精神男人多少次了giao。\n我完全没有那种倾向啊，我现实中根本不喜欢男人啊。。我真的会谢。","commentTime":"2022-05-28 22:19:52","commentOwner":"。"},{"comment":"八成会引雷。爱冲的那群就更理直气壮来冲了","commentTime":"2022-05-28 22:22:55","commentOwner":"。"},{"comment":"会，建议别。\n这种嘴上说是爱女实则精神厌女的，你一标，就成她们眼中靶子。\n她们思想很极端的，很疯的。","commentTime":"2022-05-28 22:23:29","commentOwner":"= ="}]}