{"id":"215bdf63-5e6d-4e2e-b790-597857101124","category":"晋江论坛→网友交流区→碧水江汀 欢迎回来：53088456  退 出","postSubject":"主题：求助 主角有身体残疾需要文案排雷吗 [7] 【搜索关键词：排雷】","postUrl":"https://bbs.jjwxc.net/showmsg.php?board=17&keyword=%C5%C5%C0%D7&id=1853247","originalPost":"是幻蛋，肢体残缺但不影响日常生活，本来是想作为一个伏笔后期再写出来的，但这样会不会雷","numberOfReplies":7,"comments":[{"comment":"我排了，但是我的是影响生活的那种","commentTime":"2022-04-17 09:20:02","commentOwner":"=="},{"comment":"还是排雷吧，伏笔太长了","commentTime":"2022-04-17 09:20:16","commentOwner":"。"},{"comment":"肢体残缺是开局就残还是后面才？\n如果本来没事后来残缺了可能有点毒，但人设设定一开始就这样可以接受","commentTime":"2022-04-17 09:27:16","commentOwner":"。"},{"comment":"肢体残缺是开局就残还是后面才？\n如果本来没事后来残缺了可能有点毒，但人设设定一开始就这样可以接受\n№3 ☆☆☆。|f1247bf1于2022-04-17 09:27:16留言☆☆☆\n开局就残，只是后面才会点明","commentTime":"2022-04-17 09:30:36","commentOwner":"。"},{"comment":"排雷吧，不太喜欢主角残疾的文","commentTime":"2022-04-17 09:31:40","commentOwner":"。"},{"comment":"那或许可以在文案里写一个和残有关的糖点小剧场中和一下\n但有一说一，主角残疾会错失很多读者","commentTime":"2022-04-17 09:31:59","commentOwner":"。"},{"comment":"那或许可以在文案里写一个和残有关的糖点小剧场中和一下\n但有一说一，主角残疾会错失很多读者\n№6 ☆☆☆。|f1247bf1于2022-04-17 09:31:59留言☆☆☆\n好～的，谢谢咕咕","commentTime":"2022-04-17 09:34:09","commentOwner":"。"}]}