{"id":"3d4f0cb4-21e0-4ea2-8ef9-8225e324c234","category":"晋江论坛→网友交流区→碧水江汀 请稍候...","postSubject":"主题：又来个在第一章排雷的 [2] 【搜索关键词：排雷】","postUrl":"https://bbs.jjwxc.net/showmsg.php?board=17&keyword=%C5%C5%C0%D7&id=1824374","originalPost":"一查果然是订阅0%，每次都是这样","numberOfReplies":2,"comments":[{"comment":"你刚上夹子吗？","commentTime":"2022-03-30 14:21:46","commentOwner":"咘咘"},{"comment":"你刚上夹子吗？\n№1 ☆☆☆咘咘|d9c525cf于2022-03-30 14:21:46留言☆☆☆\n下夹子很久了","commentTime":"2022-03-30 14:23:02","commentOwner":"。"}]}