{"id":"32ee66bf-9aec-427b-b8bf-b7caea12075f","category":"晋江论坛→网友交流区→碧水江汀 请稍候...","postSubject":"主题：有个读者一直第一章打负分，零分排雷，弄话题楼，在所有评论底下都回复别看，还一直举报章节和文章，像疯子一样，该怎么办？ [11] 【搜索关键词：排雷】","postUrl":"https://bbs.jjwxc.net/showmsg.php?board=17&keyword=%C5%C5%C0%D7&id=1780256","originalPost":"如题，举报也举报不掉，换个号继续来，怀疑她有病，改怎么办？","numberOfReplies":11,"comments":[{"comment":"我碰上这种偏执狂的话，就只能考虑关评论了。或者你私信一下管理员，叫帮忙处理一下。","commentTime":"2022-02-27 21:00:05","commentOwner":"。"},{"comment":"不如问问编辑","commentTime":"2022-02-27 21:01:40","commentOwner":"一颗小白杨"},{"comment":"恶意负分举报不掉吗？或者你选其他，填写一下理由呢？","commentTime":"2022-02-27 21:02:40","commentOwner":"。"},{"comment":"打客服电话","commentTime":"2022-02-27 21:02:52","commentOwner":"= ="},{"comment":"搞不过的话建议无视","commentTime":"2022-02-27 21:03:34","commentOwner":"……"},{"comment":"换号无所谓，7天内投诉删除100条之后自动开启作者管理权限。","commentTime":"2022-02-27 21:06:38","commentOwner":"。"},{"comment":"看看是不是谁的小号","commentTime":"2022-02-27 21:07:23","commentOwner":"。"},{"comment":"站短管理员，最上面那个，会回复你要怎么投诉。","commentTime":"2022-02-27 21:07:42","commentOwner":"。"},{"comment":"站短写清楚是恶意负分刷屏，影响正常读者权益。","commentTime":"2022-02-27 21:08:39","commentOwner":"。"},{"comment":"你投诉看看能不能投诉掉，投诉不掉打客服电话试试，站短管理员可能要很久才回复。我也被首章排雷了，它顶着排雷两个字在评论区，投诉了十几遍投诉不掉","commentTime":"2022-02-27 21:09:20","commentOwner":"= ="},{"comment":"你投诉看看能不能投诉掉，投诉不掉打客服电话试试，站短管理员可能要很久才回复。我也被首章排雷了，它顶着排雷两个字在评论区，投诉了十几遍投诉不掉\n№10 ☆☆☆= =|a10a8cac于2022-02-27 21:09:20留言☆☆☆\n投诉盗文剧透看看","commentTime":"2022-02-27 21:09:45","commentOwner":"。"}]}