{"id":"a19a71eb-cf17-4bb5-84be-3efedf6bd09d","category":"晋江论坛→网友交流区→碧水江汀 欢迎回来：53088456  退 出","postSubject":"主题：笔杆，金庸要是现在来写网文会被很多人排雷拉黑一条龙吗 [57] 【搜索关键词：排雷】","postUrl":"https://bbs.jjwxc.net/showmsg.php?board=17&keyword=%C5%C5%C0%D7&id=1682256","originalPost":"仔细想了想\n他写了小龙女被玷/污\n杨过断臂\n乔峰（萧峰）误杀阿朱\n还有雪山飞狐开放式结局\n碧血剑袁承志手下大军败光，做出的努力竹篮打水一场空\n放到现在 这些都是应该被排雷的程度\n但是虽然有好多意难平，我看他的作品时只感受到了酣畅淋漓","numberOfReplies":56,"comments":[{"comment":"仔细想了想\n他写了小龙女被玷/污\n杨过断臂\n乔峰（萧峰）误杀阿朱\n还有雪山飞狐开放式结局\n碧血剑袁承志手下大军败光，做出的努力竹篮打水一场空\n放到现在 这些都是应该被排雷的程度\n但是虽然有好多意难平，我看他的作品时只感受到了酣畅淋漓\n№0 ☆☆☆。。|e3e397e1于2021-12-18 18:35:29留言☆☆☆\nfpb","commentTime":"2021-12-18 18:35:39","commentOwner":"。。"},{"comment":"会\n但写得好该看的还是会看","commentTime":"2021-12-18 18:36:18","commentOwner":"= ="},{"comment":"但是你得注意他就算是网文也肯定是男频，不会在晋江……","commentTime":"2021-12-18 18:36:52","commentOwner":"。"},{"comment":"但是你得注意他就算是网文也肯定是男频，不会在晋江……\n№3 ☆☆☆。|bb5f811c于2021-12-18 18:36:52留言☆☆☆\n。","commentTime":"2021-12-18 18:36:58","commentOwner":"。"},{"comment":"不看评论可解，只要不被举报锁文。","commentTime":"2021-12-18 18:37:06","commentOwner":"= ="},{"comment":"但是你得注意他就算是网文也肯定是男频，不会在晋江……\n№3 ☆☆☆。|bb5f811c于2021-12-18 18:36:52留言☆☆☆\n。","commentTime":"2021-12-18 18:37:29","commentOwner":"。。"},{"comment":"会，现在杠精很多，杠精都想要改变世界","commentTime":"2021-12-18 18:37:39","commentOwner":"。。"},{"comment":"但是你得注意他就算是网文也肯定是男频，不会在晋江……\n№3 ☆☆☆。|bb5f811c于2021-12-18 18:36:52留言☆☆☆\n确实\n那边排雷习惯也许没我们这里浓？\n但是我记得写死女配or女主遭玷/污评论区也会腥风血雨吧，那边党/争好像挺厉害的","commentTime":"2021-12-18 18:38:22","commentOwner":"。。"},{"comment":"红楼都会被排雷好不好？“各种隐喻，怪力乱神，屁股不正。男主非C，涉嫌买股，全员BE，重男轻女，还有男男情节。最重要的是作者坑品极差，还找枪代笔”","commentTime":"2021-12-18 18:41:57","commentOwner":"=="},{"comment":"也有可能不会，因为出不了头\n那年头车马很慢，人看一封信可以期待半年（等下一篇）\n杂志也是按周出的\n现在作者日更一万读者才看得见，男频更卷呢\n你确定写这种内容，他还有读者？","commentTime":"2021-12-18 18:42:25","commentOwner":"——"},{"comment":"金庸这种能力，在哪个年代都会写出最符合当时热点的文\n最多惹几个红眼病而已\n不耽误别人成现象级白金大神","commentTime":"2021-12-18 18:43:59","commentOwner":"=="},{"comment":"这个问题没法比吧……现在网文好多还是金老的套路，没有他可能网文格局都会变化很大，根本不能把文章照搬到今天评论","commentTime":"2021-12-18 18:46:06","commentOwner":"。"},{"comment":"虽然时势造英雄，但他确实是开创性的，拿来类比排雷名气能不能出名……眼界也太低了","commentTime":"2021-12-18 18:47:02","commentOwner":"。"},{"comment":"这么说的话，哈利波特bg里掺杂bl，估计也是要被排雷的","commentTime":"2021-12-18 18:48:03","commentOwner":"。"},{"comment":"纸书比较注重狗血，没有狗血出版没人看，但是虽然雷了一点，情绪内核其实是很切中卖点的呀，比如黄蓉的人设，现在苦言也有这样的人设","commentTime":"2021-12-18 18:49:41","commentOwner":"=="},{"comment":"虽然时势造英雄，但他确实是开创性的，拿来类比排雷名气能不能出名……眼界也太低了\n№13 ☆☆☆。|ce56de8b于2021-12-18 18:47:02留言☆☆☆\n我的意思是，按现在排雷的标准，他这种级别的作品如果到现在多半也得被排雷，觉得略讽刺…","commentTime":"2021-12-18 18:49:46","commentOwner":"。。"},{"comment":"也有可能不会，因为出不了头\n那年头车马很慢，人看一封信可以期待半年（等下一篇）\n杂志也是按周出的\n现在作者日更一万读者才看得见，男频更卷呢\n你确定写这种内容，他还有读者？\n№10 ☆☆☆——|0533027d于2021-12-18 18:42:25留言☆☆☆\n还有一个问题是这样的\n金庸当年的武侠在当时算是开创性内容\n那时候就是没有，他第一个写 而且当时仙侠什么的好像也没有？至少没有现在这么高级，所以他内容是让人眼前一亮的\n你换到现在，大家内容更新颖，他写的东西就不够看了，比如现在有没有武侠写的好的作者？也有。但是出头就特别难\n然后你试试组合主楼内容写\n那就真的没人看","commentTime":"2021-12-18 18:50:57","commentOwner":"——"},{"comment":"过去的文在现在会么样简直是周经贴，能不能清醒一点，文是不受社会环境影响直接凭空出现的吗，说来就来","commentTime":"2021-12-18 18:51:05","commentOwner":"=="},{"comment":"楼里某些人别碰瓷好不好","commentTime":"2021-12-18 18:53:01","commentOwner":"。"},{"comment":"历史引用 展开全部▼\n还有一个问题是这样的\n金庸当年的武侠在当时算是开创性内容\n那时候就是没有，他第一个写 而且当时仙侠什么的好像也没有？至少没有现在这么高级，所以他内容是让人眼前一亮的\n你换到现在，大家内容更新颖，他写的东西就不够看了，比如现在有没有武侠写的好的作者？也有。但是出头就特别难\n然后你试试组合主楼内容写\n那就真的没人看\n№18 ☆☆☆——|0533027d于2021-12-18 18:50:57留言☆☆☆\n……？","commentTime":"2021-12-18 18:54:09","commentOwner":"。。"},{"comment":"排雷又怎么样？排雷拉黑会耽误他的出名吗？不要把自己的垃圾归类于读者的排雷拉黑。","commentTime":"2021-12-18 18:54:25","commentOwner":"……"},{"comment":"排雷又怎么样？排雷拉黑会耽误他的出名吗？不要把自己的垃圾归类于读者的排雷拉黑。\n№22 ☆☆☆……|e270b265于2021-12-18 18:54:25留言☆☆☆\n而且红楼当时写的时候就有隐喻吧，是现在流水线网文能比？","commentTime":"2021-12-18 18:55:53","commentOwner":"……"},{"comment":"金庸没人看简直是笑话，现在飞雪连天射白鹿笑书神侠倚碧鸳都不断有人看\n另外，金庸活在现在就会吸收现在的知识和热点\n不会写的还是几十年前的文\n人家的学习能力笔力在那里\n在这儿假设人家刻舟求剑你搞不搞笑啊？","commentTime":"2021-12-18 18:57:00","commentOwner":"=="},{"comment":"历史引用 展开全部▼\n而且红楼当时写的时候就有隐喻吧，是现在流水线网文能比？\n№23 ☆☆☆……|e270b265于2021-12-18 18:55:53留言☆☆☆\n网文写都不能写，当然没法比：）","commentTime":"2021-12-18 18:57:50","commentOwner":"。"},{"comment":"首先，笔力足够强大的作者圆雷点的能力比普通作者要强太多，一个雷点一般作者写出来可能是雷，可能是shi，但牛逼作者写出来会让人心服口服\n再者，最爱出警作者的达芬奇那帮人不看男频，“治不了男人我还治不了你”，只打女作者不打男作者，所以大概率不会被排雷","commentTime":"2021-12-18 19:04:29","commentOwner":"= ="},{"comment":"但是好看啊，好看破一切","commentTime":"2021-12-18 19:04:57","commentOwner":"。"},{"comment":"估计会小众冷门火起来\n有死忠粉读者的那种\n然后影视改编大热 彻底爆红\n毕竟他重质量","commentTime":"2021-12-18 19:16:08","commentOwner":"=="},{"comment":"如果是现在的晋江，金庸估计会因为抄袭借梗被撕，继而无数人塌房","commentTime":"2021-12-18 19:19:45","commentOwner":"。"},{"comment":"所以我觉得三观党撕来撕去排雷来排雷去更挤压创作环境…文下排雷一两条很正常但最近看到好多大面积刷的啊，还有虚假排雷更不用说了\n，，，大概是现在大家看文都图一乐不肯吃到一点不合自己口味的东西","commentTime":"2021-12-18 19:29:36","commentOwner":"。。"},{"comment":"我觉得可能会粉多黑多，xfxy","commentTime":"2021-12-18 19:34:04","commentOwner":"= ="},{"comment":"人家水平够，作品好看足够我无视很多雷点。\n但jj的文没有一本值得我无视雷点。\n就像名著作者一堆雷点，但不妨碍人家文章好，而现在网文作家有雷直接再也不见","commentTime":"2021-12-18 19:35:41","commentOwner":"= ="},{"comment":"人家水平够，作品好看足够我无视很多雷点。\n但jj的文没有一本值得我无视雷点。\n就像名著作者一堆雷点，但不妨碍人家文章好，而现在网文作家有雷直接再也不见\n№32 ☆☆☆= =|520f6811于2021-12-18 19:35:41留言☆☆☆\n是的。人家的作品是汪洋大海，雷点在他们面前顶多算是门前的小水洼，我跨过小水洼就能见识到大海，我为何不跨呢？而现在的很多网文本身水平就是水洼，我跨过水洼还只能见到水洼，我为何要跨呢？","commentTime":"2021-12-18 19:41:01","commentOwner":"……"},{"comment":"呃，我只想说，有些网文作者不要登月碰瓷……","commentTime":"2021-12-18 19:42:37","commentOwner":"= ="},{"comment":"历史引用 展开全部▼\n还有一个问题是这样的\n金庸当年的武侠在当时算是开创性内容\n那时候就是没有，他第一个写 而且当时仙侠什么的好像也没有？至少没有现在这么高级，所以他内容是让人眼前一亮的\n你换到现在，大家内容更新颖，他写的东西就不够看了，比如现在有没有武侠写的好的作者？也有。但是出头就特别难\n然后你试试组合主楼内容写\n那就真的没人看\n№18 ☆☆☆——|0533027d于2021-12-18 18:50:57留言☆☆☆\n啊，这个还真不好说，金庸以前是出版社编辑，有一定便利。\n但最重要还是写的好看，那个年代。","commentTime":"2021-12-18 19:43:57","commentOwner":"=="},{"comment":"每隔一段时间就能看到这种zz问题 你这就像在问秦始皇在今天能不能统一全国","commentTime":"2021-12-18 19:45:14","commentOwner":"。"},{"comment":"呃，我只想说，有些网文作者不要登月碰瓷……\n№34 ☆☆☆= =|5df31360于2021-12-18 19:42:37留言☆☆☆\n。","commentTime":"2021-12-18 19:48:28","commentOwner":"。"},{"comment":"现在有哪儿个作者写的像金庸一样好了吗，有了再说吧","commentTime":"2021-12-18 19:48:38","commentOwner":"——"},{"comment":"金庸在当时也是普通写连载的，火了之后才被奉为宗师，现在写网文的头部，过个十年二十年说不定也能成为一代人的记忆呢……而且挪用前人世界观和梗放在大的时间跨度里看确实不算什么事，比他早的武侠仙侠都多得是","commentTime":"2021-12-18 19:50:43","commentOwner":"。"},{"comment":"每隔一段时间就能看到这种zz问题 你这就像在问秦始皇在今天能不能统一全国\n№36 ☆☆☆。|f748f496于2021-12-18 19:45:14留言☆☆☆\n我好奇啊，所以本质还是笔力问题吧，主楼提到的现在所谓“大众雷”被写好了都不叫做雷？所以现在爱排雷的读者看金老小说会被雷到吗？","commentTime":"2021-12-18 19:51:04","commentOwner":"lz"},{"comment":"排雷又怎么样？排雷拉黑会耽误他的出名吗？不要把自己的垃圾归类于读者的排雷拉黑。\n№22☆☆☆……|e270b265于2021-12-18 18:54:25留言☆☆☆\n。","commentTime":"2021-12-18 19:52:52","commentOwner":"= ="},{"comment":"现在有哪儿个作者写的像金庸一样好了吗，有了再说吧\n№38 ☆☆☆——|a6235180于2021-12-18 19:48:38留言☆☆☆\n但是就算他本人真的来写网文连载（金老以前是写杂志连载）的话，这样高的水平大概也没法避免被排雷，因为好多读者看网文就是要图一乐了\n感觉还是网文生态确实和纸媒有区别\n我没碰瓷的意思，orz，说了笔杆","commentTime":"2021-12-18 19:54:16","commentOwner":"lz"},{"comment":"我如果要写江湖，肯定会啃金庸","commentTime":"2021-12-18 19:54:45","commentOwner":"1233"},{"comment":"历史引用 展开全部▼\n。\n№41 ☆☆☆= =|7922cc7d于2021-12-18 19:52:52留言☆☆☆\n嗯，虽然这是你的自由，但是还希望不要发散思维…我是真诚地在好奇","commentTime":"2021-12-18 19:56:00","commentOwner":"lz"},{"comment":"以前我也排雷拉黑啊？\n为什么你们都爱假定以前的人都喜欢金庸呢？\n我周围讨厌金庸的也多啊，妨碍人成为大手子了么？","commentTime":"2021-12-18 19:57:01","commentOwner":"= ="},{"comment":"会，杠精什么都能杠到面目全非","commentTime":"2021-12-18 19:58:30","commentOwner":"。"},{"comment":"以前我也排雷拉黑啊？\n为什么你们都爱假定以前的人都喜欢金庸呢？\n我周围讨厌金庸的也多啊，妨碍人成为大手子了么？\n№45 ☆☆☆= =|84d29d77于2021-12-18 19:57:01留言☆☆☆\n好吧确实，可能有年代滤镜，毕竟我没生在能追他连载的年代\n大概是杂志上读者反馈并不及时，而且读者之间不能方便沟通，排雷并没有现在的影响来得直接","commentTime":"2021-12-18 19:59:15","commentOwner":"lz"},{"comment":"实际上，如果现在能在剧情上做到极致，感情上的雷点也会变得“勉强可以忍一忍”。","commentTime":"2021-12-18 20:03:02","commentOwner":"。"},{"comment":"这么说的话，哈利波特bg里掺杂bl，估计也是要被排雷的\n№14☆☆☆。|a9d498d6于2021-12-18 18:48:03留言☆☆☆\n额，不算掺杂bl吧，最多是一笔带过一个配角是gay？","commentTime":"2021-12-18 20:03:03","commentOwner":"。"},{"comment":"说的以前就没人讨厌小龙女被尹。明明这段一直有人骂，但是妨碍金庸作品畅销知名度高了吗？为啥，人家作品的总体水平摆在那","commentTime":"2021-12-18 20:03:19","commentOwner":"。"},{"comment":"历史引用 展开全部▼\n好吧确实，可能有年代滤镜，毕竟我没生在能追他连载的年代\n大概是杂志上读者反馈并不及时，而且读者之间不能方便沟通，排雷并没有现在的影响来得直接\n№47 ☆☆☆lz|e3e397e1于2021-12-18 19:59:15留言☆☆☆\nemmm我都不说那个没网络年代了。就v文还没出现的时候，排雷一样存在，但是那时候从个人感官来看作者天然地位更高，毕竟免费为爱发电，那时候相对会出来会骂作者的也都是买过本子的读者。\n现在是买卖关系了，读者花了钱更加理直气壮。就…能懂吧？\n而金庸那个时候，你知道当年报社收到了多少读者抗议信么……","commentTime":"2021-12-18 20:07:18","commentOwner":"= ="},{"comment":"小龙女被那啥，还有杨过断臂，都是推动情节的重要事件，不好写虐，故事就走不下去了。","commentTime":"2021-12-18 20:10:40","commentOwner":"- -"},{"comment":"会\n男频文不被排雷才有鬼\n事实就是没有古天乐李若彤刘亦菲这些演员神雕侠侣我绝对不会去看\n什么鬼剧情","commentTime":"2021-12-18 20:11:03","commentOwner":"。"},{"comment":"小龙女被那啥，还有杨过断臂，都是推动情节的重要事件，不好写虐，故事就走不下去了。\n№52 ☆☆☆- -|72572a99于2021-12-18 20:10:40留言☆☆☆\n不敢写虐，改字。","commentTime":"2021-12-18 20:11:07","commentOwner":"- -"},{"comment":"笑傲40章，36章的时候小师妹才死在男主怀里，金老怕不是要被撕成碎片","commentTime":"2021-12-18 20:12:11","commentOwner":"。"},{"comment":"他最大的雷点在文外吧，细说容易小黑屋那种","commentTime":"2021-12-18 20:13:10","commentOwner":"= ="},{"comment":"光小龙女这个……我就不行\n到现在都是假装没有这个情节","commentTime":"2021-12-18 20:17:02","commentOwner":"。"}]}