{"id":"6169b6cb-9fd0-48f2-905d-726fe767c612","category":"晋江论坛→网友交流区→碧水江汀 欢迎回来：53088456  退 出","postSubject":"主题：文案标了强取豪夺，古言，作话有排雷，然后还要来一句，婚前发生关系，不尊重女主。我:……你没事吧 [1] 【搜索关键词：排雷】","postUrl":"https://bbs.jjwxc.net/showmsg.php?board=17&keyword=%C5%C5%C0%D7&id=1870012","originalPost":"强取豪夺不懂什么意思吗？","numberOfReplies":1,"comments":[{"comment":"欲加之罪，何患无辞。","commentTime":"2022-04-27 15:52:42","commentOwner":"=="}]}