{"id":"cc9d17c2-df70-406f-85c8-ac2c121f8dd2","category":"晋江论坛→网友交流区→碧水江汀 请稍候...","postSubject":"主题：我！碰到了一个虚假排雷！请问！我！可以！在评论里怼他吗？！ [8] 【搜索关键词：排雷】","postUrl":"https://bbs.jjwxc.net/showmsg.php?board=17&keyword=%C5%C5%C0%D7&id=1643852","originalPost":"我真的气不过啊！","numberOfReplies":8,"comments":[{"comment":"别被它缠上 先压 再删","commentTime":"2021-11-19 23:52:25","commentOwner":""},{"comment":"举报它","commentTime":"2021-11-19 23:52:28","commentOwner":"。"},{"comment":"虚假排雷一举报一个准","commentTime":"2021-11-19 23:52:44","commentOwner":"。"},{"comment":"举报它\n№2 ☆☆☆。|cd3d3b4f于2021-11-19 23:52:28留言☆☆☆\n可是举报了会被系统删评吗？要是会的话，他会不会以为是我删的，然后更加疯狂?","commentTime":"2021-11-19 23:53:48","commentOwner":"。"},{"comment":"虚假排雷一举报一个准\n№3 ☆☆☆。|cd3d3b4f于2021-11-19 23:52:44留言☆☆☆\n是用作者号举报吗咕咕?而且如果他的评论因为这个被系统删掉了，他会不会更加缠上我啊？","commentTime":"2021-11-19 23:54:43","commentOwner":"。"},{"comment":"历史引用 展开全部▼\n是用作者号举报吗咕咕?而且如果他的评论因为这个被系统删掉了，他会不会更加缠上我啊？\n№5 ☆☆☆。|8bb8675b于2021-11-19 23:54:43留言☆☆☆\n是个号就能举报，你都要骂它了，骂不是更会被缠上吗。。。","commentTime":"2021-11-19 23:55:44","commentOwner":"。"},{"comment":"用小号回她，汗，作者大大不是这样写的，你没有看后面啊/你理解错了。回完举报","commentTime":"2021-11-19 23:59:26","commentOwner":"。"},{"comment":"用小号回她，汗，作者大大不是这样写的，你没有看后面啊/你理解错了。回完举报\n№7 ☆☆☆。|ba6173f6于2021-11-19 23:59:26留言☆☆☆\n啊啊啊啊啊我学到了咕咕！","commentTime":"2021-11-20 00:00:15","commentOwner":"。"}]}