{"id":"b1a78965-393b-4226-8613-993c5a101398","category":"晋江论坛→网友交流区→碧水江汀 请稍候...","postSubject":"主题：有时候挺烦那些排雷的博主 [7] 【搜索关键词：排雷】","postUrl":"https://bbs.jjwxc.net/showmsg.php?board=17&keyword=%C5%C5%C0%D7&id=1650991","originalPost":"真不知他们到底有没有认真看文，感觉有挺不错的文都被排雷了。","numberOfReplies":7,"comments":[{"comment":"大家雷点都不一样，你觉得好可能别人就觉得不行","commentTime":"2021-11-25 19:11:07","commentOwner":"。"},{"comment":"不是我的雷点就照旧看","commentTime":"2021-11-25 19:11:19","commentOwner":""},{"comment":"都快要到不吃咸豆腐脑就排雷的程度了","commentTime":"2021-11-25 19:11:30","commentOwner":"。"},{"comment":"。","commentTime":"2021-11-25 19:12:03","commentOwner":"小"},{"comment":"偶尔还是会怀念从前所有人都没有雷点这个概念都是碰雷骂骂咧咧转头看别的书的时候【点烟】","commentTime":"2021-11-25 19:12:57","commentOwner":"。"},{"comment":"也有可能我雷点较弱吧","commentTime":"2021-11-25 19:13:08","commentOwner":"。"},{"comment":"我也好烦\n尤其是那种直接开头给你打星，说【不值得看/不推荐】看的，然后接下来就是一通挑毛病……我寻思你也不是什么通过专业认定的评文师，就以自己的看法笼统概括","commentTime":"2021-11-25 20:21:31","commentOwner":"狗蛋"}]}