{"id":"f3bad1f4-f0b2-48f3-a7d5-4f5988c9ad59","category":"晋江论坛→网友交流区→碧水江汀 欢迎回来：53088456  退 出","postSubject":"主题：读者要求修罗场在文案注明（四舍五入的意思是让我在文案排雷）不懂就问现在大女主雄竞修罗场也是雷点了吗 [2] 【搜索关键词：排雷】","postUrl":"https://bbs.jjwxc.net/showmsg.php?board=17&keyword=%C5%C5%C0%D7&id=1992696","originalPost":"rt","numberOfReplies":2,"comments":[{"comment":"举报，这算什么雷点，无语","commentTime":"2022-08-27 17:19:20","commentOwner":"手可摘星人"},{"comment":"原来不是我的问题，我就不在文案写修罗场略略略","commentTime":"2022-08-27 17:22:20","commentOwner":"orzzzzzz"}]}