{"id":"01a7ee2e-8ebc-49a8-a890-6589bf6d3cee","category":"晋江论坛→网友交流区→碧水江汀 欢迎回来：53088456  退 出","postSubject":"主题：其实我最怕的就是那种写了一大堆恶意歪曲原文的“排雷”，底下还一堆正文不看直接“感谢排雷”的，真的很窒息 [14] 【搜索关键词：排雷】","postUrl":"https://bbs.jjwxc.net/showmsg.php?board=17&keyword=%C5%C5%C0%D7&id=1961387","originalPost":"对于这种评论，作者该怎么处理？难道还要一条一条去反驳吗？？？","numberOfReplies":14,"comments":[{"comment":"这种真的很多","commentTime":"2022-06-25 19:07:02","commentOwner":"。"},{"comment":"相当多","commentTime":"2022-06-25 19:07:14","commentOwner":"。。。"},{"comment":"现在就算帮忙举报也不能删哦\n我真的笑死\n可以靠着作者写更新去污蔑一堆，澄清之后再跟着澄清继续编就行了嘛","commentTime":"2022-06-25 19:10:04","commentOwner":"。"},{"comment":"现在不是能删了吗？真的恶意排雷不用怕删就完事","commentTime":"2022-06-25 19:21:28","commentOwner":"= ="},{"comment":"真的太多了，有些人年纪小阅历不丰富，理解能力也特别差，提出来的问题让人啼笑皆非，还要一条一条去解释，态度还要好，作者跟柜台服务员似的。","commentTime":"2022-06-25 19:38:10","commentOwner":"自热咸鱼"},{"comment":"有违规排雷投诉选项","commentTime":"2022-06-25 19:38:33","commentOwner":"=="},{"comment":"我希望他们能善良点，直接拉黑不要在我的评论区拉那啥","commentTime":"2022-06-25 19:39:19","commentOwner":"。"},{"comment":"刚刚遇到，气死了，什么时候可以拉黑读者","commentTime":"2022-06-25 19:39:53","commentOwner":"。"},{"comment":"多了去了，虚假排雷还谢得挺勤快，笑死","commentTime":"2022-06-25 19:40:02","commentOwner":"。"},{"comment":"有违规排雷投诉选项\n№6 ☆☆☆==|0faf3cac于2022-06-25 19:38:33留言☆☆☆\n不要轻飘飘来一句可以投诉，真投诉过就会发现，可能投诉十次都不一定删一次，对晋江审核能抱有什么希望呢","commentTime":"2022-06-25 19:40:12","commentOwner":"。"},{"comment":"我写1v1，文案也标清楚了1v1，但没写男主的名字，因为我写大女主剧情流背景板男主，然后进来一个读者在我第一章下面排雷：又是一篇不标男主的买股文，我最讨厌这种了，根本就是变相n////p\n我：？？？？\n这条评论举报还举报不掉，后面还有赞\n因为我女主的名字比较中性，没有很明显的“娇”“嫣”等字，至少有五六个读者在前三章留评论“受怎么怎么样”，虽然她们通常到第四章就发现自己看错了，但后来的读者被他们的评论误解的也不少\n就是想说，很多读者会自己脑补出莫名其妙的东西","commentTime":"2022-06-25 19:46:27","commentOwner":"。"},{"comment":"历史引用 展开全部▼\n不要轻飘飘来一句可以投诉，真投诉过就会发现，可能投诉十次都不一定删一次，对晋江审核能抱有什么希望呢\n№10 ☆☆☆。|d104c789于2022-06-25 19:40:12留言☆☆☆\n所以现在作者自己就可以删","commentTime":"2022-06-25 19:47:35","commentOwner":"= ="},{"comment":"历史引用 展开全部▼\n所以现在作者自己就可以删\n№12 ☆☆☆= =|d2ba7250于2022-06-25 19:47:35留言☆☆☆\n然后通知读者你评论被删了，快回来补","commentTime":"2022-06-25 19:52:00","commentOwner":"。。"},{"comment":"更窒息不是你反驳后，底下还有说谢谢排雷","commentTime":"2022-06-25 19:53:01","commentOwner":"。"}]}