{"id":"f6d7fb72-0ef2-4ebf-aea7-868432ecf7eb","category":"晋江论坛→网友交流区→碧水江汀 请稍候...","postSubject":"主题：有没有被排雷文笔小白的鸡汤！ [11] 【搜索关键词：排雷】","postUrl":"https://bbs.jjwxc.net/showmsg.php?board=17&keyword=%C5%C5%C0%D7&id=1740875","originalPost":"孩子要喝！","numberOfReplies":11,"comments":[{"comment":"d","commentTime":"2022-01-29 19:38:10","commentOwner":"。"},{"comment":"有没有被排雷文笔结果最后签出版的咕咕，让我喝喝汤（蹲蹲）","commentTime":"2022-01-29 19:39:42","commentOwner":"什么钱"},{"comment":"哭，我被排雷题材的时候，被顺带夸了一句文笔……","commentTime":"2022-01-29 19:40:34","commentOwner":"。"},{"comment":"有没有被排雷文笔结果最后签出版的咕咕，让我喝喝汤（蹲蹲）\n№2 ☆☆☆什么钱|3183754f于2022-01-29 19:39:42留言☆☆☆\n我回来了\n我自己成鸡汤了（）","commentTime":"2022-03-17 16:59:15","commentOwner":"。"},{"comment":"历史引用 展开全部▼\n我回来了\n我自己成鸡汤了（）\n№4☆☆☆。|3183754f于2022-03-17 16:59:15留言☆☆☆\n孩子想喝","commentTime":"2022-03-17 17:12:21","commentOwner":"。"},{"comment":"文笔这个东西真的很主观，我去微博搜我的文，有说文笔好的，有说文笔小白的。\n我觉得宝子不用在意","commentTime":"2022-03-17 17:15:29","commentOwner":"。"},{"comment":"很多啊\n比如说 这几年金榜怎么越来越不行了，文笔看着就小白\n这应该能算是月经贴了吧","commentTime":"2022-03-17 17:20:16","commentOwner":"www"},{"comment":"很多啊\n比如说 这几年金榜怎么越来越不行了，文笔看着就小白\n这应该能算是月经贴了吧\n№7 ☆☆☆www|e995f585于2022-03-17 17:20:16留言☆☆☆\n懂了！","commentTime":"2022-03-17 20:31:05","commentOwner":"。"},{"comment":"文笔这个东西真的很主观，我去微博搜我的文，有说文笔好的，有说文笔小白的。\n我觉得宝子不用在意\n№6 ☆☆☆。|ba6863d9于2022-03-17 17:15:29留言☆☆☆\n明白了，谢谢咕咕","commentTime":"2022-03-17 20:31:21","commentOwner":"。"},{"comment":"喝到了，我也被人第一章排雷说文笔小白（叹气）","commentTime":"2022-03-17 20:52:35","commentOwner":"。"},{"comment":"有人说我文笔好，有人说我文笔白。","commentTime":"2022-03-17 20:56:54","commentOwner":"=="}]}