{"id":"db56c1cf-f4e1-40cf-8a1f-ce8690e7e4f7","category":"晋江论坛→网友交流区→碧水江汀 欢迎回来：53088456  退 出","postSubject":"主题：排雷了还有人进书下头骂得你们会骂回去么？我都表明渣攻贱受自己排雷了还是有人就是来找不自在 [3] 【搜索关键词：排雷】","postUrl":"https://bbs.jjwxc.net/showmsg.php?board=17&keyword=%C5%C5%C0%D7&id=1943911","originalPost":"好无语啊，不喜欢看就去找自己喜欢看的文呗，这么多文偏要去找不喜欢的还要挑一嘴","numberOfReplies":3,"comments":[{"comment":"渣攻贱受……一定会被骂的，排雷显然没用\n你骂回去不仅不能解气，说不定还会被读者挂\n写这个题材必须要大心脏呀\n如果你做不到大心脏，换个题材吧\n不然迟早气死","commentTime":"2022-06-14 09:23:03","commentOwner":"，"},{"comment":"渣攻贱受……一定会被骂的，排雷显然没用\n你骂回去不仅不能解气，说不定还会被读者挂\n写这个题材必须要大心脏呀\n如果你做不到大心脏，换个题材吧\n不然迟早气死\n№1 ☆☆☆，|b2d24983于2022-06-14 09:23:03留言☆☆☆\n。\n每个写渣贱的作者都是被骂过来的","commentTime":"2022-06-14 09:25:00","commentOwner":"= ="},{"comment":"这个题材……就是锻炼心态的，不看评论吧……","commentTime":"2022-06-14 09:26:48","commentOwner":"。"}]}