{"id":"7dbe1855-bc29-4dce-82ec-527ccdcc8aad","category":"晋江论坛→网友交流区→碧水江汀 欢迎回来：53088456  退 出","postSubject":"主题：头顶金榜，请问副cp be的话要在文案上排雷吗？ [13] 【搜索关键词：排雷】","postUrl":"https://bbs.jjwxc.net/showmsg.php?board=17&keyword=%C5%C5%C0%D7&id=1881793","originalPost":"rt","numberOfReplies":13,"comments":[{"comment":"感觉不用吧，好像几乎都没看过副CP这种排雷的","commentTime":"2022-05-05 09:00:47","commentOwner":"。"},{"comment":"dd","commentTime":"2022-05-05 09:04:52","commentOwner":"。"},{"comment":"我看到过配角cp be了的（不知道够不够得上副cp），作者没标。不标好像也没事","commentTime":"2022-05-05 09:07:11","commentOwner":"。"},{"comment":"有副cp需要排雷","commentTime":"2022-05-05 09:08:22","commentOwner":"=="},{"comment":"这也雷，那也雷，一千个人一千种雷，文案都不够写了（狗头）","commentTime":"2022-05-05 09:10:09","commentOwner":"。"},{"comment":"有副cp需要排雷\n№4 ☆☆☆==|c551037f于2022-05-05 09:08:22留言☆☆☆\n这个肯定会在文案上写，我在纠结要不要在后面加上一句结局be","commentTime":"2022-05-05 09:10:32","commentOwner":"。"},{"comment":"很多读者压根就不会关心副cp he还是be。","commentTime":"2022-05-05 09:11:10","commentOwner":"。"},{"comment":"个人可能会需要这种壁垒，因为我曾经因为一个文写死一搞比较重要的配角生气了三天然后弃文了（默默离开的！），我感觉如果我喜欢这对cp结果却不知道后面be也会超生气","commentTime":"2022-05-05 09:13:54","commentOwner":"。"},{"comment":"个人可能会需要这种壁垒，因为我曾经因为一个文写死一搞比较重要的配角生气了三天然后弃文了（默默离开的！），我感觉如果我喜欢这对cp结果却不知道后面be也会超生气\n№8☆☆☆。|240021d0于2022-05-05 09:13:54留言☆☆☆\n错别字 一个！个人看法不代表任何人！！只是我自己这么想qwq","commentTime":"2022-05-05 09:14:39","commentOwner":"。"},{"comment":"个人也需要","commentTime":"2022-05-05 09:15:38","commentOwner":"= ="},{"comment":"个人可能会需要这种壁垒，因为我曾经因为一个文写死一搞比较重要的配角生气了三天然后弃文了（默默离开的！），我感觉如果我喜欢这对cp结果却不知道后面be也会超生气\n№8 ☆☆☆。|240021d0于2022-05-05 09:13:54留言☆☆☆\n能理解你的心情，但是……算了，这样排哪里排得过来，更别提经典作品的重要人气角色基本都是用来死一死赚眼泪的了","commentTime":"2022-05-05 09:19:58","commentOwner":"。"},{"comment":"个人可能会需要这种壁垒，因为我曾经因为一个文写死一搞比较重要的配角生气了三天然后弃文了（默默离开的！），我感觉如果我喜欢这对cp结果却不知道后面be也会超生气\n№8 ☆☆☆。|240021d0于2022-05-05 09:13:54留言☆☆☆\n我不会排这种……如果排了，大家就会带着“这个人要死”的心态看文，就……","commentTime":"2022-05-05 09:25:03","commentOwner":"。"},{"comment":"历史引用 展开全部▼\n我不会排这种……如果排了，大家就会带着“这个人要死”的心态看文，就……\n№12 ☆☆☆。|a4709f39于2022-05-05 09:25:03留言☆☆☆\n就会没有想看的欲望了……","commentTime":"2022-05-05 09:25:40","commentOwner":"。"}]}