{"id":"fc4b37a6-d35a-4aa3-9dc2-6c11e332de08","category":"晋江论坛→网友交流区→碧水江汀 请稍候...","postSubject":"主题：不懂就问，如果标签上写轻松日常向甜文，正文暗搓搓歪成剧情流大主角和挂件，会被读者排雷吗 [7] 【搜索关键词：排雷】","postUrl":"https://bbs.jjwxc.net/showmsg.php?board=17&keyword=%C5%C5%C0%D7&id=1789446","originalPost":"rt","numberOfReplies":7,"comments":[{"comment":"你说呢？","commentTime":"2022-03-06 10:21:42","commentOwner":"，"},{"comment":"那你为啥要写日常向，不写不就好了，剧情流也有人看","commentTime":"2022-03-06 10:22:18","commentOwner":"ooxx"},{"comment":"文不对版，还能夸你?","commentTime":"2022-03-06 10:22:18","commentOwner":"。"},{"comment":"挂羊头，卖狗肉。","commentTime":"2022-03-06 10:23:21","commentOwner":"。"},{"comment":"啥玩意？这还用问？","commentTime":"2022-03-06 10:24:35","commentOwner":"=="},{"comment":"不会以为这样能留住读者吧，读者又不傻","commentTime":"2022-03-06 10:25:35","commentOwner":"嗯"},{"comment":"我觉得不会被排雷，就是文文会凉","commentTime":"2022-03-06 10:26:56","commentOwner":"……"}]}