{"id":"846ad226-f044-48a5-be49-6d05795d62e7","category":"晋江论坛→网友交流区→碧水江汀 请稍候...","postSubject":"主题：提问，攻受双重生需要在文案排雷吗 [10] 【搜索关键词：排雷】","postUrl":"https://bbs.jjwxc.net/showmsg.php?board=17&keyword=%C5%C5%C0%D7&id=1789429","originalPost":"最近有个双重生的梗想开文，我个人是挺喜欢看到中途发现是双重生这种惊喜感的，但好像有些读者会觉得双重生是雷，可放文案不就剧透了吗？我好纠结，所以如果各位咕咕开双重生的话会在文案标出来吗Orz","numberOfReplies":10,"comments":[{"comment":"这都算雷了？","commentTime":"2022-03-06 10:07:29","commentOwner":"。"},{"comment":"好家伙，为啥这都要排雷？\n你就标重生，然后管她单双。\n反正我看过的双重生都没排","commentTime":"2022-03-06 10:08:20","commentOwner":"。"},{"comment":"这都算雷了？\n№1☆☆☆。|a0886253于2022-03-06 10:07:29留言☆☆☆\n我觉得不算雷，但是上次刷推文看到有些读者吐槽某本文看到中途才发现是双重生，我就有点子无语","commentTime":"2022-03-06 10:08:31","commentOwner":"= ="},{"comment":"我写文的时候，我除了排个年龄差，其他的都不会排，爱看不看","commentTime":"2022-03-06 10:09:10","commentOwner":"。"},{"comment":"历史引用 展开全部▼\n我觉得不算雷，但是上次刷推文看到有些读者吐槽某本文看到中途才发现是双重生，我就有点子无语\n№3 ☆☆☆= =|b371590f于2022-03-06 10:08:31留言☆☆☆\n那你就不要这部分读者呀。\n你排了双重生，那普通读者还看个啥？\n细分一点，努力要一部分读者就行。","commentTime":"2022-03-06 10:09:45","commentOwner":"。"},{"comment":"我觉得文案标出来不是排雷呀，是看点哇","commentTime":"2022-03-06 10:10:16","commentOwner":"。"},{"comment":"历史引用 展开全部▼\n那你就不要这部分读者呀。\n你排了双重生，那普通读者还看个啥？\n细分一点，努力要一部分读者就行。\n№5☆☆☆。|cdb8280f于2022-03-06 10:09:45留言☆☆☆\n好滴！谢谢咕咕！","commentTime":"2022-03-06 10:10:21","commentOwner":"= ="},{"comment":"这不是雷啊，这应该属于一个标签","commentTime":"2022-03-06 10:10:49","commentOwner":"。"},{"comment":"我还以为这是看点趴，所以文案看见了感兴趣就会点进去。如果文案没标我不一定会点进去，如果看了中途突然发现，不知道为啥确实觉得怪怪的。","commentTime":"2022-03-06 10:13:21","commentOwner":"= ="},{"comment":"我也是双重生 我没标 因为标了感觉没啥意思了 都剧透完了","commentTime":"2022-03-06 10:16:35","commentOwner":"。"}]}