{"id":"9825664f-3baf-495e-a6f8-6ba7648adf65","category":"晋江论坛→网友交流区→碧水江汀 请稍候...","postSubject":"主题：有个读者，看免费章不爽，还专门买了v章骂，顺便排雷…… [10] 【搜索关键词：排雷】","postUrl":"https://bbs.jjwxc.net/showmsg.php?board=17&keyword=%C5%C5%C0%D7&id=1647105","originalPost":"骂了两条长的，真是辛苦她了","numberOfReplies":10,"comments":[{"comment":"没事赚钱。\n她的雷点可能就是很多人xp。","commentTime":"2021-11-22 17:18:44","commentOwner":"。"},{"comment":"我也遇到了这样的读者，在收费章节骂我，然后一查订阅，只买了这一章，然后这一章是我的所有收费章里字数最少的一章……赚钱都不让我多赚两分！","commentTime":"2021-11-22 17:20:25","commentOwner":"。"},{"comment":"我也遇到了这样的读者，在收费章节骂我，然后一查订阅，只买了这一章，然后这一章是我的所有收费章里字数最少的一章……赚钱都不让我多赚两分！\n№2 ☆☆☆。|e9e7e7c5于2021-11-22 17:20:25留言☆☆☆\n历史惊人的相似","commentTime":"2021-11-22 17:21:22","commentOwner":"。"},{"comment":"嗐，想开点，人家最起码还买了V章呢。","commentTime":"2021-11-22 17:21:59","commentOwner":"。"},{"comment":"我也遇到了这样的读者，在收费章节骂我，然后一查订阅，只买了这一章，然后这一章是我的所有收费章里字数最少的一章……赚钱都不让我多赚两分！\n№2 ☆☆☆。|e9e7e7c5于2021-11-22 17:20:25留言☆☆☆\n哈哈哈哈哈哈哈，心酸中透着好笑","commentTime":"2021-11-22 17:22:38","commentOwner":"=="},{"comment":"他可能是看了盗文来的，还表现给其他读者看，付了钱","commentTime":"2021-11-22 17:22:54","commentOwner":"……"},{"comment":"我也遇到了这样的读者，在收费章节骂我，然后一查订阅，只买了这一章，然后这一章是我的所有收费章里字数最少的一章……赚钱都不让我多赚两分！\n№2☆☆☆。|e9e7e7c5于2021-11-22 17:20:25留言☆☆☆\n哈哈哈哈我的没有，她直接买了最新章，我就疑惑，而且骂得极其难听","commentTime":"2021-11-22 17:23:05","commentOwner":"。"},{"comment":"历史引用 展开全部▼\n历史惊人的相似\n№3 ☆☆☆。|fb434f25于2021-11-22 17:21:22留言☆☆☆\n她还给我打了-2，写了小作文。我以为真情实感的读者，一查订阅率，不到8%，就这一章，顿时不想理她了","commentTime":"2021-11-22 17:23:26","commentOwner":"。"},{"comment":"他可能是看了盗文来的，还表现给其他读者看，付了钱\n№6☆☆☆……|494710e9于2021-11-22 17:22:54留言☆☆☆\n有道理……我淦！原来是这样，让后来的读者觉得她是看完了才排雷！！卧槽，我都没想到这层原因","commentTime":"2021-11-22 17:24:13","commentOwner":"。"},{"comment":"我最近遇到这种，酒直接把后台查到的订阅率复制，回复给她","commentTime":"2021-11-22 17:31:01","commentOwner":"码起来"}]}