{"id":"64c15abe-10e2-438c-a05a-fb7d0df2029e","category":"晋江论坛→网友交流区→碧水江汀 请稍候...","postSubject":"主题：糟糕的心情从看到推文博主下面的排雷开始 [10] 【搜索关键词：排雷】","postUrl":"https://bbs.jjwxc.net/showmsg.php?board=17&keyword=%C5%C5%C0%D7&id=1793761","originalPost":"男女主参加活动一直呆到凌晨才回家，女主被骂天天找男人呆到深夜一点都不自爱，后来谈恋爱了，女主主动要亲要抱抱，被说成女主饿死鬼投胎没男人不行？？？？\n\n气血上涌了我真是","numberOfReplies":10,"comments":[{"comment":"哈哈哈哈哈哈哈哈哈哈","commentTime":"2022-03-09 14:57:59","commentOwner":"oo"},{"comment":"别和蛆计较，正常人都会以为它是个神经病。","commentTime":"2022-03-09 14:59:02","commentOwner":"。"},{"comment":"哈哈哈哈哈","commentTime":"2022-03-09 14:59:22","commentOwner":"。"},{"comment":"哈哈哈哈哈哈哈哈哈哈哈哈哈哈。\n还有的排雷:“排雷，这本我好像看过，不好看。”\n底下一片“感谢排雷，不看了。”\n日常气死人她们最能行。","commentTime":"2022-03-09 14:59:26","commentOwner":"。"},{"comment":"说得很好，奖励一块大清牌坊","commentTime":"2022-03-09 14:59:26","commentOwner":"..."},{"comment":"哈哈哈哈哈哈哈哈哈哈哈哈哈哈。\n还有的排雷:“排雷，这本我好像看过，不好看。”\n底下一片“感谢排雷，不看了。”\n日常气死人她们最能行。\n№4☆☆☆。|a3fb4f98于2022-03-09 14:59:26留言☆☆☆\n哈哈哈哈哈哈哈哈哈真实","commentTime":"2022-03-09 14:59:49","commentOwner":"= ="},{"comment":"排雷：主角会呼吸，over\nxxx：啊，谢谢谢谢","commentTime":"2022-03-09 15:00:15","commentOwner":"。"},{"comment":"我被骂剧情文笔稀烂像小学生写的都没这么生气","commentTime":"2022-03-09 15:01:53","commentOwner":"- -"},{"comment":"说得很好，奖励一块大清牌坊\n№5 ☆☆☆...|70aa258c于2022-03-09 14:59:26留言☆☆☆\n笑死我了，咕咕。","commentTime":"2022-03-09 15:02:19","commentOwner":"。"},{"comment":"好巧哈哈哈我就是那个博主","commentTime":"2022-03-09 16:55:58","commentOwner":"。"}]}