{"id":"d159b8d7-0112-4909-9860-6195ba1d1aba","category":"晋江论坛→网友交流区→碧水江汀 欢迎回来：53088456  退 出","postSubject":"主题：你们会为完结老文压平吗？是虚假排雷，在收益已经严重受影响的情况下。 [19] 【搜索关键词：排雷】","postUrl":"https://bbs.jjwxc.net/showmsg.php?board=17&keyword=%C5%C5%C0%D7&id=1960941","originalPost":"心好累，总用一个号压评，读者是不是能看出来是我在给自己评论投雷啊？","numberOfReplies":19,"comments":[{"comment":"会。","commentTime":"2022-06-25 12:54:30","commentOwner":"= ="},{"comment":"不会，我都这样，完结文更要守住，都是赚钱的奴隶，一视同仁，给我赚！","commentTime":"2022-06-25 12:54:54","commentOwner":"= ="},{"comment":"不会，我都这样，完结文更要守住，都是赚钱的奴隶，一视同仁，给我赚！\n№2☆☆☆= =|34c2ff40于2022-06-25 12:54:54留言☆☆☆\n是会，会这样（读者不会看出来你用小号压平，放心）","commentTime":"2022-06-25 12:55:28","commentOwner":"= ="},{"comment":"2分就自己删除，不能删的可以投诉，投诉选项有虚假排雷这一项","commentTime":"2022-06-25 12:55:38","commentOwner":"。"},{"comment":"老文多老，收藏多少？看情况吧，我的收藏没多少也没多少收益就无所谓","commentTime":"2022-06-25 12:55:53","commentOwner":"。"},{"comment":"2分就自己删除，不能删的可以投诉，投诉选项有虚假排雷这一项\n№4 ☆☆☆。|953edf5c于2022-06-25 12:55:38留言☆☆☆\n实在不行，直接关闭评论区，像我这种有焦虑症的，很想关评论区，要不是顾忌着那些非说关评论区就是有瓜的人，我应该开始写就关，看了评论区容易影响自己","commentTime":"2022-06-25 12:56:46","commentOwner":"。"},{"comment":"老文多老，收藏多少？看情况吧，我的收藏没多少也没多少收益就无所谓\n№5☆☆☆。|df5a4de5于2022-06-25 12:55:53留言☆☆☆\n四五年了，每年稳定两千左右收益，自从被排雷以后，就好几天都没收益了。","commentTime":"2022-06-25 12:57:19","commentOwner":"= ="},{"comment":"我昨天试了删掉，好多条，却删不掉，提示我错误。","commentTime":"2022-06-25 12:58:04","commentOwner":"= ="},{"comment":"我就觉得总用一个号压评，会被读者觉察出来，会不会不高兴。","commentTime":"2022-06-25 12:58:36","commentOwner":"= ="},{"comment":"投诉吧，让管理员删，不然又要挂你删评论","commentTime":"2022-06-25 12:59:46","commentOwner":"。"},{"comment":"投诉吧，让管理员删，不然又要挂你删评论\n№10☆☆☆。|840e1b10于2022-06-25 12:59:46留言☆☆☆\n好，我去试试看。\n因为连载文天天都在压评，我真的快崩溃了。","commentTime":"2022-06-25 13:00:34","commentOwner":"= ="},{"comment":"虚假排雷我都直接大号回\n主要目的是说清楚哪些地方她在乱排，有充分论据\n语气好点，不少路过读者给我点赞","commentTime":"2022-06-25 13:02:11","commentOwner":"。"},{"comment":"虚假排雷我都直接大号回\n主要目的是说清楚哪些地方她在乱排，有充分论据\n语气好点，不少路过读者给我点赞\n№12☆☆☆。|38d19252于2022-06-25 13:02:11留言☆☆☆\n其实这不是第一次，因为文里写了个误会，有的读者看到这里就开始破口大骂，预测后文一定怎样怎样，激情排雷。以前我也半夜跟读者在线掰头过，现在真的没那个精力了，就觉得特别累。","commentTime":"2022-06-25 13:04:17","commentOwner":"= ="},{"comment":"宝，换个昵称，一般读者谁会点进你专栏啊，没事的。\n压下去了就好了。","commentTime":"2022-06-25 13:06:03","commentOwner":"。"},{"comment":"宝，换个昵称，一般读者谁会点进你专栏啊，没事的。\n压下去了就好了。\n№14☆☆☆。|4bfe3e30于2022-06-25 13:06:03留言☆☆☆\n这是个好办法，提醒了我，这就去压评！","commentTime":"2022-06-25 13:07:18","commentOwner":"= ="},{"comment":"我是正文完结后就关闭评论区了，对于我这种心态还不够抗衡杠精的来说，我觉得关闭对我来说不是坏事，实在不想每天醒来提心吊胆看评论区","commentTime":"2022-06-25 13:09:18","commentOwner":"。"},{"comment":"虚假排雷我都直接大号回\n主要目的是说清楚哪些地方她在乱排，有充分论据\n语气好点，不少路过读者给我点赞\n№12 ☆☆☆。|38d19252于2022-06-25 13:02:11留言☆☆☆\n回复不如压评或者删除好，亲身经历","commentTime":"2022-06-25 13:15:40","commentOwner":"= ="},{"comment":"我压完评了，收益没多久就有了，神奇。","commentTime":"2022-06-25 13:27:21","commentOwner":"= ="},{"comment":"直接删了","commentTime":"2022-06-25 13:36:40","commentOwner":"。"}]}