{"id":"e47be8c2-6ab4-4897-99e6-b1ad3ed7a525","category":"晋江论坛→网友交流区→碧水江汀 欢迎回来：53088456  退 出","postSubject":"主题：现在看到排雷两个字就想吐 [11] 【搜索关键词：排雷】","postUrl":"https://bbs.jjwxc.net/showmsg.php?board=17&keyword=%C5%C5%C0%D7&id=1919929","originalPost":"。","numberOfReplies":11,"comments":[{"comment":"由966姐说起","commentTime":"2022-05-28 22:42:22","commentOwner":"。"},{"comment":"我还是希望可以排雷，但拒绝扣帽子","commentTime":"2022-05-28 22:43:46","commentOwner":"= ="},{"comment":"由966姐说起\n№1 ☆☆☆。|bc5ce2ce于2022-05-28 22:42:22留言☆☆☆\n太理解了［点烟］","commentTime":"2022-05-28 22:47:05","commentOwner":"…"},{"comment":"我还是希望可以排雷，但拒绝扣帽子\n№2 ☆☆☆= =|430b2dbe于2022-05-28 22:43:46留言☆☆☆\n排雷本身就是个很主观的东西，一样的东西一百个人看或许会出来一百个观点，谁能说对错。有多少排雷怪曲解作者的意思然后给作者扣帽子，别人只是听它说，并没有真正去看文","commentTime":"2022-05-28 22:51:38","commentOwner":"。"},{"comment":"可以接受排雷具体剧情的，而不是直接说作者厌女这样的，因为具体剧情大家都自己可以分析。","commentTime":"2022-05-28 22:52:51","commentOwner":"。"},{"comment":"可以接受排雷具体剧情的，而不是直接说作者厌女这样的，因为具体剧情大家都自己可以分析。\n№5 ☆☆☆。|cf6333ce于2022-05-28 22:52:51留言☆☆☆\n问题是很多人恶意排雷，只说他自己感觉的，曲解作者意思，别人一看，以为是这样的，就不看了，这种排雷怪才是最可恨的","commentTime":"2022-05-28 22:54:58","commentOwner":"。"},{"comment":"排雷太能带节奏了，很多人看了排雷就来骂你，也不管它说的是不是真的","commentTime":"2022-05-28 22:56:05","commentOwner":"。"},{"comment":"在别的地方无所谓，但自己评论区什么样的排雷都不接受。","commentTime":"2022-05-28 22:56:17","commentOwner":"。"},{"comment":"排雷太能带节奏了，很多人看了排雷就来骂你，也不管它说的是不是真的\n№7 ☆☆☆。|20fee65c于2022-05-28 22:56:05留言☆☆☆\n。","commentTime":"2022-05-28 22:56:18","commentOwner":"。"},{"comment":"排雷太能带节奏了，很多人看了排雷就来骂你，也不管它说的是不是真的\n№7 ☆☆☆。|20fee65c于2022-05-28 22:56:05留言☆☆☆\n对，这种排雷怪是最坏的","commentTime":"2022-05-28 22:56:43","commentOwner":"。"},{"comment":"我看排雷，只看作者本人的瓜，关于文的感觉大部分没啥参考价值","commentTime":"2022-05-28 22:58:28","commentOwner":"。"}]}