{"id":"d6af7f77-6b35-4026-8b8e-bdb1528522e1","category":"晋江论坛→网友交流区→碧水江汀 欢迎回来：53088456  退 出","postSubject":"主题：感情流问题提问，人设有点毒，但这个毒要到接近v章才会写出来，文案上也已经高亮排雷了，需不需要在第一章前加个楔子提前找个事件把毒点表现一下……？ [0] 【搜索关键词：排雷】","postUrl":"https://bbs.jjwxc.net/showmsg.php?board=17&keyword=%C5%C5%C0%D7&id=1989851","originalPost":"_(:з」∠)_大概就是养胃的那种毒","numberOfReplies":0,"comments":[]}