{"id":"e9ff199f-526e-4478-a724-7cfcea9508cb","category":"晋江论坛→网友交流区→碧水江汀 请稍候...","postSubject":"主题：我会看评论区排雷的内容：1，hzc不够猛 [35] 【搜索关键词：排雷】","postUrl":"https://bbs.jjwxc.net/showmsg.php?board=17&keyword=%C5%C5%C0%D7&id=1747269","originalPost":"1，hzc不够猛：那虐的就是我自己了，不看\n2，种田建基文很多奇葩亲戚：种田文不爱看宅斗，如果非要写反派请写商业竞争\n3，有列举仇女对女性不友好行为的：此处跟雌竞不一样，说一句有雌竞我不会在乎，但如果她列出的描述踩雷了会走（就是有作者仇女，请接受现实）\n4，主角过于恋爱脑的（除了hzc，很多hzc主角前期脑子都跟糊了那啥一样，反正就是看那个味也不在乎）\n5，好像没了，我再想想","numberOfReplies":35,"comments":[{"comment":"我也会看\n但是想到有作者遇到虚假排雷的真的欲哭无泪又有点担心","commentTime":"2022-02-04 08:42:32","commentOwner":"。"},{"comment":"最近刚误入一个虚假hzc，花钱追平，甚至日常等更新，我真的是见，就该立刻断舍离，都几十章了，说什么要新式hzc，关键也没被爽到，焯，越说越气，决定不追了，速速寻找新文","commentTime":"2022-02-04 08:56:22","commentOwner":"。"},{"comment":"我还以为你在反讽，没想到是认真的","commentTime":"2022-02-04 08:59:10","commentOwner":"。"},{"comment":"……我还以为进了读者心得区","commentTime":"2022-02-04 09:01:42","commentOwner":"。。。"},{"comment":"我还以为你在反讽，没想到是认真的\n№3 ☆☆☆。|6275a187于2022-02-04 08:59:10留言☆☆☆\n这没什么好反讽的，hzc只虐一方的不多么？晋江那么多作者里面没有仇女的么？其他的算是我个人偏好。","commentTime":"2022-02-04 09:02:28","commentOwner":"= ="},{"comment":"我也会看\n但是想到有作者遇到虚假排雷的真的欲哭无泪又有点担心\n№1☆☆☆。|3911a3b5于2022-02-04 08:42:32留言☆☆☆\n。\n所以如果文案日到我了，我会看完排雷后在点进去看看别的评论，以及前几章试探一下","commentTime":"2022-02-04 09:03:16","commentOwner":"。"},{"comment":"就不是很懂这公告bs的意义","commentTime":"2022-02-04 09:03:36","commentOwner":"乱码走江湖"},{"comment":"nsdd，这几个排雷我也会看，还会特别留意一下攻非受c的，男非女c的，这种也不爱看","commentTime":"2022-02-04 09:04:24","commentOwner":"。"},{"comment":"差点以为这是读者区【哭笑不得】","commentTime":"2022-02-04 09:04:40","commentOwner":"。"},{"comment":"楼主一本一星，余者皆空吧","commentTime":"2022-02-04 09:05:23","commentOwner":"……"},{"comment":"其实目标是收集大众雷点以避雷，c这个为了方便了事双c就完事了","commentTime":"2022-02-04 09:06:12","commentOwner":"= ="},{"comment":"楼主一本一星，余者皆空吧\n№10☆☆☆……|e028659a于2022-02-04 09:05:23留言☆☆☆\n？？\n作者不能是读者有自己的喜好吗","commentTime":"2022-02-04 09:06:16","commentOwner":"。"},{"comment":"弃文太快了，我好像没有雷点，大部分都是还没雷到我，被我发现那种不符合我口味的苗头，或者文案钩子我已经吃到了，主角们已经在一起了，我就已经跑了【扶额】至今没踩雷","commentTime":"2022-02-04 09:06:31","commentOwner":"。"},{"comment":"2022-02-04 08:34:06，= =在碧水发表重要公告。","commentTime":"2022-02-04 09:07:18","commentOwner":"。。。"},{"comment":"我走错区了（？）","commentTime":"2022-02-04 09:08:32","commentOwner":"。"},{"comment":"又是仇女...天下哪来这么多仇女阿","commentTime":"2022-02-04 09:09:25","commentOwner":"。"},{"comment":"我还以为你在反讽，没想到是认真的\n№3 ☆☆☆。|6275a187于2022-02-04 08:59:10留言☆☆☆\n。","commentTime":"2022-02-04 09:10:54","commentOwner":"。"},{"comment":"我还以为你在反讽，没想到是认真的\n№3☆☆☆。|6275a187于2022-02-04 08:59:10留言☆☆☆\n我也没想到哈哈哈","commentTime":"2022-02-04 09:16:16","commentOwner":"= ="},{"comment":"这发在读者区会不会比较好，在bs发好像没有意义啊","commentTime":"2022-02-04 09:19:49","commentOwner":"= ="},{"comment":"我有点疑惑","commentTime":"2022-02-04 09:25:18","commentOwner":"。"},{"comment":"还以为是读者区","commentTime":"2022-02-04 09:28:53","commentOwner":"=="},{"comment":"哦，朕知道了","commentTime":"2022-02-04 09:34:52","commentOwner":"。"},{"comment":"虽然说的没啥毛病，但这发在bs好像没啥用叭","commentTime":"2022-02-04 09:38:12","commentOwner":"。"},{"comment":"加个树洞啊，不然你排雷和我们有什么关系？","commentTime":"2022-02-04 12:57:40","commentOwner":"。"},{"comment":"说得有道理","commentTime":"2022-02-04 12:58:57","commentOwner":"。"},{"comment":"我也疑惑。\n在我眼中厌女的就是打着厌女旗号骂其他女性的。\n不然怎么写个文就厌女了？","commentTime":"2022-07-03 18:46:51","commentOwner":"。"},{"comment":"已阅","commentTime":"2022-07-03 18:52:28","commentOwner":"=.="},{"comment":"前排提醒hzc关评论区哈哈哈哈哈，毕竟晋江不够猛的火葬场最有市场，尤其是虐男比例小的","commentTime":"2022-07-03 18:53:46","commentOwner":"= ="},{"comment":"2月发的帖子有人说lz一星，七月lz就三星了？哇\n哇哦。","commentTime":"2022-07-03 18:53:52","commentOwner":"= ="},{"comment":"我喜欢男主恋爱脑哈哈哈哈哈哈","commentTime":"2022-07-03 18:55:09","commentOwner":"。"},{"comment":"我觉得挺好的啊 可以分辨一下哪些评论读者真的在乎 也不用太战战兢兢","commentTime":"2022-07-03 18:55:54","commentOwner":"。"},{"comment":"其实就是排雷要有证据，不然一律当成虚假排雷","commentTime":"2022-07-03 18:56:55","commentOwner":"。"},{"comment":"已阅","commentTime":"2022-07-03 18:57:28","commentOwner":"。"},{"comment":"抬下去","commentTime":"2022-07-03 18:57:46","commentOwner":"= ="},{"comment":"2月发的帖子有人说lz一星，七月lz就三星了？哇\n哇哦。\n№29☆☆☆= =|d7c61c3d于2022-07-03 18:53:52留言☆☆☆\n像lz这样本身也容易把握读者心理，知道写什么会被排雷，写什么题材读者想看什么","commentTime":"2022-07-03 19:04:04","commentOwner":"。"}]}