{"id":"491a21a5-5538-4bbf-8f13-32886e3b2ea4","category":"晋江论坛→网友交流区→碧水江汀 请稍候...","postSubject":"主题：【树洞】盗文读者到处虚假排雷，还在推文大v的推文wb下使劲贬低这本书，把她自己臆想的各种后续情节当成毒点给其他读者排雷，好窒息…… [1] 【搜索关键词：排雷】","postUrl":"https://bbs.jjwxc.net/showmsg.php?board=17&keyword=%C5%C5%C0%D7&id=1695606","originalPost":"如题，卡文卡到大半夜睡不着，去抓盗文，搜了一下自己的书，看到这些心情更糟了，盗文g什么时候能要点脸？","numberOfReplies":1,"comments":[{"comment":"摸摸头","commentTime":"2021-12-29 06:30:25","commentOwner":"。"}]}