{"id":"fca8b66f-0da1-46f3-a72d-95d59a8c7539","category":"晋江论坛→网友交流区→碧水江汀 欢迎回来：53088456  退 出","postSubject":"主题：看到袖贝尔说她专栏不排雷，我的第一反应居然是：你自己就是一个大写的雷，当然不用再排 [3] 【搜索关键词：排雷】","postUrl":"https://bbs.jjwxc.net/showmsg.php?board=17&keyword=%C5%C5%C0%D7&id=1894916","originalPost":"两年前受到的心理创伤，现在还没愈合","numberOfReplies":3,"comments":[{"comment":"你是不是错区了","commentTime":"2022-05-13 11:35:27","commentOwner":"。"},{"comment":"啊啊啊啊，我错区了！！！","commentTime":"2022-05-13 11:37:00","commentOwner":"。"},{"comment":"我真的理解不了雷精们的雷点，作者是写文还是扫雷呢？","commentTime":"2022-05-13 11:38:14","commentOwner":"。。"}]}