{"id":"98ad0e72-a463-4c80-b245-d1125bcaee2d","category":"晋江论坛→网友交流区→碧水江汀 欢迎回来：53088456  退 出","postSubject":"主题：对于在别人文下写长篇小作文排雷的，我只想说…… [1] 【搜索关键词：排雷】","postUrl":"https://bbs.jjwxc.net/showmsg.php?board=17&keyword=%C5%C5%C0%D7&id=1707689","originalPost":"你丫的，双商低还他么话多。","numberOfReplies":1,"comments":[{"comment":"阿弥陀佛！\n最奇葩的是前一张负分骂了一长篇，我说说瑞说瑞，不好意思，感官不好对不住。是我没写好。\n我都以为送佛送走了。\n过两天又来，负分！还买了一张，又一长篇你个辣鸡你写的辣鸡你好辣鸡……\n我：啊啊啊霸霸不是走了吗怎么还来？？","commentTime":"2022-01-06 16:44:18","commentOwner":"狗蛋儿"}]}