{"id":"5d43a2d0-23c9-44e7-b827-fa7e34f71fcc","category":"晋江论坛→网友交流区→碧水江汀 请稍候...","postSubject":"主题：俺是一个喜欢看剧透和排雷排雷看文的……对我太不友好了。 [11] 【搜索关键词：排雷】","postUrl":"https://bbs.jjwxc.net/showmsg.php?board=17&keyword=%C5%C5%C0%D7&id=1684699","originalPost":"如果关闭了，我想看剧透看不到了，痛苦(dbq我知道很多人不喜欢剧透，但是我真的巨巨巨喜欢剧透)\n以及排雷，可以看到是否虐女主(受)，是否有副cp，是否有反攻等等一系列我的雷点，这是我自个的雷点，跟作者无关，所以这意味着我也不能在评论区问其他读者了(痛苦面具)","numberOfReplies":11,"comments":[{"comment":"我也！\n我好喜欢看评论区的骚话啊\n这就跟我看电视不让我开弹幕一样\n越看越着急","commentTime":"2021-12-20 16:21:38","commentOwner":"。"},{"comment":"别担心，对于大多数作者来说【永久】的影响更重要。\n单机码字很痛苦的。","commentTime":"2021-12-20 16:21:45","commentOwner":"……"},{"comment":"有啥不友好，换有评论区的看不就得了，就算10%可能是作者不得不关闭，还有90%是文有雷被骂的关呢\n你不看你又不吃亏，痛苦啥","commentTime":"2021-12-20 16:22:06","commentOwner":"=="},{"comment":"放心，绝大多数作者来说，关闭评论区要更痛苦","commentTime":"2021-12-20 16:22:22","commentOwner":"。"},{"comment":"别担心，对于大多数作者来说【永久】的影响更重要。\n单机码字很痛苦的。\n№2 ☆☆☆……|8998547a于2021-12-20 16:21:45留言☆☆☆\n因为隔壁楼看见有太太关闭完结文评论区了！我也喜欢扫完结文！呜呜","commentTime":"2021-12-20 16:22:44","commentOwner":"= ="},{"comment":"你太傻了，有些作者要评论区管理权限，就是为了不让你排雷啊，你看了排雷走了，她们还怎么赚钱？\n最好是她们想写什么雷写什么雷，你呢只管掏钱，被雷到了就自己忍着，别耽误她们骗下一个读者最好","commentTime":"2021-12-20 16:23:06","commentOwner":"= ="},{"comment":"大部分正常作者不会用这个功能，影响很大得不偿失，会关评论区的大概率有点什么问题导致评论区不堪入目，所以其实这一步已经直接给你排雷了","commentTime":"2021-12-20 16:24:35","commentOwner":""},{"comment":"你太傻了，有些作者要评论区管理权限，就是为了不让你排雷啊，你看了排雷走了，她们还怎么赚钱？\n最好是她们想写什么雷写什么雷，你呢只管掏钱，被雷到了就自己忍着，别耽误她们骗下一个读者最好\n№6 ☆☆☆= =|fdcf1aa6于2021-12-20 16:23:06留言☆☆☆\n有些作者说要评论区管理权限，想删除杠精评论，那什么叫杠精评论呢？我告诉你，所有不合她们心意的评论都是杠精评论，她们要的就是随意删评并且没有任何代价的权利","commentTime":"2021-12-20 16:24:52","commentOwner":"= ="},{"comment":"去读者区好不好，求求了","commentTime":"2021-12-20 16:25:22","commentOwner":"。"},{"comment":"那你就不要看她的文嘛。她关评论区已经是默认不要你这种读者了，你也避雷她不看不就好了，双向避雷，互相尊重。但是你不能说她就是不能用这个功能，作者也不能关了评论区还强迫你必须看文呀，双向的选择嘛。","commentTime":"2021-12-20 16:27:18","commentOwner":"。"},{"comment":"历史引用 展开全部▼\n有些作者说要评论区管理权限，想删除杠精评论，那什么叫杠精评论呢？我告诉你，所有不合她们心意的评论都是杠精评论，她们要的就是随意删评并且没有任何代价的权利\n№8☆☆☆= =|fdcf1aa6于2021-12-20 16:24:52留言☆☆☆\n你是纯读者？很多作者会被一些莫名其妙的人当作垃圾桶发泄情绪你知道吗？比如上次有个人跑来我评论区逼逼赖赖一通（我的文名很直白显露出了题材），然后我点开她的书架看了一眼，没有收藏过任何一本我这个频道的文，所以为什么会跑来我这边发疯？除了随便找垃圾桶发泄我实在想不出其他理由。","commentTime":"2021-12-20 16:27:39","commentOwner":""}]}