{"id":"30695732-bb1a-4066-8351-b86a3c61ddf2","category":"晋江论坛→网友交流区→碧水江汀 欢迎回来：53088456  退 出","postSubject":"主题：pbc夹五，因为昨天嘴最臭的已经滑跪删评了，现在居然有人说作者捂嘴不让排雷，我们说的是不让排雷的事吗？是人身攻击的事。我截了几个还没被举报掉的恶评，叫有些人看看，这不是排雷，是rm [360] 【搜索关键词：排雷】","postUrl":"https://bbs.jjwxc.net/showmsg.php?board=17&keyword=%C5%C5%C0%D7&id=1758965","originalPost":"这些还是举报过后的，之前最严重的时候有多恶心你们可以自行想象。","numberOfReplies":297,"comments":[{"comment":"试试看能不能贴出来","commentTime":"2022-02-12 10:54:17","commentOwner":"月"},{"comment":"bd","commentTime":"2022-02-12 10:54:45","commentOwner":"。。"},{"comment":"这个作者昨天好像根本没回复吧\n还有人把这场网暴轻描淡写成读者作者吵架的","commentTime":"2022-02-12 10:55:30","commentOwner":"。"},{"comment":"两种我都看到过，确实有人yygq说一堆类似不许排雷的话，楼主没必要破防，他们说的也不是你","commentTime":"2022-02-12 10:55:54","commentOwner":"= ="},{"comment":"","commentTime":"2022-02-12 10:55:56","commentOwner":"月"},{"comment":"bd","commentTime":"2022-02-12 10:56:02","commentOwner":"。"},{"comment":"真的该狠狠告一波，看嘴臭的头到底铁不铁","commentTime":"2022-02-12 10:56:12","commentOwner":"=="},{"comment":"bd","commentTime":"2022-02-12 10:56:21","commentOwner":"。"},{"comment":"№5☆☆☆月|1c0cb22a于2022-02-12 10:55:56留言☆☆☆\n带","commentTime":"2022-02-12 10:56:26","commentOwner":"。"},{"comment":"№5 ☆☆☆月|1c0cb22a于2022-02-12 10:55:56留言☆☆☆\n哇哦，她好爱女","commentTime":"2022-02-12 10:56:34","commentOwner":"。"},{"comment":"还有那几个骂作者和女主是驴的，yue","commentTime":"2022-02-12 10:56:44","commentOwner":"大*****"},{"comment":"嘴太臭了，看着恶心","commentTime":"2022-02-12 10:57:00","commentOwner":"。。。。"},{"comment":"bd","commentTime":"2022-02-12 10:57:05","commentOwner":"。"},{"comment":"阿哲昨天开始好多帖子了能集中一个帖子吗，pbc以后还要加上夹一二三四五六七□□十吗","commentTime":"2022-02-12 10:57:11","commentOwner":"。"},{"comment":"","commentTime":"2022-02-12 10:57:15","commentOwner":"月"},{"comment":"我的天……点进来之前，没想到内容这么恶心……我的眼睛……不敢相信，这是一个女生的嘴巴里说出的话？？？","commentTime":"2022-02-12 10:57:17","commentOwner":"= ="},{"comment":"两种我都看到过，确实有人yygq说一堆类似不许排雷的话，楼主没必要破防，他们说的也不是你\n№4☆☆☆= =|2787ad73于2022-02-12 10:55:54留言☆☆☆\n你就是骂人的吗？","commentTime":"2022-02-12 10:57:18","commentOwner":"。"},{"comment":"bd","commentTime":"2022-02-12 10:57:53","commentOwner":"。"},{"comment":"所以事实上文案排雷是很不可取的办法，哎……","commentTime":"2022-02-12 10:57:54","commentOwner":"123"},{"comment":"两种我都看到过，确实有人yygq说一堆类似不许排雷的话，楼主没必要破防，他们说的也不是你\n№4 ☆☆☆= =|2787ad73于2022-02-12 10:55:54留言☆☆☆\n你也没必要舔，骂人的有你吗","commentTime":"2022-02-12 10:58:21","commentOwner":"。"},{"comment":"","commentTime":"2022-02-12 10:58:29","commentOwner":"月"},{"comment":"傻x","commentTime":"2022-02-12 10:58:42","commentOwner":"= ="},{"comment":"№21 ☆☆☆月|1c0cb22a于2022-02-12 10:58:29留言☆☆☆\n夹子不是只要入v就能上的吗","commentTime":"2022-02-12 10:59:14","commentOwner":"。"},{"comment":"历史引用 展开全部▼\n你就是骂人的吗？\n№17 ☆☆☆。|c1bd0633于2022-02-12 10:57:18留言☆☆☆\n。？？不好意思我吃瓜了一整天，没去过评论区，扣帽子要不得","commentTime":"2022-02-12 10:59:35","commentOwner":"= ="},{"comment":"这种评论其实在夹子前排hzc文里很常见","commentTime":"2022-02-12 10:59:48","commentOwner":"= ="},{"comment":"","commentTime":"2022-02-12 11:00:13","commentOwner":"月"},{"comment":"臭完删评就当无事发生，轮到他们自己身上试试","commentTime":"2022-02-12 11:00:27","commentOwner":"=="},{"comment":"历史引用 展开全部▼\n你就是骂人的吗？\n№17☆☆☆。|c1bd0633于2022-02-12 10:57:18留言☆☆☆\n倒也不是，确实有搅浑水的","commentTime":"2022-02-12 11:00:39","commentOwner":"。"},{"comment":"两种我都看到过，确实有人yygq说一堆类似不许排雷的话，楼主没必要破防，他们说的也不是你\n№4 ☆☆☆= =|2787ad73于2022-02-12 10:55:54留言☆☆☆\n人身攻击的有你？怕了？","commentTime":"2022-02-12 11:01:02","commentOwner":"。。。"},{"comment":"只要看到去作者文下说出\"i女\"这个词的，你就能知道了，这个人必定是打过女人的。\n打过的女作者没有十个一百个，也起码有3456个。","commentTime":"2022-02-12 11:01:08","commentOwner":"，，，"},{"comment":"-\n有些东西，就算删除了也会留有一些痕迹","commentTime":"2022-02-12 11:01:20","commentOwner":"月"},{"comment":"这种评论其实在夹子前排hzc文里很常见\n№25 ☆☆☆= =|11c97b30于2022-02-12 10:59:48留言☆☆☆\n是的","commentTime":"2022-02-12 11:01:36","commentOwner":"咕咕"},{"comment":"历史引用 展开全部▼\n。？？不好意思我吃瓜了一整天，没去过评论区，扣帽子要不得\n№24☆☆☆= =|2787ad73于2022-02-12 10:59:35留言☆☆☆\n因为这楼就是在说辱骂……你说楼主破防，就挺奇怪的，反正我看到那些骂的情况真的觉得太脏了","commentTime":"2022-02-12 11:01:43","commentOwner":"。"},{"comment":"历史引用 展开全部▼\n是的\n№32 ☆☆☆咕咕|c9ff9b7c于2022-02-12 11:01:36留言☆☆☆\n常见不代表正常，就是因为没人治才越来越猖狂","commentTime":"2022-02-12 11:02:03","commentOwner":"。"},{"comment":"这种评论其实在夹子前排hzc文里很常见\n№25 ☆☆☆= =|11c97b30于2022-02-12 10:59:48留言☆☆☆\n妈呀都是骂驴的吗？hzc作者也太惨了，这都是网暴啊，一告一个准（但是费时费力）","commentTime":"2022-02-12 11:02:11","commentOwner":"。。。"},{"comment":"历史引用 展开全部▼\n人身攻击的有你？怕了？\n№29 ☆☆☆。。。|8e5ea706于2022-02-12 11:01:02留言☆☆☆\n麻了，都说我没去过评论区了，一说实话就有人臆想扣帽子，何必呢？大部分人确实都在说人生攻击的事情，但是确实有人混水摸鱼趁机捂嘴不让人排雷好么？","commentTime":"2022-02-12 11:02:15","commentOwner":"= ="},{"comment":"","commentTime":"2022-02-12 11:02:37","commentOwner":"……"},{"comment":"历史引用 展开全部▼\n。？？不好意思我吃瓜了一整天，没去过评论区，扣帽子要不得\n№24 ☆☆☆= =|2787ad73于2022-02-12 10:59:35留言☆☆☆\n你不是也扣楼主帽子吗？好会啊你","commentTime":"2022-02-12 11:02:45","commentOwner":"。。。"},{"comment":"每次看话题楼，看到24小时持续的这种评论，哪里是道歉能结束的？？？？？？？？旁人看了都恶寒，试想写文的作者会是什么心情？另外，好几个id居然还是作者，披着读者马甲的作者，有签约的有没签约的，电脑端能看。我真的服了，真的不怕吗？","commentTime":"2022-02-12 11:03:07","commentOwner":"。"},{"comment":"历史引用 展开全部▼\n麻了，都说我没去过评论区了，一说实话就有人臆想扣帽子，何必呢？大部分人确实都在说人生攻击的事情，但是确实有人混水摸鱼趁机捂嘴不让人排雷好么？\n№36 ☆☆☆= =|2787ad73于2022-02-12 11:02:15留言☆☆☆\n那你和她们去说，这个楼主题是什么你看不懂？","commentTime":"2022-02-12 11:03:22","commentOwner":"。。。"},{"comment":"№37☆☆☆……|bfd4414e于2022-02-12 11:02:37留言☆☆☆\n这真的太脏了我要吐了","commentTime":"2022-02-12 11:03:25","commentOwner":"。"},{"comment":"","commentTime":"2022-02-12 11:03:28","commentOwner":"……"},{"comment":"№37☆☆☆……|bfd4414e于2022-02-12 11:02:37留言☆☆☆\n带，我忘了截图了","commentTime":"2022-02-12 11:03:38","commentOwner":"。"},{"comment":"历史引用 展开全部▼\n麻了，都说我没去过评论区了，一说实话就有人臆想扣帽子，何必呢？大部分人确实都在说人生攻击的事情，但是确实有人混水摸鱼趁机捂嘴不让人排雷好么？\n№36 ☆☆☆= =|2787ad73于2022-02-12 11:02:15留言☆☆☆\n如果不是全程跟下来建议不要拉偏架","commentTime":"2022-02-12 11:04:00","commentOwner":"= ="},{"comment":"最让我ex的是这个。\n自持的正义的人在狂欢。","commentTime":"2022-02-12 11:04:09","commentOwner":"月"},{"comment":"№42☆☆☆……|bfd4414e于2022-02-12 11:03:28留言☆☆☆\n这真的是女孩子能打出来的话吗？？？","commentTime":"2022-02-12 11:04:13","commentOwner":"。"},{"comment":"历史引用 展开全部▼\n麻了，都说我没去过评论区了，一说实话就有人臆想扣帽子，何必呢？大部分人确实都在说人生攻击的事情，但是确实有人混水摸鱼趁机捂嘴不让人排雷好么？\n№36 ☆☆☆= =|2787ad73于2022-02-12 11:02:15留言☆☆☆\n现在是你在浑水摸鱼，你说的跟楼主说的根本不搭噶","commentTime":"2022-02-12 11:04:36","commentOwner":"。"},{"comment":"图上这是疯狂刷负的几个人的团建楼","commentTime":"2022-02-12 11:05:01","commentOwner":"。"},{"comment":"最让我ex的是这个。\n自持的正义的人在狂欢。\n№45 ☆☆☆月|1c0cb22a☆于2022-02-12 11:04:09留言☆☆☆","commentTime":"2022-02-12 11:05:12","commentOwner":"月"},{"comment":"","commentTime":"2022-02-12 11:05:22","commentOwner":"。"},{"comment":"历史引用 展开全部▼\n麻了，都说我没去过评论区了，一说实话就有人臆想扣帽子，何必呢？大部分人确实都在说人生攻击的事情，但是确实有人混水摸鱼趁机捂嘴不让人排雷好么？\n№36 ☆☆☆= =|2787ad73★于2022-02-12 11:02:15留言☆☆☆\n所以你来趁机捂嘴不让人说人身攻击的事了？","commentTime":"2022-02-12 11:05:24","commentOwner":"狂炫砂糖橘"},{"comment":"","commentTime":"2022-02-12 11:05:44","commentOwner":"。"},{"comment":"还有那几个骂作者和女主是驴的，yue\n№11☆☆☆大号抓进去了|0b10f4a0于2022-02-12 10:56:44留言☆☆☆\n更脏的那个你看到了没，那个说作者喜欢用嘴嗦男人那啥的……口区……","commentTime":"2022-02-12 11:06:21","commentOwner":"= ="},{"comment":"何必给她们打码呢，这不是她们自己说的话吗？","commentTime":"2022-02-12 11:06:21","commentOwner":"狂炫砂糖橘"},{"comment":"好yue","commentTime":"2022-02-12 11:06:41","commentOwner":"奥利奥小饼干"},{"comment":"两种我都看到过，确实有人yygq说一堆类似不许排雷的话，楼主没必要破防，他们说的也不是你\n№4 ☆☆☆= =|2787ad73于2022-02-12 10:55:54留言☆☆☆\n请问你是隔壁替网暴者说话的那个9a吗？（只是问问，不是说你是哦）","commentTime":"2022-02-12 11:07:08","commentOwner":"=="},{"comment":"太恶心了太恶心了太恶心了太恶心了太恶心了太恶心了太恶心了太恶心了太恶心了太恶心了太恶心了太恶心了太恶心了太恶心了太恶心了太恶心了太恶心了太恶心了太恶心了太恶心了太恶心了太恶心了太恶心了太恶心了太恶心了太恶心了太恶心了太恶心了太恶心了太恶心了太恶心了太恶心了太恶心了太恶心了","commentTime":"2022-02-12 11:07:17","commentOwner":"。"},{"comment":"看，脏到论坛一直抽楼，我发的图片都过不了","commentTime":"2022-02-12 11:07:17","commentOwner":"月"},{"comment":"真恶心，昨天帮忙举报了几个，真是太恶心了","commentTime":"2022-02-12 11:07:28","commentOwner":"。"},{"comment":"建议告几个","commentTime":"2022-02-12 11:07:35","commentOwner":"……"},{"comment":"历史引用 展开全部▼\n麻了，都说我没去过评论区了，一说实话就有人臆想扣帽子，何必呢？大部分人确实都在说人生攻击的事情，但是确实有人混水摸鱼趁机捂嘴不让人排雷好么？\n№36 ☆☆☆= =|2787ad73于2022-02-12 11:02:15留言☆☆☆\n才发现你也是作者，你以后要是被网暴了，记得来bs提醒大家你是心甘情愿的，不需要别人为你抱不平哈（我事先提醒一下，什么类型都有可能被那群人网暴，甜文我见过，大女主文我见过，无cp我也见过，bl当然也是）","commentTime":"2022-02-12 11:07:42","commentOwner":"。。。"},{"comment":"好恶心","commentTime":"2022-02-12 11:07:43","commentOwner":"。"},{"comment":"历史引用 展开全部▼\n这真的是女孩子能打出来的话吗？？？\n№46 ☆☆☆。|c1bd0633于2022-02-12 11:04:13留言☆☆☆\n虽然那句话不太合适，但我还是想说，部分女的对女的的恶意更大，因为她们根本不敢骂男的。","commentTime":"2022-02-12 11:07:47","commentOwner":"。。"},{"comment":"建议告几个\n№60 ☆☆☆……|1007aa8c于2022-02-12 11:07:35留言☆☆☆\n作者集资的，可以支援","commentTime":"2022-02-12 11:07:59","commentOwner":"……"},{"comment":"可以告了，支持作者维权","commentTime":"2022-02-12 11:08:11","commentOwner":"。"},{"comment":"历史引用 展开全部▼\n更脏的那个你看到了没，那个说作者喜欢用嘴嗦男人那啥的……口区……\n№53 ☆☆☆= =|71341ecc于2022-02-12 11:06:21留言☆☆☆\n我看到了，我就是看到那个愤怒的","commentTime":"2022-02-12 11:08:35","commentOwner":"。。。"},{"comment":"历史引用 展开全部▼\n麻了，都说我没去过评论区了，一说实话就有人臆想扣帽子，何必呢？大部分人确实都在说人生攻击的事情，但是确实有人混水摸鱼趁机捂嘴不让人排雷好么？\n№36 ☆☆☆= =|2787ad73于2022-02-12 11:02:15留言☆☆☆\n既然没有去过评论区，不知道昨天全程是什么情况，建议不要随便开麦","commentTime":"2022-02-12 11:08:40","commentOwner":"。"},{"comment":"历史引用 展开全部▼\n虽然那句话不太合适，但我还是想说，部分女的对女的的恶意更大，因为她们根本不敢骂男的。\n№63☆☆☆。。|6165db61于2022-02-12 11:07:47留言☆☆☆\n我真的不理解，嘴上说着i女，却伤害女作者","commentTime":"2022-02-12 11:08:42","commentOwner":"。"},{"comment":"太恶心了救命啊，她们怎么打得出来","commentTime":"2022-02-12 11:08:44","commentOwner":"抹茶夹心麻薯"},{"comment":"","commentTime":"2022-02-12 11:08:46","commentOwner":"月"},{"comment":"历史引用 展开全部▼\n麻了，都说我没去过评论区了，一说实话就有人臆想扣帽子，何必呢？大部分人确实都在说人生攻击的事情，但是确实有人混水摸鱼趁机捂嘴不让人排雷好么？\n№36 ☆☆☆= =|2787ad73于2022-02-12 11:02:15留言☆☆☆\n作者自己文案不就排雷了吗？\n你真搞笑，为啥对网暴者那么共情？","commentTime":"2022-02-12 11:08:56","commentOwner":"=="},{"comment":"…好恶心啊，我吃饭呢都反胃了","commentTime":"2022-02-12 11:09:13","commentOwner":"。"},{"comment":"№70 ☆☆☆月|1c0cb22a☆于2022-02-12 11:08:46留言☆☆☆\n补，fpb","commentTime":"2022-02-12 11:09:14","commentOwner":"月"},{"comment":"笑死了，信不信，如果不是这事闹大了，她才不会跪滑道歉，说不准负分辱骂套餐来一份，接着闹。","commentTime":"2022-02-12 11:09:21","commentOwner":"=="},{"comment":"历史引用 展开全部▼\n作者集资的，可以支援\n№64 ☆☆☆……|1007aa8c于2022-02-12 11:07:59留言☆☆☆\n我先说了，作者决定告我去投雷","commentTime":"2022-02-12 11:09:25","commentOwner":"=="},{"comment":"","commentTime":"2022-02-12 11:09:43","commentOwner":"。"},{"comment":"笑死人了，你们搜搜看贾平凹极花下面的评论，都不一定会有这么恶心的，欺负女性作者很爽是吧？","commentTime":"2022-02-12 11:09:49","commentOwner":"。"},{"comment":"","commentTime":"2022-02-12 11:09:58","commentOwner":"。"},{"comment":"建议告几个，可以支援。","commentTime":"2022-02-12 11:10:12","commentOwner":"= ="},{"comment":"№76 ☆☆☆。|ae8e35a5于2022-02-12 11:09:43留言☆☆☆\nfpb","commentTime":"2022-02-12 11:10:13","commentOwner":"。"},{"comment":"历史引用 展开全部▼\n我先说了，作者决定告我去投雷\n№75 ☆☆☆==|74c9140b于2022-02-12 11:09:25留言☆☆☆\n+1\n我可以全订加投雷\n这个评论区真的太难受了，是看到会反胃的程度","commentTime":"2022-02-12 11:10:20","commentOwner":"。"},{"comment":"好恶心啊，我去那个作者评论区看了一圈都觉得抑郁得想吐","commentTime":"2022-02-12 11:10:30","commentOwner":"。"},{"comment":"阿晋那俩坐实的虫写手出事的时候都没见到dbj出来，果然dbj都是一个德行，只敢攻击女作者，欺软怕硬。平时不打负分评论都懒的评，我还知道虫写手喜欢人肉别人，去虫写手底下还打过负分的，我在被骂被攻击被删评留下心理阴影的时候这些dbj在干嘛，哦，在攻击女作者啊，yue了","commentTime":"2022-02-12 11:10:32","commentOwner":"。"},{"comment":"№78 ☆☆☆。|ae8e35a5于2022-02-12 11:09:58留言☆☆☆\nfpb","commentTime":"2022-02-12 11:10:33","commentOwner":"。"},{"comment":"历史引用 展开全部▼\n我先说了，作者决定告我去投雷\n№75☆☆☆==|74c9140b★★★于2022-02-12 11:09:25留言☆☆☆\n。\n对普通作者来说，见一个告一个太消耗时间金钱成本了，又没有拉黑删评禁言的权利\n所以真的希望有能力告的作者，不要纵容这些臭嘴东西\n但凡愿意去告的，我愿意去专栏投红包（比地雷省点手续费）","commentTime":"2022-02-12 11:10:33","commentOwner":"=="},{"comment":"历史引用 展开全部▼\n。？？不好意思我吃瓜了一整天，没去过评论区，扣帽子要不得\n№24 ☆☆☆= =|2787ad73于2022-02-12 10:59:35留言☆☆☆\n没去过评论区你说什么呢，主观臆测？","commentTime":"2022-02-12 11:11:03","commentOwner":"。"},{"comment":"评论区一群网暴者举着旗子在狂欢，下一个对象就是你。","commentTime":"2022-02-12 11:11:10","commentOwner":"，"},{"comment":"阿晋那俩坐实的虫写手出事的时候都没见到dbj出来，果然dbj都是一个德行，只敢攻击女作者，欺软怕硬。平时不打负分评论都懒的评，我还知道虫写手喜欢人肉别人，去虫写手底下还打过负分的，我在被骂被攻击被删评留下心理阴影的时候这些dbj在干嘛，哦，在攻击女作者啊，yue了\n№83 ☆☆☆。|1993dc09于2022-02-12 11:10:32留言☆☆☆\nfpb","commentTime":"2022-02-12 11:11:20","commentOwner":"。"},{"comment":"历史引用 展开全部▼\n。\n对普通作者来说，见一个告一个太消耗时间金钱成本了，又没有拉黑删评禁言的权利\n所以真的希望有能力告的作者，不要纵容这些臭嘴东西\n但凡愿意去告的，我愿意去专栏投红包（比地雷省点手续费）\n№85 ☆☆☆==|e238c578☆于2022-02-12 11:10:33留言☆☆☆\n。多了我不敢说，一百我二话不说可以打给她","commentTime":"2022-02-12 11:11:30","commentOwner":"= ="},{"comment":"笑死人了，你们搜搜看贾平凹极花下面的评论，都不一定会有这么恶心的，欺负女性作者很爽是吧？\n№77 ☆☆☆。|afb7991f于2022-02-12 11:09:49留言☆☆☆\n打着i女的旗帜欺负女性才才爽咧，爽死了吧才会日常团建。","commentTime":"2022-02-12 11:11:51","commentOwner":"。。。"},{"comment":"笑死人了，你们搜搜看贾平凹极花下面的评论，都不一定会有这么恶心的，欺负女性作者很爽是吧？\n№77☆☆☆。|afb7991f于2022-02-12 11:09:49留言☆☆☆\n真的好恶心啊，她们这种因为这个就疯狂辱骂的话，估计多少著名作家都要被冲呢","commentTime":"2022-02-12 11:11:57","commentOwner":"。"},{"comment":"评论区点赞功能也助长了他们的自信","commentTime":"2022-02-12 11:11:58","commentOwner":"。"},{"comment":"历史引用 展开全部▼\n真的好恶心啊，她们这种因为这个就疯狂辱骂的话，估计多少著名作家都要被冲呢\n№91 ☆☆☆。|c1bd0633于2022-02-12 11:11:57留言☆☆☆\n最多女作家，人家不敢冲男的，因为i女，所以只骂女人，怎么狠怎么骂","commentTime":"2022-02-12 11:13:21","commentOwner":"。。。"},{"comment":"支持晋江出个作者拉黑功能……真的求求了，你不知道没有管理权限对有些心态不好的作者来说，有多让人难受","commentTime":"2022-02-12 11:13:51","commentOwner":"。"},{"comment":"历史引用 展开全部▼\n最多女作家，人家不敢冲男的，因为i女，所以只骂女人，怎么狠怎么骂\n№93 ☆☆☆。。。|8e5ea706于2022-02-12 11:13:21留言☆☆☆\n“治不了男的还治不了你”","commentTime":"2022-02-12 11:15:09","commentOwner":"狂炫砂糖橘"},{"comment":"历史引用 展开全部▼\n麻了，都说我没去过评论区了，一说实话就有人臆想扣帽子，何必呢？大部分人确实都在说人生攻击的事情，但是确实有人混水摸鱼趁机捂嘴不让人排雷好么？\n№36☆☆☆= =|2787ad73于2022-02-12 11:02:15留言☆☆☆\n你是9a解？又开始了是吗？让没看过文的人不要排假雷=捂嘴，你不觉得自己逻辑有问题？没订阅过为什么排vip章节的雷？自己都没看过就嚷嚷得言之凿凿不觉得很奇怪吗？","commentTime":"2022-02-12 11:15:44","commentOwner":"大*****"},{"comment":"还是一直抽楼\n尝试了下微打码","commentTime":"2022-02-12 11:16:35","commentOwner":"月"},{"comment":"历史引用 展开全部▼\n我先说了，作者决定告我去投雷\n№75 ☆☆☆==|74c9140b于2022-02-12 11:09:25留言☆☆☆\n作者告，我可以出钱，多了没有，一个深水还是可以的","commentTime":"2022-02-12 11:17:35","commentOwner":"……"},{"comment":"历史引用 展开全部▼\n。？？不好意思我吃瓜了一整天，没去过评论区，扣帽子要不得\n№24☆☆☆= =|2787ad73于2022-02-12 10:59:35留言☆☆☆\n前面一楼你自己说在评论区看见“捂嘴”，现在又开始说你自己没去过评论区，前言不搭后语，你没事吧？","commentTime":"2022-02-12 11:17:36","commentOwner":"大*****"},{"comment":"。。。。好恶心，这就是网暴，绝不是吐槽评文了。。我也有讨厌的文，也会吐槽两句，但这些绝对不是正常读者能干的事，太恶心了这些词汇。。。。","commentTime":"2022-02-12 11:18:38","commentOwner":"。"},{"comment":"历史引用 展开全部▼\n前面一楼你自己说在评论区看见“捂嘴”，现在又开始说你自己没去过评论区，前言不搭后语，你没事吧？\n№99 ☆☆☆大号抓进去了|0b10f4a0于2022-02-12 11:17:36留言☆☆☆\n“没去过评论区不清楚”\n“但也有很多浑水摸鱼捂嘴不让排雷的人”\n你？","commentTime":"2022-02-12 11:19:18","commentOwner":"狂炫砂糖橘"},{"comment":"阿晋那俩坐实的虫写手出事的时候都没见到dbj出来，果然dbj都是一个德行，只敢攻击女作者，欺软怕硬。平时不打负分评论都懒的评，我还知道虫写手喜欢人肉别人，去虫写手底下还打过负分的，我在被骂被攻击被删评留下心理阴影的时候这些dbj在干嘛，哦，在攻击女作者啊，yue了\n№83☆☆☆。|1993dc09于2022-02-12 11:10:32留言☆☆☆\nnsdd，现在阿晋还有活体写dy的男作者诶，怎么这些人好像一无所知，点家不敢去晋江男作者也不敢刷负，只会抱团对女作者逼逼赖赖呢，是看晋江的女作者好欺负是吗？","commentTime":"2022-02-12 11:20:12","commentOwner":"大*****"},{"comment":"历史引用 展开全部▼\n“没去过评论区不清楚”\n“但也有很多浑水摸鱼捂嘴不让排雷的人”\n你？\n№101 ☆☆☆狂炫砂糖橘|7d02961d于2022-02-12 11:19:18留言☆☆☆\n自我介绍了属于是","commentTime":"2022-02-12 11:20:26","commentOwner":"。"},{"comment":"i女就是对着女性疯狂输出脏话吗 我昨天只看了那评论区一眼就没关注了 没想到有这么ex的评论","commentTime":"2022-02-12 11:20:31","commentOwner":"。"},{"comment":"这些人真是太可怕了，局外人看了都受不了，更别说作者本人了","commentTime":"2022-02-12 11:21:27","commentOwner":"。"},{"comment":"两种我都看到过，确实有人yygq说一堆类似不许排雷的话，楼主没必要破防，他们说的也不是你\n№4 ☆☆☆= =|2787ad73于2022-02-12 10:55:54留言☆☆☆\n带带你的言论，自己不觉得可笑吗？嗯","commentTime":"2022-02-12 11:21:42","commentOwner":"。。"},{"comment":"真的不懂，为啥打着i女的旗帜却去网暴女作者，那些id的皮下真的是女的嘛","commentTime":"2022-02-12 11:22:26","commentOwner":"emmm"},{"comment":"历史引用 展开全部▼\n麻了，都说我没去过评论区了，一说实话就有人臆想扣帽子，何必呢？大部分人确实都在说人生攻击的事情，但是确实有人混水摸鱼趁机捂嘴不让人排雷好么？\n№36 ☆☆☆= =|2787ad73于2022-02-12 11:02:15留言☆☆☆\n你都没了解过情况就迫不及待发言？","commentTime":"2022-02-12 11:22:35","commentOwner":"。"},{"comment":"","commentTime":"2022-02-12 11:22:42","commentOwner":"……"},{"comment":"有点烦，我应该怎么贴图才能不被抽楼……","commentTime":"2022-02-12 11:22:59","commentOwner":"月"},{"comment":"嘴太脏了","commentTime":"2022-02-12 11:23:01","commentOwner":"。"},{"comment":"真的不懂，为啥打着i女的旗帜却去网暴女作者，那些id的皮下真的是女的嘛\n№107 ☆☆☆emmm|e8eb41b4于2022-02-12 11:22:26留言☆☆☆\n那可不是女的嘛","commentTime":"2022-02-12 11:24:00","commentOwner":"。。"},{"comment":"再试一次","commentTime":"2022-02-12 11:25:35","commentOwner":"月"},{"comment":"再试一次\n\n№113 ☆☆☆月|1c0cb22a于2022-02-12 11:25:35留言☆☆☆\nfpb","commentTime":"2022-02-12 11:25:52","commentOwner":"。"},{"comment":"再试一次\n\n№113 ☆☆☆月|1c0cb22a于2022-02-12 11:25:35留言☆☆☆\n我的娘。。。。","commentTime":"2022-02-12 11:26:28","commentOwner":"。"},{"comment":"历史引用 展开全部▼\nfpb\n№114☆☆☆。|ae8e35a5于2022-02-12 11:25:52留言☆☆☆\n带","commentTime":"2022-02-12 11:26:28","commentOwner":"。"},{"comment":"有点烦，我应该怎么贴图才能不被抽楼……\n№110 ☆☆☆月|1c0cb22a于2022-02-12 11:22:59留言☆☆☆\n要不试试倒过来这种，就是传图上下颠倒","commentTime":"2022-02-12 11:26:57","commentOwner":"。。。"},{"comment":"历史引用 展开全部▼\n要不试试倒过来这种，就是传图上下颠倒\n№117 ☆☆☆。。。|8e5ea706于2022-02-12 11:26:57留言☆☆☆\n其实点开一张图左右滑动可以看到被抽掉的图，但是不如直观摆出来震撼","commentTime":"2022-02-12 11:27:33","commentOwner":"。"},{"comment":"真就是说被搞逆反了，现在我在想的是如果开小号写毒文钓鱼的话能不能靠索赔精神损失费恰上饭","commentTime":"2022-02-12 11:28:02","commentOwner":"。"},{"comment":"历史引用 展开全部▼\nfpb\n№114☆☆☆。|ae8e35a5于2022-02-12 11:25:52留言☆☆☆\nf","commentTime":"2022-02-12 11:28:43","commentOwner":"。"},{"comment":"如果这也是女权的一部分的话，希望那些所谓心怀正义的女孩子可以直接给这些在她们眼中不可原谅的女作者判死刑吧，而不是用这样作贱别人的方法各种网曝，无所不尽其极地侮辱折磨","commentTime":"2022-02-12 11:28:50","commentOwner":"= ="},{"comment":"这些个的嘴真脏啊","commentTime":"2022-02-12 11:28:50","commentOwner":"——"},{"comment":"真恶心……这不是正常读者吧，捅了什么窝真是","commentTime":"2022-02-12 11:29:17","commentOwner":"。"},{"comment":"如果这也是女权的一部分的话，希望那些所谓心怀正义的女孩子可以直接给这些在她们眼中不可原谅的女作者判死刑吧，而不是用这样作贱别人的方法各种网曝，无所不尽其极地侮辱折磨\n№121 ☆☆☆= =|f69b3920于2022-02-12 11:28:50留言☆☆☆\n这不是女权，这是女爹","commentTime":"2022-02-12 11:29:34","commentOwner":"。"},{"comment":"支持作者告他们，就这上面几个侮辱名誉侵权一告一个准","commentTime":"2022-02-12 11:29:56","commentOwner":"= ="},{"comment":"我都想开一本去了，网爆我就起诉，把他们永远钉在耻辱柱上","commentTime":"2022-02-12 11:30:01","commentOwner":"……"},{"comment":"历史引用 展开全部▼\n这不是女权，这是女爹\n№124 ☆☆☆。|ae8e35a5于2022-02-12 11:29:34留言☆☆☆\n。确实是想当所有女人的新爹。","commentTime":"2022-02-12 11:30:15","commentOwner":"。"},{"comment":"我发现每次这种评论都有人问，皮下会不会是男的，女的能骂出来这种话吗啥的。\n虽然蝻确实能骂出来这种话，甚至比这些还难听，但是性别可不是这群人的重点模糊哎_(:з」∠)_","commentTime":"2022-02-12 11:30:53","commentOwner":"。。"},{"comment":"历史引用 展开全部▼\n这不是女权，这是女爹\n№124 ☆☆☆。|ae8e35a5于2022-02-12 11:29:34留言☆☆☆\n比起女爹，我觉得更适合“畜生”，属于爹妈没教好类型，然后自己也没健康成长这种","commentTime":"2022-02-12 11:30:58","commentOwner":"。。。"},{"comment":"历史引用 展开全部▼\n畜牲有爸妈教的_(:з」∠)_\n№130 ☆☆☆。。|6165db61于2022-02-12 11:31:21留言☆☆☆\n哈哈哈哈哈哈也对，那就是畜生不如","commentTime":"2022-02-12 11:32:00","commentOwner":"。。。"},{"comment":"脏的全被抽了，咱就是说，管三，你的评论区也有这抽楼力度多好？哈？笑死人了","commentTime":"2022-02-12 11:32:17","commentOwner":"。"},{"comment":"这些个的嘴真脏啊\n№122 ☆☆☆——|a03f16d5于2022-02-12 11:28:50留言☆☆☆\n女权是要靠攻击别人才能得到的真的太可悲了，这根本不是女权，这是践踏女权，这是把女性再一次推到一个无处站立的悬崖上，那些刽子手披着正义的皮，却在心里藏了不知道怎样的龌龊心思，说到底，就是打着女权的口号，发泄自己的偏执和变态","commentTime":"2022-02-12 11:32:48","commentOwner":"——"},{"comment":"历史引用 展开全部▼\n不如叫女爹畜，想当女人爹的畜生\n№133 ☆☆☆。|2fedab06于2022-02-12 11:32:46留言☆☆☆\n哈哈哈哈哈哈可以可以生动形象","commentTime":"2022-02-12 11:33:24","commentOwner":"。。。"},{"comment":"如果这也是女权的一部分的话，希望那些所谓心怀正义的女孩子可以直接给这些在她们眼中不可原谅的女作者判死刑吧，而不是用这样作贱别人的方法各种网曝，无所不尽其极地侮辱折磨\n№121☆☆☆= =|f69b3920于2022-02-12 11:28:50留言☆☆☆\n。请像放弃“不可救药”的点家作者+外站女频作者+晋江男作者，那样放弃晋江女作者吧，我看别人没了你们都在茁壮成长，只有晋江作者因为怕你们狂轰滥炸怕被扣“燕女”“雌竞”等帽子被限制写作自由","commentTime":"2022-02-12 11:33:39","commentOwner":"大*****"},{"comment":"这文说啥了被骂成这样？\n在晋江这种大规模的辱骂咋能通过审核的…醉了…也只能举报掉了，不过这种骂人的话我感觉微博上的更多，微博上的还更难听，除了举报真没啥办法，你跟他对骂吧，只会出现更多更脏的话还让你更生气","commentTime":"2022-02-12 11:34:23","commentOwner":"流萤joyce"},{"comment":"","commentTime":"2022-02-12 11:35:08","commentOwner":"……"},{"comment":"这骂得也太难听了\n和这种人同性别，都觉得辱自己了","commentTime":"2022-02-12 11:35:54","commentOwner":"= ="},{"comment":"№138 ☆☆☆……|bfd4414e于2022-02-12 11:35:08留言☆☆☆\n呕吐了谁懂，为什么张口闭口都是男人那玩意，到底谁拜d？？？","commentTime":"2022-02-12 11:36:06","commentOwner":"。"},{"comment":"№138 ☆☆☆……|bfd4414e于2022-02-12 11:35:08留言☆☆☆\nfpb","commentTime":"2022-02-12 11:36:43","commentOwner":"。"},{"comment":"","commentTime":"2022-02-12 11:36:54","commentOwner":"……"},{"comment":"№142 ☆☆☆……|bfd4414e于2022-02-12 11:36:54留言☆☆☆\nfpb","commentTime":"2022-02-12 11:37:18","commentOwner":"。"},{"comment":"尝试翻转\n已经不知道抽了多少次了\n为什么重要的评论区没有这种抽楼力度","commentTime":"2022-02-12 11:37:26","commentOwner":"月"},{"comment":"好想把这些人全都告了","commentTime":"2022-02-12 11:37:35","commentOwner":"。"},{"comment":"不知道作者现在还好吗","commentTime":"2022-02-12 11:38:16","commentOwner":"。"},{"comment":"能有拉黑读者功能就好了……害","commentTime":"2022-02-12 11:39:00","commentOwner":"。。"},{"comment":"“不知道看这文的能不能来伺候我，我缺奴才”\n“呜呜呜如果喜欢□□后的那可能没法满足了，只能挖鼻屎来满足小娇妻了”","commentTime":"2022-02-12 11:39:22","commentOwner":"月射寒江"},{"comment":"尝试翻转\n已经不知道抽了多少次了\n为什么重要的评论区没有这种抽楼力度\n\n№144☆☆☆月|1c0cb22a于2022-02-12 11:37:26留言☆☆☆\nyue 了\n就这还在那说没有网暴作者，恶心死","commentTime":"2022-02-12 11:39:23","commentOwner":"。"},{"comment":"","commentTime":"2022-02-12 11:39:25","commentOwner":"……"},{"comment":"№142 ☆☆☆……|bfd4414e于2022-02-12 11:36:54留言☆☆☆\n上面那个是作者吗?","commentTime":"2022-02-12 11:39:56","commentOwner":"= ="},{"comment":"感觉好像看到电视里的那种网暴情节发生在眼前，好想吐","commentTime":"2022-02-12 11:40:21","commentOwner":"。"},{"comment":"怎么说呢，我看了就觉得有种灰暗没有出路的感觉了，以后如果写了别人不喜欢的点是不是都会被这么骂","commentTime":"2022-02-12 11:41:00","commentOwner":"啊这"},{"comment":"历史引用 展开全部▼\n上面那个是作者吗?\n№151☆☆☆= =|fc838fa2于2022-02-12 11:39:56留言☆☆☆\n真的作者名字会有颜色","commentTime":"2022-02-12 11:41:17","commentOwner":"。"},{"comment":"我都分不清到底谁爱楠了哈哈，女的发表跟蛆不一样的言论，它们就会说祝你遇见什么什么楠，要么就是楠的奴才，这些蛆的脑子里才装满了楠诶，正常说话的可没猛力贴贴它们的心尖宠之楠人随时挂心头","commentTime":"2022-02-12 11:41:18","commentOwner":"。"},{"comment":"历史引用 展开全部▼\n上面那个是作者吗?\n№151☆☆☆= =|fc838fa2于2022-02-12 11:39:56留言☆☆☆\n你觉得可能么？","commentTime":"2022-02-12 11:41:39","commentOwner":"。"},{"comment":"隔壁那个9a会不会也在这帮人里面，我一想到如果我看的文作者是9a那种没有任何同理心的人我就受不了","commentTime":"2022-02-12 11:41:44","commentOwner":"= ="},{"comment":"d","commentTime":"2022-02-12 11:42:09","commentOwner":"。"},{"comment":"№150 ☆☆☆……|bfd4414e于2022-02-12 11:39:25留言☆☆☆\nfpb","commentTime":"2022-02-12 11:42:10","commentOwner":"。"},{"comment":"啊，我不是该文作者。\n我只是昨天看到事态越来越激烈，还有有人轻描淡写说写文不能玻璃心啥的气炸了，想让大家看看这一篇文下究竟是怎么群魔乱舞","commentTime":"2022-02-12 11:45:54","commentOwner":"……"},{"comment":"历史引用 展开全部▼\nfpb\n№159 ☆☆☆。|ae8e35a5于2022-02-12 11:42:10留言☆☆☆\n阿这他们也配说同理心？","commentTime":"2022-02-12 11:46:07","commentOwner":"——"},{"comment":"这就是网曝，这种网曝应该受到应有惩罚。\n他们敢这么骂明星吗？明星有钱有粉丝护，当然不敢。\n只能骂骂女作者发泄了。","commentTime":"2022-02-12 11:46:21","commentOwner":"。"},{"comment":"哎，这不是网暴是啥啊","commentTime":"2022-02-12 11:46:44","commentOwner":"过儿"},{"comment":"https://tva1.sinaimg.cn/large/008i3skngy1gzal1k432cj30kq04zq38.jpg","commentTime":"2022-02-12 11:48:53","commentOwner":"帮贴图"},{"comment":"看的让人胆战心惊不寒而栗","commentTime":"2022-02-12 11:48:54","commentOwner":"。"},{"comment":"历史引用 展开全部▼\n这不是女权，这是女爹\n№124 ☆☆☆。|ae8e35a5于2022-02-12 11:29:34留言☆☆☆\n她们确实自称女爹，并且都很以这个称号为荣……","commentTime":"2022-02-12 11:49:45","commentOwner":"。"},{"comment":"https://tva1.sinaimg.cn/large/008i3skngy1gzal1k432cj30kq04zq38.jpg\n№164 ☆☆☆帮贴图|fba2a92a于2022-02-12 11:48:53留言☆☆☆","commentTime":"2022-02-12 11:50:33","commentOwner":"帮贴图"},{"comment":"历史引用 展开全部▼\n\n№167 ☆☆☆帮贴图|fba2a92a于2022-02-12 11:50:33留言☆☆☆\nfpb","commentTime":"2022-02-12 11:51:10","commentOwner":"。"},{"comment":"","commentTime":"2022-02-12 11:51:23","commentOwner":"帮贴图"},{"comment":"","commentTime":"2022-02-12 11:51:58","commentOwner":"帮贴图"},{"comment":"它们几个现在害怕死了，都连忙刷了十几个雷","commentTime":"2022-02-12 11:53:20","commentOwner":"。。。"},{"comment":"它们真的好可怕。","commentTime":"2022-02-12 11:54:40","commentOwner":"。"},{"comment":"历史引用 展开全部▼\n补，fpb\n№73☆☆☆月|1c0cb22a于2022-02-12 11:09:14留言☆☆☆\n晕了","commentTime":"2022-02-12 12:09:32","commentOwner":"茶杯可乐"},{"comment":"历史引用 展开全部▼\n她们确实自称女爹，并且都很以这个称号为荣……\n№166 ☆☆☆。|585543ec于2022-02-12 11:49:45留言☆☆☆\n她们为什么不去变性？","commentTime":"2022-02-12 12:10:26","commentOwner":"……"},{"comment":"最后结果怎么样了","commentTime":"2022-02-12 12:10:50","commentOwner":"。"},{"comment":"jj就是纵容网暴","commentTime":"2022-02-12 12:11:20","commentOwner":"。"},{"comment":"看见评论区一个词挺有意思的，互联网太妹，精准打击了","commentTime":"2022-02-12 12:11:47","commentOwner":"。"},{"comment":"我记得有人问过那些人为什么不冲起点那些文，她们说她们都不看起点的文，都不给眼神，无视了为什么要冲？对这些人我只想说，那你能不能也干脆把你看不惯的女作者写的文也给无视了呢？算你功德一件了，行吗","commentTime":"2022-02-12 12:22:30","commentOwner":"= ="},{"comment":"jj纵容网暴","commentTime":"2022-02-12 12:23:03","commentOwner":"。"},{"comment":"那些“嗦脏黄瓜”的百分百是豆瓣组的，他们组的人就喜欢用这个词，只要是女主有虐，或者男主对女主有一点点不好的地方，男主就是脏黄瓜","commentTime":"2022-02-12 12:24:50","commentOwner":"= ="},{"comment":"呼吁jj保护作者权益，无辜遭受人身攻击","commentTime":"2022-02-12 12:28:01","commentOwner":"咕咕"},{"comment":"真的不懂，为啥打着i女的旗帜却去网暴女作者，那些id的皮下真的是女的嘛\n№107 ☆☆☆emmm|e8eb41b4于2022-02-12 11:22:26留言☆☆☆\n蝻和精神蝻","commentTime":"2022-02-12 12:28:34","commentOwner":"。"},{"comment":"昨天帮忙举报了好多，不堪入目，各种生z器，拉偏架的也很ex，如果不是骂的那么脏，碧水咕也不会下场，谁愿意和疯子吵架","commentTime":"2022-02-12 12:37:13","commentOwner":"=="},{"comment":"那个横滨嘴特别脏，张嘴闭嘴徐州八孩，你敢替作者说话，立刻用女性苦难新闻扣你头上，用现实生活里的女性新闻当工具骂人","commentTime":"2022-02-12 12:40:14","commentOwner":"=="},{"comment":"太恶臭了","commentTime":"2022-02-12 12:41:11","commentOwner":"。"},{"comment":"我去，我看了这些，我不干净了……","commentTime":"2022-02-12 12:42:06","commentOwner":"蹲友友"},{"comment":"他们依旧觉得没骂作者=没有网爆","commentTime":"2022-02-12 12:42:57","commentOwner":"。。"},{"comment":"好恶心啊，这些女人真的是女的吗？她们不知道她们骂的也是女人吗？\n我想到不知道在哪看到的一句话：爱女，爱的不是具体的某一个女人，而是一个概念。\n这句话用来形容它们再合适不过了，只有她们认可的“女人”，才配当女人，其他的都是驴，mu狗\n新概念i女，我只希望，有一天他们自己也被抱团的组织里打出去，享受到它们自己曾经给予其它女性的一切","commentTime":"2022-02-12 12:43:44","commentOwner":"。。"},{"comment":"历史引用 展开全部▼\n既然没有去过评论区，不知道昨天全程是什么情况，建议不要随便开麦\n№67☆☆☆。|ca9568fa于2022-02-12 11:08:40留言☆☆☆\n。没看过那个作者是怎么被网暴的别做理中客了，那个作者全程没回应，我都不敢想象她内心阴影有多大。不求你感同身受，至少别随便下定论","commentTime":"2022-02-12 12:50:36","commentOwner":"。"},{"comment":"看评论区说那个作者跟读者对线，可是人家昨天都没出现啊","commentTime":"2022-02-12 12:52:08","commentOwner":"= ="},{"comment":"历史引用 展开全部▼\n补，fpb\n№73☆☆☆月|1c0cb22a于2022-02-12 11:09:14留言☆☆☆\n太脏了，这个读者的读者号能查出来吗？","commentTime":"2022-02-12 12:52:08","commentOwner":"。"},{"comment":"看完我真的感觉我眼睛脏了，真的好……ex，这些人在评论区开什么疯魔party呢。","commentTime":"2022-02-12 12:55:16","commentOwner":"。"},{"comment":"自己看看那些截图，那些被删除的恶臭评论，那些可怕的话题楼。有些作者下场帮忙压评，而有些作者披着读者马甲下场网暴，说出脏黄瓜，说出给男主□□，说出生殖器！究竟是谁！你心知肚明！我至今依然很愤怒，这已经不是普通的上夹子被喷，这就是网暴，正常读者在说剧情，故事确实不喜，但是不要上升作者。而它们呢？攻击读者，让读者和男主结婚？让读者给男人□□？自己看看那些截图吧！好几个id，你们在多少作者评论区乱跳？你们心知肚明！这件事，这个作者被“枪击”，让我们所有人愤怒！大家都记得你们，正常评论剧情可以！乱排雷，“结婚”，乱抱团，大家不会再放过你们。你们是不是有群，我们不知道，但是别惹怒沉默的大多数！昨天就是例子！谨言慎行，很多作者不想再沉默了，请你们善良","commentTime":"2022-02-12 12:55:20","commentOwner":"。"},{"comment":"看到这些人就好像看到校园暴力视频里那些笑嘻嘻霸凌别人的人，真的太恶寒了","commentTime":"2022-02-12 12:57:18","commentOwner":"。"},{"comment":"我记得，被删除的评论，作者后台某个地方能看到的","commentTime":"2022-02-12 12:57:31","commentOwner":"。"},{"comment":"其实最让我胆寒的是他们在评论区笑嘻嘻抱团结婚\n我还不夸张的讲我天灵盖都发凉","commentTime":"2022-02-12 12:58:07","commentOwner":"。"},{"comment":"自己看看那些截图，那些被删除的恶臭评论，那些可怕的话题楼。有些作者下场帮忙压评，而有些作者披着读者马甲下场网暴，说出脏黄瓜，说出给男主□□，说出生殖器！究竟是谁！你心知肚明！我至今依然很愤怒，这已经不是普通的上夹子被喷，这就是网暴，正常读者在说剧情，故事确实不喜，但是不要上升作者。而它们呢？攻击读者，让读者和男主结婚？让读者给男人□□？自己看看那些截图吧！好几个id，你们在多少作者评论区乱跳？你们心知肚明！这件事，这个作者被“枪击”，让我们所有人愤怒！大家都记得你们，正常评论剧情可以！乱排雷，“结婚”，乱抱团，大家不会再放过你们。你们是不是有群，我们不知道，但是别惹怒沉默的大多数！昨天就是例子！谨言慎行，很多作者不想再沉默了，请你们善良\n№193☆☆☆。|bc24a874于2022-02-12 12:55:20留言☆☆☆\n说的好。昨天还有一些理智的读者也在帮忙压评回怼的，总之人在做天在看，不求做个好人，至少别做恶人，别逮着机会就把心里的恶鬼放出来。","commentTime":"2022-02-12 13:00:53","commentOwner":"。"},{"comment":"其实最让我胆寒的是他们在评论区笑嘻嘻抱团结婚\n我还不夸张的讲我天灵盖都发凉\n№196☆☆☆。|801b37b4于2022-02-12 12:58:07留言☆☆☆\n真的诶，好像找到了归属感，如果不对别人施暴，她们就没有这样的归属感，事实上是为了这种“抱团”“归属感”“自豪感”产生的精神愉悦而去网暴别人，究竟文章内容怎样早就不重要了，就像校园暴力者一样，绝对不是受害者本身就这么令人厌恶，而她们的“大团结”是通过虐待别人这一点达成的，所以必须找到狩猎对象","commentTime":"2022-02-12 13:02:18","commentOwner":"大*****"},{"comment":"历史引用 展开全部▼\n真的诶，好像找到了归属感，如果不对别人施暴，她们就没有这样的归属感，事实上是为了这种“抱团”“归属感”“自豪感”产生的精神愉悦而去网暴别人，究竟文章内容怎样早就不重要了，就像校园暴力者一样，绝对不是受害者本身就这么令人厌恶，而她们的“大团结”是通过虐待别人这一点达成的，所以必须找到狩猎对象\n№198☆☆☆大号抓进去了|0b10f4a0于2022-02-12 13:02:18留言☆☆☆\nfpb","commentTime":"2022-02-12 13:02:34","commentOwner":"大*****"},{"comment":"其实最让我胆寒的是他们在评论区笑嘻嘻抱团结婚\n我还不夸张的讲我天灵盖都发凉\n№196☆☆☆。|801b37b4??于2022-02-12 12:58:07留言☆☆☆\n【太】和【根号3】结婚，有证婚人，有吃席的，怎么说呢，就是感觉，蛆也会抱团耶","commentTime":"2022-02-12 13:02:57","commentOwner":"。"},{"comment":"其实最让我胆寒的是他们在评论区笑嘻嘻抱团结婚\n我还不夸张的讲我天灵盖都发凉\n№196☆☆☆。|801b37b4于2022-02-12 12:58:07留言☆☆☆\n是的，就是这个让我异常愤怒。接触过被霸凌的受害者，也看过视频，真的有人一边笑一边逼着受害者吃头发。我看到那几个话题楼就想起我看到的视频，气得手哆嗦。","commentTime":"2022-02-12 13:03:24","commentOwner":"。"},{"comment":"jj再不管，文章评论区就是sjb狂欢的垃圾场惹","commentTime":"2022-02-12 13:03:29","commentOwner":"= ="},{"comment":"真的是女孩子发的评论吗，好恶毒","commentTime":"2022-02-12 13:07:25","commentOwner":"。"},{"comment":"真的是女孩子发的评论吗，好恶毒\n№203 ☆☆☆。|376b796d于2022-02-12 13:07:25留言☆☆☆\n你看那些霸凌视频就知道，有时候女孩子对女孩子才是最恶毒的","commentTime":"2022-02-12 13:25:08","commentOwner":"。"},{"comment":"好脏啊……","commentTime":"2022-02-12 13:26:29","commentOwner":"。"},{"comment":"昨天我早上一起来看到这篇文，本来看简介我不会点进去，但是看那群人骂的那么凶，逆反心理上来就收藏全订留言了，然后那几个疯子上蹿下跳问我为什么要给这种作者送钱。笑死，我觉得有不少是hyb，那种她也配啥的空口鉴刷嫉妒的嘴脸真让人恶心坏了","commentTime":"2022-02-12 13:32:06","commentOwner":"。"},{"comment":"我们路人看了全身发麻，生气到三点，作者会是什么心情！！这帮人，你们别太猖狂，尽管来看帖子，再出现恶意乱跳，不会放过你们","commentTime":"2022-02-12 13:34:09","commentOwner":"。"},{"comment":"jj再不管，文章评论区就是sjb狂欢的垃圾场惹\n№202 ☆☆☆= =|c48b3204于2022-02-12 13:03:29留言☆☆☆\njj到现在没有发表过一句声明，只要作者没有死，jj就只会继续纵容网暴","commentTime":"2022-02-12 13:34:18","commentOwner":"。"},{"comment":"把人骂成这样，道歉真的有用吗？我不李杰，为什么要这么欺负女作者，网站都没有限定，这是作者创作自由，他们究竟是什么心态来审判一个普通作者，晋江高层能有点作为吗？她们这就是集体网半，要了道个歉就完事了吗？都已经伤害了，道歉只会更恶心。","commentTime":"2022-02-12 13:34:25","commentOwner":"。"},{"comment":"好希望影响再大一点，管三干点事好吗，真的一直就欺负作者","commentTime":"2022-02-12 13:35:25","commentOwner":"。"},{"comment":"把人骂成这样，道歉真的有用吗？我不李杰，为什么要这么欺负女作者，网站都没有限定，这是作者创作自由，他们究竟是什么心态来审判一个普通作者，晋江高层能有点作为吗？她们这就是集体网半，要了道个歉就完事了吗？都已经伤害了，道歉只会更恶心。\n№209☆☆☆。|7701d379于2022-02-12 13:34:25留言☆☆☆\n阴阳怪气的羞辱别人，你们就这么快乐？口业造太多，一定会反噬。","commentTime":"2022-02-12 13:35:33","commentOwner":"。"},{"comment":"真的很大无语\n纸片人没有人权，但作者有\n嘴上说爱女，爱的大概也是女纸片人，对现实里的女人视而不见","commentTime":"2022-02-12 13:35:54","commentOwner":"。"},{"comment":"你的道歉，让我回忆起昨天24小时疯狂的笑脸，我更加相信老天有眼，作者不告你们？下一个被惹怒的人，绝对会告，联名告，别太得意了某些嘴上说言论自由，实则借着自由肆意侮辱的一帮人，昨天愤怒的人可不止下场帮忙压评的那些，你们在哪里跳，我们就在哪里盯，总爱三四点出来？总爱住评论区？好啊，或者住住别的地方，会更适合狂欢。","commentTime":"2022-02-12 13:39:30","commentOwner":"。"},{"comment":"昨天我早上一起来看到这篇文，本来看简介我不会点进去，但是看那群人骂的那么凶，逆反心理上来就收藏全订留言了，然后那几个疯子上蹿下跳问我为什么要给这种作者送钱。笑死，我觉得有不少是hyb，那种她也配啥的空口鉴刷嫉妒的嘴脸真让人恶心坏了\n№206 ☆☆☆。|a53be776于2022-02-12 13:32:06留言☆☆☆\n有些就是披着读者马甲的作者，点进去就看到了“我还是个作者哟”，厉害啊，真厉害，下一个是不是就是“你”，这些人，你们觉得呢？","commentTime":"2022-02-12 13:40:48","commentOwner":"。"},{"comment":"太可怕了，这些网暴的人难道不值得拉黑禁言赶出去吗？做这种事，平台什么惩罚都没有？","commentTime":"2022-02-12 13:52:24","commentOwner":"。"},{"comment":"那个被网暴的作者还是个新人作者，第一本完结v的，结果上夹子当天就被人挂了，接着一群人去她评论区骂她。好多人都是在第一章骂的，估计连文都没看过……","commentTime":"2022-02-12 14:00:59","commentOwner":"。。。"},{"comment":"昨天在这篇文下看到很好笑的一个评论，一个读者自称自己是男的，说什么男人最懂男人然后巴拉巴拉说了一堆，最后得出结论作者就是厌女就是啥啥的\n最好笑的是下面跟帖是什么“大哥帮顶”“支持大哥”“大哥说得对”积极得跟什么似的，啧啧啧\n看到男读者骂女作者，一群人居然在跪舔支持男读者，各种攻击女作者？这特么才是真正的厌女爱男吧，惊呆我了呀","commentTime":"2022-02-12 14:06:40","commentOwner":"菜鸡儿"},{"comment":"昨天在这篇文下看到很好笑的一个评论，一个读者自称自己是男的，说什么男人最懂男人然后巴拉巴拉说了一堆，最后得出结论作者就是厌女就是啥啥的\n最好笑的是下面跟帖是什么“大哥帮顶”“支持大哥”“大哥说得对”积极得跟什么似的，啧啧啧\n看到男读者骂女作者，一群人居然在跪舔支持男读者，各种攻击女作者？这特么才是真正的厌女爱男吧，惊呆我了呀\n№217☆☆☆菜鸡儿|b1c7c08a于2022-02-12 14:06:40留言☆☆☆\n那个人在反串，一直阴阳怪气的","commentTime":"2022-02-12 14:10:26","commentOwner":"啊"},{"comment":"这些人也就只会网暴女作者了","commentTime":"2022-02-12 14:19:53","commentOwner":"。"},{"comment":"作者可以起诉jj和它们吗","commentTime":"2022-02-12 14:22:31","commentOwner":"。"},{"comment":"何止有骂作者跟读者是驴的，诅咒别人被铁链锁起来、生八胎的都有","commentTime":"2022-02-12 14:23:19","commentOwner":"?:"},{"comment":"何止有骂作者跟读者是驴的，诅咒别人被铁链锁起来、生八胎的都有\n№221 ☆☆☆?:|125196f2于2022-02-12 14:23:19留言☆☆☆\n好恶毒……","commentTime":"2022-02-12 14:26:13","commentOwner":"。"},{"comment":"这些人也就只会网暴女作者了\n№219 ☆☆☆。|7c1b7cb3于2022-02-12 14:19:53留言☆☆☆\n真都恶心的","commentTime":"2022-02-12 14:26:45","commentOwner":"。"},{"comment":"昨天我看的时候正有人上蹿下跳地让作者和为她说话的读者去伺候男人呢，还有骂作者写这文是开历史倒车的，这些帽子是能随意扣在别人头上的？","commentTime":"2022-02-12 14:26:56","commentOwner":"= ="},{"comment":"dd","commentTime":"2022-02-12 14:27:18","commentOwner":"。"},{"comment":"两种我都看到过，确实有人yygq说一堆类似不许排雷的话，楼主没必要破防，他们说的也不是你\n№4 ☆☆☆= =|2787ad73于2022-02-12 10:55:54留言☆☆☆\n装什么理中客，tui","commentTime":"2022-02-12 14:27:58","commentOwner":"。"},{"comment":"jj爱女姐不是一惯这个画风吗\n披着爱女皮，以下三路rsgj女作者女读者为荣","commentTime":"2022-02-12 14:28:47","commentOwner":"。"},{"comment":"dd","commentTime":"2022-02-12 14:28:49","commentOwner":"大鱼大肉"},{"comment":"历史引用 展开全部▼\n装什么理中客，tui\n№226 ☆☆☆。|754c0c42于2022-02-12 14:27:58留言☆☆☆\ntui","commentTime":"2022-02-12 14:30:25","commentOwner":"。"},{"comment":"集体网暴，谁知道会不会有个群，有个组织？以为是在搞作者，实则就是扰乱平台风气！一定要管理！","commentTime":"2022-02-12 18:45:16","commentOwner":"。"},{"comment":"昨天在这篇文下看到很好笑的一个评论，一个读者自称自己是男的，说什么男人最懂男人然后巴拉巴拉说了一堆，最后得出结论作者就是厌女就是啥啥的\n最好笑的是下面跟帖是什么“大哥帮顶”“支持大哥”“大哥说得对”积极得跟什么似的，啧啧啧\n看到男读者骂女作者，一群人居然在跪舔支持男读者，各种攻击女作者？这特么才是真正的厌女爱男吧，惊呆我了呀\n№217 ☆☆☆菜鸡儿|b1c7c08a于2022-02-12 14:06:40留言☆☆☆\n迷惑行为，看yue了，这种i女解是不是只懂攻击同.性","commentTime":"2022-02-13 01:52:18","commentOwner":"。"},{"comment":"dd","commentTime":"2022-02-13 02:04:06","commentOwner":"。"},{"comment":"d","commentTime":"2022-02-13 02:10:49","commentOwner":"。"},{"comment":"我的天……点进来之前，没想到内容这么恶心……我的眼睛……不敢相信，这是一个女生的嘴巴里说出的话？？？\n№16 ☆☆☆= =|f69b3920于2022-02-12 10:57:17留言☆☆☆\n。这种所谓的爱女其实更恶心","commentTime":"2022-02-13 06:20:55","commentOwner":"= ="},{"comment":"就这？。。。走了，我还以为屎尿屁呢，这不都是事实","commentTime":"2022-02-13 06:26:53","commentOwner":"= ="},{"comment":"脏黄瓜是事实啊，这男主不就是脏黄瓜吗。。。","commentTime":"2022-02-13 06:27:35","commentOwner":"= ="},{"comment":"脏黄瓜是事实啊，这男主不就是脏黄瓜吗。。。\n№237 ☆☆☆= =|ba19c2fa于2022-02-13 06:27:35留言☆☆☆\n看完全文了吗这么下定论","commentTime":"2022-02-13 06:45:49","commentOwner":"想摘星星呀"},{"comment":"脏黄瓜是事实啊，这男主不就是脏黄瓜吗。。。\n№237☆☆☆= =|ba19c2fa于2022-02-13 06:27:35留言☆☆☆\n你在这转移什么重心呢？标题说的是这事？","commentTime":"2022-02-13 06:48:49","commentOwner":"。"},{"comment":"每次看话题楼，看到24小时持续的这种评论，哪里是道歉能结束的？？？？？？？？旁人看了都恶寒，试想写文的作者会是什么心情？另外，好几个id居然还是作者，披着读者马甲的作者，有签约的有没签约的，电脑端能看。我真的服了，真的不怕吗？\n№39☆☆☆。|bc24a874于2022-02-12 11:03:07留言☆☆☆\n他们组以前有不少推自己文的","commentTime":"2022-02-13 12:57:35","commentOwner":"要不你别干了。。"},{"comment":"历史引用 展开全部▼\n真的好恶心啊，她们这种因为这个就疯狂辱骂的话，估计多少著名作家都要被冲呢\n№91☆☆☆。|c1bd0633于2022-02-12 11:11:57留言☆☆☆\ndb现在已经发展到波伏娃厌女了。。。","commentTime":"2022-02-13 13:01:36","commentOwner":"要不你别干了。。"},{"comment":"嘴好脏啊。","commentTime":"2022-02-13 13:59:20","commentOwner":"物理课代表"},{"comment":"我在想，这些人的爱女，是不是在爱一种抽象概念。对着现实中，具体的是一个人的女性随意破口大骂，却标榜自己爱女，爱虚拟的抽象的完美的女性?","commentTime":"2022-02-13 14:01:54","commentOwner":"= ="},{"comment":"她们爱个鬼的女，她们自身就是普通女性最大的敌人，她们比男的都不如","commentTime":"2022-02-13 14:06:08","commentOwner":"努力上岸"},{"comment":"脏黄瓜是事实啊，这男主不就是脏黄瓜吗。。。\n№237 ☆☆☆= =|ba19c2fa于2022-02-13 06:27:35留言☆☆☆\n说男主脏黄瓜，想必看文了吧，你心呢？\n（如果是免费章节的当我没说）","commentTime":"2022-02-13 23:41:21","commentOwner":"与秃头大战三百回"},{"comment":"围观完全部 真心觉得说话脏到这种地步已经和文的内容没关系了 就是为了骂而骂  还带组团  太ex了  ","commentTime":"2022-02-13 23:49:45","commentOwner":"sjsbg"},{"comment":"评论区何时整改","commentTime":"2022-02-13 23:50:30","commentOwner":"。。"},{"comment":"就这？。。。走了，我还以为屎尿屁呢，这不都是事实\n№236 ☆☆☆= =|ba19c2fa于2022-02-13 06:26:53留言☆☆☆\n想必您就是冲锋陷阵人之一吧","commentTime":"2022-02-13 23:58:27","commentOwner":"。"},{"comment":"花五十块钱公正一下，可以备着整个网络民诉\n之前在微博看到的方法","commentTime":"2022-02-14 00:01:02","commentOwner":"。"},{"comment":"只希望太太能够好好的，这才写第一本就经历这种事情，太太真的太惨了。","commentTime":"2022-02-14 00:32:59","commentOwner":"独家冠名播出"},{"comment":"虽然我看到代入匡匡也很下头很ex，但是我不会特意舞到正文下面去的，不理解他们。","commentTime":"2022-02-14 00:58:24","commentOwner":"。"},{"comment":"……那个读者说话真难听，令人生理不适","commentTime":"2022-02-14 02:03:44","commentOwner":"绵"},{"comment":"我在想，这些人的爱女，是不是在爱一种抽象概念。对着现实中，具体的是一个人的女性随意破口大骂，却标榜自己爱女，爱虚拟的抽象的完美的女性?\n№243 ☆☆☆=  =|979eb89f于2022-02-13 14:01:54留言☆☆☆\n很离谱就是说","commentTime":"2022-02-14 02:06:32","commentOwner":"。"},{"comment":"……那个读者说话真难听，令人生理不适\n№252 ☆☆☆绵|28d785e6于2022-02-14 02:03:44留言☆☆☆\n。","commentTime":"2022-02-14 02:10:51","commentOwner":"。"},{"comment":"我的天……点进来之前，没想到内容这么恶心……我的眼睛……不敢相信，这是一个女生的嘴巴里说出的话？？？\n№16 ☆☆☆= =|f69b3920于2022-02-12 10:57:17留言☆☆☆\n吐了","commentTime":"2022-02-14 02:11:37","commentOwner":"。"},{"comment":"好恶心啊这个","commentTime":"2022-06-24 22:17:10","commentOwner":"……"},{"comment":"？","commentTime":"2022-06-24 22:31:35","commentOwner":"。"},{"comment":"不要挖坟","commentTime":"2022-06-24 22:35:27","commentOwner":"= ="},{"comment":"天哪，我的妈耶，这种评论是我看了一眼都觉得会脏的程度，阿弥陀佛，阿弥陀佛，阿弥陀佛，菩萨快来渡渡这人，嘴怎么会这么臭","commentTime":"2022-06-24 22:43:25","commentOwner":"，"},{"comment":"无语了啊，读者都被脏到了","commentTime":"2022-06-24 22:44:28","commentOwner":"you202266"},{"comment":"这种评论区要怎么看？\n删评通知？","commentTime":"2022-06-29 12:44:16","commentOwner":"。"},{"comment":"…………好恶心","commentTime":"2022-06-29 12:52:13","commentOwner":"= ="},{"comment":"敲，是我我直接告了，花三五万买个痛快！","commentTime":"2022-06-29 12:52:18","commentOwner":"。"},{"comment":"好恶心！\n支持作者起诉！","commentTime":"2022-06-29 12:56:56","commentOwner":"。。。"},{"comment":"（非楼主）借楼，来看看某些读者在免费章的素质：","commentTime":"2022-06-29 13:04:59","commentOwner":"……"},{"comment":"（非楼主）借楼，来看看某些读者在免费章的素质：\n\n№265☆☆☆……|21ce458b于2022-06-29 13:04:59留言☆☆☆\n这个读者我见过\n被骂过","commentTime":"2022-06-29 13:06:36","commentOwner":"。"},{"comment":"这就是bx说的文学批评吗","commentTime":"2022-06-29 13:08:03","commentOwner":"…"},{"comment":"而且，即使删了，这种sjb还是会回来。所谓禁言功能真的能彻底禁止吗？能上线吗？别人要是用小程序一类的东西，网站是不是又束手无策？所以真的，这个评论区功能让人毫无安全感。","commentTime":"2022-06-29 13:11:48","commentOwner":"= ="},{"comment":"建议固码","commentTime":"2022-06-29 13:14:18","commentOwner":"。"},{"comment":"建议固码\n№269 ☆☆☆。|8d063160于2022-06-29 13:14:18留言☆☆☆\n方便碧水排雷读者","commentTime":"2022-06-29 13:14:48","commentOwner":"。"},{"comment":"离谱……这是人能说出来的话？","commentTime":"2022-06-29 13:15:43","commentOwner":"。"},{"comment":"这就是bx说的文学批评吗\n№267 ☆☆☆…|8723075a于2022-06-29 13:08:03留言☆☆☆\nbx理解的文学批评和咱们理解的嘴臭网络暴力不一样。\n她理解的是有理性的，针对文具体事情具体分析，实话实话的，ok，咱又不是不能接受这种批评\n但是咱们实际遭遇的，确实连文不看就断章取义排雷的，评论区拱火起哄人参攻击的，把作者当做杀父仇人疯狂报复辱骂的。\n心累","commentTime":"2022-06-29 13:17:27","commentOwner":"=="},{"comment":"（非楼主）借楼，来看看某些读者在免费章的素质：\n\n№265 ☆☆☆……|21ce458b于2022-06-29 13:04:59留言☆☆☆\n太恶心了，这种完全可以告了","commentTime":"2022-06-29 13:17:41","commentOwner":"。"},{"comment":"虽然我看到代入匡匡也很下头很ex，但是我不会特意舞到正文下面去的，不理解他们。\n№251 ☆☆☆。|27c681d0于2022-02-14 00:58:24留言☆☆☆\n。我看到雷文也是这样，大不了不看，不至于像这样……","commentTime":"2022-06-29 13:17:47","commentOwner":"。"},{"comment":"不过说实在的你这种文也是真的恶心，骂的没错，就是嘴臭","commentTime":"2022-06-29 13:22:28","commentOwner":"没有感情的飞升码字鸡"},{"comment":"疯成这样，知道作者把他们的评论删了，真的不会缠上作者吗……\n遇上这样的读者，谁敢删评论啊","commentTime":"2022-06-29 13:22:40","commentOwner":"～"},{"comment":"好恶心好可怕，看着就想吐","commentTime":"2022-06-29 13:22:49","commentOwner":"= ="},{"comment":"历史引用 展开全部▼\nbx理解的文学批评和咱们理解的嘴臭网络暴力不一样。\n她理解的是有理性的，针对文具体事情具体分析，实话实话的，ok，咱又不是不能接受这种批评\n但是咱们实际遭遇的，确实连文不看就断章取义排雷的，评论区拱火起哄人参攻击的，把作者当做杀父仇人疯狂报复辱骂的。\n心累\n№272 ☆☆☆==|bedcdd07于2022-06-29 13:17:27留言☆☆☆\n确实，遇见有理有据的分析我当场给读者塞大红包，非常感谢，有些问题我可能没法改，有些问题我可能没注意到，总之真理性分析的我非常感谢，哪怕说的不那么确切我也还是感谢，因为是真的用心看了。但是说实话大部分人没那素养，少部分人连做人该有的素质都无","commentTime":"2022-06-29 13:25:57","commentOwner":"。"},{"comment":"为什么审核会让这些评论过啊？我不理解。\n这也骂的有点太脏了吧？我就算生气hzc那也是生气渣男主被虐的不够狠什么的啊，至于骂这么ex的吗","commentTime":"2022-06-29 13:28:16","commentOwner":"= ="},{"comment":"我不喜欢hzc，可以说是厌恶这类题材，看到了就恶心。\n但就算如此，看到hzc文，我也只是默默转身离开，不关注。\n这不才是正常人的选择吗？？？","commentTime":"2022-06-29 13:28:54","commentOwner":"。"},{"comment":"太可怕了，这些网暴的人难道不值得拉黑禁言赶出去吗？做这种事，平台什么惩罚都没有？\n№215 ☆☆☆。|a94c08ad于2022-02-12 13:52:24留言☆☆☆\n平台会通知他们作者删了他们的留言。","commentTime":"2022-06-29 13:31:22","commentOwner":"= ="},{"comment":"历史引用 展开全部▼\n平台会通知他们作者删了他们的留言。\n№281 ☆☆☆= =|ae75e69c于2022-06-29 13:31:22留言☆☆☆\n然后就没了？成本低到离谱了吧。","commentTime":"2022-06-29 13:36:43","commentOwner":"。"},{"comment":"@冰心 来看看","commentTime":"2022-06-29 13:37:15","commentOwner":"= ="},{"comment":"没想到是四个月前的帖子，看样子最后也没能有什么结果，可恶，真的是，好无力啊","commentTime":"2022-06-29 13:39:33","commentOwner":"。"},{"comment":"@冰心 来看看","commentTime":"2022-06-29 13:40:44","commentOwner":"= ="},{"comment":"dd。\n为什么这样的评论能过，这样的“惯犯”读者没有禁言等措施，夹子上网b多少次了，就是这些东西的存在，让作者们知道“删评通知读者”这个功能后才炸掉的！\n正常作者谁不害怕被这样的读者缠上！\n只有先解决了这些无法无天得不到任何惩罚的网暴读者的问题，在谈正常的删评通知功能！\n作者们极力反感新功能，就是因为这样的氛围让作者害怕！先解决这个","commentTime":"2022-06-29 13:44:35","commentOwner":"。"},{"comment":"……","commentTime":"2022-06-29 13:45:27","commentOwner":"。"},{"comment":"我觉得截图里有些评论。也不需要删评，也不需要被删多少字才禁言。直接可以封号了。\n部分可以走法律程序了。\n可怜作者","commentTime":"2022-06-29 13:46:10","commentOwner":"。"},{"comment":"d","commentTime":"2022-06-29 13:47:58","commentOwner":"。"},{"comment":"《文学批评》","commentTime":"2022-06-29 13:49:16","commentOwner":"。"},{"comment":"《接受批评》","commentTime":"2022-06-29 13:50:32","commentOwner":"。"},{"comment":"《光明正大的删啊》","commentTime":"2022-06-29 13:51:39","commentOwner":"。"},{"comment":"@冰心\n请问这是符合网站规定的评论？","commentTime":"2022-06-29 13:52:16","commentOwner":"。"},{"comment":"《站短通知：您的评论已被作者删除，您可以选择无视和激情刷负》","commentTime":"2022-06-29 13:52:17","commentOwner":"。"},{"comment":"好恶心\n怎么能说出这种话…几个人在评论舞疯了","commentTime":"2022-06-29 13:52:22","commentOwner":"。"},{"comment":"@冰心","commentTime":"2022-06-29 13:53:32","commentOwner":"= ="},{"comment":"最让我ex的是这个。\n自持的正义的人在狂欢。\n№45 ☆☆☆月|1c0cb22a于2022-02-12 11:04:09留言☆☆☆\n。","commentTime":"2022-06-29 13:54:01","commentOwner":"。"},{"comment":"平台只知道惩罚误删的作者，这种人参公鸡的呢？怎么惩罚规范？连个禁言都做不到吗？？？？\n审核平时锁文挺勤快的，评论区搞成这样的时候他们又去哪了？","commentTime":"2022-06-29 13:56:35","commentOwner":"？"},{"comment":"血压200。\n其实我自己没遇到过，也基本不删评。\n但看到这些真的很怕，今天是别人，明天可能就是自己。","commentTime":"2022-06-29 13:57:00","commentOwner":"。"},{"comment":"一句i女，就可以肆无忌惮地网暴一个女性作者。","commentTime":"2022-06-29 13:59:07","commentOwner":"。"}]}