{"id":"92486c03-5e62-4eb3-90b0-cde31b7768e1","category":"晋江论坛→网友交流区→碧水江汀 欢迎回来：53088456  退 出","postSubject":"主题：说实话，我已经拥有了优秀的抗压心态，可以每天直面评论被排雷被打负分或者在别的软件被骂，所以我什么时候才能五星？ [2] 【搜索关键词：排雷】","postUrl":"https://bbs.jjwxc.net/showmsg.php?board=17&keyword=%C5%C5%C0%D7&id=1975306","originalPost":"如题","numberOfReplies":2,"comments":[{"comment":"请告诉我你是怎么修炼的","commentTime":"2022-07-05 17:43:41","commentOwner":"。。"},{"comment":"再加个勤奋buff，指日可待！","commentTime":"2022-07-05 17:44:35","commentOwner":"。"}]}