{"id":"e86d1319-96f7-4d92-9f22-449f93a481d9","category":"晋江论坛→网友交流区→碧水江汀 请稍候...","postSubject":"主题：问，如果碰到红眼病刻意歪曲文章的排雷，其实就是剧透，故意乱写就为了引战赶客的剧透，该怎么办，还是负分评，难道就真的拿他们没办法吗 [7] 【搜索关键词：排雷】","postUrl":"https://bbs.jjwxc.net/showmsg.php?board=17&keyword=%C5%C5%C0%D7&id=1656992","originalPost":"自己又删不掉，投诉了也没回复，乱七八糟的一通写，立马就不涨收了，真的太气人太欺负人了，难道就拿他们没办法吗？","numberOfReplies":7,"comments":[{"comment":"我气死了，感觉收益都停滞了，要是他说的是事实也就算了，可各种引战，真的拿他一点办法都没有","commentTime":"2021-11-30 15:52:59","commentOwner":"……"},{"comment":"“蹲个书名”","commentTime":"2021-11-30 15:53:04","commentOwner":"= ="},{"comment":"压评","commentTime":"2021-11-30 15:53:29","commentOwner":"。"},{"comment":"“蹲个书名”\n№2☆☆☆= =|12c18aa4于2021-11-30 15:53:04留言☆☆☆\n为啥要蹲书名……","commentTime":"2021-11-30 15:53:29","commentOwner":"= ="},{"comment":"历史引用 展开全部▼\n为啥要蹲书名……\n№4 ☆☆☆= =|6385040a于2021-11-30 15:53:29留言☆☆☆\n都歪曲乱写剧透了，说明和本文有出入，这不是本文的雷点，蹲个书名让窝看看宁这排的是哪本的雷呢～介个意思","commentTime":"2021-11-30 15:55:41","commentOwner":"= ="},{"comment":"压评","commentTime":"2021-11-30 15:55:52","commentOwner":"hvdhvd"},{"comment":"举报项选择违规排雷，不要一个号举报，多几个小号和基友一起举报，只举报一次不容易成功","commentTime":"2021-11-30 15:59:48","commentOwner":"。。。"}]}