{"id":"45ce9916-e339-4a14-ac67-0aa6ca3adefb","category":"晋江论坛→网友交流区→碧水江汀 请稍候...","postSubject":"主题：真的有些排雷我不理解 [4] 【搜索关键词：排雷】","postUrl":"https://bbs.jjwxc.net/showmsg.php?board=17&keyword=%C5%C5%C0%D7&id=1775570","originalPost":"有被无语到，c！","numberOfReplies":4,"comments":[{"comment":"我也","commentTime":"2022-02-24 01:48:45","commentOwner":"。"},{"comment":"我也\n№1 ☆☆☆。|08702bab于2022-02-24 01:48:45留言☆☆☆\n啊啊啊啊啊啊！怎么解释都不听，跟套在壳子里一样出不来（闭眼）","commentTime":"2022-02-24 01:50:54","commentOwner":"算了，睡吧"},{"comment":"这种一般就是放过自己放过其他人（除了造谣式排雷)，他排他的我喜欢我的，只要没有人来我面前说″你喜欢他/她好low，″，″你就是她腿毛吧”这种话，大家都可以和平相处","commentTime":"2022-02-24 01:57:54","commentOwner":"。"},{"comment":"还有一些讲不通的爱做阅读理解，就是故意的，你跟她讲是不可能讲得通的","commentTime":"2022-02-24 01:59:44","commentOwner":"。"}]}