{"id":"41b77a4b-c13e-45af-95a8-2736bdbed8de","category":"晋江论坛→网友交流区→碧水江汀 请稍候...","postSubject":"主题：如果耽美言情混写，四本言情，一本耽美，会不会被说或者排雷什么的啊？ [6] 【搜索关键词：排雷】","postUrl":"https://bbs.jjwxc.net/showmsg.php?board=17&keyword=%C5%C5%C0%D7&id=1704664","originalPost":"突然发现自己写不出来耽美了，但我是混写的啊救命！\n进来的咕咕本本金榜！","numberOfReplies":6,"comments":[{"comment":"也许会，但是不要管，写什么轮不到某些sjb说","commentTime":"2022-01-04 17:15:07","commentOwner":"=="},{"comment":"也许会，但是不要管，写什么轮不到某些sjb说\n№1 ☆☆☆==|1c861040于2022-01-04 17:15:07留言☆☆☆\n好的！蹭蹭咕咕～","commentTime":"2022-01-04 17:15:36","commentOwner":"。。"},{"comment":"被dbj排雷我i蝻，其他的没什么，正常的读者只看文","commentTime":"2022-01-04 17:15:39","commentOwner":"= ="},{"comment":"我就是这样……\n我除了写鲜艳那边有个马甲之外，其他都在一个号上","commentTime":"2022-01-04 17:15:52","commentOwner":"……"},{"comment":"被dbj排雷我i蝻，其他的没什么，正常的读者只看文\n№3 ☆☆☆= =|003fa734于2022-01-04 17:15:39留言☆☆☆\n好滴！蹭蹭咕咕","commentTime":"2022-01-04 17:17:49","commentOwner":"啊啊"},{"comment":"我就是这样……\n我除了写鲜艳那边有个马甲之外，其他都在一个号上\n№4 ☆☆☆……|8f4ec3d1于2022-01-04 17:15:52留言☆☆☆\n！！蹭蹭！","commentTime":"2022-01-04 17:18:05","commentOwner":"啊啊"}]}