{"id":"f679185e-9582-4b5a-a850-40aba9c029dd","category":"晋江论坛→网友交流区→碧水江汀 请稍候...","postSubject":"主题：排雷我都写得清清楚楚，还有人进来杠。。。 [10] 【搜索关键词：排雷】","postUrl":"https://bbs.jjwxc.net/showmsg.php?board=17&keyword=%C5%C5%C0%D7&id=1729404","originalPost":"写得清清楚楚万人迷无脑苏，非要进来说无脑\n我自己写了！！说因为一张脸其他人咋咋咋，但是我就是写万人迷啊\n无脑我说了，我排雷都写了，我一时都不知道怎么回她，明明今天涨幅特别好，我贼高兴，看到这个无语死了\n我写了五行排雷呀！！！五行啊！！！他挑的每个刺我都在排雷写了，我都不知道怎么回她，我好想怼回去呀","numberOfReplies":10,"comments":[{"comment":"越想越气，我要不要压评啊，我真的被气死了，怎么会有这么奇葩的","commentTime":"2022-01-21 20:35:18","commentOwner":"= ="},{"comment":"同，排雷也拦不住，我直接删掉了","commentTime":"2022-01-21 20:35:39","commentOwner":"。"},{"comment":"压评吧","commentTime":"2022-01-21 20:36:09","commentOwner":"。"},{"comment":"也许人就没看排雷","commentTime":"2022-01-21 20:36:26","commentOwner":"……"},{"comment":"先压后删吧","commentTime":"2022-01-21 20:36:29","commentOwner":"。"},{"comment":"同，排雷也拦不住，我直接删掉了\n№2☆☆☆。|83c4□□5于2022-01-21 20:35:39留言☆☆☆\n我也....删了。好烦啊，一路看一路杠，是有多闲啊？","commentTime":"2022-01-21 20:36:37","commentOwner":"= ="},{"comment":"同，排雷也拦不住，我直接删掉了\n№2 ☆☆☆。|83c4□□5于2022-01-21 20:35:39留言☆☆☆\n我怕删了她回来杠我qaq这是我涨幅最好的一本了，已经没遇到过这种事儿，幸好今天更新写完了，不然我估计写不下去","commentTime":"2022-01-21 20:36:41","commentOwner":"= ="},{"comment":"也许人就没看排雷\n№4 ☆☆☆……|d0f2d779于2022-01-21 20:36:26留言☆☆☆\n删呗","commentTime":"2022-01-21 20:36:42","commentOwner":"……"},{"comment":"我忍不住把我排雷原话回复了一遍","commentTime":"2022-01-21 20:39:32","commentOwner":"= ="},{"comment":"现在去压评了，好气，一天好心情都没有了，本来今天好事特别多的，他还连发，还有0分的，救命","commentTime":"2022-01-21 20:40:14","commentOwner":"= ="}]}