{"id":"f7cb5abf-bdf6-4527-b903-f371448c1b42","category":"晋江论坛→网友交流区→碧水江汀 欢迎回来：53088456  退 出","postSubject":"主题：我不打甜文不打爽文，是不是就不用排雷了 [23] 【搜索关键词：排雷】","postUrl":"https://bbs.jjwxc.net/showmsg.php?board=17&keyword=%C5%C5%C0%D7&id=1807895","originalPost":"瑟瑟发抖","numberOfReplies":22,"comments":[{"comment":"he，be要排雷\n文案气氛要到位，铺垫铺一下\n别的没了","commentTime":"2022-03-19 09:13:21","commentOwner":"。"},{"comment":"恩，我就从来不用甜文爽文标签，有些人默认这两个不能有一丝波折","commentTime":"2022-03-19 09:13:44","commentOwner":"。"},{"comment":"然而隔壁排雷的文，根本没打“甜文”和“爽文”标签，只是文案开头写了全族被灭结尾写但会HE，风格选了轻松，作者专栏写了甜文作者。","commentTime":"2022-03-19 09:13:45","commentOwner":"。"},{"comment":"he，be要排雷\n文案气氛要到位，铺垫铺一下\n别的没了\n№1 ☆☆☆。|0762cb1d于2022-03-19 09:13:21留言☆☆☆\n读者遇到吵架的地方，该吵还是吵，评论区还是会有节奏，除了冷文","commentTime":"2022-03-19 09:13:48","commentOwner":"。"},{"comment":"恩，我就从来不用甜文爽文标签，有些人默认这两个不能有一丝波折\n№2 ☆☆☆。|49ebb6c4于2022-03-19 09:13:44留言☆☆☆\n我都标正剧，这两个字足够说明很多事情","commentTime":"2022-03-19 09:14:20","commentOwner":"。"},{"comment":"打不打tag排不排雷是你底线诚信和对不对自己负责的问题","commentTime":"2022-03-19 09:14:21","commentOwner":"=="},{"comment":"打错了\n隔壁就是文案没打甜文爽文，甜文作者是在作者专栏标的。\n那个读者估计是臆想出来的甜文tag吧","commentTime":"2022-03-19 09:15:23","commentOwner":"。"},{"comment":"然而隔壁排雷的文，根本没打“甜文”和“爽文”标签，只是文案开头写了全族被灭结尾写但会HE，风格选了轻松，作者专栏写了甜文作者。\n№3 ☆☆☆。|734232f6于2022-03-19 09:13:45留言☆☆☆\n别歪楼，单纯说排雷这事","commentTime":"2022-03-19 09:15:49","commentOwner":"。"},{"comment":"打不打tag排不排雷是你底线诚信和对不对自己负责的问题\n№6 ☆☆☆==|18ca552a于2022-03-19 09:14:21留言☆☆☆\n::::::教导主任，你好","commentTime":"2022-03-19 09:16:37","commentOwner":"。"},{"comment":"顺便你也可以学xc直接写本文作者不排雷，不过读者会不会把你当做和xc一类人，我就不确定了","commentTime":"2022-03-19 09:16:38","commentOwner":"=="},{"comment":"会好一点，总之不要标榜自己","commentTime":"2022-03-19 09:17:09","commentOwner":"。"},{"comment":"历史引用 展开全部▼\n别歪楼，单纯说排雷这事\n№9 ☆☆☆。|913a7d82于2022-03-19 09:15:49留言☆☆☆\n意思就是不管你标不标都不影响有的读者给你臆想出来一个tag排你的雷","commentTime":"2022-03-19 09:17:13","commentOwner":"。"},{"comment":"历史引用 展开全部▼\n意思就是不管你标不标都不影响有的读者给你臆想出来一个tag排你的雷\n№13 ☆☆☆。|c18a034e于2022-03-19 09:17:13留言☆☆☆\n懂了","commentTime":"2022-03-19 09:18:21","commentOwner":"。"},{"comment":"没用的，照样有人默认甜文冲进来，然后在评论区emo，我有一个文就是这样","commentTime":"2022-03-19 09:18:55","commentOwner":"= ="},{"comment":"没用的，有的读者默认晋江所有文都是甜文……","commentTime":"2022-03-19 09:20:36","commentOwner":"。"},{"comment":"晋江大把甜文，be一定要排雷，换攻换受要排雷。\n刀还好，就是刀的合理性可能被吐槽。","commentTime":"2022-03-19 09:20:50","commentOwner":"。"},{"comment":"没用的，照样有人默认甜文冲进来，然后在评论区emo，我有一个文就是这样\n№15☆☆☆= =|134c5a83于2022-03-19 09:18:55留言☆☆☆\n………","commentTime":"2022-03-19 09:21:31","commentOwner":"= ="},{"comment":"我从来不标甜文，爽文，也不标女强，就是怕扯皮扯不清","commentTime":"2022-03-19 09:25:39","commentOwner":"。"},{"comment":"历史引用 展开全部▼\n………\n№18 ☆☆☆= =|bbf93b57于2022-03-19 09:21:31留言☆☆☆\n而且我文案标了有点虐（打码），也选了正剧，就是默认你甜文，没办法","commentTime":"2022-03-19 09:30:46","commentOwner":"= ="},{"comment":"我觉得he,be排雷真的有必要，已经不是过去那个年代什么都吃得下了，现在很多人就是吃不下be。就算不排雷，文案也要铺垫出he或者be的趋势。","commentTime":"2022-03-19 09:30:57","commentOwner":"……"},{"comment":"我只标He，1V1，tag 也选甜文爽文，要不然怎么蹭玄学？","commentTime":"2022-03-19 09:50:19","commentOwner":"=="},{"comment":"我没打甜文，没打爽文，标了正剧，文案排雷有虐，还是被读者刷负，骂我发刀之前不预警……","commentTime":"2022-03-19 09:53:26","commentOwner":"= ="}]}