{"id":"5a445d5c-5510-4553-ab5e-faad27aaa877","category":"晋江论坛→网友交流区→碧水江汀 请稍候...","postSubject":"主题：pbc吐槽 排雷写的清清楚楚还要看，看完来一句好难看不喜欢这个题材，无语 [0] 【搜索关键词：排雷】","postUrl":"https://bbs.jjwxc.net/showmsg.php?board=17&keyword=%C5%C5%C0%D7&id=1662487","originalPost":"文案写三行排雷依然挡不住眼瞎还要看，看完非要吐槽的某些读者\n：）\n完结就跑路，我玻璃心，我不写了","numberOfReplies":0,"comments":[]}