{"id":"000ea83d-3466-4498-9a95-80329227094f","category":"晋江论坛→网友交流区→碧水江汀 请稍候...","postSubject":"主题：有些人就是不知道看排雷，上来就骂，真特么服了 [1] 【搜索关键词：排雷】","postUrl":"https://bbs.jjwxc.net/showmsg.php?board=17&keyword=%C5%C5%C0%D7&id=1669287","originalPost":"眼瞎？？？排雷那么多看不见？？？？？\n特么的，恶心，真的吐了。","numberOfReplies":1,"comments":[{"comment":"真是什么脑残都有。","commentTime":"2021-12-09 12:53:05","commentOwner":"。"}]}