{"id":"1c585fcb-a43d-4948-852d-d70a76a71da8","category":"晋江论坛→网友交流区→碧水江汀 请稍候...","postSubject":"主题：逛论坛看排雷的人多吗？为什么那些有雷的作者还是这么火？ [43] 【搜索关键词：排雷】","postUrl":"https://bbs.jjwxc.net/showmsg.php?board=17&keyword=%C5%C5%C0%D7&id=1647974","originalPost":"rt\n其实我是纯读者的时候不逛任何论坛的，来了后天天塌房，就是在想是不是看排雷的读者比例还是太少，所以火的作者还是火，毕竟写的是真好","numberOfReplies":43,"comments":[{"comment":"文好可破","commentTime":"2021-11-23 11:11:47","commentOwner":"。"},{"comment":"纯读者大部分不逛，也不care。我写文了一年多后才知道这个地方，来论坛前我也不知道谁怎么样怎么样，就正常看。","commentTime":"2021-11-23 11:12:37","commentOwner":"。"},{"comment":"这有什么奇怪的，有些读者还雷主角喜欢吃香菜呢，每一本文，每一个角色都会被各种各样的读者排雷","commentTime":"2021-11-23 11:12:51","commentOwner":"。"},{"comment":"有人排雷的前提就是读者多吧\n我写的，再雷，也没人给我上纲上线排雷，本质无人在意","commentTime":"2021-11-23 11:12:52","commentOwner":"。"},{"comment":"纯读者大多数都不看论坛","commentTime":"2021-11-23 11:13:11","commentOwner":"= ="},{"comment":"纯读者只看文，别人排雷跟他们没关系","commentTime":"2021-11-23 11:13:14","commentOwner":"。"},{"comment":"一般喜欢的是作者的文，只要文好看就行了，","commentTime":"2021-11-23 11:13:16","commentOwner":"啊啊啊"},{"comment":"人家是先火的，扑街没人专门排雷，排了也盖不起楼","commentTime":"2021-11-23 11:13:33","commentOwner":"= ="},{"comment":"又不是追星，看个小说有什么可塌房的？好看就看，不好看就不看呗","commentTime":"2021-11-23 11:13:39","commentOwner":"。"},{"comment":"因为触到的不是自己的雷\n碰到自己的雷就江湖不见，单纯别人的雷和自己有啥关系","commentTime":"2021-11-23 11:14:02","commentOwner":"——"},{"comment":"这有什么奇怪的，有些读者还雷主角喜欢吃香菜呢，每一本文，每一个角色都会被各种各样的读者排雷\n№3 ☆☆☆。|797e2335于2021-11-23 11:12:51留言☆☆☆\n！香菜也不行吗","commentTime":"2021-11-23 11:15:34","commentOwner":"= ="},{"comment":"纯读者大部分都不知道论坛的存在哈哈哈","commentTime":"2021-11-23 11:15:58","commentOwner":"。"},{"comment":"又不是追星，看个小说有什么可塌房的？好看就看，不好看就不看呗\n№9☆☆☆。|82e08e5b于2021-11-23 11:13:39留言☆☆☆\n对我来说cx就会塌……拉黑再也不见，加上恨不得洗掉记忆那种（","commentTime":"2021-11-23 11:16:11","commentOwner":"。"},{"comment":"……为什么要对作者zqsg？","commentTime":"2021-11-23 11:16:26","commentOwner":"。"},{"comment":"那本甜文一死一疯的动物文收藏掉很多了吗","commentTime":"2021-11-23 11:16:30","commentOwner":"= ="},{"comment":"到处搞饭圈很了不起吗","commentTime":"2021-11-23 11:17:04","commentOwner":"=="},{"comment":"你来论坛问还真问错了  论坛的告诉你都是怎么排雷怎么雷\n然后其他读者不就是那些没上论坛的 能给你啥结果","commentTime":"2021-11-23 11:17:17","commentOwner":"- -"},{"comment":"其实大部分读者都不看，甚至还有相当一部分连评论区也不看，比如签约前的我","commentTime":"2021-11-23 11:18:22","commentOwner":"。"},{"comment":"不看排雷的说不定还看不到你这帖，毕竟有“排雷”pbc","commentTime":"2021-11-23 11:18:46","commentOwner":"。"},{"comment":"能被排雷=知名度高=有多少人讨厌至少就会有同等数量的人喜欢","commentTime":"2021-11-23 11:19:52","commentOwner":"= ="},{"comment":"你来论坛能问到什么……\n还有很多雷都年代久远，就算是排雷的跟话说不清楚一样白给粉丝送人头……搞得好像真有人要害她作者一样，没意思。","commentTime":"2021-11-23 11:20:17","commentOwner":"。"},{"comment":"你来论坛问还真问错了 ；＆ＮＢＳＰ;论坛的告诉你都是怎么排雷怎么雷\n然后其他读者不就是那些没上论坛的 能给你啥结果\n№17☆☆☆- -|678c783b于2021-11-23 11:17:17留言☆☆☆\n我就是这么想的……\n毕竟纯读者的时候是真的不关注作者，文写的好就行，这样也挺单纯","commentTime":"2021-11-23 11:20:32","commentOwner":"。"},{"comment":"楼上举例的小动物的那个例子是文大翻车，直接影响到读者受众，论坛排雷一般是作者骚操作，只看文根本不知道，当然不一样","commentTime":"2021-11-23 11:21:42","commentOwner":"。"},{"comment":"这有什么奇怪的，有些读者还雷主角喜欢吃香菜呢，每一本文，每一个角色都会被各种各样的读者排雷\n№3☆☆☆。|797e2335于2021-11-23 11:12:51留言☆☆☆\n确实，我接受不了主角喜欢吃榴莲，取消收藏是我最后的温柔","commentTime":"2021-11-23 11:21:58","commentOwner":"。"},{"comment":"沉默的是大多数，我反正只看文，我都注意不到作者是谁……","commentTime":"2021-11-23 11:22:55","commentOwner":"。"},{"comment":"沉默的大多数","commentTime":"2021-11-23 11:23:22","commentOwner":"=="},{"comment":"对文的排雷，除了cx我一般都不在意，这种才能说萝卜青菜各有所爱\n对作者的排雷我很在意，主要是我在给她花钱。那就不能把钱花在我讨厌的身上","commentTime":"2021-11-23 11:23:31","commentOwner":"。"},{"comment":"大部分的纯读者看书就和去楼下便利店买东西一样，不会在意店主是怎样的人，不想了解发表过怎样的言论，也不会去关心他怎么和别的便利店竞争。","commentTime":"2021-11-23 11:24:15","commentOwner":"。"},{"comment":"emmm我是几个月前刚发现bs的\n纯读者一般只看文啊，最多底下的评论可能会劝退","commentTime":"2021-11-23 11:24:22","commentOwner":"。。"},{"comment":"就，我看了排雷，但是文写得好看，排雷算个p……","commentTime":"2021-11-23 11:24:45","commentOwner":"= ="},{"comment":"文好可破，你看撒野那热度就知道了","commentTime":"2021-11-23 11:24:46","commentOwner":"= ="},{"comment":"因为文好\n刚进论坛我也各种雷点作者不看，后来无意中看到一个碰瓷作者的文案，心痒痒了一个多月，终于没忍住看了。然后就把她所有文都看完了。\n在那之后放飞自我，除了抄袭坚决不看，其他无所谓了，文好可破一切","commentTime":"2021-11-23 11:30:18","commentOwner":"。"},{"comment":"我其实严重怀疑排雷的不是读者，我是纯读者的时候根本不看排雷，也不会吐槽，雷到就默默避让","commentTime":"2021-11-23 11:35:09","commentOwner":"。"},{"comment":"沉默的大多数","commentTime":"2021-11-23 11:36:56","commentOwner":"= ="},{"comment":"还有我这种看论坛的也不看排雷呢。我就是看文罢了","commentTime":"2021-11-23 11:37:49","commentOwner":"= ="},{"comment":"说实话有些虽说避雷了，但自己根本记不住，可能还是会点进去避雷作者的文……","commentTime":"2021-11-23 11:40:33","commentOwner":"。"},{"comment":"青律不就扑了，排雷力度和雷的严重性也有关系，比如男主视角开后宫宫斗文就触及了大部分人的底线","commentTime":"2021-11-23 11:42:09","commentOwner":"四九楼楼楼"},{"comment":"青律不就扑了，排雷力度和雷的严重性也有关系，比如男主视角开后宫宫斗文就触及了大部分人的底线\n№37 ☆☆☆四九楼楼楼|4864eba8于2021-11-23 11:42:09留言☆☆☆\n这个更大的原因其实是晋江不好这口","commentTime":"2021-11-23 11:43:26","commentOwner":"。。。"},{"comment":"历史引用 展开全部▼\n这个更大的原因其实是晋江不好这口\n№38 ☆☆☆。。。|091be6aa☆于2021-11-23 11:43:26留言☆☆☆\n晋江不是没人看高高在上男主视角的，某本收小妾反小妾文还好好的","commentTime":"2021-11-23 11:44:00","commentOwner":"四九楼楼楼"},{"comment":"说实话有些虽说避雷了，但自己根本记不住，可能还是会点进去避雷作者的文……\n№36☆☆☆。|93db0aae于2021-11-23 11:40:33留言☆☆☆\n我也……有的就是写的好啊，控制不住我的手","commentTime":"2021-11-25 12:43:03","commentOwner":"。"},{"comment":"很多人不看bs吧，我读者时勿点进来一次，还以为是什么古早论坛吓了一跳","commentTime":"2021-11-25 12:47:44","commentOwner":"——"},{"comment":"还“塌房”……真无语，又不是追星，看文不就行了吗？看什么作者","commentTime":"2021-11-25 12:47:55","commentOwner":"= ="},{"comment":"不火看的人少，当然被排雷的几率也小","commentTime":"2021-11-25 12:51:11","commentOwner":"= ="}]}