{"id":"cdbdc21d-a3de-48b7-8c7d-e3837ad07073","category":"晋江论坛→网友交流区→碧水江汀 请稍候...","postSubject":"主题：pbc吐槽，眼睛不需要建议捐掉，文案排雷过的东西你不看硬要哔哔让我排雷是瞎吗瞎吗瞎吗瞎吗 [5] 【搜索关键词：排雷】","postUrl":"https://bbs.jjwxc.net/showmsg.php?board=17&keyword=%C5%C5%C0%D7&id=1662462","originalPost":"免费章逼逼赖赖的白嫖狗给爷爬啊啊啊！！","numberOfReplies":5,"comments":[{"comment":"评论区骂她！","commentTime":"2021-12-04 12:35:47","commentOwner":"= ="},{"comment":"评论区骂她！\n№1 ☆☆☆= =|209b6e80于2021-12-04 12:35:47留言☆☆☆\n贴贴宝贝！","commentTime":"2021-12-04 12:36:14","commentOwner":"。"},{"comment":"那个读者上碧水吗","commentTime":"2021-12-04 12:36:33","commentOwner":"。"},{"comment":"评论区骂她！\n№1 ☆☆☆= =|209b6e80★★★★★于2021-12-04 12:35:47留言☆☆☆\n呜呜现在已经压下去了嘤！但是真的很离谱根本不是我文章受众我文案清清楚楚不是xx文她看的都是xx文还要我排雷QAQ\n而且它订阅本数和文章评论本数比例快100:1了说话贼难听，我忍不住觉得……这肥肠有问题（）","commentTime":"2021-12-04 12:43:26","commentOwner":"。"},{"comment":"那个读者上碧水吗\n№3 ☆☆☆。|c2136957??于2021-12-04 12:36:33留言☆☆☆\n不知道啊，但是管它看不看，自己眼瞎在我评论区发疯我还不能跑到论坛骂两句sjb了吗，反正这种人看到了也不会有自知之明吧毕竟它真的瞎（）","commentTime":"2021-12-04 12:45:32","commentOwner":"。"}]}