{"id":"29743940-c169-4d0e-96df-d01962940a9b","category":"晋江论坛→网友交流区→碧水江汀 欢迎回来：53088456  退 出","postSubject":"主题：古耽可以写不排雷的be吗？ [9] 【搜索关键词：排雷】","postUrl":"https://bbs.jjwxc.net/showmsg.php?board=17&keyword=%C5%C5%C0%D7&id=1822753","originalPost":"rt，但文案能看出来的那种","numberOfReplies":9,"comments":[{"comment":"想写一个穿进万人迷h文里的shehuizhuyi新青年主角，试图掰正病jiao徒弟并将他教导成根正苗红四好少年、感化疯pi魔尊帮助他改邪归正成为正道之光……最后主角成就大业得道飞升，但其他人依旧爱他爱得死去活来这种。\n看隔壁读者区说be是大众雷点，我有点不敢写，请问各位咕咕这种主角心里没有情爱最后也和谁都没在一起的，算不算be呀","commentTime":"2022-03-29 12:28:36","commentOwner":"lz"},{"comment":"不写文案再虐也默认he","commentTime":"2022-03-29 12:28:42","commentOwner":"。"},{"comment":"不能，我不看be，如果最后知道结局会怨死","commentTime":"2022-03-29 12:28:43","commentOwner":"= ="},{"comment":"想写一个穿进万人迷h文里的shehuizhuyi新青年主角，试图掰正病jiao徒弟并将他教导成根正苗红四好少年、感化疯pi魔尊帮助他改邪归正成为正道之光……最后主角成就大业得道飞升，但其他人依旧爱他爱得死去活来这种。\n看隔壁读者区说be是大众雷点，我有点不敢写，请问各位咕咕这种主角心里没有情爱最后也和谁都没在一起的，算不算be呀\n№1☆☆☆lz|daaf9c92于2022-03-29 12:28:36留言☆☆☆\nfpb","commentTime":"2022-03-29 12:29:03","commentOwner":"lz"},{"comment":"文案排雷，不排雷默认he，最后你才真的被读者排雷","commentTime":"2022-03-29 12:29:39","commentOwner":"。"},{"comment":"不写文案再虐也默认he\n№2 ☆☆☆。|8dbe6d0b于2022-03-29 12:28:42留言☆☆☆\n。","commentTime":"2022-03-29 12:30:06","commentOwner":"。"},{"comment":"不算be但也要标出结局无cp，不然你看那个冻感超人还是谁，骂了那么多帖，这个真的太雷了","commentTime":"2022-03-29 12:30:20","commentOwner":"。"},{"comment":"主角从头到尾没有情爱比be还雷…我要想看这个就去看无cp了","commentTime":"2022-03-29 12:31:17","commentOwner":"= ="},{"comment":"be不拍雷，刷负差评再送你碧水出道","commentTime":"2022-03-29 12:31:28","commentOwner":"。"}]}