{"id":"0cae5fd4-9b78-40d2-9005-13e03b1a5dd7","category":"晋江论坛→网友交流区→碧水江汀 欢迎回来：53088456  退 出","postSubject":"主题：昨天那文，如果有hyb作者故意去文下一直刷负虚假排雷，我祝她…… [15] 【搜索关键词：排雷】","postUrl":"https://bbs.jjwxc.net/showmsg.php?board=17&keyword=%C5%C5%C0%D7&id=1759250","originalPost":"不用祝什么，多行不义必自毙。","numberOfReplies":15,"comments":[{"comment":"狗血虐文渣贱爱好者不请自来！\n被隔壁读者楼里某些作者言论气到了。\n我就爱看咋滴，说作者三观不行，屁股决定脑袋？？？\n我就爱写，就爱看，关我三次元啥事。\n写末世的还都期待末日到来？","commentTime":"2022-02-12 15:06:18","commentOwner":"。。"},{"comment":"亏她还是个作者","commentTime":"2022-02-12 15:06:50","commentOwner":"。。"},{"comment":"昨天凌晨这事在bs发酵就是一些作者言之凿凿说她刷数据了吧，还打客服电话，举报结果呢？","commentTime":"2022-02-12 15:08:48","commentOwner":"。"},{"comment":"我没关注数据那事，我看的时候是碧水有高楼骂那作者三观，里面前排还在造谣式排雷","commentTime":"2022-02-12 15:11:22","commentOwner":"。。"},{"comment":"今天念念那楼里还有人顶着作者星号在骂三观……","commentTime":"2022-02-12 15:12:04","commentOwner":"。。"},{"comment":"狗血文就是yyds！！！！！\n我永远爱看狗血文！！！！！","commentTime":"2022-02-12 15:12:31","commentOwner":"。"},{"comment":"我看到三观不正的文，只会留下一句此文三观有点不正，未成年慎入谨防不适。仅此而已，也不会追着骂在评论区那样去舞","commentTime":"2022-02-12 15:14:27","commentOwner":"，，，"},{"comment":"我没记错的话，真正三观不正的文，是通过去赞扬那些三观不正的行为，去提倡，去正面描写\n如果仅仅是写了什么情节就是三观不正，那刑侦文里面不多得是？\n作者没赞扬，没提倡，整体呈现批判地去写，默认三观没问题，这个问题我之前问过编辑，她也是这样回答的","commentTime":"2022-02-12 15:17:58","commentOwner":"，，，"},{"comment":"我没记错的话，真正三观不正的文，是通过去赞扬那些三观不正的行为，去提倡，去正面描写\n如果仅仅是写了什么情节就是三观不正，那刑侦文里面不多得是？\n作者没赞扬，没提倡，整体呈现批判地去写，默认三观没问题，这个问题我之前问过编辑，她也是这样回答的\n№8 ☆☆☆，，，|98331481于2022-02-12 15:17:58留言☆☆☆\n排","commentTime":"2022-02-12 15:18:38","commentOwner":"。"},{"comment":"虐文爱好者人麻了，火葬场爱好者人麻了。","commentTime":"2022-02-12 15:19:24","commentOwner":"。"},{"comment":"我没记错的话，真正三观不正的文，是通过去赞扬那些三观不正的行为，去提倡，去正面描写\n如果仅仅是写了什么情节就是三观不正，那刑侦文里面不多得是？\n作者没赞扬，没提倡，整体呈现批判地去写，默认三观没问题，这个问题我之前问过编辑，她也是这样回答的\n№8 ☆☆☆，，，|98331481于2022-02-12 15:17:58留言☆☆☆\n。","commentTime":"2022-02-12 15:24:07","commentOwner":"。"},{"comment":"历史引用 展开全部▼\n。\n№11 ☆☆☆。|d126eebd于2022-02-12 15:24:07留言☆☆☆\n。","commentTime":"2022-02-12 15:30:23","commentOwner":"。"},{"comment":"啥玩意，男主孕期出轨那个？","commentTime":"2022-02-12 15:33:18","commentOwner":"。"},{"comment":"我看到三观不正的文，只会留下一句此文三观有点不正，未成年慎入谨防不适。仅此而已，也不会追着骂在评论区那样去舞\n№7 ☆☆☆，，，|98331481于2022-02-12 15:14:27留言☆☆☆\n亲亲，未成年应该去小树苗文学，晋江目前是有读者分级的喔！","commentTime":"2022-02-12 15:36:15","commentOwner":"——"},{"comment":"历史引用 展开全部▼\n亲亲，未成年应该去小树苗文学，晋江目前是有读者分级的喔！\n№14☆☆☆——|d04adba5于2022-02-12 15:36:15留言☆☆☆\n话是这么说，但是我很少看到未成年就只看小树苗文学的，大多都什么都能看了。","commentTime":"2022-02-12 17:09:40","commentOwner":"= ="}]}