{"id":"3a7e9792-d5fb-42af-9540-216d4ea37bc2","category":"晋江论坛→网友交流区→碧水江汀 欢迎回来：53088456  退 出","postSubject":"主题：【排雷】画手SXX7在微博表示自己看盗文配图TXT，被论坛挂出后不仅不道歉且倒打一耙指责碧水咕咕，评论区骂得极其难听。约稿的咕咕慎重哈 [292] 【搜索关键词：排雷】","postUrl":"https://bbs.jjwxc.net/showmsg.php?board=17&keyword=%C5%C5%C0%D7&id=1848643","originalPost":"rt","numberOfReplies":290,"comments":[{"comment":"bd","commentTime":"2022-04-14 12:29:41","commentOwner":"。"},{"comment":"bd","commentTime":"2022-04-14 12:29:55","commentOwner":"咕咕"},{"comment":"。","commentTime":"2022-04-14 12:29:59","commentOwner":"，"},{"comment":"","commentTime":"2022-04-14 12:30:06","commentOwner":"。"},{"comment":"。","commentTime":"2022-04-14 12:30:09","commentOwner":"。"},{"comment":"dd","commentTime":"2022-04-14 12:30:11","commentOwner":"＝＝"},{"comment":"我来了，送她出道","commentTime":"2022-04-14 12:30:18","commentOwner":"=="},{"comment":"建议挂上她的微博域名 谁知道她会不会改名","commentTime":"2022-04-14 12:30:19","commentOwner":"咕咕"},{"comment":"。","commentTime":"2022-04-14 12:30:40","commentOwner":"。"},{"comment":"画的平庸，主页还装得像模像样看起来真的有人能找她画稿子呢......我还不如拿着五位数找其他厉害的画手......","commentTime":"2022-04-14 12:30:44","commentOwner":"..."},{"comment":"d","commentTime":"2022-04-14 12:30:54","commentOwner":"。"},{"comment":"有人发图吗？坐等，盗文狗就该被钉上耻辱柱","commentTime":"2022-04-14 12:30:55","commentOwner":"=="},{"comment":"bd","commentTime":"2022-04-14 12:30:56","commentOwner":"我是一只猫"},{"comment":"问一下她，她的图能拿来商用不？如果不能，为啥她还干看盗文的事？如果能，那我直接拿图放咸鱼、小h书，抖音，肆意发她图做善事了","commentTime":"2022-04-14 12:31:01","commentOwner":"。"},{"comment":"哈哈刚看完瓜，排雷贴就立马出来了","commentTime":"2022-04-14 12:31:26","commentOwner":"我是一只猫"},{"comment":"离了谱了","commentTime":"2022-04-14 12:31:31","commentOwner":"。"},{"comment":"贴域名！","commentTime":"2022-04-14 12:31:39","commentOwner":"。"},{"comment":"。","commentTime":"2022-04-14 12:31:41","commentOwner":"= ="},{"comment":"顶顶顶","commentTime":"2022-04-14 12:31:52","commentOwner":"= ="},{"comment":"我也刷到了","commentTime":"2022-04-14 12:31:56","commentOwner":"波洛和菠萝"},{"comment":"排这垃圾人","commentTime":"2022-04-14 12:32:26","commentOwner":"。"},{"comment":"她微博是啥？这样的话把她的画放出来给别人盗图吧，反正她自己就是盗版狗","commentTime":"2022-04-14 12:32:27","commentOwner":"= ="},{"comment":"我想起一个以前看到的表情包，这点钱都不愿意为我花，还好意思说爱我jpg.","commentTime":"2022-04-14 12:32:30","commentOwner":"波洛和菠萝"},{"comment":"在哪里吃瓜啊，蹲蹲","commentTime":"2022-04-14 12:32:32","commentOwner":"……"},{"comment":"还在那春秋笔法说自己被人截图嘴了，好家伙指责一个人看盗文是嘴她\n还说什么不想参与到任何争论中，这什么白莲绿茶","commentTime":"2022-04-14 12:32:41","commentOwner":"。"},{"comment":"蹲个好心人把原话一起挂出来吧，最好再带上评论区发言","commentTime":"2022-04-14 12:32:42","commentOwner":"。"},{"comment":"一定很想出名吧，送你出道","commentTime":"2022-04-14 12:32:45","commentOwner":"。"},{"comment":"rwkk图","commentTime":"2022-04-14 12:33:08","commentOwner":"= ="},{"comment":"让我康康评论区","commentTime":"2022-04-14 12:33:32","commentOwner":"。"},{"comment":"隔壁不是有图吗。。。怎么这么多人问图","commentTime":"2022-04-14 12:33:37","commentOwner":"。。。"},{"comment":"求个评论区恶臭发言，有好心人会贴图吗","commentTime":"2022-04-14 12:33:44","commentOwner":"=="},{"comment":"画的这么丑，狗都不约她的封","commentTime":"2022-04-14 12:33:47","commentOwner":"= ="},{"comment":"啊这？","commentTime":"2022-04-14 12:34:12","commentOwner":"。"},{"comment":"跑过去扑了个空，她好像把相关微博都删掉了。","commentTime":"2022-04-14 12:34:16","commentOwner":"。"},{"comment":"咦我也刷到这位发的txt了，下边评论还有说，某某文好看，一直存在kindle里没舍得删的","commentTime":"2022-04-14 12:34:18","commentOwner":"= ="},{"comment":"https://bbs.jjwxc.net/showmsg.php?board=17&id=1848258","commentTime":"2022-04-14 12:34:18","commentOwner":"不想爆马的猫"},{"comment":"隔壁不是有图吗。。。怎么这么多人问图\n№30 ☆☆☆。。。|203ec511于2022-04-14 12:33:37留言☆☆☆\n因为隔壁没有带大名，希望带大名的帖子里有图，这样后来的人就能看到她的嘴脸","commentTime":"2022-04-14 12:34:19","commentOwner":"=="},{"comment":"隔壁有图啊咕咕们，都hot了，关键词十一万","commentTime":"2022-04-14 12:34:23","commentOwner":"。。。"},{"comment":"咦我也刷到这位发的txt了，下边评论还有说，某某文好看，一直存在kindle里没舍得删的\n№35☆☆☆= =|69966591于2022-04-14 12:34:18留言☆☆☆\ntxt截图","commentTime":"2022-04-14 12:34:35","commentOwner":"= ="},{"comment":"dd","commentTime":"2022-04-14 12:34:43","commentOwner":"。"},{"comment":"https://bbs.jjwxc.net/showmsg.php?board=17&id=1848258\n№36 ☆☆☆不想爆马的猫|79dd09f2于2022-04-14 12:34:18留言☆☆☆\n介个，是原瓜贴","commentTime":"2022-04-14 12:34:52","commentOwner":"不想爆马的猫"},{"comment":"历史引用 展开全部▼\n因为隔壁没有带大名，希望带大名的帖子里有图，这样后来的人就能看到她的嘴脸\n№37 ☆☆☆==|a136faf1于2022-04-14 12:34:19留言☆☆☆\nsoga","commentTime":"2022-04-14 12:34:57","commentOwner":"。。。"},{"comment":"(显示全部)","commentTime":"2022-04-14 12:34:59","commentOwner":"。"},{"comment":"哈哈哈哈","commentTime":"2022-04-14 12:35:47","commentOwner":"不想爆马的猫"},{"comment":"ddd","commentTime":"2022-04-14 12:36:32","commentOwner":"。。"},{"comment":"https://weibo.com/u/5761714743\n微博域名","commentTime":"2022-04-14 12:36:46","commentOwner":"咕咕"},{"comment":"看来这位sxx7捞尸真是在碧水高强度冲浪哈。\n她把三条微博都删了，但隔壁帖子有截图。\n指路：1848258","commentTime":"2022-04-14 12:37:35","commentOwner":"。"},{"comment":"(显示全部)","commentTime":"2022-04-14 12:37:58","commentOwner":"。"},{"comment":"S","commentTime":"2022-04-14 12:37:58","commentOwner":"＝"},{"comment":"卧槽居然是她，我还关注了","commentTime":"2022-04-14 12:38:07","commentOwner":"。"},{"comment":"S\n№50 ☆☆☆＝|90854da0于2022-04-14 12:37:58留言☆☆☆\n打错了，才对……","commentTime":"2022-04-14 12:38:19","commentOwner":"＝"},{"comment":"滑跪道歉了","commentTime":"2022-04-14 12:38:35","commentOwner":"=="},{"comment":"滑跪道歉了\n№53 ☆☆☆==|ed810d1e于2022-04-14 12:38:35留言☆☆☆\n谁？","commentTime":"2022-04-14 12:40:07","commentOwner":"……"},{"comment":"她装的一手白莲花，引导粉丝骂作者 见","commentTime":"2022-04-14 12:40:13","commentOwner":"。。。"},{"comment":"她真的好白莲，她粉丝骂论坛的时候怎么没看她阻止？","commentTime":"2022-04-14 12:40:37","commentOwner":"= ="},{"comment":"bd","commentTime":"2022-04-14 12:40:54","commentOwner":"=="},{"comment":"以后要是有作者约她的封，就顶这个帖子","commentTime":"2022-04-14 12:41:18","commentOwner":"= ="},{"comment":"好白莲\n4分钟前 来自 ??iPhone XS\n半夜发的这条粉见微博本意是想感慨一下，看时间也知道是14-18年，我初高中时期，版权意识薄弱，看了盗文。也说了已经很久没看了，以后一定支持正版，非常抱歉。我自己发的因为被人挂到论坛比较怂先删了，用他们截的我的图发一下。然后我希望，如果觉得我做的不对的地方可以直接来跟我说，尤其是发了粉见还要被挂。再次抱歉，以后也会注意自己的言行。??♀?","commentTime":"2022-04-14 12:41:20","commentOwner":"求求水逆退散"},{"comment":"转发sxx7:半夜发的这条粉见微博本意是想感慨一下，看时间也知道是14-18年，我初高中时期，版权意识薄弱，看了盗文。也说了已经很久没看了，以后一定支持正版，非常抱歉。我自己发的因为被人挂到论坛比较怂先删了，用他们截的我的图发一下。然后我希望，如果觉得我做的不对的地方可以直接来跟我说，尤其是发了粉见还要被挂。再次抱歉，以后也会注意自己的言行。\n\n————\n如果你在看，发粉见不是你的保护伞，盗文是作者最底线，挂你不分早晚","commentTime":"2022-04-14 12:41:29","commentOwner":"。"},{"comment":"贴","commentTime":"2022-04-14 12:41:31","commentOwner":"= ="},{"comment":"不要脸","commentTime":"2022-04-14 12:41:38","commentOwner":"。"},{"comment":"她真的好白莲，她粉丝骂论坛的时候怎么没看她阻止？\n№56 ☆☆☆= =|d2ba2f89于2022-04-14 12:40:37留言☆☆☆\n看着粉丝骂作者，她开心着呢","commentTime":"2022-04-14 12:41:49","commentOwner":"。。。"},{"comment":"这就是高贵sxx7老师的道歉呜呜呜\n她真是，我哭死。","commentTime":"2022-04-14 12:41:59","commentOwner":"。"},{"comment":"她能窥屏碧水，说明她下载的晋江吧，那岂不就是在晋江找文，然后看盗版？","commentTime":"2022-04-14 12:42:25","commentOwner":"= ="},{"comment":"d","commentTime":"2022-04-14 12:42:32","commentOwner":"。"},{"comment":"她能窥屏碧水，说明她下载的晋江吧，那岂不就是在晋江找文，然后看盗版？\n№65 ☆☆☆= =|d2ba2f89于2022-04-14 12:42:25留言☆☆☆\n对啊，所以更见了","commentTime":"2022-04-14 12:42:46","commentOwner":"。"},{"comment":"rwkk她这条下的评论区","commentTime":"2022-04-14 12:42:50","commentOwner":"。"},{"comment":"笑死了怎么跟她说，又是30天又是7天，跑她家里和她说啊？？？","commentTime":"2022-04-14 12:43:04","commentOwner":"。"},{"comment":"能摸到碧水说明下载了晋江，就这还看盗版，真是qu","commentTime":"2022-04-14 12:43:11","commentOwner":"TVt"},{"comment":"老实道歉是能死是拉的吧","commentTime":"2022-04-14 12:43:22","commentOwner":"……"},{"comment":"能不能把私信开了？？？？？？？好好跟你说说？？？？？？","commentTime":"2022-04-14 12:43:28","commentOwner":"。"},{"comment":"历史引用 展开全部▼\n对啊，所以更见了\n№67 ☆☆☆。|3df3dd24于2022-04-14 12:42:46留言☆☆☆\n。","commentTime":"2022-04-14 12:43:55","commentOwner":"。。。"},{"comment":"传下去咕咕恨鲨老师已久，故意搞鲨老师\n(显示全部)","commentTime":"2022-04-14 12:44:19","commentOwner":"。。"},{"comment":"双标的不要不要的啊","commentTime":"2022-04-14 12:44:27","commentOwner":"……"},{"comment":"双标豿","commentTime":"2022-04-14 12:44:41","commentOwner":"。"},{"comment":"来来来，这次大家记得截图评论区哈，免得sxx7老师又删了","commentTime":"2022-04-14 12:44:56","commentOwner":"。"},{"comment":"以后要是有作者约她的封给这盗版狗送钱，我就顶这个贴","commentTime":"2022-04-14 12:45:02","commentOwner":"TVt"},{"comment":"没关系，人家十几万粉呢，咱们晋江作者不约了而已，让他的小粉丝去约吧。","commentTime":"2022-04-14 12:45:10","commentOwner":"。"},{"comment":"哇哦，为什么盗文狗的脸都那么大？\n她好白莲，好见啊。","commentTime":"2022-04-14 12:45:12","commentOwner":"。"},{"comment":"好见，mad之前骂过了，火气上来了再骂一遍，见死了","commentTime":"2022-04-14 12:45:32","commentOwner":"。"},{"comment":"哇哦，为什么盗文狗的脸都那么大？\n她好白莲，好见啊。\n№80 ☆☆☆。|36b5f10e于2022-04-14 12:45:12留言☆☆☆\n它们都觉得看盗文是恩赐呢，写得不好凭什么花钱，留着当棺11材本吧","commentTime":"2022-04-14 12:45:55","commentOwner":"。"},{"comment":"能摸到碧水说明下载了晋江，就这还看盗版，真是qu\n№70 ☆☆☆TVt|d2ba2f89于2022-04-14 12:43:11留言☆☆☆\n。","commentTime":"2022-04-14 12:46:09","commentOwner":"。"},{"comment":"这个人真的应该广而告之，有晋江作者群的完全可以去转发一下，让所有人都知道这个人","commentTime":"2022-04-14 12:46:12","commentOwner":"。"},{"comment":"抓住关键词“翻来覆去多少年了还是这两篇”。从18到现在，多少年了，版权意识该有了吧，那能看看今天之前的这两本全订记录吗？：）","commentTime":"2022-04-14 12:46:28","commentOwner":"。"},{"comment":"咕咕这么骂怕不怕鲨老师改名？不对，人家十几万粉怎么会看得起晋江呢［狗头］","commentTime":"2022-04-14 12:46:42","commentOwner":"……"},{"comment":"传下去咕咕恨鲨老师已久，故意搞鲨老师\n\n№74 ☆☆☆。。|25f52e3f于2022-04-14 12:44:19留言☆☆☆\n(显示全部)\n她的腿毛好像神志不太清醒","commentTime":"2022-04-14 12:47:37","commentOwner":"= ="},{"comment":"。","commentTime":"2022-04-14 12:47:57","commentOwner":"。"},{"comment":"抓住关键词“翻来覆去多少年了还是这两篇”。从18到现在，多少年了，版权意识该有了吧，那能看看今天之前的这两本全订记录吗？：）\n№85 ☆☆☆。|cf8d8ee3于2022-04-14 12:46:28留言☆☆☆\n我也是真的挺好奇，这位是什么时候开始有版权意识的呢","commentTime":"2022-04-14 12:48:02","commentOwner":"。"},{"comment":"bd","commentTime":"2022-04-14 12:48:05","commentOwner":"。。"},{"comment":"好莲  这算什么道歉啊 意思就是你们小题大做不要伤害我 呕","commentTime":"2022-04-14 12:48:07","commentOwner":"。"},{"comment":"咕咕这么骂怕不怕鲨老师改名？不对，人家十几万粉怎么会看得起晋江呢［狗头］\n№86☆☆☆……|77fe2285于2022-04-14 12:46:42留言☆☆☆\n记下他的主页网址，可以确保永恒避雷","commentTime":"2022-04-14 12:48:17","commentOwner":"。"},{"comment":"笑死了\n(显示全部)","commentTime":"2022-04-14 12:48:28","commentOwner":"。。"},{"comment":"传下去咕咕恨鲨老师已久，故意搞鲨老师\n\n№74☆☆☆。。|25f52e3f于2022-04-14 12:44:19留言☆☆☆\n(显示全部)\n不是她最近发出来，谁知道她初高中看盗文啊，无语","commentTime":"2022-04-14 12:48:35","commentOwner":"= ="},{"comment":"可以送她出道了","commentTime":"2022-04-14 12:48:36","commentOwner":"。"},{"comment":"以后称呼她为鲨蛆","commentTime":"2022-04-14 12:48:37","commentOwner":"TVt"},{"comment":"顶","commentTime":"2022-04-14 12:48:54","commentOwner":"，"},{"comment":"正正经经道个欠，毕竟以前小，大家也不是不能理解，这件事可能就过了，茶言茶语的是真的被恶心到……","commentTime":"2022-04-14 12:50:29","commentOwner":"……"},{"comment":"她的粉丝更是让人大开眼界 果然 粉随正主","commentTime":"2022-04-14 12:50:37","commentOwner":"。"},{"comment":"已经拉黑她了","commentTime":"2022-04-14 12:50:57","commentOwner":"。。。"},{"comment":"经典啊\n[cp]@关心都给路边小猫了: 虽然看盗版确实不对但是初高中那时候根本没有这个概念 这也要挂 属于还是吃太饱了[黑线]真这么正义使者有挂人时间不如去质问为什么还没有出台相关保护正版权益的措施  真的小刀剌屁股[/cp]","commentTime":"2022-04-14 12:51:13","commentOwner":"。。"},{"comment":"鲨老师现在会不会在碧水窥这条贴子啊","commentTime":"2022-04-14 12:51:13","commentOwner":"。"},{"comment":"他真的是越看越恶心，我不看了，我要睡觉了","commentTime":"2022-04-14 12:51:23","commentOwner":"。"},{"comment":"艹，看完感觉小说作者好底层，被各种人扒着吸血，计较一次dw还被会被倒打一耙，绝了","commentTime":"2022-04-14 12:51:45","commentOwner":"。"},{"comment":"https://weibo.com/u/5761714743","commentTime":"2022-04-14 12:51:48","commentOwner":"。"},{"comment":"经典啊\n[cp]@关心都给路边小猫了: 虽然看盗版确实不对但是初高中那时候根本没有这个概念 这也要挂 属于还是吃太饱了[黑线]真这么正义使者有挂人时间不如去质问为什么还没有出台相关保护正版权益的措施??真的小刀剌屁股[/cp]\n№101 ☆☆☆。。|25f52e3f于2022-04-14 12:51:13留言☆☆☆\n挂二传二改图的时候也希望能这么说，笑死","commentTime":"2022-04-14 12:51:53","commentOwner":"= ="},{"comment":"[cp]@江水一逢: 正常人：没看过这两本，截图一下有空看。有病的人：我要挂她。[/cp]","commentTime":"2022-04-14 12:52:15","commentOwner":"。。"},{"comment":"历史引用 展开全部▼\n对啊，所以更见了\n№67 ☆☆☆。|3df3dd24于2022-04-14 12:42:46留言☆☆☆\n。","commentTime":"2022-04-14 12:52:21","commentOwner":"。"},{"comment":"经典啊\n[cp]@关心都给路边小猫了: 虽然看盗版确实不对但是初高中那时候根本没有这个概念 这也要挂 属于还是吃太饱了[黑线]真这么正义使者有挂人时间不如去质问为什么还没有出台相关保护正版权益的措施??真的小刀剌屁股[/cp]\n№101 ☆☆☆。。|25f52e3f于2022-04-14 12:51:13留言☆☆☆\nhttps://weibo.com/u/6132788099","commentTime":"2022-04-14 12:53:10","commentOwner":"。。"},{"comment":"她的主页也挂出来保存一下避免改名","commentTime":"2022-04-14 12:53:26","commentOwner":"。"},{"comment":"这个霜天的恶心程度不相上下，大家避开\n(显示全部)","commentTime":"2022-04-14 12:53:35","commentOwner":"。"},{"comment":"这个霜天的恶心程度不相上下，大家避开\n№111☆☆☆。|78d818b3于2022-04-14 12:53:35留言☆☆☆\n(显示全部)\nhttps://weibo.com/u/6631105141主页","commentTime":"2022-04-14 12:54:19","commentOwner":"。"},{"comment":"其实我到现在都还在疑惑，他们这些小画家约稿收钱的时候，交税吗？","commentTime":"2022-04-14 12:54:52","commentOwner":"。"},{"comment":"没啥用，还是有人舔这些小画家，上次那个什么白月梦的授权群都把晋江作者骂成那个鬼样子了，榜单上还不是有继续用他们家图的","commentTime":"2022-04-14 12:54:55","commentOwner":"。"},{"comment":"其实我到现在都还在疑惑，他们这些小画家约稿收钱的时候，交税吗？\n№113☆☆☆。|36b5f10e于2022-04-14 12:54:52留言☆☆☆\n小画家高贵不用交","commentTime":"2022-04-14 12:55:22","commentOwner":"TVt"},{"comment":"没啥用，还是有人舔这些小画家，上次那个什么白月梦的授权群都把晋江作者骂成那个鬼样子了，榜单上还不是有继续用他们家图的\n№114 ☆☆☆。|fad9f676于2022-04-14 12:54:55留言☆☆☆\n放个耳朵","commentTime":"2022-04-14 12:55:33","commentOwner":"。"},{"comment":"没啥用，还是有人舔这些小画家，上次那个什么白月梦的授权群都把晋江作者骂成那个鬼样子了，榜单上还不是有继续用他们家图的\n№114☆☆☆。|fad9f676于2022-04-14 12:54:55留言☆☆☆\n不管别的作者怎么样，我仅代表自己不用，我个人认为我还是个约稿挺勤，挺不吝啬花钱的人。我不用，我也会号召身边的基友，我的所有群，我都号召不用，那我尽自己的一份力去宣传，那其他人爱用用，他总会损失一部分收入的。","commentTime":"2022-04-14 12:56:05","commentOwner":"。"},{"comment":"无语子，自己是画手所以写手的权益不是权益咯","commentTime":"2022-04-14 12:56:28","commentOwner":"。"},{"comment":"。","commentTime":"2022-04-14 12:56:57","commentOwner":"。"},{"comment":"他的粉丝看一次呕一次","commentTime":"2022-04-14 12:57:10","commentOwner":"。"},{"comment":"妻为上，全文v后七块八毛四，无锁。\n为什么看txt？","commentTime":"2022-04-14 12:57:15","commentOwner":"。"},{"comment":"笑死，画手刚刚把订阅补上了，粉丝在下面拼命安慰","commentTime":"2022-04-14 12:57:56","commentOwner":"波洛和菠萝"},{"comment":"错了就站直了挨打道歉\n又当又立的装白莲花真恶心","commentTime":"2022-04-14 12:58:41","commentOwner":"- -"},{"comment":"没啥用，还是有人舔这些小画家，上次那个什么白月梦的授权群都把晋江作者骂成那个鬼样子了，榜单上还不是有继续用他们家图的\n№114☆☆☆。|fad9f676于2022-04-14 12:54:55留言☆☆☆\n我天翼3g了，有关键词能补瓜吗","commentTime":"2022-04-14 12:58:45","commentOwner":"。"},{"comment":"笑死，画手刚刚把订阅补上了，粉丝在下面拼命安慰\n№122 ☆☆☆波洛和菠萝|24685400于2022-04-14 12:57:56留言☆☆☆\n我顺着去看了一下她的读者号，唉，正版宣传任重而道远。","commentTime":"2022-04-14 12:59:50","commentOwner":"……"},{"comment":"妻为上，全文v后七块八毛四，无锁。\n为什么看txt？\n№121 ☆☆☆。|34b24b27于2022-04-14 12:57:15留言☆☆☆\n当然是因为蛆老师双标啦","commentTime":"2022-04-14 13:00:10","commentOwner":"黄白游"},{"comment":"好绿茶啊……既然是前几年看盗版已经有版权意识了，为什么发微博的截图还是txt……这不是又当又立？底下还有觉得自己看盗文没什么的也挺搞笑","commentTime":"2022-04-14 13:00:15","commentOwner":"。"},{"comment":"滴滴带大名的","commentTime":"2022-04-14 13:00:32","commentOwner":"黄白游"},{"comment":"好奇她读者号有别的订阅吗","commentTime":"2022-04-14 13:00:32","commentOwner":"。"},{"comment":"还有第1个评论的美工霜天，主页简介说自己为了赚钱的，然后又说看盗版没什么。","commentTime":"2022-04-14 13:00:56","commentOwner":"。"},{"comment":"好绿茶啊……既然是前几年看盗版已经有版权意识了，为什么发微博的截图还是txt……这不是又当又立？底下还有觉得自己看盗文没什么的也挺搞笑\n№127 ☆☆☆。|2418815b于2022-04-14 13:00:15留言☆☆☆\n既然这位绿茶在看bs来请回答一下这个问题","commentTime":"2022-04-14 13:01:21","commentOwner":"。"},{"comment":"还有第1个评论的美工霜天，主页简介说自己为了赚钱的，然后又说看盗版没什么。\n№130 ☆☆☆。|78d818b3于2022-04-14 13:00:56留言☆☆☆\n挂出来排雷","commentTime":"2022-04-14 13:01:26","commentOwner":"。"},{"comment":"。","commentTime":"2022-04-14 13:02:06","commentOwner":"……"},{"comment":"历史引用 展开全部▼\n我顺着去看了一下她的读者号，唉，正版宣传任重而道远。\n№125 ☆☆☆……|8da4e3fc于2022-04-14 12:59:50留言☆☆☆\n订阅率多少","commentTime":"2022-04-14 13:02:18","commentOwner":"。"},{"comment":"历史引用 展开全部▼\n挂出来排雷\n№132☆☆☆。|2f21efc3于2022-04-14 13:01:26留言☆☆☆\n我挂出来了，被吞掉了。你们谁可以挂一下去截一下图，真的特别恶心，有过之而无不及。","commentTime":"2022-04-14 13:02:36","commentOwner":"。"},{"comment":"七块八毛四，中学时期到现在都不知道补票，被拉出来后倒是知道补了？这就是粉丝说的初高中没概念？初高中没概念现在也没概念？干脆一辈子也别有这个概念好了。","commentTime":"2022-04-14 13:03:03","commentOwner":"。"},{"comment":"被挂了，突然萌生出来了版权意识呢～这意识怎么跟墙头的草模样有几分仿佛","commentTime":"2022-04-14 13:03:44","commentOwner":"。"},{"comment":"七块八毛四，中学时期到现在都不知道补票，被拉出来后倒是知道补了？这就是粉丝说的初高中没概念？初高中没概念现在也没概念？干脆一辈子也别有这个概念好了。\n№136 ☆☆☆。|34b24b27于2022-04-14 13:03:03留言☆☆☆\n就是说这么多年没想过补票还要bs挂了才去补。所以她读者号订阅多少","commentTime":"2022-04-14 13:03:47","commentOwner":"。"},{"comment":"https://weibo.com/u/3807015224[cp]@-萬事皆虛-: [哆啦A梦害怕]tcl有些人怎么会这么阴暗[/cp]\n哦哦哦看盗文的不阴暗，抓盗文的作者阴暗","commentTime":"2022-04-14 13:04:01","commentOwner":"。。"},{"comment":"她评论区真的可以抓好多万粉dwg","commentTime":"2022-04-14 13:04:26","commentOwner":"。。"},{"comment":"还有人说被粉丝针对了……谁粉丝谁是粉丝哪来的粉丝？难道是bs的粉丝？（惊讶脸）","commentTime":"2022-04-14 13:04:37","commentOwner":"。"},{"comment":"偷了七八年东西，要不是被只出是盗文狗，估计还沾沾自喜呢","commentTime":"2022-04-14 13:04:41","commentOwner":"。"},{"comment":"爬去看了一眼，底下粉丝更ex","commentTime":"2022-04-14 13:05:00","commentOwner":"。"},{"comment":"历史引用 展开全部▼\n订阅率多少\n№134 ☆☆☆。|2f21efc3于2022-04-14 13:02:18留言☆☆☆\n同问","commentTime":"2022-04-14 13:05:04","commentOwner":"= ="},{"comment":"绝了，这不就是事发后不得不低头么，但凡真的尊重一下作者，这两本小说看了这么多年怎么不记得来jj订一下\n这边是不是意味着，我以后可以直接拿这位泰泰的图来做封面，被发现只要装粉丝不就行了，我要不是喜欢怎么会拿来用\n不然怎么，粉见也挂？","commentTime":"2022-04-14 13:05:05","commentOwner":"www"},{"comment":"有朝一日剑在手\n怒杀天下盗文狗","commentTime":"2022-04-14 13:05:37","commentOwner":"。"},{"comment":"历史引用 展开全部▼\n同问\n№144 ☆☆☆= =|2df25670于2022-04-14 13:05:04留言☆☆☆\n估计很低的你看订阅全文时间是4.14","commentTime":"2022-04-14 13:05:43","commentOwner":"。。"},{"comment":"好奇她读者号有别的订阅吗\n№129 ☆☆☆。|aa75d111于2022-04-14 13:00:32留言☆☆☆\n也许吧……反正四月没有……","commentTime":"2022-04-14 13:06:06","commentOwner":"黄白游"},{"comment":"莲言莲语\n搞得么跟谁欺负它了似的","commentTime":"2022-04-14 13:06:14","commentOwner":"无语住"},{"comment":"绝了，这不就是事发后不得不低头么，但凡真的尊重一下作者，这两本小说看了这么多年怎么不记得来jj订一下\n这边是不是意味着，我以后可以直接拿这位泰泰的图来做封面，被发现只要装粉丝不就行了，我要不是喜欢怎么会拿来用\n不然怎么，粉见也挂？\n№145 ☆☆☆www|672ee1ed于2022-04-14 13:05:05留言☆☆☆\n以后这位的图就是免费图啦，本鸽子买单，大家随意用","commentTime":"2022-04-14 13:06:20","commentOwner":"。"},{"comment":"历史引用 展开全部▼\n也许吧……反正四月没有……\n№148 ☆☆☆黄白游|7ab9fac8于2022-04-14 13:06:06留言☆☆☆\n哦豁","commentTime":"2022-04-14 13:06:37","commentOwner":"。"},{"comment":"历史引用 展开全部▼\n挂二传二改图的时候也希望能这么说，笑死\n№106 ☆☆☆= =|c88d04aa♥♥♥于2022-04-14 12:51:53留言☆☆☆\n嘤嘤嘤\n人家初中高中改图然后拿出去卖也不知道有问题呢~~~~~","commentTime":"2022-04-14 13:06:47","commentOwner":"- -"},{"comment":"历史引用 展开全部▼\n订阅率多少\n№134☆☆☆。|2f21efc3于2022-04-14 13:02:18留言☆☆☆\n订阅率是98%，一共只订阅了6篇文。这种情况下，只有她只看过6篇文能够解释了。","commentTime":"2022-04-14 13:07:51","commentOwner":"。"},{"comment":"dd","commentTime":"2022-04-14 13:08:06","commentOwner":"东方"},{"comment":"好白莲\n4分钟前 来自 ??iPhone XS\n半夜发的这条粉见微博本意是想感慨一下，看时间也知道是14-18年，我初高中时期，版权意识薄弱，看了盗文。也说了已经很久没看了，以后一定支持正版，非常抱歉。我自己发的因为被人挂到论坛比较怂先删了，用他们截的我的图发一下。然后我希望，如果觉得我做的不对的地方可以直接来跟我说，尤其是发了粉见还要被挂。再次抱歉，以后也会注意自己的言行。??♀?\n№59 ☆☆☆求求水逆退散|284a715a于2022-04-14 12:41:20留言☆☆☆\n以后一定支持正版？那就是现在都没有支持了？小时候不懂事能理解，但补票了没？","commentTime":"2022-04-14 13:08:32","commentOwner":"咕咕"},{"comment":"历史引用 展开全部▼\n订阅率是98%，一共只订阅了6篇文。这种情况下，只有她只看过6篇文能够解释了。\n№153☆☆☆。|78d818b3于2022-04-14 13:07:51留言☆☆☆\n咱也不知道他是只看过6篇晋江的文，还是说看了很多晋江文，之前的都是盗版呢，咱也不知道，咱也不敢说，见人家十几万粉呢。","commentTime":"2022-04-14 13:08:38","commentOwner":"。"},{"comment":"d","commentTime":"2022-04-14 13:08:40","commentOwner":"。"},{"comment":"dd","commentTime":"2022-04-14 13:08:41","commentOwner":"。"},{"comment":"dd","commentTime":"2022-04-14 13:10:47","commentOwner":"咕咕"},{"comment":"芜湖沉了吗","commentTime":"2022-04-14 13:10:59","commentOwner":"。。。"},{"comment":"bs咕咕们不要当大冤种找s老师约稿","commentTime":"2022-04-14 13:11:35","commentOwner":"咕咕"},{"comment":"真想道歉，怎么不挨个制止评论区合理化你看盗的粉丝呢？\n为什么不反驳她们呢？\n为什么任由她们“安慰”你呢？\n为什么不好好立正挨打，规劝粉丝补票这一事是必须要做的呢？","commentTime":"2022-04-14 13:12:57","commentOwner":"。"},{"comment":"笑死，谁说她以前看盗版咋滴咋滴，现在2022了都，还截图txt文包放微博，有点版权意识行不行啊画师解解，动不动就以前不懂事不知道看正版，现在也不懂事挂文包？","commentTime":"2022-04-14 13:18:03","commentOwner":"。"},{"comment":"绝了，这不就是事发后不得不低头么，但凡真的尊重一下作者，这两本小说看了这么多年怎么不记得来jj订一下\n这边是不是意味着，我以后可以直接拿这位泰泰的图来做封面，被发现只要装粉丝不就行了，我要不是喜欢怎么会拿来用\n不然怎么，粉见也挂？\n№145 ☆☆☆www|672ee1ed于2022-04-14 13:05:05留言☆☆☆\n。","commentTime":"2022-04-14 13:18:20","commentOwner":"。"},{"comment":"笑死了，她是不是在自己那一亩三分地待久了，觉得谁都吃她那一套。\n得了，人家卖惨也不是卖给我们看的，粉丝吃呗，有内味儿了。","commentTime":"2022-04-14 13:19:07","commentOwner":"。"},{"comment":"真想道歉，怎么不挨个制止评论区合理化你看盗的粉丝呢？\n为什么不反驳她们呢？\n为什么任由她们“安慰”你呢？\n为什么不好好立正挨打，规劝粉丝补票这一事是必须要做的呢？\n№163 ☆☆☆。|34b24b27于2022-04-14 13:12:57留言☆☆☆\n这一点真的很绿茶……素材有了","commentTime":"2022-04-14 13:19:31","commentOwner":"。"},{"comment":"dd","commentTime":"2022-04-14 13:20:13","commentOwner":"妮"},{"comment":"笑死了，她是不是在自己那一亩三分地待久了，觉得谁都吃她那一套。\n得了，人家卖惨也不是卖给我们看的，粉丝吃呗，有内味儿了。\n№166 ☆☆☆。|9a2c8f6b于2022-04-14 13:19:07留言☆☆☆\n。","commentTime":"2022-04-14 13:20:29","commentOwner":"。"},{"comment":"笑死了，她是不是在自己那一亩三分地待久了，觉得谁都吃她那一套。\n得了，人家卖惨也不是卖给我们看的，粉丝吃呗，有内味儿了。\n№166☆☆☆。|9a2c8f6b于2022-04-14 13:19:07留言☆☆☆\n绿茶在茶协可不如鱼得水","commentTime":"2022-04-14 13:21:18","commentOwner":"= ="},{"comment":"dd","commentTime":"2022-04-14 13:21:23","commentOwner":"香咕姬"},{"comment":"。。","commentTime":"2022-04-14 13:21:35","commentOwner":"。"},{"comment":"顶","commentTime":"2022-04-14 13:22:08","commentOwner":"。"},{"comment":"一粉顶十黑这道理我悟了 评论区的粉丝给s老师出道贡献了很大的力量","commentTime":"2022-04-14 13:23:39","commentOwner":"。"},{"comment":"我居然关注了她！我微博脏了！我要去取关！好剑啊！","commentTime":"2022-04-14 13:24:20","commentOwner":"想画画的咕咕"},{"comment":"以后就让粉丝去买她的画吧，避雷了","commentTime":"2022-04-14 13:24:27","commentOwner":"。"},{"comment":"评论区开始说现在的环境看盗文没什么的了（黄豆流汗）","commentTime":"2022-04-14 13:24:40","commentOwner":"。"},{"comment":"评论区开始说现在的环境看盗文没什么的了（黄豆流汗）\n№177         ☆☆☆。|2418815b于2022-04-14 13:24:40留言        ☆☆☆\n火气一下子上来了","commentTime":"2022-04-14 13:25:52","commentOwner":"……"},{"comment":"评论区开始说现在的环境看盗文没什么的了（黄豆流汗）\n№177 ☆☆☆。|2418815b于2022-04-14 13:24:40留言☆☆☆\n那盗图也没什么嘛，那么多随便乱用的头像，反正也不商用，现在环境盗图做头像的多了去了。看他们冲不冲","commentTime":"2022-04-14 13:26:05","commentOwner":"狗头"},{"comment":"好事去看了一下，收藏夹里有十一本订阅却只有六本","commentTime":"2022-04-14 13:29:24","commentOwner":"。"},{"comment":"看她最新微博……","commentTime":"2022-04-14 13:31:03","commentOwner":"。"},{"comment":"看了下……评论区好多画手站队，惊呆，霜天 妮娜 他们被盗图不是也经常出警的","commentTime":"2022-04-14 13:33:17","commentOwner":"。"},{"comment":"看了下……评论区好多画手站队，惊呆，霜天 妮娜 他们被盗图不是也经常出警的\n№182 ☆☆☆。|f607bdc0于2022-04-14 13:33:17留言☆☆☆\n一起排雷了","commentTime":"2022-04-14 13:33:42","commentOwner":"。"},{"comment":"历史引用 展开全部▼\n一起排雷了\n№183☆☆☆。|2418815b于2022-04-14 13:33:42留言☆☆☆\n全部拉黑嘿嘿嘿","commentTime":"2022-04-14 13:34:22","commentOwner":"。"},{"comment":"-SXX7-\n04-14 13:12 来自 ??iPhone XS\n关注\n我敲打自己，各位真的不要再为我说话了，我不想变成那种双标的人错上加错。真的真的真的抱歉。\n------------------\nyue上加yue了家人们","commentTime":"2022-04-14 13:36:32","commentOwner":"= ="},{"comment":"-SXX7-\n04-14 13:12 来自 ??iPhone XS\n关注\n我敲打自己，各位真的不要再为我说话了，我不想变成那种双标的人错上加错。真的真的真的抱歉。\n------------------\nyue上加yue了家人们\n№185 ☆☆☆= =|4846d505于2022-04-14 13:36:32留言☆☆☆\n去看了眼真的吐了，又白又茶，粉丝还合理化盗文","commentTime":"2022-04-14 13:37:50","commentOwner":"！"},{"comment":"壁垒了","commentTime":"2022-04-14 13:38:10","commentOwner":"……"},{"comment":"yue","commentTime":"2022-04-14 13:38:12","commentOwner":"草莓酱棒冰"},{"comment":"站队的画手，以后你们的图我会随便二传二改给大家免费用的嘻嘻","commentTime":"2022-04-14 13:39:01","commentOwner":"。"},{"comment":"历史引用 展开全部▼\n去看了眼真的吐了，又白又茶，粉丝还合理化盗文\n№186☆☆☆！|28d239d0于2022-04-14 13:37:50留言☆☆☆\n好像不是粉丝……点开看都是其他画师","commentTime":"2022-04-14 13:39:05","commentOwner":"。"},{"comment":"啊这啊这","commentTime":"2022-04-14 13:41:05","commentOwner":"。"},{"comment":"确实要慎重了……","commentTime":"2022-04-14 13:45:41","commentOwner":"。"},{"comment":"历史引用 展开全部▼\n好像不是粉丝……点开看都是其他画师\n№190 ☆☆☆。|a1bf76ce于2022-04-14 13:39:05留言☆☆☆\n一起挂了吧","commentTime":"2022-04-14 13:46:29","commentOwner":"。"},{"comment":"以后没事就天天顶一下这帖，画手挂盗图的就合理，作者挂她看盗文就拿谁没看过盗文说事，可以的，非常双标","commentTime":"2022-04-14 13:46:47","commentOwner":"！"},{"comment":"历史引用 展开全部▼\n订阅率是98%，一共只订阅了6篇文。这种情况下，只有她只看过6篇文能够解释了。\n№153 ☆☆☆。|78d818b3于2022-04-14 13:07:51留言☆☆☆\n笑死人","commentTime":"2022-04-14 13:46:54","commentOwner":"。"},{"comment":"dd","commentTime":"2022-04-14 13:46:55","commentOwner":"。。"},{"comment":"看了下……评论区好多画手站队，惊呆，霜天 妮娜 他们被盗图不是也经常出警的\n№182 ☆☆☆。|f607bdc0于2022-04-14 13:33:17留言☆☆☆\n一起挂出来","commentTime":"2022-04-14 13:47:54","commentOwner":"。"},{"comment":"以后没事就天天顶一下这帖，画手挂盗图的就合理，作者挂她看盗文就拿谁没看过盗文说事，可以的，非常双标\n№194 ☆☆☆！|28d239d0于2022-04-14 13:46:47留言☆☆☆\n没事就顶顶怕咕咕忘了","commentTime":"2022-04-14 13:54:08","commentOwner":"。"},{"comment":"顶","commentTime":"2022-04-14 13:55:44","commentOwner":"。。。"},{"comment":"历史引用 展开全部▼\n没事就顶顶怕咕咕忘了\n№198 ☆☆☆。|2418815b于2022-04-14 13:54:08留言☆☆☆\n。","commentTime":"2022-04-14 13:55:57","commentOwner":"。"},{"comment":"顶","commentTime":"2022-04-14 13:56:06","commentOwner":"。"},{"comment":"双标画手以后就做我的免费素材嘛~嘻嘻","commentTime":"2022-04-14 13:56:59","commentOwner":"。"},{"comment":"历史引用 展开全部▼\n笑死人\n№195☆☆☆。|2f21efc3于2022-04-14 13:46:54留言☆☆☆\n笑死人了属于是","commentTime":"2022-04-14 13:57:27","commentOwner":"。"},{"comment":"踢","commentTime":"2022-04-14 13:57:27","commentOwner":"。"},{"comment":"xs，没关系的，微博就是dwg多，所以他们会共情这个看盗的画手，可是这些小粉丝会给他们画手大大画多少钱呢？至少这么一来，晋江作者的约稿这个尊贵画手估计是接不到了吧嘻嘻\n画手千千万，甲方选的余地打了去了，小粉丝是附和一通爽到了啦，拱火拱得小画手接不到活关他们什么事xs","commentTime":"2022-04-14 13:57:30","commentOwner":"。"},{"comment":"真是双标到极致了，豁，开了关注七天以上才可以评论，下面全是原谅，亲抱抱举高高真牛，这就是双标小画家吗？牛蛙牛蛙","commentTime":"2022-04-14 13:59:31","commentOwner":"。"},{"comment":"历史引用 展开全部▼\n笑死人了属于是\n№203 ☆☆☆。|b0b04be7于2022-04-14 13:57:27留言☆☆☆\n好悲哀啊，忽然觉得正版读者真的太少了","commentTime":"2022-04-14 13:59:58","commentOwner":"。。。"},{"comment":"6篇订阅属实晋江正版读者小小小号水平了，估计还是在看盗\n站她的画手赞成一并挂出，咕咕们准备约封面时可搜跟帖避雷\n看盗还宣扬就是要狠狠的打，杀鸡儆猴也要有它的作用","commentTime":"2022-04-14 14:01:19","commentOwner":"。"},{"comment":"有什么途径可以举报这类画手偷税漏税","commentTime":"2022-04-14 14:02:16","commentOwner":"。"},{"comment":"一起挂啊，这些人值得一个贴","commentTime":"2022-04-14 14:02:30","commentOwner":"。"},{"comment":"一起挂啊，这些人值得一个贴\n№210☆☆☆。|2f0aa15f于2022-04-14 14:02:30留言☆☆☆\nhttps://bbs.jjwxc.net/showmsg.php?board=17&id=1848739\n挂了","commentTime":"2022-04-14 14:03:01","commentOwner":"。"},{"comment":"历史引用 展开全部▼\nhttps://bbs.jjwxc.net/showmsg.php?board=17&id=1848739\n挂了\n№211☆☆☆。|78d818b3于2022-04-14 14:03:01留言☆☆☆\n你看完之后会发现这些人的恶心程度，有过之而无不及","commentTime":"2022-04-14 14:03:19","commentOwner":"。"},{"comment":"她后面态度好像还行，但是评论区依旧在洗盗版，而且关注七天才能评论……","commentTime":"2022-04-14 14:05:46","commentOwner":"=="},{"comment":"她后面态度好像还行，但是评论区依旧在洗盗版，而且关注七天才能评论……\n№213 ☆☆☆==|216a879e于2022-04-14 14:05:46留言☆☆☆\n补票后发现她的号总共订阅了6本书，现在可以洗她这辈子只看过6本晋江文","commentTime":"2022-04-14 14:08:16","commentOwner":"。"},{"comment":"ddddd","commentTime":"2022-04-14 14:09:20","commentOwner":"。"},{"comment":"评论区有一个画手还是我打算买她将来要出的周边的……火速告诉朋友说不买了（虽然个人力量很薄弱但是我也不想买了膈应）","commentTime":"2022-04-14 14:09:52","commentOwner":"。"},{"comment":"ddd","commentTime":"2022-04-14 14:10:17","commentOwner":"。"},{"comment":"顶着个啊","commentTime":"2022-04-14 14:16:32","commentOwner":"。。。"},{"comment":"为什么这个带画手名字的没人说话啊，洗白的人故意不来这个帖子吗","commentTime":"2022-04-14 14:16:57","commentOwner":"。。。"},{"comment":"D","commentTime":"2022-04-14 14:16:57","commentOwner":"。"},{"comment":"滴滴","commentTime":"2022-04-14 14:17:10","commentOwner":"。"},{"comment":"ddd","commentTime":"2022-04-14 14:17:11","commentOwner":"。。"},{"comment":"dd","commentTime":"2022-04-14 14:17:11","commentOwner":"。"},{"comment":"为什么就这个帖子沉下去了啊，大家可以在这里吵吗","commentTime":"2022-04-14 14:17:20","commentOwner":"。。。"},{"comment":"洗白的人呢？水军！水军在哪里！","commentTime":"2022-04-14 14:17:35","commentOwner":"。。。"},{"comment":"d","commentTime":"2022-04-14 14:17:36","commentOwner":"。"},{"comment":"别沉啊","commentTime":"2022-04-14 14:18:31","commentOwner":"。。。"},{"comment":"dd","commentTime":"2022-04-14 14:18:34","commentOwner":"= ="},{"comment":"dd","commentTime":"2022-04-14 14:18:51","commentOwner":"。"},{"comment":"dd","commentTime":"2022-04-14 14:19:34","commentOwner":"。dd"},{"comment":"已经收藏帖子，想起来就顶一下","commentTime":"2022-04-14 14:19:48","commentOwner":"。。。"},{"comment":"诡计多端的水军，故意不来这里","commentTime":"2022-04-14 14:20:14","commentOwner":"。。。"},{"comment":"。","commentTime":"2022-04-14 14:20:45","commentOwner":"。"},{"comment":"！","commentTime":"2022-04-14 14:21:13","commentOwner":"。"},{"comment":"粉丝还说我们只会在评论区里喷，有本事找盗文网对线！\n天地良心你家大大只允许七天关注的评论，我特么想喷都喷不了睁眼说瞎话","commentTime":"2022-04-14 14:23:10","commentOwner":"。。。"},{"comment":"我先去吃东西，一会闲下来继续顶贴，蹲等水军的到来呜呜呜","commentTime":"2022-04-14 14:23:29","commentOwner":"。。。"},{"comment":"粉丝还说我们只会在评论区里喷，有本事找盗文网对线！\n天地良心你家大大只允许七天关注的评论，我特么想喷都喷不了睁眼说瞎话\n№235 ☆☆☆。。。|f12be933于2022-04-14 14:23:10留言☆☆☆\n这个操作，还觉得作者挂她d文过分","commentTime":"2022-04-14 14:24:03","commentOwner":"。。。"},{"comment":"给她顶翻页","commentTime":"2022-04-14 14:24:08","commentOwner":"。"},{"comment":"粉丝还说我们只会在评论区里喷，有本事找盗文网对线！\n天地良心你家大大只允许七天关注的评论，我特么想喷都喷不了睁眼说瞎话\n№235☆☆☆。。。|f12be933于2022-04-14 14:23:10留言☆☆☆\n是的为，摸过去发现要关注七天，我翻了下只有几条批评的，还是铁粉，太讽刺了","commentTime":"2022-04-14 14:24:53","commentOwner":"。"},{"comment":"粉丝还说我们只会在评论区里喷，有本事找盗文网对线！\n天地良心你家大大只允许七天关注的评论，我特么想喷都喷不了睁眼说瞎话\n№235 ☆☆☆。。。|f12be933于2022-04-14 14:23:10留言☆☆☆\n笑死了我只能转发说无语","commentTime":"2022-04-14 14:24:58","commentOwner":"。"},{"comment":"历史引用 展开全部▼\n是的为，摸过去发现要关注七天，我翻了下只有几条批评的，还是铁粉，太讽刺了\n№239☆☆☆。|aa8c673b于2022-04-14 14:24:53留言☆☆☆\n已经火速拉黑了，怕自己以后忘了","commentTime":"2022-04-14 14:25:19","commentOwner":"。"},{"comment":"dd","commentTime":"2022-04-14 14:25:34","commentOwner":"。"},{"comment":"典中典：《拿别人作品赚钱不觉得良心不安吗》\n《这些年翻来覆去还是看了这两篇（附盗文txt》\n《我屏蔽了一些厕所，居然还会被（厕所）挂出来评头论足》\n《我补钱了，我不双标（也许还有但我不认），我道歉了，你们该原谅我了，事情该过去了，该岁月静好了》\n《有谁一辈子没碰过盗版吗》\n《被发现两本，于是这几年只看了这两本，所以只补这两本》\n《道歉完毕疯狂转发试图压下道歉》\n《这个互联网好奇怪》评论摘取\n《怎么不跟盗文网对线》评论摘取\n《怎么能不沟通直接挂人？》《评论设置关注30天才可回复》\n《以前的事揪出来肯定是恨你很久了》评论摘取","commentTime":"2022-04-14 14:27:23","commentOwner":"。"},{"comment":"这种人不给个几页都不知道大家的愤怒","commentTime":"2022-04-14 14:30:57","commentOwner":"。"},{"comment":"典中典：《拿别人作品赚钱不觉得良心不安吗》\n《这些年翻来覆去还是看了这两篇（附盗文txt》\n《我屏蔽了一些厕所，居然还会被（厕所）挂出来评头论足》\n《我补钱了，我不双标（也许还有但我不认），我道歉了，你们该原谅我了，事情该过去了，该岁月静好了》\n《有谁一辈子没碰过盗版吗》\n《被发现两本，于是这几年只看了这两本，所以只补这两本》\n《道歉完毕疯狂转发试图压下道歉》\n《这个互联网好奇怪》评论摘取\n《怎么不跟盗文网对线》评论摘取\n《怎么能不沟通直接挂人？》《评论设置关注30天才可回复》\n《以前的事揪出来肯定是恨你很久了》评论摘取\n№243☆☆☆。|6bf23b31于2022-04-14 14:27:23留言☆☆☆\n带带典中典","commentTime":"2022-04-14 14:32:44","commentOwner":"。"},{"comment":"我竟然关注了她……火速取关","commentTime":"2022-04-14 14:36:00","commentOwner":"=="},{"comment":"d","commentTime":"2022-04-14 14:41:01","commentOwner":"。"},{"comment":"好见……","commentTime":"2022-04-14 14:41:13","commentOwner":"。"},{"comment":"记住这两个盗文蛆，以后谁敢找她们约稿我就冲谁","commentTime":"2022-04-14 14:41:53","commentOwner":"…"},{"comment":"历史引用 展开全部▼\n带带典中典\n№245 ☆☆☆。|aa8c673b于2022-04-14 14:32:44留言☆☆☆\n一和五是她基友说的（也是画师），另一个帖子有图","commentTime":"2022-04-14 14:42:32","commentOwner":"。"},{"comment":"呕","commentTime":"2022-04-14 14:46:17","commentOwner":"快乐鱼鱼"},{"comment":"典中典：《拿别人作品赚钱不觉得良心不安吗》\n《这些年翻来覆去还是看了这两篇（附盗文txt》\n《我屏蔽了一些厕所，居然还会被（厕所）挂出来评头论足》\n《我补钱了，我不双标（也许还有但我不认），我道歉了，你们该原谅我了，事情该过去了，该岁月静好了》\n《有谁一辈子没碰过盗版吗》\n《被发现两本，于是这几年只看了这两本，所以只补这两本》\n《道歉完毕疯狂转发试图压下道歉》\n《这个互联网好奇怪》评论摘取\n《怎么不跟盗文网对线》评论摘取\n《怎么能不沟通直接挂人？》《评论设置关注30天才可回复》\n《以前的事揪出来肯定是恨你很久了》评论摘取\n№243☆☆☆。|6bf23b31于2022-04-14 14:27:23留言☆☆☆\n助力翻页","commentTime":"2022-04-14 14:47:58","commentOwner":"。"},{"comment":"。","commentTime":"2022-04-14 14:54:47","commentOwner":"= ="},{"comment":"典中典","commentTime":"2022-04-14 14:56:02","commentOwner":"。"},{"comment":"来了来了","commentTime":"2022-04-14 14:56:37","commentOwner":"。。。"},{"comment":"顶一下","commentTime":"2022-04-14 14:58:45","commentOwner":"。。。"},{"comment":"顶","commentTime":"2022-04-14 15:06:29","commentOwner":"。。。"},{"comment":"太好笑了","commentTime":"2022-04-14 15:06:59","commentOwner":"。"},{"comment":"典中典：《拿别人作品赚钱不觉得良心不安吗》\n《这些年翻来覆去还是看了这两篇（附盗文txt》\n《我屏蔽了一些厕所，居然还会被（厕所）挂出来评头论足》\n《我补钱了，我不双标（也许还有但我不认），我道歉了，你们该原谅我了，事情该过去了，该岁月静好了》\n《有谁一辈子没碰过盗版吗》\n《被发现两本，于是这几年只看了这两本，所以只补这两本》\n《道歉完毕疯狂转发试图压下道歉》\n《这个互联网好奇怪》评论摘取\n《怎么不跟盗文网对线》评论摘取\n《怎么能不沟通直接挂人？》《评论设置关注30天才可回复》\n《以前的事揪出来肯定是恨你很久了》评论摘取\n№243 ☆☆☆。|6bf23b31于2022-04-14 14:27:23留言☆☆☆\n典","commentTime":"2022-04-14 15:08:30","commentOwner":"。"},{"comment":"  ","commentTime":"2022-04-14 15:08:38","commentOwner":"给小画家最后曝光"},{"comment":"历史引用 展开全部▼\n典\n№259 ☆☆☆。|16d1e4da于2022-04-14 15:08:30留言☆☆☆\n。","commentTime":"2022-04-14 15:10:06","commentOwner":"。。。"},{"comment":"以后不会再约画手了","commentTime":"2022-04-14 15:10:53","commentOwner":"。。。"},{"comment":"(显示全部)","commentTime":"2022-04-14 15:15:35","commentOwner":"。。。"},{"comment":"又被打脸了她","commentTime":"2022-04-14 15:15:59","commentOwner":"。。。"},{"comment":"№263 ☆☆☆。。。|260167f9于2022-04-14 15:15:35留言☆☆☆\n(显示全部)\n不愿再笑","commentTime":"2022-04-14 15:16:22","commentOwner":"。。。"},{"comment":"太太，太太啊太太","commentTime":"2022-04-14 15:17:38","commentOwner":"。。。"},{"comment":"顶一顶","commentTime":"2022-04-14 15:27:19","commentOwner":"。。。"},{"comment":"就敏，我拉黑霜天后，搜索出来的全是xz相关","commentTime":"2022-04-14 15:28:46","commentOwner":"。。。"},{"comment":"九敏","commentTime":"2022-04-14 15:32:17","commentOwner":"。"},{"comment":"顶一顶","commentTime":"2022-04-14 15:32:52","commentOwner":"。。。"},{"comment":"我10年上大学还在看dw，那时候jj都不知道，以为小说都是这样的，自打知道了以后再没碰过dw，还要等，正版第一时间看多爽，一天才几毛。但是现在谁不知道晋江，就算不知道晋江，点家、茄夹那么出名，不知道去看看正版？omg","commentTime":"2022-04-14 15:41:26","commentOwner":"是猪猪"},{"comment":"dd","commentTime":"2022-04-14 15:44:12","commentOwner":"。"},{"comment":"顶","commentTime":"2022-04-14 15:45:32","commentOwner":"。。。"},{"comment":"丁丁","commentTime":"2022-04-14 15:47:05","commentOwner":"。。。"},{"comment":"顶","commentTime":"2022-04-14 15:47:21","commentOwner":"。"},{"comment":"d","commentTime":"2022-04-14 15:47:45","commentOwner":"。"},{"comment":"dd","commentTime":"2022-04-14 15:53:40","commentOwner":"。"},{"comment":"历史引用 展开全部▼\n不管别的作者怎么样，我仅代表自己不用，我个人认为我还是个约稿挺勤，挺不吝啬花钱的人。我不用，我也会号召身边的基友，我的所有群，我都号召不用，那我尽自己的一份力去宣传，那其他人爱用用，他总会损失一部分收入的。\n№117 ☆☆☆。|78d818b3于2022-04-14 12:56:05留言☆☆☆\n请问是哪个群 就叫白月梦吗\n想避雷","commentTime":"2022-04-14 15:55:18","commentOwner":"。"},{"comment":"dd","commentTime":"2022-04-14 16:28:46","commentOwner":"。"},{"comment":"ddd","commentTime":"2022-04-14 16:47:35","commentOwner":"。"},{"comment":"太太值得","commentTime":"2022-04-14 17:37:26","commentOwner":"。。。"},{"comment":"历史引用 展开全部▼\n请问是哪个群 就叫白月梦吗\n想避雷\n№278 ☆☆☆。|0e213ae2于2022-04-14 15:55:18留言☆☆☆\n月池吧，群主白月梦（记错了的话轻拍，就是不知道啥时候看到了眼好像）","commentTime":"2022-04-14 17:40:39","commentOwner":"。"},{"comment":"d","commentTime":"2022-04-14 17:46:39","commentOwner":"。"},{"comment":"顶顶","commentTime":"2022-04-14 17:47:22","commentOwner":"。。。"},{"comment":"dd","commentTime":"2022-04-14 18:09:58","commentOwner":"。"},{"comment":"ddddd","commentTime":"2022-04-14 18:20:43","commentOwner":"。。。"},{"comment":"事情就这么过去了吗","commentTime":"2022-04-14 20:37:43","commentOwner":"。。。"},{"comment":"dd，每天一顶提神醒脑。","commentTime":"2022-04-14 23:02:05","commentOwner":"。"},{"comment":"盗文很正常，大部分普通作者收入差就是这个原因","commentTime":"2022-04-14 23:04:22","commentOwner":"。"},{"comment":"是他说的确实有点对，为什么jj还不。。。我可不相信他没有真正保护措施","commentTime":"2022-04-14 23:05:30","commentOwner":"。"},{"comment":"真是白莲花","commentTime":"2022-04-14 23:07:17","commentOwner":"=="},{"comment":"收一下这个帖子，毕竟我和朋友经常约稿","commentTime":"2022-04-14 23:08:15","commentOwner":"=="}]}