{"id":"67f74dab-122b-49e8-9899-c02815480199","category":"晋江论坛→网友交流区→碧水江汀 请稍候...","postSubject":"主题：被排雷说文笔烂、写的乱，大家都怎么调节的？ [37] 【搜索关键词：排雷】","postUrl":"https://bbs.jjwxc.net/showmsg.php?board=17&keyword=%C5%C5%C0%D7&id=1699236","originalPost":"蹲蹲","numberOfReplies":37,"comments":[{"comment":"emo得很","commentTime":"2021-12-31 20:22:09","commentOwner":"。"},{"comment":"怀疑人生了","commentTime":"2021-12-31 20:22:42","commentOwner":"。"},{"comment":"我吧，心态就挺好，就是说 谢谢宝贝的评价，我会越来越努力的！mua！（然后再给她发个小红包）","commentTime":"2021-12-31 20:22:54","commentOwner":"。。"},{"comment":"自己也觉得就改，自己不觉得就当对方在放屁","commentTime":"2021-12-31 20:22:57","commentOwner":"= ="},{"comment":"现在我就因为那一个评论emo了好久，叹气","commentTime":"2021-12-31 20:23:12","commentOwner":"。"},{"comment":"去大神评论区转一圈，回来就不在意了","commentTime":"2021-12-31 20:23:26","commentOwner":"。"},{"comment":"别emo，我被人骂过恰烂钱，砸钱上榜，报社，被举报，被各种长篇大论排雷，因为读者共情厉害，所以说我写的阴暗引起别人共情，被连续打负分到免费结束，被骂过，微博上也是各种辱骂。\n这都不是事。\n哈哈哈哈","commentTime":"2021-12-31 20:23:40","commentOwner":"。"},{"comment":"就是说自己感觉还可以\n然后那个排雷看得心梗","commentTime":"2021-12-31 20:24:15","commentOwner":"。"},{"comment":"安慰自己可以，无视评论","commentTime":"2021-12-31 20:24:45","commentOwner":"。"},{"comment":"我被喷过小学生文笔，不过我从本质上就不care，心态这个东西挺重要的，楼主可以把这次当做锻炼的机会","commentTime":"2021-12-31 20:24:59","commentOwner":"……"},{"comment":"我被喷过小学生文笔，不过我从本质上就不care，心态这个东西挺重要的，楼主可以把这次当做锻炼的机会\n№10 ☆☆☆……|9d4c4556于2021-12-31 20:24:59留言☆☆☆\n我就是发现评论两极分化\n喜欢的真的特喜欢，还收到过长评\n然后刷到排雷，说什么文笔差之类的","commentTime":"2021-12-31 20:26:09","commentOwner":"。"},{"comment":"文笔这个东西，也没标准啊","commentTime":"2021-12-31 20:26:36","commentOwner":"。"},{"comment":"赚钱了吗，赚钱就行","commentTime":"2021-12-31 20:26:46","commentOwner":"= ="},{"comment":"我一开始特别生气\n后来我想开了，我要是逻辑好文笔好什么都好，我还搁这儿写网络小说？\n我去写个传世之作不好吗？\n诺贝尔文学奖不香吗？","commentTime":"2021-12-31 20:27:06","commentOwner":"=="},{"comment":"暗示自己是读者今天心情不好云云，并不是自己写得烂这样","commentTime":"2021-12-31 20:27:12","commentOwner":"=="},{"comment":"别管=。=","commentTime":"2021-12-31 20:27:13","commentOwner":"。"},{"comment":"当没看见，我女神几十万收评论区还有骂小学生文笔的呢","commentTime":"2021-12-31 20:27:44","commentOwner":"。"},{"comment":"被这么说过，还收到了负分和长篇大论小作文\n然后我点进去一看，未签约作者，文收两位数\n嗯……今天夜宵吃啥呢，好苦恼啊","commentTime":"2021-12-31 20:28:50","commentOwner":"。"},{"comment":"历史引用 展开全部▼\n我就是发现评论两极分化\n喜欢的真的特喜欢，还收到过长评\n然后刷到排雷，说什么文笔差之类的\n№11 ☆☆☆。|3158bd80于2021-12-31 20:26:09留言☆☆☆\n揉揉鸽子脸，那就更不用在意啦，有这么多小天使都喜欢你的文，该咋写就咋写","commentTime":"2021-12-31 20:29:03","commentOwner":"……"},{"comment":"什么样的文都有喷文笔的，有时候打开大神文的评论都有莫名其妙喷文笔的，自此以后我觉得最别在意的就是这类评论","commentTime":"2021-12-31 20:29:05","commentOwner":"。"},{"comment":"啊，会觉得她说的对，然后emo一段时间","commentTime":"2021-12-31 20:29:49","commentOwner":"= ="},{"comment":"历史引用 展开全部▼\n揉揉鸽子脸，那就更不用在意啦，有这么多小天使都喜欢你的文，该咋写就咋写\n№19 ☆☆☆……|9d4c4556于2021-12-31 20:29:03留言☆☆☆\n好的！谢谢咕咕！我不emo了！准备开新文哈哈哈哈哈","commentTime":"2021-12-31 20:31:43","commentOwner":"。"},{"comment":"这都不是事儿，我同样一篇文有人排雷说情节尬死就文笔还行，有人排雷说文笔烂看不下去，所以说听听就过了，都当真这不是为难自己吗？","commentTime":"2021-12-31 20:33:33","commentOwner":"。"},{"comment":"这都不是事儿，我同样一篇文有人排雷说情节尬死就文笔还行，有人排雷说文笔烂看不下去，所以说听听就过了，都当真这不是为难自己吗？\n№23 ☆☆☆。|bac5fc94于2021-12-31 20:33:33留言☆☆☆\n呜呜，醍醐灌顶","commentTime":"2022-01-03 17:25:57","commentOwner":"。"},{"comment":"被误解是表达者的宿命","commentTime":"2022-01-03 17:26:33","commentOwner":"。"},{"comment":"啊对对对，就完了","commentTime":"2022-01-03 17:29:22","commentOwner":"123"},{"comment":"呵，女人你就是想引起我的注意，我不管，我就是最diao的","commentTime":"2022-01-03 17:31:42","commentOwner":"2022打卡三星堆"},{"comment":"确实写得乱，所以我断更快一周了qaq","commentTime":"2022-01-03 17:33:51","commentOwner":"撸猫的兔兔"},{"comment":"别太把读者当回事","commentTime":"2022-01-03 17:36:32","commentOwner":"=="},{"comment":"骂回去，有本事自己来写啊。","commentTime":"2022-01-03 17:37:43","commentOwner":"。"},{"comment":"别太把读者当回事\n№29 ☆☆☆==|558457e5于2022-01-03 17:36:32留言☆☆☆\n。","commentTime":"2022-01-03 17:38:08","commentOwner":"小300"},{"comment":"不听，硬写","commentTime":"2022-01-03 17:38:08","commentOwner":"。"},{"comment":"自己也觉得烂但是改不了，我会硬着写完！！！","commentTime":"2022-01-03 17:38:50","commentOwner":"彩虹"},{"comment":"的确烂，但我一时半会也改不了，只能硬写多写","commentTime":"2022-01-03 17:39:46","commentOwner":"。"},{"comment":"越说我烂我越要写。\n逆反心理。","commentTime":"2022-01-03 17:40:03","commentOwner":"。"},{"comment":"的确烂 但是我不多写也写不好啊，我自己写完看着都想大修一遍。所以随她去吧，别太在乎读者了","commentTime":"2022-01-03 17:53:34","commentOwner":"= ="},{"comment":"虽然我是个空星，现在已经学会不看评论区了","commentTime":"2022-01-03 17:58:50","commentOwner":"。"}]}