{"id":"ce6136ec-f044-46ef-9bd4-769ef5c8a6a8","category":"晋江论坛→网友交流区→碧水江汀 请稍候...","postSubject":"主题：我想问问咕咕们，攻会有几章女装的戏份，需要写在文案的排雷上吗？ [4] 【搜索关键词：排雷】","postUrl":"https://bbs.jjwxc.net/showmsg.php?board=17&keyword=%C5%C5%C0%D7&id=1657724","originalPost":"我正在存稿期，有几章因为剧情需要攻女装，不知道读者会不会觉得雷，我需要提前在文案上说明一下吗？","numberOfReplies":4,"comments":[{"comment":"如果是我我会很兴奋","commentTime":"2021-12-01 00:56:17","commentOwner":"黑糖OUO"},{"comment":"排吧，我记得有人说过很雷女装","commentTime":"2021-12-01 00:56:29","commentOwner":"。"},{"comment":"如果是我我会很兴奋\n№1 ☆☆☆黑糖OUO|0346b99b于2021-12-01 00:56:17留言☆☆☆\n我也是，更能吸引我","commentTime":"2021-12-01 00:56:53","commentOwner":"。"},{"comment":"有人认为是雷，有人认为是萌点。排吧","commentTime":"2021-12-01 01:52:40","commentOwner":"=_="}]}