{"id":"7ecd7928-4291-4f58-84de-b2b4a20ec5b8","category":"晋江论坛→网友交流区→碧水江汀 欢迎回来：53088456  退 出","postSubject":"主题：问一下，文名里面有救赎二字，需要排雷一下虐男主吗？ [4] 【搜索关键词：排雷】","postUrl":"https://bbs.jjwxc.net/showmsg.php?board=17&keyword=%C5%C5%C0%D7&id=1941468","originalPost":"求助","numberOfReplies":4,"comments":[{"comment":"顶","commentTime":"2022-06-12 15:13:24","commentOwner":"。"},{"comment":"排呗，也不损失啥，不排到时候被骂得不偿失","commentTime":"2022-06-12 15:14:17","commentOwner":"＃"},{"comment":"排。","commentTime":"2022-06-12 15:15:17","commentOwner":"。"},{"comment":"好","commentTime":"2022-06-12 15:16:22","commentOwner":"。"}]}