{"id":"1df275de-82cc-41b9-bf4e-570d68600c83","category":"晋江论坛→网友交流区→碧水江汀 请稍候...","postSubject":"主题：文案都排雷了还要在第一章评论不喜欢 [2] 【搜索关键词：排雷】","postUrl":"https://bbs.jjwxc.net/showmsg.php?board=17&keyword=%C5%C5%C0%D7&id=1756369","originalPost":"真是服了","numberOfReplies":2,"comments":[{"comment":"放过自己放过作者吧，真闹心","commentTime":"2022-02-10 18:42:18","commentOwner":"。"},{"comment":"写买股，一个说都女强了还1v1，一个说买股就是假np，实在不行你俩一起出去吵一下？我也是服了","commentTime":"2022-02-10 18:58:54","commentOwner":"。"}]}