{"id":"a91e89ce-3748-4d1f-9d4e-52ddf8ae6515","category":"晋江论坛→网友交流区→碧水江汀 请稍候...","postSubject":"主题：咕咕们dw读者第一章0分排雷是压还是回复解释还是举报啊 [5] 【搜索关键词：排雷】","postUrl":"https://bbs.jjwxc.net/showmsg.php?board=17&keyword=%C5%C5%C0%D7&id=1782835","originalPost":"举报选dw评论有用吗","numberOfReplies":5,"comments":[{"comment":"压吧","commentTime":"2022-03-01 17:49:21","commentOwner":"。"},{"comment":"你先投诉她违规排雷看看，写明她0订阅，通常都给删的","commentTime":"2022-03-01 17:56:39","commentOwner":"=="},{"comment":"直接举报盗文剧透","commentTime":"2022-03-01 17:58:41","commentOwner":"。"},{"comment":"直接举报盗文，把它的号也举报了","commentTime":"2022-03-01 18:02:11","commentOwner":"！！"},{"comment":"谢谢ls咕咕们，我去试试！","commentTime":"2022-03-01 18:07:41","commentOwner":"= ="}]}