{"id":"b00b97ba-a290-4cf2-8f58-2092d30e6689","category":"晋江论坛→网友交流区→碧水江汀 欢迎回来：53088456  退 出","postSubject":"主题：阿晋评论区投诉是不是根本就没用？有人要求我在文案排雷（一万多个读者就她一个人提了那个雷点），我投诉违规排雷失败了：） [1] 【搜索关键词：排雷】","postUrl":"https://bbs.jjwxc.net/showmsg.php?board=17&keyword=%C5%C5%C0%D7&id=2004654","originalPost":"我笑了啊阿晋","numberOfReplies":1,"comments":[{"comment":"我也，有个在免费章前几章就说这里写的不对那里写的不对，可是很多都是后面才要解释的，很多我不能一口气全说出来啊，读者根据写出来的一点猜剧情，还猜错了，搞得下面读者都以为那样。投诉虚假排雷两天，都不给删，最后我自己删了，气死我了，明明没有写的剧情，自己在那里猜猜猜。烦死了，删掉后好紧张","commentTime":"2022-11-09 11:32:24","commentOwner":"发发花花发发"}]}