{"id":"fc10d577-a556-42da-a678-8275fdbfa56b","category":"晋江论坛→网友交流区→碧水江汀 请稍候...","postSubject":"主题：新年不知道祝福小天使什么，想起他们天天排雷我，说要看完这本永不相见，就祝他们明年不要遇见我马甲吧！！ [1] 【搜索关键词：排雷】","postUrl":"https://bbs.jjwxc.net/showmsg.php?board=17&keyword=%C5%C5%C0%D7&id=1742543","originalPost":"毕竟我马上就可以开新马甲啦！开心！！","numberOfReplies":1,"comments":[{"comment":"毕竟我马上就可以开新马甲啦！开心！！\n№0 ☆☆☆。|4b843def于2022-01-31 01:08:50留言☆☆☆\n带带不要屏蔽我","commentTime":"2022-01-31 01:09:19","commentOwner":"。"}]}