{"id":"106f072f-62e1-4ac1-a32a-6f086a5846f4","category":"晋江论坛→网友交流区→碧水江汀 欢迎回来：53088456  退 出","postSubject":"主题：甜文做错了什么，每次因为题材排雷打起来，都会骂活该以后只能看甜文 [17] 【搜索关键词：排雷】","postUrl":"https://bbs.jjwxc.net/showmsg.php?board=17&keyword=%C5%C5%C0%D7&id=1938482","originalPost":"我就是爱看甜文，我也不会去冲那些所谓现实虐女文，以后大家骂极端读者的时候，能不能别拉踩甜文了","numberOfReplies":17,"comments":[{"comment":"不要太敏感了，重点在“只”嘛。就好比说着装自由的时候来一句“布拉布拉以后只能穿裙子／裤子/高跟鞋”，显然拉踩的也不是裙子裤子啥的","commentTime":"2022-06-10 13:17:10","commentOwner":"= ="},{"comment":"可能因为甜文没有这种雷点","commentTime":"2022-06-10 13:17:39","commentOwner":"。"},{"comment":"害意思其实是甜文最安全，应该没有冒犯的意思","commentTime":"2022-06-10 13:18:25","commentOwner":"= ="},{"comment":"不要太敏感了，重点在“只”嘛。就好比说着装自由的时候来一句“布拉布拉以后只能穿裙子／裤子/高跟鞋”，显然拉踩的也不是裙子裤子啥的\n№1 ☆☆☆= =|66de27f4???于2022-06-10 13:17:10留言☆☆☆\n看到骂甜文人工糖精就不舒服","commentTime":"2022-06-10 13:19:03","commentOwner":"。。"},{"comment":"不是拉踩啦","commentTime":"2022-06-10 13:19:19","commentOwner":"。"},{"comment":"害意思其实是甜文最安全，应该没有冒犯的意思\n№3 ☆☆☆= =|9fb0bf10??于2022-06-10 13:18:25留言☆☆☆\n活该以后只能看人工糖精这种语气，不就是看不上","commentTime":"2022-06-10 13:19:57","commentOwner":"。。"},{"comment":"噫，无非就羡慕我们甜文能上金榜嘛，我天天被人骂活该看金榜，啦啦啦反正金榜是我们读者投上去的","commentTime":"2022-06-10 13:20:17","commentOwner":"。"},{"comment":"你也太真情实感了吧，搞得跟甜文是你蒸煮要护着似的","commentTime":"2022-06-10 13:20:30","commentOwner":"。"},{"comment":"历史引用 展开全部▼\n活该以后只能看人工糖精这种语气，不就是看不上\n№6 ☆☆☆。。|c319525b于2022-06-10 13:19:57留言☆☆☆\n人工糖精雀食贬义了，说的人显然带点情绪","commentTime":"2022-06-10 13:21:15","commentOwner":"= ="},{"comment":"你管他们说。有没有恶意自己心里清楚。只能说希望他们尊重祝福锁死","commentTime":"2022-06-10 13:21:27","commentOwner":"= ="},{"comment":"...倒也不必，何必关注少部分人的看法。\n看甜文的肯定比不看甜文的人多得多。","commentTime":"2022-06-10 13:21:29","commentOwner":"。"},{"comment":"文没有高低贵贱之分，只是现在的风气。只能说甜文是最安全的了。","commentTime":"2022-06-10 13:21:33","commentOwner":"猫猫"},{"comment":"你也太真情实感了吧，搞得跟甜文是你蒸煮要护着似的\n№8 ☆☆☆。|cc4eedb5?于2022-06-10 13:20:30留言☆☆☆\n那你们为了别人打虐女非处文破防，人人自危又是为了什么？自由？","commentTime":"2022-06-10 13:21:44","commentOwner":"。。"},{"comment":"你也太真情实感了吧，搞得跟甜文是你蒸煮要护着似的\n№8☆☆☆。|cc4eedb5于2022-06-10 13:20:30留言☆☆☆\n。","commentTime":"2022-06-10 13:21:48","commentOwner":"。"},{"comment":"历史引用 展开全部▼\n。\n№14 ☆☆☆。|51ca77ff☆于2022-06-10 13:21:48留言☆☆☆\n又来一个，扑街鸽头","commentTime":"2022-06-10 13:23:51","commentOwner":"。。"},{"comment":"你管他们说。有没有恶意自己心里清楚。只能说希望他们尊重祝福锁死\n№10 ☆☆☆= =|22305da1于2022-06-10 13:21:27留言☆☆☆\n。","commentTime":"2022-06-10 13:25:55","commentOwner":"。"},{"comment":"淡定，这种拉踩其实还算好的，还有种拉踩更那啥，“活该你们只能看某某的lj文/某某lj文”，“难怪某某lj/某某lj文能火，肯定都是你们这些没品味的nc在捧”，某某一般是大神中的大神，版权卖得飞起，某某文一般是大爆文。","commentTime":"2022-06-10 13:29:30","commentOwner":"。"}]}