{"id":"a96d1b25-5697-4c8f-8fd3-ad51607872fc","category":"晋江论坛→网友交流区→碧水江汀 请稍候...","postSubject":"主题：评论区的排雷真的是一言难尽 [4] 【搜索关键词：排雷】","postUrl":"https://bbs.jjwxc.net/showmsg.php?board=17&keyword=%C5%C5%C0%D7&id=1741378","originalPost":"下夹不久后文下出现了一个排雷，当时地铁老人手机了一阵之后就没管，后来发现好家伙叠楼了，一连串感谢排雷。\n如果是正常排雷其实也不至于这样，但问题是你排的跟我表达的完全不是一个东西，在那边长篇大论自己的主观臆断我可太谢谢你了。\n\n就还是挺难过，我为什么晚上不睡觉要去看评论T_T","numberOfReplies":4,"comments":[{"comment":"举报删掉","commentTime":"2022-01-30 02:23:15","commentOwner":"=="},{"comment":"投诉违规排雷","commentTime":"2022-01-30 02:23:16","commentOwner":"oo"},{"comment":"不要难过！删了！会影响收益！不要因为睿智影响咱们赚小钱钱","commentTime":"2022-01-30 02:23:17","commentOwner":"= ="},{"comment":"就怕投诉还转头来一句不接受建议","commentTime":"2022-01-30 02:30:42","commentOwner":"为什么深夜不睡觉"}]}