{"id":"a03d88f0-e60f-4dd8-8c29-33f94d942f2d","category":"晋江论坛→网友交流区→碧水江汀 欢迎回来：53088456  退 出","postSubject":"主题： 订阅率为零的人跑我文下排雷，说是朋友告诉她的……… [10] 【搜索关键词：排雷】","postUrl":"https://bbs.jjwxc.net/showmsg.php?board=17&keyword=%C5%C5%C0%D7&id=1944913","originalPost":"我就………","numberOfReplies":10,"comments":[{"comment":"？？？？离谱","commentTime":"2022-06-14 22:14:32","commentOwner":"。"},{"comment":"什么人都有真的是","commentTime":"2022-06-14 22:14:47","commentOwner":"。"},{"comment":"[我也有个朋友，她说你说的不对]","commentTime":"2022-06-14 22:14:49","commentOwner":"。。"},{"comment":"不奇怪，很多评论区撒泼的人都是在隔壁看到排雷楼后赶去做正义之士的","commentTime":"2022-06-14 22:17:40","commentOwner":"。"},{"comment":"真的是盆大的脸！","commentTime":"2022-06-14 22:17:54","commentOwner":"～"},{"comment":"换个小号问候她，不说话没人当她是哑巴","commentTime":"2022-06-14 22:18:45","commentOwner":"码字吧"},{"comment":"不奇怪，很多评论区撒泼的人都是在隔壁看到排雷楼后赶去做正义之士的\n№4 ☆☆☆。|99e9a28f于2022-06-14 22:17:40留言☆☆☆\n挺糊的一个文，不会上隔壁的，只有dwg","commentTime":"2022-06-14 22:18:54","commentOwner":"～"},{"comment":"你说：你朋友说什么你就信什么，她叫你吃食你吃嘛？","commentTime":"2022-06-14 22:20:45","commentOwner":"，，"},{"comment":"气糊涂，切号了，再看还是气！","commentTime":"2022-06-14 22:23:26","commentOwner":"～"},{"comment":"我说，挺为难你们这一帮子朋友的，我这么糊的文，居然胆敢劳烦如此正义的你们就算零订阅也不辞辛苦地用心找到正版里来留评！！！！！","commentTime":"2022-06-14 22:24:16","commentOwner":"～"}]}