{"id":"4c98522c-3334-4719-ae4c-45a74f76390f","category":"晋江论坛→网友交流区→碧水江汀 欢迎回来：53088456  退 出","postSubject":"主题：家人们，用这段话的语气排雷会雷吗？ [5] 【搜索关键词：排雷】","postUrl":"https://bbs.jjwxc.net/showmsg.php?board=17&keyword=%C5%C5%C0%D7&id=2011060","originalPost":"【呀嘞呀嘞，作者良心大大地坏了，男主xxx，火葬场也不换】","numberOfReplies":5,"comments":[{"comment":"dd","commentTime":"2022-12-14 10:58:15","commentOwner":"再也不需要意外保研啦"},{"comment":"会的，感觉在用卖萌的方式大大地挑衅，哈哈哈哈","commentTime":"2022-12-14 11:07:39","commentOwner":"今年实现财富自由"},{"comment":"OMG我还觉得挺可爱，那需不需要换一下呢","commentTime":"2022-12-14 11:33:44","commentOwner":"再也不需要意外保研啦"},{"comment":"哈哈哈哈有点二","commentTime":"2022-12-14 11:35:03","commentOwner":"快乐的菜狗"},{"comment":"正常语气就好了","commentTime":"2022-12-14 11:38:30","commentOwner":"该起啥昵称"}]}