{"id":"897a5069-ec98-4382-8778-11ea05ce2bc4","category":"晋江论坛→网友交流区→碧水江汀 欢迎回来：53088456  退 出","postSubject":"主题：有时候也不太懂有些读者为什么会臆想式排雷 [10] 【搜索关键词：排雷】","postUrl":"https://bbs.jjwxc.net/showmsg.php?board=17&keyword=%C5%C5%C0%D7&id=1846444","originalPost":"那个情节我还没写！她说的那个评价是我文里反派对主角的评价\n反派本来就很讨厌主角！\n\n她之前也是杠，然后被我其他读者怼了\n这次又来，我都想发红包让她别看了\n一边打负分一边看\n她说的情节还是我没写过的\n真的会气死\n\n害得我每次还得在作话解释","numberOfReplies":10,"comments":[{"comment":"我这人说话又不太好听，怕自己回复又阴阳怪气，干脆不回复\n别人不喜欢我主角人设什么骂我都可以接受\n但她老是从一些莫名其妙的地方挑刺，还要加一些我没写过的东西，我好想知道她怎么看的","commentTime":"2022-04-12 23:13:21","commentOwner":"= ="},{"comment":"她是因为上次被我其他读者连回好几天杠回去生气了吗\n这次写个小冲突点，她迫不及待出来杠我\n然后我其他读者看不惯又说回去\n好烦好烦\n她可以选择不看的","commentTime":"2022-04-12 23:14:59","commentOwner":"= ="},{"comment":"我一般直接在评论贴原文，圈重点，然后问她眼睛是否已捐","commentTime":"2022-04-12 23:15:35","commentOwner":"=="},{"comment":"我一般直接在评论贴原文，圈重点，然后问她眼睛是否已捐\n№3 ☆☆☆==|9174dc92于2022-04-12 23:15:35留言☆☆☆\n我已经被怼回来过，说我还没写，她当然不知道后续发展，她猜下剧情也不行，说我小心眼\n我真的无言以对\n什么都是作者不对","commentTime":"2022-04-12 23:17:45","commentOwner":"= ="},{"comment":"有些读者真的…………气死人","commentTime":"2022-04-12 23:18:36","commentOwner":"= ="},{"comment":"又开始了，不要变成话题楼求求了，又要开始吵了\n大家看看我的解释（尔康手）\n我最新章真的有解释啊","commentTime":"2022-04-12 23:20:22","commentOwner":"= ="},{"comment":"怼狠一点，说请他别看","commentTime":"2022-04-12 23:21:21","commentOwner":"。"},{"comment":"怼狠一点，说请他别看\n№7 ☆☆☆。|32437737于2022-04-12 23:21:21留言☆☆☆\n我怕这种人发疯，就怎么说，感觉这种会臆想式排雷的不太正常","commentTime":"2022-04-12 23:23:34","commentOwner":"= ="},{"comment":"你能想象有个读者评论排雷，说我这文没男主…我一个写言情的，唉…","commentTime":"2022-04-12 23:25:39","commentOwner":"= ="},{"comment":"哈哈我今天已经贴了原文怼回去，真的爽","commentTime":"2022-04-12 23:26:54","commentOwner":"。"}]}