{"id":"3e8afd69-c09f-4a0e-baed-8909d0ff8736","category":"晋江论坛→网友交流区→碧水江汀 欢迎回来：53088456  退 出","postSubject":"主题：如果你太太推她基友的文，你不是受众，会在太太文下类似排雷一样叫别的读者不要看吗？ [63] 【搜索关键词：排雷】","postUrl":"https://bbs.jjwxc.net/showmsg.php?board=17&keyword=%C5%C5%C0%D7&id=1812429","originalPost":"我寻思这是在让太太难堪还是让太太基友难堪，基友文都没开就想带个预收，我寻思着也没什么雷，有些读者会不会过于赶尽杀绝了（如有冒犯，先说句抱歉）","numberOfReplies":63,"comments":[{"comment":"不会","commentTime":"2022-03-22 14:40:30","commentOwner":"。"},{"comment":"不会","commentTime":"2022-03-22 14:40:48","commentOwner":"ayo"},{"comment":"不会","commentTime":"2022-03-22 14:40:50","commentOwner":"救大命"},{"comment":"没必要","commentTime":"2022-03-22 14:40:55","commentOwner":"。"},{"comment":"不会\n№1☆☆☆。|d6fe6976于2022-03-22 14:40:30留言☆☆☆\n为什么要排雷不让别人看？万一其他读者是受众呢","commentTime":"2022-03-22 14:40:59","commentOwner":"。"},{"comment":"……真有这种人吗，好惨","commentTime":"2022-03-22 14:41:02","commentOwner":"。"},{"comment":"不会","commentTime":"2022-03-22 14:41:05","commentOwner":"= ="},{"comment":"不会，这不是有病吗","commentTime":"2022-03-22 14:41:07","commentOwner":"= ="},{"comment":"不会","commentTime":"2022-03-22 14:41:09","commentOwner":"= ="},{"comment":"管真多，自己不爱看不看就得了，还让别人不要看？这些读者绝绝子","commentTime":"2022-03-22 14:41:22","commentOwner":"= ="},{"comment":"不会，要排雷也是去不喜欢的那本排","commentTime":"2022-03-22 14:41:26","commentOwner":"Juejdks"},{"comment":"正常人都不会吧","commentTime":"2022-03-22 14:41:40","commentOwner":"黄白游"},{"comment":"这得多欠儿？","commentTime":"2022-03-22 14:42:06","commentOwner":"= ="},{"comment":"正常人都不会吧\n№12 ☆☆☆黄白游|ac2c01a1于2022-03-22 14:41:40留言☆☆☆\n。","commentTime":"2022-03-22 14:42:37","commentOwner":"懒。。"},{"comment":"心拔凉拔凉的，我真是个倒霉蛋（坐地大哭，关键还不知道怎么和基友开口）","commentTime":"2022-03-22 14:43:45","commentOwner":"迷惑又心凉"},{"comment":"？","commentTime":"2022-03-22 14:43:57","commentOwner":"。"},{"comment":"这是多欠啊","commentTime":"2022-03-22 14:44:42","commentOwner":"。"},{"comment":"不会，大部分我直接跳过不看，偶尔遇到感兴趣的会搜一下。\n至于跑评论区排雷，做不出","commentTime":"2022-03-22 14:45:18","commentOwner":"。"},{"comment":"你没事吧（指那些读者）","commentTime":"2022-03-22 14:45:57","commentOwner":"好饿"},{"comment":"不会，正常人不喜欢直接跳过","commentTime":"2022-03-22 14:46:01","commentOwner":"。"},{"comment":"不会  不过我看文时作话推文都不看 直接翻过去","commentTime":"2022-03-22 14:47:55","commentOwner":"=="},{"comment":"这生活是有多不顺心啊","commentTime":"2022-03-22 14:48:52","commentOwner":".。"},{"comment":"曾经推基友的文，读者吐槽难看，觉得我收了钱，然而那真是我基友，我。。。","commentTime":"2022-03-22 14:49:20","commentOwner":"= ="},{"comment":"你基友有瓜吗","commentTime":"2022-03-22 14:50:00","commentOwner":"，"},{"comment":"不会，但是也不会看","commentTime":"2022-03-22 14:50:12","commentOwner":"——"},{"comment":"不会","commentTime":"2022-03-22 14:50:16","commentOwner":"。"},{"comment":"不会 两本数没有必然的关系 只是作者关系好推荐罢了 再不好也不至于在人家书底下说那本书不好不好 要说也该去那本书底下说","commentTime":"2022-03-22 14:50:55","commentOwner":"。。"},{"comment":"不会。\n但是悄咪咪问一句，你基友有啥黑历史吗？","commentTime":"2022-03-22 14:51:11","commentOwner":"。"},{"comment":"我朋友推了我我也被在她文下说了难看，甚至还有人去微博挂我……理由是太难看","commentTime":"2022-03-22 14:51:35","commentOwner":"。"},{"comment":"太KY了吧","commentTime":"2022-03-22 14:54:16","commentOwner":"虎虎虎菇"},{"comment":"回复24/28楼\n她前段时间才签上，不过一个新人作者，没瓜\n如果你问的是被推文的基友，那个倒霉蛋是我，我是被“排雷”那个，哇的一声哭出来，小扑街翻不出什么水花，除了鸽没别干过什么坏事啊呜呜呜","commentTime":"2022-03-22 14:57:06","commentOwner":"迷惑又心凉"},{"comment":"带的是预收诶，这有什么好排雷的，正文都没开","commentTime":"2022-03-22 14:58:45","commentOwner":"。"},{"comment":"我就被排雷过，无语凝噎，我是买的","commentTime":"2022-03-22 14:59:41","commentOwner":"= ="},{"comment":"属于正在连载的那位作者恨不得退钱让她也别看这本了的水平\n毕竟不知道还会做出什么事","commentTime":"2022-03-22 15:01:44","commentOwner":"。"},{"comment":"一本预收有啥好排……大家看到信息都一样，还需要它重复一次？？","commentTime":"2022-03-22 15:06:26","commentOwner":"。"},{"comment":"我遇到过去看完觉得不行，回来在我评论区吐槽的，还说我这种文的作者怎么会推那种文的文，我……","commentTime":"2022-03-22 15:10:30","commentOwner":"=="},{"comment":"我一般只会懒得过去看，默默忽略","commentTime":"2022-03-22 15:12:10","commentOwner":"。"},{"comment":"一本预收有啥好排……大家看到信息都一样，还需要它重复一次？？\n№35 ☆☆☆。|26738ac0于2022-03-22 15:06:26留言☆☆☆\n不明白，扪心自问看文多年从不排雷，不喜欢就会默默离开，成为作者后更知道作者（尤其是冷频作者）的不容易（虽然读者的钱也不是大风刮来的），可谁也没有强迫，吃的不就是你情我愿么，好聚好散，再见也不难呀，这让我和基友彼此都不好面对彼此……属实不知用意何在","commentTime":"2022-03-22 15:13:26","commentOwner":"迷惑又心凉"},{"comment":"好欠啊，情商这么低，人情世故都不懂，可以远离了","commentTime":"2022-03-22 15:15:42","commentOwner":"。"},{"comment":"不会...","commentTime":"2022-03-22 15:16:06","commentOwner":"= ="},{"comment":"不会啊，这，我会爱屋及乌","commentTime":"2022-03-22 15:17:46","commentOwner":"iii封面"},{"comment":"不会....","commentTime":"2022-03-22 15:17:51","commentOwner":"。。。"},{"comment":"不会","commentTime":"2022-03-22 15:18:49","commentOwner":"( ???∞)"},{"comment":"不会","commentTime":"2022-03-22 15:20:10","commentOwner":"。"},{"comment":"不会，会爱屋及乌","commentTime":"2022-03-22 15:22:39","commentOwner":"。"},{"comment":"不会","commentTime":"2022-03-22 15:22:51","commentOwner":"= ="},{"comment":"看情况，如果你写的甜文，你推一个渣jian出轨攻，受还得跪在门口听攻和小三床.事的文，会被说很正常","commentTime":"2022-03-22 15:25:06","commentOwner":"= ="},{"comment":"简单翻看了一下那位读者的收藏以及根据他的言论，我想，她应该是个gk","commentTime":"2022-03-22 15:25:26","commentOwner":"迷惑又心凉"},{"comment":"啊这，啊这","commentTime":"2022-03-22 15:26:07","commentOwner":"。"},{"comment":"看情况，如果你写的甜文，你推一个渣jian出轨攻，受还得跪在门口听攻和小三床.事的文，会被说很正常\n№47 ☆☆☆= =|264273af于2022-03-22 15:25:06留言☆☆☆\n如果是这样还推，那是我和基友都不正常","commentTime":"2022-03-22 15:26:31","commentOwner":"迷惑又心凉"},{"comment":"看情况，如果你写的甜文，你推一个渣jian出轨攻，受还得跪在门口听攻和小三床.事的文，会被说很正常\n№47 ☆☆☆= =|264273af于2022-03-22 15:25:06留言☆☆☆\n想想就呕了……","commentTime":"2022-03-22 15:26:33","commentOwner":"。"},{"comment":"看情况，如果你写的甜文，你推一个渣jian出轨攻，受还得跪在门口听攻和小三床.事的文，会被说很正常\n№47 ☆☆☆= =|264273af于2022-03-22 15:25:06留言☆☆☆\n我确实说过这种，有一个文明明写的甜文，然后推一个炸j文，攻出g带人回来睡，受跪在门口听，哼都不敢哼一句\n我当时就无语了……一个甜文推这种文干嘛，搞的我连这本甜文都不敢看了\n不过我也没排雷，语气也挺好，只是问了一句作者为什么不推甜文要推这种雷文","commentTime":"2022-03-22 15:27:30","commentOwner":"= ="},{"comment":"历史引用 展开全部▼\n我确实说过这种，有一个文明明写的甜文，然后推一个炸j文，攻出g带人回来睡，受跪在门口听，哼都不敢哼一句\n我当时就无语了……一个甜文推这种文干嘛，搞的我连这本甜文都不敢看了\n不过我也没排雷，语气也挺好，只是问了一句作者为什么不推甜文要推这种雷文\n№52 ☆☆☆= =|264273af于2022-03-22 15:27:30留言☆☆☆\n不是你呢小天使，我还是个预收，也非渣贱，摸摸哦～","commentTime":"2022-03-22 15:32:06","commentOwner":"迷惑又心凉"},{"comment":"历史引用 展开全部▼\n不是你呢小天使，我还是个预收，也非渣贱，摸摸哦～\n№53 ☆☆☆迷惑又心凉|d11b616b于2022-03-22 15:32:06留言☆☆☆\n嗯嗯，不是这种就无所谓啦，其实就算是渣j文推渣j文我都不会说啥，问题是甜文推这个就很离谱，除了这种情况，我觉得排雷都是有毒，我也遇到过很多太太推文我不感兴趣，但是也不会说什么","commentTime":"2022-03-22 15:34:20","commentOwner":"= ="},{"comment":"历史引用 展开全部▼\n我确实说过这种，有一个文明明写的甜文，然后推一个炸j文，攻出g带人回来睡，受跪在门口听，哼都不敢哼一句\n我当时就无语了……一个甜文推这种文干嘛，搞的我连这本甜文都不敢看了\n不过我也没排雷，语气也挺好，只是问了一句作者为什么不推甜文要推这种雷文\n№52☆☆☆= =|264273af于2022-03-22 15:27:30留言☆☆☆\n戏太多了，楼主都说了不是，你还非要说出来恶心人","commentTime":"2022-03-22 15:40:19","commentOwner":"= ="},{"comment":"历史引用 展开全部▼\n戏太多了，楼主都说了不是，你还非要说出来恶心人\n№55 ☆☆☆= =|ba24fd52于2022-03-22 15:40:19留言☆☆☆\n啊对对对对，你发这个之前不会看一下时间？我打这一段字的时候要花多少时间？打之前我根本没看到lz回复好吗？","commentTime":"2022-03-22 15:46:13","commentOwner":"= ="},{"comment":"我和基友互推，我俩都被骂了，她的读者还在她的评论下讨论我的主角orz","commentTime":"2022-03-22 15:47:25","commentOwner":"。"},{"comment":"历史引用 展开全部▼\n戏太多了，楼主都说了不是，你还非要说出来恶心人\n№55 ☆☆☆= =|ba24fd52于2022-03-22 15:40:19留言☆☆☆\n不吵不吵，抱抱，拍拍背～","commentTime":"2022-03-22 15:48:43","commentOwner":"迷惑又心凉"},{"comment":"历史引用 展开全部▼\n啊对对对对，你发这个之前不会看一下时间？我打这一段字的时候要花多少时间？打之前我根本没看到lz回复好吗？\n№56 ☆☆☆= =|264273af于2022-03-22 15:46:13留言☆☆☆\n不吵不吵，顺顺毛毛","commentTime":"2022-03-22 15:49:14","commentOwner":"迷惑又心凉"},{"comment":"历史引用 展开全部▼\n不吵不吵，顺顺毛毛\n№59 ☆☆☆迷惑又心凉|d11b616b于2022-03-22 15:49:14留言☆☆☆\n谢谢楼主，无意吵架，你不用在乎那个读者，奇葩而已，祝你早日五星","commentTime":"2022-03-22 15:50:34","commentOwner":"= ="},{"comment":"如果受众不同可能会有读者有意见吧","commentTime":"2022-03-22 15:50:46","commentOwner":"。"},{"comment":"我和基友互推，我俩都被骂了，她的读者还在她的评论下讨论我的主角orz\n№57 ☆☆☆。|5c458042于2022-03-22 15:47:25留言☆☆☆\n啊这……（开始害怕，我寻思着让基友别带了还是怎么滴，又怕突然撤去被有心者说心虚，em……）","commentTime":"2022-03-22 15:51:02","commentOwner":"迷惑又心凉"},{"comment":"如果甜文带渣贱的话可能读者会雷进而不看你的文","commentTime":"2022-03-22 16:47:28","commentOwner":"= ="}]}