{"id":"71db93ad-dd4c-4cb2-b115-911b6a229b5a","category":"晋江论坛→网友交流区→碧水江汀 欢迎回来：53088456  退 出","postSubject":"主题：我收到不正常的排雷刷负和差评基本都在上大推荐凌晨，咕咕们也会这样吗？ [0] 【搜索关键词：排雷】","postUrl":"https://bbs.jjwxc.net/showmsg.php?board=17&keyword=%C5%C5%C0%D7&id=1985965","originalPost":"发现这个规律后，我每次上大推，周四的那个晚上都会失眠，总忍不住去刷评论，怕收藏不涨，怕收益雪崩","numberOfReplies":0,"comments":[]}