{"id":"e8d72279-8bee-485f-9b07-32de096cba65","category":"晋江论坛→网友交流区→碧水江汀 请稍候...","postSubject":"主题：Pbc 想请问一下在免费文下排雷算什么行为 [12] 【搜索关键词：排雷】","postUrl":"https://bbs.jjwxc.net/showmsg.php?board=17&keyword=%C5%C5%C0%D7&id=1702948","originalPost":"那个读者还是跳着看的。\n\n这个文没有榜单收藏少断断续续更了两年写了一百多章了。\n\n觉得排雷挺打击这个作者积极性的。(不是我","numberOfReplies":12,"comments":[{"comment":"问就是读者权利","commentTime":"2022-01-03 13:08:29","commentOwner":"。"},{"comment":"哇 我看到会帮着举报一下……作者好惨","commentTime":"2022-01-03 13:08:52","commentOwner":"=="},{"comment":"掀桌子行为","commentTime":"2022-01-03 13:09:09","commentOwner":"= ="},{"comment":"闲的","commentTime":"2022-01-03 13:09:32","commentOwner":"。"},{"comment":"看着有点难过，可能同为作者，不希望被打击热情吧","commentTime":"2022-01-03 13:15:36","commentOwner":"。。"},{"comment":"这些读者吃了饭还想掀锅罢了，早晚活该没饭吃","commentTime":"2022-01-03 13:44:18","commentOwner":"iss"},{"comment":"尊重它的权利 但不妨碍我内心里骂一句沙比","commentTime":"2022-01-03 13:45:34","commentOwner":"= ="},{"comment":"尊重它的权利 但不妨碍我内心里骂一句沙比\n№7 ☆☆☆= =|52461426于2022-01-03 13:45:34留言☆☆☆\n七哥它用的好啊","commentTime":"2022-01-03 13:45:55","commentOwner":"iss"},{"comment":"不虚假排雷，语气正常的话，无所谓","commentTime":"2022-01-03 13:46:45","commentOwner":"。"},{"comment":"普通行为啊\n不过挺打击作者热情的","commentTime":"2022-01-03 13:47:20","commentOwner":"——"},{"comment":"有些可能是作者假装读者在排雷，总之作者就算是写免费文还是得有粉丝护体","commentTime":"2022-01-03 13:47:36","commentOwner":"=="},{"comment":"只有没言过其实，就是正常的","commentTime":"2022-01-03 13:54:10","commentOwner":"。"}]}