{"id":"1d865fa8-0bb9-4b93-bf02-3209f9180818","category":"晋江论坛→网友交流区→碧水江汀 欢迎回来：53088456  退 出","postSubject":"主题：为什么总有读者自己脑补剧情，然后被脑补出的剧情气炸，并且在评论区排雷 [3] 【搜索关键词：排雷】","postUrl":"https://bbs.jjwxc.net/showmsg.php?board=17&keyword=%C5%C5%C0%D7&id=1848395","originalPost":"她说的也不是我写的，我没那么写啊","numberOfReplies":3,"comments":[{"comment":"太正常了~~\n别生气，看看收益吧~","commentTime":"2022-04-14 09:15:25","commentOwner":"..."},{"comment":"总有读者自己没看清文，然后搁评论区问这问那，还要说你逻辑不通写的差","commentTime":"2022-04-14 09:16:16","commentOwner":"。"},{"comment":"总有读者自己没看清文，然后搁评论区问这问那，还要说你逻辑不通写的差\n№2 ☆☆☆。|db3c3b99于2022-04-14 09:16:16留言☆☆☆\n对对对，好气","commentTime":"2022-04-14 09:25:51","commentOwner":"。"}]}