{"id":"72ac048b-637f-4668-9aa7-ab7cabe93a9a","category":"晋江论坛→网友交流区→碧水江汀 欢迎回来：53088456  退 出","postSubject":"主题：看到红楼梦的模仿网文的排雷我要笑死了 [94] 【搜索关键词：排雷】","postUrl":"https://bbs.jjwxc.net/showmsg.php?board=17&keyword=%C5%C5%C0%D7&id=1758335","originalPost":"忽然觉得排雷这件事真的很可笑哈哈哈哈哈哈哈哈哈哈","numberOfReplies":94,"comments":[{"comment":"看过，男主是双且不洁（doge）","commentTime":"2022-02-11 21:55:21","commentOwner":"。。"},{"comment":"哈哈哈哈哈哈哈哈哈","commentTime":"2022-02-11 21:55:30","commentOwner":"。"},{"comment":"红楼梦，全员be，骨科，替嫁，男不洁、女主死、作者坑、同人大佬续写、避雷","commentTime":"2022-02-11 21:55:33","commentOwner":"_a"},{"comment":"看过，男主是双且不洁（doge）\n№1☆☆☆。。|d5bab936于2022-02-11 21:55:21留言☆☆☆\n是啊刚刚看到都笑死了，还有雷雨是骨科什么的","commentTime":"2022-02-11 21:56:07","commentOwner":"_a"},{"comment":"别笑了，你网文有红楼梦那高度吗？碰瓷也找个好对象，知道这事放别的地方是要群嘲的吗？这里还是作者区，你看原楼主是不是也被骂了？\n在座诸位几个敢大言不惭的说自己写的东西能到红楼梦那水平所以什么雷都无所谓？\n而且一个现代一个古代，更别说曹雪芹还是批判的视角写的","commentTime":"2022-02-11 21:56:39","commentOwner":"。"},{"comment":"这楼截出去是想让人嘲作者区还不如下沉厉害的抖音有脑子和自知之明？","commentTime":"2022-02-11 21:57:40","commentOwner":"。"},{"comment":"借楼问一下，古言的话，如果男女主是表亲，咕咕们接受度怎么样呢？","commentTime":"2022-02-11 21:57:42","commentOwner":"。"},{"comment":"碰瓷了","commentTime":"2022-02-11 21:57:51","commentOwner":"= ="},{"comment":"没有那贴楼主觉得自己可机灵好笑","commentTime":"2022-02-11 21:57:53","commentOwner":"，"},{"comment":"别笑了，你网文有红楼梦那高度吗？碰瓷也找个好对象，知道这事放别的地方是要群嘲的吗？这里还是作者区，你看原楼主是不是也被骂了？\n在座诸位几个敢大言不惭的说自己写的东西能到红楼梦那水平所以什么雷都无所谓？\n而且一个现代一个古代，更别说曹雪芹还是批判的视角写的\n№5 ☆☆☆。|f40c97af于2022-02-11 21:56:39留言☆☆☆\n？？？","commentTime":"2022-02-11 21:58:00","commentOwner":"。。"},{"comment":"我也可以排\n①，男主非c，且与很多人存在暧昧关系\n②，文中有少量bl线存在\n③，文中多位女性角色下场凄惨，甚至还有公媳不正当关系，存在厌女行径\n④，女主和女配雌竟，为争一个烂黄瓜而出现种种争分吃醋的行为","commentTime":"2022-02-11 21:58:22","commentOwner":"。"},{"comment":"别笑了，你网文有红楼梦那高度吗？碰瓷也找个好对象，知道这事放别的地方是要群嘲的吗？这里还是作者区，你看原楼主是不是也被骂了？\n在座诸位几个敢大言不惭的说自己写的东西能到红楼梦那水平所以什么雷都无所谓？\n而且一个现代一个古代，更别说曹雪芹还是批判的视角写的\n№5 ☆☆☆。|f40c97af于2022-02-11 21:56:39留言☆☆☆\n就要笑，你以为没人这么排雷吗？现在很多名著都被这么排雷，什么婚内出轨啦女主biao啦等等","commentTime":"2022-02-11 21:58:58","commentOwner":"=="},{"comment":"别笑了，你网文有红楼梦那高度吗？碰瓷也找个好对象，知道这事放别的地方是要群嘲的吗？这里还是作者区，你看原楼主是不是也被骂了？\n在座诸位几个敢大言不惭的说自己写的东西能到红楼梦那水平所以什么雷都无所谓？\n而且一个现代一个古代，更别说曹雪芹还是批判的视角写的\n№5 ☆☆☆。|f40c97af于2022-02-11 21:56:39留言☆☆☆\n红楼梦那个高度的作品这么写就不骂，高度低了也就骂，咋地，也就是说这样的内容本身没有对错，有对错的是作者，看作者下菜碟对吗，也就是你们反对的不是这个内容本身，而是作者的咖位？咖位够高，错的也是对的？","commentTime":"2022-02-11 21:59:33","commentOwner":"。"},{"comment":"别笑了，你网文有红楼梦那高度吗？碰瓷也找个好对象，知道这事放别的地方是要群嘲的吗？这里还是作者区，你看原楼主是不是也被骂了？\n在座诸位几个敢大言不惭的说自己写的东西能到红楼梦那水平所以什么雷都无所谓？\n而且一个现代一个古代，更别说曹雪芹还是批判的视角写的\n№5 ☆☆☆。|f40c97af于2022-02-11 21:56:39留言☆☆☆\n？？？dy以及各大平台都在玩梗，你在说什么啊？","commentTime":"2022-02-11 21:59:40","commentOwner":"。"},{"comment":"还有泰坦尼克号，别以为是搞笑，是现在很多人在骂女主歌颂男二哦，还说男二有钱，女主应该和他结婚而不是追求真爱","commentTime":"2022-02-11 22:00:14","commentOwner":"=="},{"comment":"我进来打算哈哈哈的，笑容凝固","commentTime":"2022-02-11 22:00:20","commentOwner":"= ="},{"comment":"为什么有人那么杠，只是想看个欢乐的帖子而已","commentTime":"2022-02-11 22:00:26","commentOwner":"。"},{"comment":"别笑了，你网文有红楼梦那高度吗？碰瓷也找个好对象，知道这事放别的地方是要群嘲的吗？这里还是作者区，你看原楼主是不是也被骂了？\n在座诸位几个敢大言不惭的说自己写的东西能到红楼梦那水平所以什么雷都无所谓？\n而且一个现代一个古代，更别说曹雪芹还是批判的视角写的\n№5 ☆☆☆。|f40c97af于2022-02-11 21:56:39留言☆☆☆\n你算老几。还管人笑不笑。lz没笑红楼梦，笑的是喜欢给别人盖猪肉戳眼睛里只有平面世界的纯sb","commentTime":"2022-02-11 22:00:43","commentOwner":"。"},{"comment":"别笑了，你网文有红楼梦那高度吗？碰瓷也找个好对象，知道这事放别的地方是要群嘲的吗？这里还是作者区，你看原楼主是不是也被骂了？\n在座诸位几个敢大言不惭的说自己写的东西能到红楼梦那水平所以什么雷都无所谓？\n而且一个现代一个古代，更别说曹雪芹还是批判的视角写的\n№5 ☆☆☆。|f40c97af于2022-02-11 21:56:39留言☆☆☆\n就要笑就要笑，谁说现在的网文跟名著比呀，说这话的意思就是调侃现在排雷疯魔化，自己没看出来吗？","commentTime":"2022-02-11 22:00:56","commentOwner":"。"},{"comment":"历史引用 展开全部▼\n就要笑就要笑，谁说现在的网文跟名著比呀，说这话的意思就是调侃现在排雷疯魔化，自己没看出来吗？\n№19 ☆☆☆。|c9228511于2022-02-11 22:00:56留言☆☆☆\n代码都觉得我说的对","commentTime":"2022-02-11 22:01:30","commentOwner":"。"},{"comment":"别笑了，你网文有红楼梦那高度吗？碰瓷也找个好对象，知道这事放别的地方是要群嘲的吗？这里还是作者区，你看原楼主是不是也被骂了？\n在座诸位几个敢大言不惭的说自己写的东西能到红楼梦那水平所以什么雷都无所谓？\n而且一个现代一个古代，更别说曹雪芹还是批判的视角写的\n№5 ☆☆☆。|f40c97af于2022-02-11 21:56:39留言☆☆☆\n曹雪芹写的时候就知道自己能写出四大名著？你怎么知道网文作者不能写出新的四大名著？","commentTime":"2022-02-11 22:01:33","commentOwner":"……"},{"comment":"最好都别排雷，读者看到什么就是什么。炸了也作者自己受着","commentTime":"2022-02-11 22:01:46","commentOwner":"= ="},{"comment":"历史引用 展开全部▼\n就要笑就要笑，谁说现在的网文跟名著比呀，说这话的意思就是调侃现在排雷疯魔化，自己没看出来吗？\n№19 ☆☆☆。|c9228511于2022-02-11 22:00:56留言☆☆☆\n。","commentTime":"2022-02-11 22:02:08","commentOwner":"。。"},{"comment":"历史引用 展开全部▼\n。\n№23 ☆☆☆。。|3f8d36c3于2022-02-11 22:02:08留言☆☆☆\n。","commentTime":"2022-02-11 22:02:45","commentOwner":"= ="},{"comment":"还有推文《西游记》的，全员升级流，大男主爽文","commentTime":"2022-02-11 22:02:47","commentOwner":"。"},{"comment":"最好都别排雷，读者看到什么就是什么。炸了也作者自己受着\n№22 ☆☆☆= =|a504a301于2022-02-11 22:01:46留言☆☆☆\n说的好像乱排雷造谣式排雷，作者承受的就不够多呢。","commentTime":"2022-02-11 22:03:08","commentOwner":"。"},{"comment":"这不就是个我看dy最近挺火的梗？\n为什么这么大火气？","commentTime":"2022-02-11 22:04:33","commentOwner":"。"},{"comment":"历史引用 展开全部▼\n说的好像乱排雷造谣式排雷，作者承受的就不够多呢。\n№26 ☆☆☆。|8ca0b620于2022-02-11 22:03:08留言☆☆☆\n你看外面文案正常排雷几乎本本都是，乱排雷造谣排雷才是少数","commentTime":"2022-02-11 22:10:26","commentOwner":"= ="},{"comment":"看到好笑的事情就笑一笑，生活已经很累了，我没心思去想这件事该不该笑\n这也能吵起来，有些人真是无语","commentTime":"2022-02-11 22:12:14","commentOwner":"咸鱼2号"},{"comment":"有些人真的很yue，搞得自己好像是曹雪芹再世一样，你怎么不知道现在的网文作者以后不能写出很牛的作品呢？","commentTime":"2022-02-11 22:13:50","commentOwner":"。"},{"comment":"我的妈呀我本来想进楼哈哈哈哈哈的，一看内容真的是地铁老人手机.jpg","commentTime":"2022-02-11 22:25:40","commentOwner":"咕咕"},{"comment":"这都能杠","commentTime":"2022-02-11 22:30:23","commentOwner":"。"},{"comment":"别笑了，你网文有红楼梦那高度吗？碰瓷也找个好对象，知道这事放别的地方是要群嘲的吗？这里还是作者区，你看原楼主是不是也被骂了？\n在座诸位几个敢大言不惭的说自己写的东西能到红楼梦那水平所以什么雷都无所谓？\n而且一个现代一个古代，更别说曹雪芹还是批判的视角写的\n№5 ☆☆☆。|f40c97af于2022-02-11 21:56:39留言☆☆☆\n人家是吐槽排雷疯魔化，你倒好，找了个新奇的角度说网文碰瓷红楼。\n你莫不是在搞笑哦。","commentTime":"2022-02-11 22:36:22","commentOwner":"。"},{"comment":"别笑了，你网文有红楼梦那高度吗？碰瓷也找个好对象，知道这事放别的地方是要群嘲的吗？这里还是作者区，你看原楼主是不是也被骂了？\n在座诸位几个敢大言不惭的说自己写的东西能到红楼梦那水平所以什么雷都无所谓？\n而且一个现代一个古代，更别说曹雪芹还是批判的视角写的\n№5 ☆☆☆。|f40c97af于2022-02-11 21:56:39留言☆☆☆\n憨批","commentTime":"2022-02-11 22:45:56","commentOwner":"。"},{"comment":"历史引用 展开全部▼\n曹雪芹写的时候就知道自己能写出四大名著？你怎么知道网文作者不能写出新的四大名著？\n№21 ☆☆☆……|19a80f98于2022-02-11 22:01:33留言☆☆☆\n首先红楼不是网络言情，连言情都算不上吧","commentTime":"2022-02-11 22:54:47","commentOwner":"。"},{"comment":"红楼梦，全员be，骨科，替嫁，男不洁、女主死、作者坑、同人大佬续写、避雷\n№3 ☆☆☆_a|4f36f907于2022-02-11 21:55:33留言☆☆☆\n拿来当言情看，感觉掉格了，但嘲笑排雷疯魔疯到批判小说上，确实好笑","commentTime":"2022-02-11 22:56:25","commentOwner":"。"},{"comment":"历史引用 展开全部▼\n首先红楼不是网络言情，连言情都算不上吧\n№35☆☆☆。|85a3975a于2022-02-11 22:54:47留言☆☆☆\n红楼梦不是言情是啥，肯定不是网文，但是确实是言情啊，主线不是感情纠葛吗？","commentTime":"2022-02-11 22:57:34","commentOwner":"。"},{"comment":"历史引用 展开全部▼\n红楼梦不是言情是啥，肯定不是网文，但是确实是言情啊，主线不是感情纠葛吗？\n№37 ☆☆☆。|4eebdfbf于2022-02-11 22:57:34留言☆☆☆\n感情纠葛是有，但整体在批判上啊，古代谈情说爱的，不管hebe也不会把反面人物写成主角","commentTime":"2022-02-11 23:00:07","commentOwner":"。"},{"comment":"啊，其实我没觉得这种排雷有什么讽刺排雷疯魔化的意义，因为在我看来红楼梦剧情确实挺毒的，只不过它的卖点不是用剧情来让读者看的开心消遣一下，它就是故意这么写来讽刺现实的，上头那些所谓的排雷内容对于并不想琢磨深刻文学价值只想看点轻松文打发时间的人来说确实很有用。\n或许你们会说“哪有人会把红楼梦这种名著当打发时间的轻松小说啊？这种书看之前就肯定知道内容不愉悦了”，但是真的有啊姐妹们，很多人对名著的认知是很浅薄的，他们只觉得名著听着就很厉害那应该很好看吧。\n总之，你们哈哈哈的点我完全get不到，我也没觉得这有什么排雷疯魔的","commentTime":"2022-02-11 23:01:04","commentOwner":"= ="},{"comment":"历史引用 展开全部▼\n红楼梦不是言情是啥，肯定不是网文，但是确实是言情啊，主线不是感情纠葛吗？\n№37 ☆☆☆。|4eebdfbf于2022-02-11 22:57:34留言☆☆☆\n不首先有那种社会问题在，作者想批判，才会写的故事吗？","commentTime":"2022-02-11 23:02:07","commentOwner":"。"},{"comment":"历史引用 展开全部▼\n感情纠葛是有，但整体在批判上啊，古代谈情说爱的，不管hebe也不会把反面人物写成主角\n№38 ☆☆☆。|85a3975a于2022-02-11 23:00:07留言☆☆☆\n。","commentTime":"2022-02-11 23:02:38","commentOwner":"。"},{"comment":"历史引用 展开全部▼\n拿来当言情看，感觉掉格了，但嘲笑排雷疯魔疯到批判小说上，确实好笑\n№36 ☆☆☆。|85a3975a于2022-02-11 22:56:25留言☆☆☆\n好奇怪啊，层主这话有两个理解，一个是言情当题材，一个是言情当频道\n前者，你是觉得红楼梦明线不是爱情悲剧吗？\n后者，你觉得写bg频道的都是只局限于无脑谈恋爱没有更深刻的内核？","commentTime":"2022-02-11 23:02:52","commentOwner":"。"},{"comment":"历史引用 展开全部▼\n红楼梦那个高度的作品这么写就不骂，高度低了也就骂，咋地，也就是说这样的内容本身没有对错，有对错的是作者，看作者下菜碟对吗，也就是你们反对的不是这个内容本身，而是作者的咖位？咖位够高，错的也是对的？\n№13 ☆☆☆。|2ac7ee85于2022-02-11 21:59:33留言☆☆☆\n看菜下碟而已，凶一点的作者他们也是不敢骂的","commentTime":"2022-02-11 23:03:08","commentOwner":"。"},{"comment":"历史引用 展开全部▼\n感情纠葛是有，但整体在批判上啊，古代谈情说爱的，不管hebe也不会把反面人物写成主角\n№38 ☆☆☆。|85a3975a??于2022-02-11 23:00:07留言☆☆☆\n红楼梦是小说吧 当时的人读了可能也会“排雷”哦 怎么现在玩梗反讽排雷现状都要被杠呢","commentTime":"2022-02-11 23:04:13","commentOwner":"。"},{"comment":"历史引用 展开全部▼\n好奇怪啊，层主这话有两个理解，一个是言情当题材，一个是言情当频道\n前者，你是觉得红楼梦明线不是爱情悲剧吗？\n后者，你觉得写bg频道的都是只局限于无脑谈恋爱没有更深刻的内核？\n№42 ☆☆☆。|4ef7540d于2022-02-11 23:02:52留言☆☆☆\n39楼话里说出了我的感觉，虽然却是没有觉得不好笑的","commentTime":"2022-02-11 23:04:53","commentOwner":"。"},{"comment":"别笑了，你网文有红楼梦那高度吗？碰瓷也找个好对象，知道这事放别的地方是要群嘲的吗？这里还是作者区，你看原楼主是不是也被骂了？\n在座诸位几个敢大言不惭的说自己写的东西能到红楼梦那水平所以什么雷都无所谓？\n而且一个现代一个古代，更别说曹雪芹还是批判的视角写的\n№5 ☆☆☆。|f40c97af于2022-02-11 21:56:39留言☆☆☆\n。","commentTime":"2022-02-11 23:06:21","commentOwner":"。"},{"comment":"别笑了，你网文有红楼梦那高度吗？碰瓷也找个好对象，知道这事放别的地方是要群嘲的吗？这里还是作者区，你看原楼主是不是也被骂了？\n在座诸位几个敢大言不惭的说自己写的东西能到红楼梦那水平所以什么雷都无所谓？\n而且一个现代一个古代，更别说曹雪芹还是批判的视角写的\n№5 ☆☆☆。|f40c97af于2022-02-11 21:56:39留言☆☆☆\n连红楼梦这么有价值的文学作品都能被排这么多雷，这不更是说明现在排雷有多疯魔化嘛。名著都能被排雷，那远不如名著的网文岂不是要被排雷排死。大家都看出来过度排雷的现象，只有你在这一顿狂吠。","commentTime":"2022-02-11 23:06:41","commentOwner":"。"},{"comment":"啊，其实我没觉得这种排雷有什么讽刺排雷疯魔化的意义，因为在我看来红楼梦剧情确实挺毒的，只不过它的卖点不是用剧情来让读者看的开心消遣一下，它就是故意这么写来讽刺现实的，上头那些所谓的排雷内容对于并不想琢磨深刻文学价值只想看点轻松文打发时间的人来说确实很有用。\n或许你们会说“哪有人会把红楼梦这种名著当打发时间的轻松小说啊？这种书看之前就肯定知道内容不愉悦了”，但是真的有啊姐妹们，很多人对名著的认知是很浅薄的，他们只觉得名著听着就很厉害那应该很好看吧。\n总之，你们哈哈哈的点我完全get不到，我也没觉得这有什么排雷疯魔的\n№39 ☆☆☆= =|1bc23abf于2022-02-11 23:01:04留言☆☆☆\n其实，玩梗确实好笑，但过了只会惹人生厌","commentTime":"2022-02-11 23:07:27","commentOwner":"。"},{"comment":"别笑了，你网文有红楼梦那高度吗？碰瓷也找个好对象，知道这事放别的地方是要群嘲的吗？这里还是作者区，你看原楼主是不是也被骂了？\n在座诸位几个敢大言不惭的说自己写的东西能到红楼梦那水平所以什么雷都无所谓？\n而且一个现代一个古代，更别说曹雪芹还是批判的视角写的\n№5 ☆☆☆。|f40c97af于2022-02-11 21:56:39留言☆☆☆\n你不会觉得打的字多，就等于对吧。","commentTime":"2022-02-11 23:07:54","commentOwner":"。"},{"comment":"啊，其实我没觉得这种排雷有什么讽刺排雷疯魔化的意义，因为在我看来红楼梦剧情确实挺毒的，只不过它的卖点不是用剧情来让读者看的开心消遣一下，它就是故意这么写来讽刺现实的，上头那些所谓的排雷内容对于并不想琢磨深刻文学价值只想看点轻松文打发时间的人来说确实很有用。\n或许你们会说“哪有人会把红楼梦这种名著当打发时间的轻松小说啊？这种书看之前就肯定知道内容不愉悦了”，但是真的有啊姐妹们，很多人对名著的认知是很浅薄的，他们只觉得名著听着就很厉害那应该很好看吧。\n总之，你们哈哈哈的点我完全get不到，我也没觉得这有什么排雷疯魔的\n№39 ☆☆☆= =|1bc23abf于2022-02-11 23:01:04留言☆☆☆\n。","commentTime":"2022-02-11 23:08:58","commentOwner":"。"},{"comment":"历史引用 展开全部▼\n连红楼梦这么有价值的文学作品都能被排这么多雷，这不更是说明现在排雷有多疯魔化嘛。名著都能被排雷，那远不如名著的网文岂不是要被排雷排死。大家都看出来过度排雷的现象，只有你在这一顿狂吠。\n№47 ☆☆☆。|8beec0a9于2022-02-11 23:06:41留言☆☆☆\n我觉得吧，排雷是针对特定读者群体来说的，看讽刺文学的人就算看到了排雷也不会觉得这是雷，他们自然会继续看下去，但不爱看这类设定的读者却能及时止步，你好我好大家好，只要不是虚假排雷，对作者来说就没什么影响，因为就算你不排雷，不爱看这些的人看到类似的剧情还是会跑路，而且跑路前会非常隔应","commentTime":"2022-02-11 23:10:00","commentOwner":"= ="},{"comment":"别笑了，你网文有红楼梦那高度吗？碰瓷也找个好对象，知道这事放别的地方是要群嘲的吗？这里还是作者区，你看原楼主是不是也被骂了？\n在座诸位几个敢大言不惭的说自己写的东西能到红楼梦那水平所以什么雷都无所谓？\n而且一个现代一个古代，更别说曹雪芹还是批判的视角写的\n№5 ☆☆☆。|f40c97af于2022-02-11 21:56:39留言☆☆☆\n哪怕真有作者写出红楼梦水准的书，也照样得被你这种人排雷排死，抬杠杠死。曹雪芹当时写红楼梦时，他也不知道自己的书会在后世被奉为名著，他也是在他的时代里写“网文”。","commentTime":"2022-02-11 23:10:40","commentOwner":"。"},{"comment":"就算网文能和红楼比吧\n最后四大家族的结局是什么\n宝玉的结局是什么\n你网文的结局是什么\n写的出来批判的能发人深省的结局吗","commentTime":"2022-02-11 23:10:49","commentOwner":"。"},{"comment":"别笑了，你网文有红楼梦那高度吗？碰瓷也找个好对象，知道这事放别的地方是要群嘲的吗？这里还是作者区，你看原楼主是不是也被骂了？\n在座诸位几个敢大言不惭的说自己写的东西能到红楼梦那水平所以什么雷都无所谓？\n而且一个现代一个古代，更别说曹雪芹还是批判的视角写的\n№5☆☆☆。|f40c97af于2022-02-11 21:56:39留言☆☆☆\n粉圈学得一套一套的\n“你写作文的时候竟然敢用季羡林类比，说要好好学习服务社会，你是不是在登月碰瓷？？”","commentTime":"2022-02-11 23:11:23","commentOwner":"= ="},{"comment":"？\n原来什么都可以杠是这个意思","commentTime":"2022-02-11 23:11:42","commentOwner":"。"},{"comment":"历史引用 展开全部▼\n红楼梦是小说吧 当时的人读了可能也会“排雷”哦 怎么现在玩梗反讽排雷现状都要被杠呢\n№44 ☆☆☆。|61ffe910于2022-02-11 23:04:13留言☆☆☆\n是小说但真不是谈情说爱……掉了就掉了，梗好笑是好笑，没必要急，网文言情写手也可以改行去写批判文，就算不写批判文写的好以后也可以成那种古代的话本故事流传下去，但真不要把批判文当谈情说爱的言情","commentTime":"2022-02-11 23:11:44","commentOwner":"。"},{"comment":"……曹雪芹写《红楼梦》是为了批判封建社会，而大部分渣贱文作者是在歌颂渣贱爱情。难道我和□□一样都对国际形势半懂不懂、都喜欢性感美女、目前都不是美国总统，我就是□□了吗？什么时候哪本网文有像红学一样专门针对它研究的学科再来碰瓷《红楼梦》吧。到底是谁更疯魔啊我服了。","commentTime":"2022-02-11 23:12:14","commentOwner":"。"},{"comment":"历史引用 展开全部▼\n其实，玩梗确实好笑，但过了只会惹人生厌\n№48 ☆☆☆。|85a3975a于2022-02-11 23:07:27留言☆☆☆\n。","commentTime":"2022-02-11 23:12:25","commentOwner":"。"},{"comment":"？\n原来什么都可以杠是这个意思\n№55☆☆☆。|a3fa6706于2022-02-11 23:11:42留言☆☆☆\n本来想进来一起笑的\n无语了","commentTime":"2022-02-11 23:12:25","commentOwner":"。"},{"comment":"别笑了，你网文有红楼梦那高度吗？碰瓷也找个好对象，知道这事放别的地方是要群嘲的吗？这里还是作者区，你看原楼主是不是也被骂了？\n在座诸位几个敢大言不惭的说自己写的东西能到红楼梦那水平所以什么雷都无所谓？\n而且一个现代一个古代，更别说曹雪芹还是批判的视角写的\n№5 ☆☆☆。|f40c97af于2022-02-11 21:56:39留言☆☆☆\n貌似红楼梦被豆瓣j高楼排雷厌女，没有骂吗？","commentTime":"2022-02-11 23:13:38","commentOwner":"=="},{"comment":"这不是某音最近很火的梗吗？果然匿名论坛什么都能杠起来","commentTime":"2022-02-11 23:13:42","commentOwner":"。"},{"comment":"历史引用 展开全部▼\n貌似红楼梦被豆瓣j高楼排雷厌女，没有骂吗？\n№60 ☆☆☆==|1f5926da于2022-02-11 23:13:38留言☆☆☆\n那群dbj这不就是把批判文学当成网文言情来看的吗，才会去排雷，dbj真没脑子","commentTime":"2022-02-11 23:16:18","commentOwner":"。"},{"comment":"嘴上说着红楼梦多高贵网文登月碰瓷\n事实上红楼梦要在今天开始连载，作者能比今天的夹五还惨","commentTime":"2022-02-11 23:16:30","commentOwner":"= ="},{"comment":"……曹雪芹写《红楼梦》是为了批判封建社会，而大部分渣贱文作者是在歌颂渣贱爱情。难道我和□□一样都对国际形势半懂不懂、都喜欢性感美女、目前都不是美国总统，我就是□□了吗？什么时候哪本网文有像红学一样专门针对它研究的学科再来碰瓷《红楼梦》吧。到底是谁更疯魔啊我服了。\n№57 ☆☆☆。|01050244于2022-02-11 23:12:14留言☆☆☆\n。","commentTime":"2022-02-11 23:16:31","commentOwner":"。"},{"comment":"这不是某音最近很火的梗吗？果然匿名论坛什么都能杠起来\n№61 ☆☆☆。|edff00fb于2022-02-11 23:13:42留言☆☆☆\nlz难道不是为了讽刺读者排雷才把这个梗搬来的吗？退一步说，把某音的屎搬到这里膈应别人被骂也是活该","commentTime":"2022-02-11 23:16:48","commentOwner":"。"},{"comment":"别笑了，你网文有红楼梦那高度吗？碰瓷也找个好对象，知道这事放别的地方是要群嘲的吗？这里还是作者区，你看原楼主是不是也被骂了？\n在座诸位几个敢大言不惭的说自己写的东西能到红楼梦那水平所以什么雷都无所谓？\n而且一个现代一个古代，更别说曹雪芹还是批判的视角写的\n№5 ☆☆☆。|f40c97af于2022-02-11 21:56:39留言☆☆☆\n你也是网暴一员，所以立刻跳脚？","commentTime":"2022-02-11 23:17:34","commentOwner":"大号进去了"},{"comment":"历史引用 展开全部▼\n哪怕真有作者写出红楼梦水准的书，也照样得被你这种人排雷排死，抬杠杠死。曹雪芹当时写红楼梦时，他也不知道自己的书会在后世被奉为名著，他也是在他的时代里写“网文”。\n№52 ☆☆☆。|d6f230d4于2022-02-11 23:10:40留言☆☆☆\n当时就是通俗小说来着","commentTime":"2022-02-11 23:18:04","commentOwner":"大号殉了"},{"comment":"历史引用 展开全部▼\n是小说但真不是谈情说爱……掉了就掉了，梗好笑是好笑，没必要急，网文言情写手也可以改行去写批判文，就算不写批判文写的好以后也可以成那种古代的话本故事流传下去，但真不要把批判文当谈情说爱的言情\n№56 ☆☆☆。|85a3975a于2022-02-11 23:11:44留言☆☆☆\n。","commentTime":"2022-02-11 23:19:36","commentOwner":"。"},{"comment":"玩个梗，都要杠，纯属魔障人。","commentTime":"2022-02-11 23:20:56","commentOwner":"。"},{"comment":"历史引用 展开全部▼\n貌似红楼梦被豆瓣j高楼排雷厌女，没有骂吗？\n№60 ☆☆☆==|1f5926da于2022-02-11 23:13:38留言☆☆☆\n。","commentTime":"2022-02-11 23:22:47","commentOwner":"。"},{"comment":"还有推文《西游记》的，全员升级流，大男主爽文\n№25 ☆☆☆。|1e6689df于2022-02-11 22:02:47留言☆☆☆\n立时亲民起来","commentTime":"2022-02-11 23:23:29","commentOwner":"。"},{"comment":"别笑了，你网文有红楼梦那高度吗？碰瓷也找个好对象，知道这事放别的地方是要群嘲的吗？这里还是作者区，你看原楼主是不是也被骂了？\n在座诸位几个敢大言不惭的说自己写的东西能到红楼梦那水平所以什么雷都无所谓？\n而且一个现代一个古代，更别说曹雪芹还是批判的视角写的\n№5 ☆☆☆。|f40c97af于2022-02-11 21:56:39留言☆☆☆\n因为于连和三个女人纠缠不清，我到现在都没把《红与黑》看完……","commentTime":"2022-02-11 23:24:34","commentOwner":"。"},{"comment":"历史引用 展开全部▼\nlz难道不是为了讽刺读者排雷才把这个梗搬来的吗？退一步说，把某音的屎搬到这里膈应别人被骂也是活该\n№65☆☆☆。|01050244于2022-02-11 23:16:48留言☆☆☆\n笑死了，但凡不和你心意的就是屎呗？\n普普通通玩梗就是屎？合着不玩dy还搞出高贵感来了？平常是不是喝水都只喝百岁山啊？","commentTime":"2022-02-11 23:25:00","commentOwner":"……"},{"comment":"救命，我只想进来哈哈哈怎么总是有这么多杠精仗着见不得人瞎逼逼","commentTime":"2022-02-11 23:25:43","commentOwner":"……"},{"comment":"历史引用 展开全部▼\n我觉得吧，排雷是针对特定读者群体来说的，看讽刺文学的人就算看到了排雷也不会觉得这是雷，他们自然会继续看下去，但不爱看这类设定的读者却能及时止步，你好我好大家好，只要不是虚假排雷，对作者来说就没什么影响，因为就算你不排雷，不爱看这些的人看到类似的剧情还是会跑路，而且跑路前会非常隔应\n№51 ☆☆☆= =|1bc23abf于2022-02-11 23:10:00留言☆☆☆\n排雷本来就是仁者见仁智者见智，有的人甚至连主角爱吃香菜都要排雷，要是为了满足所有读者，排雷排五千字都排不完。有的雷是必要排的，可有的雷根本没必要排，过度排雷本来也不是好事。","commentTime":"2022-02-11 23:27:30","commentOwner":"。"},{"comment":"救命，玩梗而已，怎么总有人要来跳，是觉得可以让自己显得独树一帜还是真的感觉自己很有道理？\n点进来图一乐，属实是蚌埠住了","commentTime":"2022-02-11 23:28:42","commentOwner":"抹茶夹心麻薯"},{"comment":"玩个梗，都要杠，纯属魔障人。\n№69 ☆☆☆。|d6f230d4于2022-02-11 23:20:56留言☆☆☆\n。","commentTime":"2022-02-11 23:29:27","commentOwner":"抹茶夹心麻薯"},{"comment":"别笑了，你网文有红楼梦那高度吗？碰瓷也找个好对象，知道这事放别的地方是要群嘲的吗？这里还是作者区，你看原楼主是不是也被骂了？\n在座诸位几个敢大言不惭的说自己写的东西能到红楼梦那水平所以什么雷都无所谓？\n而且一个现代一个古代，更别说曹雪芹还是批判的视角写的\n№5 ☆☆☆。|f40c97af于2022-02-11 21:56:39留言☆☆☆\n你。。。。是不是没看懂","commentTime":"2022-02-11 23:29:32","commentOwner":"。"},{"comment":"《西游记》\n主角圣母 还有一个主角是美惨强 还有一个是猪队友 还有一个老实人","commentTime":"2022-02-11 23:29:39","commentOwner":"。"},{"comment":"我的妈呀我本来想进楼哈哈哈哈哈的，一看内容真的是地铁老人手机.jpg\n№31 ☆☆☆咕咕|4dff3512于2022-02-11 22:25:40留言☆☆☆\n我也","commentTime":"2022-02-11 23:29:42","commentOwner":"。"},{"comment":"历史引用 展开全部▼\n。\n№68 ☆☆☆。|85a3975a于2022-02-11 23:19:36留言☆☆☆\n所以也不要把狗血炸贱文当成名著看\n看一本小说还影响世界女权进步，全国青少年健康了\n窝的天啊，名著都不敢说自己有这种威力","commentTime":"2022-02-11 23:30:14","commentOwner":"大号殉了"},{"comment":"别笑了，你网文有红楼梦那高度吗？碰瓷也找个好对象，知道这事放别的地方是要群嘲的吗？这里还是作者区，你看原楼主是不是也被骂了？\n在座诸位几个敢大言不惭的说自己写的东西能到红楼梦那水平所以什么雷都无所谓？\n而且一个现代一个古代，更别说曹雪芹还是批判的视角写的\n№5 ☆☆☆。|f40c97af于2022-02-11 21:56:39留言☆☆☆\n？你没星没心搁这搁这呢","commentTime":"2022-02-11 23:30:21","commentOwner":"。"},{"comment":"玩梗都要上纲上线，试图展现自己优越感的人，建议觉得什么高贵就去看什么，用不着踩网文一脚。","commentTime":"2022-02-11 23:30:35","commentOwner":"。"},{"comment":"好家伙，有些人的抬杠水平，在工地一天能挣上一两万吧？起重机都不如你能抬啊！","commentTime":"2022-02-11 23:30:55","commentOwner":"2022年的第一只鸽"},{"comment":"历史引用 展开全部▼\n排雷本来就是仁者见仁智者见智，有的人甚至连主角爱吃香菜都要排雷，要是为了满足所有读者，排雷排五千字都排不完。有的雷是必要排的，可有的雷根本没必要排，过度排雷本来也不是好事。\n№75 ☆☆☆。|d6f230d4于2022-02-11 23:27:30留言☆☆☆\n过度排雷也就多占点版面，碍不着什么事，你要是不喜欢当没看到吧，一般排雷的人都是从自己主观去排的，根本没法规范，也没法设定哪些允许排哪些不许，只能自己眼不见为净了，毕竟就算你看着再不爽，这个点对于人家来说就是真的很雷，人家提出来提醒一下同好，你也没法管他啊","commentTime":"2022-02-11 23:31:07","commentOwner":"= ="},{"comment":"历史引用 展开全部▼\n过度排雷也就多占点版面，碍不着什么事，你要是不喜欢当没看到吧，一般排雷的人都是从自己主观去排的，根本没法规范，也没法设定哪些允许排哪些不许，只能自己眼不见为净了，毕竟就算你看着再不爽，这个点对于人家来说就是真的很雷，人家提出来提醒一下同好，你也没法管他啊\n№85 ☆☆☆= =|1bc23abf于2022-02-11 23:31:07留言☆☆☆\n不好意思，排雷太多就是影响观感，而且永远也排不完所有人的雷。愿意杠的话，怎么都能挑出杠点。","commentTime":"2022-02-11 23:32:28","commentOwner":"。"},{"comment":"历史引用 展开全部▼\n过度排雷也就多占点版面，碍不着什么事，你要是不喜欢当没看到吧，一般排雷的人都是从自己主观去排的，根本没法规范，也没法设定哪些允许排哪些不许，只能自己眼不见为净了，毕竟就算你看着再不爽，这个点对于人家来说就是真的很雷，人家提出来提醒一下同好，你也没法管他啊\n№85 ☆☆☆= =|1bc23abf于2022-02-11 23:31:07留言☆☆☆\n文案太长有劝退感，只需要排大众雷就好，那些稀奇古怪的雷点，可能作者本人都想不到。","commentTime":"2022-02-11 23:33:47","commentOwner":"。"},{"comment":"历史引用 展开全部▼\n红楼梦那个高度的作品这么写就不骂，高度低了也就骂，咋地，也就是说这样的内容本身没有对错，有对错的是作者，看作者下菜碟对吗，也就是你们反对的不是这个内容本身，而是作者的咖位？咖位够高，错的也是对的？\n№13 ☆☆☆。|2ac7ee85于2022-02-11 21:59:33留言☆☆☆\n同意","commentTime":"2022-02-11 23:38:46","commentOwner":"。"},{"comment":"历史引用 展开全部▼\n同意\n№88 ☆☆☆。|2574aba9于2022-02-11 23:38:46留言☆☆☆\n又刷到了，看最底楼，想说最后一句，这是批判文学，梗好笑是好笑，但真不要像dbj真去当了言情，玩梗要有个度，不过如果红楼不是批判是宣扬或这种反面人设谈情说爱，作为当时的通俗小说真的能流传的下来？","commentTime":"2022-02-11 23:52:25","commentOwner":"。"},{"comment":"历史引用 展开全部▼\n红楼梦那个高度的作品这么写就不骂，高度低了也就骂，咋地，也就是说这样的内容本身没有对错，有对错的是作者，看作者下菜碟对吗，也就是你们反对的不是这个内容本身，而是作者的咖位？咖位够高，错的也是对的？\n№13☆☆☆。|2ac7ee85于2022-02-11 21:59:33留言☆☆☆\n。","commentTime":"2022-02-12 00:36:00","commentOwner":"=="},{"comment":"历史引用 展开全部▼\n其实，玩梗确实好笑，但过了只会惹人生厌\n№48 ☆☆☆。|85a3975a♥♥于2022-02-11 23:07:27留言☆☆☆\n。","commentTime":"2022-02-12 00:48:03","commentOwner":"。"},{"comment":"历史引用 展开全部▼\n。\n№91         ☆☆☆。|28113265★于2022-02-12 00:48:03留言        ☆☆☆\n我全数字\n我对","commentTime":"2022-02-12 00:48:24","commentOwner":"。"},{"comment":"历史引用 展开全部▼\n我也\n№80 ☆☆☆。|1f352df4于2022-02-11 23:29:42留言☆☆☆\n我也","commentTime":"2022-02-12 00:50:50","commentOwner":"。"},{"comment":"红楼梦，全员be，骨科，替嫁，男不洁、女主死、作者坑、同人大佬续写、避雷\n№3 ☆☆☆_a|4f36f907于2022-02-11 21:55:33留言☆☆☆\n排雷疯魔人（doge）","commentTime":"2022-02-12 00:53:52","commentOwner":"。"}]}