{"id":"640ad061-9318-41d8-8668-e192efde0ada","category":"晋江论坛→网友交流区→碧水江汀 欢迎回来：53088456  退 出","postSubject":"主题：【问梗，问排雷】男二是受的白月光，救过受的性命，后来白月光性命垂危了，让受去假意拯救落魄攻，以骗取治病的传家宝。后来 [6] 【搜索关键词：排雷】","postUrl":"https://bbs.jjwxc.net/showmsg.php?board=17&keyword=%C5%C5%C0%D7&id=1938658","originalPost":"攻小时候受过伤害，心思敏感，终于被受感动了，于是打开心扉一心爱上了受，结果却发现受对他好只是为了骗取信任来救白月光，然后攻原地黑化了。\n雷吗\n感觉有点像是古早狗血的反转版，攻拿了女主剧本，男儿是绿茶白月光，受是渣男……","numberOfReplies":6,"comments":[{"comment":"你的感觉没有错","commentTime":"2022-06-10 15:17:59","commentOwner":"。"},{"comment":"雷","commentTime":"2022-06-10 15:18:18","commentOwner":"。"},{"comment":"我想看","commentTime":"2022-06-10 15:18:40","commentOwner":"。"},{"comment":"嗯，够狗血我喜欢！！","commentTime":"2022-06-10 15:18:49","commentOwner":"……"},{"comment":"刺激，想看","commentTime":"2022-06-10 15:19:12","commentOwner":"。"},{"comment":"这不就是追妻火葬场性转版么，渣攻贱受，攻受互换而已","commentTime":"2022-06-10 15:20:11","commentOwner":"。"}]}