{"id":"0fb49062-67b8-4ef5-9196-7435359e9df7","category":"晋江论坛→网友交流区→碧水江汀 请稍候...","postSubject":"主题：有读者排雷后，收益就凉了…… [4] 【搜索关键词：排雷】","postUrl":"https://bbs.jjwxc.net/showmsg.php?board=17&keyword=%C5%C5%C0%D7&id=1746296","originalPost":"呜呜呜，本就不富裕的家庭瞬间雪上加霜，今天的收益只有前两天的零头了……","numberOfReplies":4,"comments":[{"comment":"啊我也怀疑是不是有读者排雷了……但我很久没看评论区了，是不是看第一章？","commentTime":"2022-02-03 14:05:14","commentOwner":"。"},{"comment":"压下去，排雷很受伤的","commentTime":"2022-02-03 14:05:33","commentOwner":"巴啦啦黑暗小魔仙"},{"comment":"今天缩水到不到两块钱了","commentTime":"2022-02-03 14:06:46","commentOwner":"。"},{"comment":"开小号压就完事了，被排多了我都麻木了，心里丝毫没半点波澜，然后开着小号快乐的吹自己","commentTime":"2022-02-03 14:07:21","commentOwner":"。"}]}