{"id":"05be6d0e-a4c5-4292-8d03-7beddf22f680","category":"晋江论坛→网友交流区→碧水江汀 请稍候...","postSubject":"主题：盗文，一本没订阅，还来正主底下bbll的排雷给你脸了 [0] 【搜索关键词：排雷】","postUrl":"https://bbs.jjwxc.net/showmsg.php?board=17&keyword=%C5%C5%C0%D7&id=1659347","originalPost":"我还没看到，让那种恶心回复停了三天\n难怪收益这么差\n服了，点进去排雷七八楼楼 恨不得每一条评论都去复制粘贴排一下，点进id去看，一本没订阅，回复倒是几十条\n每本回复都在排雷\n谁给你们脸了","numberOfReplies":0,"comments":[]}