{"id":"07141328-8b94-4503-984a-3f94ea29df9f","category":"晋江论坛→网友交流区→碧水江汀 欢迎回来：53088456  退 出","postSubject":"主题：感觉挺好的，只要正常排雷不背刺，我感觉能看的文更多了 [3] 【搜索关键词：排雷】","postUrl":"https://bbs.jjwxc.net/showmsg.php?board=17&keyword=%C5%C5%C0%D7&id=1986215","originalPost":"之前总为cx什么的感到心力交瘁，其实是我把自己逼到某一个点上了。","numberOfReplies":3,"comments":[{"comment":"以前都在说政治正确的话，今天总算有人说实话了","commentTime":"2022-07-12 23:55:56","commentOwner":"。"},{"comment":"nsdd","commentTime":"2022-07-12 23:56:11","commentOwner":"。"},{"comment":"很多时候都是鸽头hyb","commentTime":"2022-07-12 23:59:03","commentOwner":"。"}]}