{
  "id": "11045ab2-9f04-4f35-844a-881ce47dcef1",
  "category": "晋江论坛→网友交流区→碧水江汀 欢迎回来：53088456  退 出",
  "postSubject": "主题：pbc排雷，隔壁贴出来忍不住发帖了 [226] 【搜索关键词：排雷】",
  "postUrl": "https://bbs.jjwxc.net/showmsg.php?board=17&keyword=%C5%C5%C0%D7&id=1759126",
  "originalPost": "建议就建议，还阴阳怪气上排雷的写手了？\n先声明排不排雷是作者自由，但你攻击人什么意思啊？搁这偷换概念呢？\n你没事吧你没事吧你没事吧？",
  "numberOfReplies": 226,
  "comments": [
    {
      "comment": "dd\n我喜欢排雷的作者",
      "commentTime": "2022-02-12 13:16:22",
      "commentOwner": "= ="
    },
    {
      "comment": "我也喜欢排雷的，支持排雷",
      "commentTime": "2022-02-12 13:16:41",
      "commentOwner": "。"
    },
    {
      "comment": "fpb主楼\n建议就建议，还阴阳怪气上排雷的写手了？\n先声明排不排雷是作者自由，但你攻击人什么意思啊？搁这偷换概念呢？\n你没事吧你没事吧你没事吧？",
      "commentTime": "2022-02-12 13:16:54",
      "commentOwner": "。"
    },
    {
      "comment": "dd",
      "commentTime": "2022-02-12 13:17:08",
      "commentOwner": "。。"
    },
    {
      "comment": "本来就是，她很奇怪，自己说自己不在乎负分，然后代表全体作者不在乎负分。然后说自己没排雷怎么怎么样飞了，然后又阴阳怪气排雷的作者",
      "commentTime": "2022-02-12 13:17:29",
      "commentOwner": "= ="
    },
    {
      "comment": "哇隔壁已经是这个走向了吗？",
      "commentTime": "2022-02-12 13:17:33",
      "commentOwner": "。"
    },
    {
      "comment": "直呼你没事吧？你排不排雷我照看，排雷了我更开心，合着我花钱还得跪着。不知道怎么想的",
      "commentTime": "2022-02-12 13:17:39",
      "commentOwner": "。。"
    },
    {
      "comment": "她的逻辑：我没排雷没被骂过，所以其他作者被骂一定是她们的错！",
      "commentTime": "2022-02-12 13:17:43",
      "commentOwner": "。"
    },
    {
      "comment": "我也喜欢排雷的作者，因为我除了主角要双c，没别的雷点，如果这都不排，那我不是好容易踩雷。",
      "commentTime": "2022-02-12 13:17:48",
      "commentOwner": "。"
    },
    {
      "comment": "都喊着不要二极管\n结果都是二极管\n本质还都是“我的行为准则才是最正确的，所有和我不一样的都是异端，趁机把你们全烧s”\n这一套",
      "commentTime": "2022-02-12 13:17:49",
      "commentOwner": "= ="
    },
    {
      "comment": "她的逻辑：我没排雷没被骂过，所以其他作者被骂一定是她们的错！\n№8 ☆☆☆。|674b719a于2022-02-12 13:17:43留言☆☆☆\nyes",
      "commentTime": "2022-02-12 13:17:55",
      "commentOwner": "。。"
    },
    {
      "comment": "首先主楼",
      "commentTime": "2022-02-12 13:17:57",
      "commentOwner": "。"
    },
    {
      "comment": "支持楼楼",
      "commentTime": "2022-02-12 13:18:06",
      "commentOwner": "咕咕子"
    },
    {
      "comment": "dd\n排雷是个人自由。\n建议也是个人自由。\n有些人戾气那么大，没必要",
      "commentTime": "2022-02-12 13:18:13",
      "commentOwner": "。"
    },
    {
      "comment": "排雷没有错。\n支持排雷的作者。\n其他不知道没兴趣不参与",
      "commentTime": "2022-02-12 13:18:42",
      "commentOwner": "。"
    },
    {
      "comment": "为什么排雷就是软包子？\n我真是x了",
      "commentTime": "2022-02-12 13:18:42",
      "commentOwner": "。"
    },
    {
      "comment": "哇隔壁已经是这个走向了吗？\n№6 ☆☆☆。|a3d9ca0c于2022-02-12 13:17:33留言☆☆☆\n她早就这个走向了，不过nt言论被抽楼了",
      "commentTime": "2022-02-12 13:18:44",
      "commentOwner": "= ="
    },
    {
      "comment": "建议就建议，还阴阳怪气上排雷的写手了？\n先声明排不排雷是作者自由，但你攻击人什么意思啊？搁这偷换概念呢？\n你没事吧你没事吧你没事吧？\n№0 ☆☆☆。|b4c9d2b5于2022-02-12 13:15:50留言☆☆☆\n说得好",
      "commentTime": "2022-02-12 13:18:48",
      "commentOwner": "咕咕子"
    },
    {
      "comment": "很高很高楼的隔壁？？",
      "commentTime": "2022-02-12 13:19:00",
      "commentOwner": "=="
    },
    {
      "comment": "为什么排雷就是软包子？\n我真是x了\n№16 ☆☆☆。|b4c9d2b5于2022-02-12 13:18:42留言☆☆☆\n。",
      "commentTime": "2022-02-12 13:19:12",
      "commentOwner": "=="
    },
    {
      "comment": "昨天不是还挺正常的吗……",
      "commentTime": "2022-02-12 13:19:16",
      "commentOwner": "。"
    },
    {
      "comment": "你爱排不排，指手画脚这么高高在上干什么？\n我说了爱排不排，扯什么只是建议，你这是建议的态度吗？",
      "commentTime": "2022-02-12 13:19:26",
      "commentOwner": "。"
    },
    {
      "comment": "简直就是在说排雷的作者自己是软包子所以才招来偏执狂",
      "commentTime": "2022-02-12 13:19:55",
      "commentOwner": "=="
    },
    {
      "comment": "本来就是 为什么排雷就是好欺负",
      "commentTime": "2022-02-12 13:20:19",
      "commentOwner": "咕咕子"
    },
    {
      "comment": "这……都是自己的自由",
      "commentTime": "2022-02-12 13:20:27",
      "commentOwner": "。"
    },
    {
      "comment": "真是无了个大语，隔壁楼还一堆腿毛觉得lz说得对极了，排雷的作者就是自己活该找骂。我直接无语，我小心呵护的太太到她们嘴里成了卑微小包子了气死人",
      "commentTime": "2022-02-12 13:21:11",
      "commentOwner": "。。"
    },
    {
      "comment": "然后人家这里问的是如果不排雷被刷负怎么办？\n这是萌新的担忧，一般来说应该是：很少有这样的人，如果真的很不幸遇见了这样的傻x偏执狂，就无视，表示自己文没有自己认为的任何雷点，没有排雷必要",
      "commentTime": "2022-02-12 13:21:37",
      "commentOwner": "。"
    },
    {
      "comment": "排雷……你好我好大家好",
      "commentTime": "2022-02-12 13:21:38",
      "commentOwner": "。"
    },
    {
      "comment": "我喜欢排雷的作者\n文案标明我觉得雷我就跑了，没标注我被ex到了还不能评论（mrg那事，我排雷了结果一群人骂我爱看不看）\n有的作者不排雷，可以，那也别嚎读者为什么老养肥养s了，真就不敢追没排雷的连载\n至于那些排雷了还要进去舞的sjb，她们不是正常读者范围",
      "commentTime": "2022-02-12 13:22:02",
      "commentOwner": "。"
    },
    {
      "comment": "dd，爱排不排哦，我读者很好谢谢",
      "commentTime": "2022-02-12 13:22:09",
      "commentOwner": "。"
    },
    {
      "comment": "不排雷不是错！排雷也没错！\n文案欺诈夹带私货才有问题！",
      "commentTime": "2022-02-12 13:22:20",
      "commentOwner": "。"
    },
    {
      "comment": "我喜欢排雷的作者\n文案标明我觉得雷我就跑了，没标注我被ex到了还不能评论（mrg那事，我排雷了结果一群人骂我爱看不看）\n有的作者不排雷，可以，那也别嚎读者为什么老养肥养s了，真就不敢追没排雷的连载\n至于那些排雷了还要进去舞的sjb，她们不是正常读者范围\n№29 ☆☆☆。|4e24accc于2022-02-12 13:22:02留言☆☆☆\n。",
      "commentTime": "2022-02-12 13:23:05",
      "commentOwner": "。"
    },
    {
      "comment": "不排雷不是错！排雷也没错！\n文案欺诈夹带私货才有问题！\n№31 ☆☆☆。|b4c9d2b5于2022-02-12 13:22:20留言☆☆☆\ndd 不能更赞同",
      "commentTime": "2022-02-12 13:23:08",
      "commentOwner": "咕咕子"
    },
    {
      "comment": "排雷排雷排雷！！！不排雷我怎么安心花钱？",
      "commentTime": "2022-02-12 13:23:09",
      "commentOwner": "？"
    },
    {
      "comment": "dd 喜欢排雷的大大",
      "commentTime": "2022-02-12 13:23:31",
      "commentOwner": "。。"
    },
    {
      "comment": "上去吧你！",
      "commentTime": "2022-02-12 13:23:52",
      "commentOwner": "咕咕子"
    },
    {
      "comment": "你说你不在意被负分，那是你啊，看清楚人家的问题了没有。\n一个劲儿地说雷点是张力，和梗无关，就是写法，人家就是不吃明白吗？\n主受or主攻，忽然给我来一个反攻，再怎么合情合理我也隔应！",
      "commentTime": "2022-02-12 13:24:10",
      "commentOwner": "。"
    },
    {
      "comment": "不排雷不是错！排雷也没错！\n文案欺诈夹带私货才有问题！\n№31 ☆☆☆。|b4c9d2b5于2022-02-12 13:22:20留言☆☆☆\n排雷的我放心入坑，不排雷的我看评论搜论坛，对我自己而言，我更喜欢排雷了的作者，不排雷的只有特别吸引我的才会看，但是排不排雷都没错，只是从我自己方便也从作者不容易被骂出发来说，还是希望能排雷的",
      "commentTime": "2022-02-12 13:24:28",
      "commentOwner": "=="
    },
    {
      "comment": "排雷的初衷不就是怕被骂吗？",
      "commentTime": "2022-02-12 13:24:31",
      "commentOwner": "＝＝"
    },
    {
      "comment": "隔壁楼原文\n简单粗暴画等号就是\n标签=萌点=客官快来呀！\n排雷=缺点=不吃的别来！\n但……后者其实暴露了作者的软弱性，她在怕麻烦，怕被掐。而偏执狂特别喜欢欺负的就是软萌作者。欺善怕恶才是她们的本性。\n这段话血妈离谱，这就是我开帖问你有事没有的原因",
      "commentTime": "2022-02-12 13:25:18",
      "commentOwner": "。"
    },
    {
      "comment": "她真的很偏执，病态的偏执，她自己不排雷所以不允许别人排雷，说是建议但是那个态度哪里是建议啊，强硬不排雷的合理性和强制让作者排雷的偏执读者一个德行",
      "commentTime": "2022-02-12 13:25:58",
      "commentOwner": "=="
    },
    {
      "comment": "怕麻烦＝软弱？\n那你还真是个斗士啊，那我还说正是因为怕麻烦才不软弱，直接说清楚，莫挨老子，看的心烦",
      "commentTime": "2022-02-12 13:26:06",
      "commentOwner": "。"
    },
    {
      "comment": "隔壁楼原文\n简单粗暴画等号就是\n标签=萌点=客官快来呀！\n排雷=缺点=不吃的别来！\n但……后者其实暴露了作者的软弱性，她在怕麻烦，怕被掐。而偏执狂特别喜欢欺负的就是软萌作者。欺善怕恶才是她们的本性。\n这段话血妈离谱，这就是我开帖问你有事没有的原因\n№40 ☆☆☆。|b4c9d2b5于2022-02-12 13:25:18留言☆☆☆\nddd",
      "commentTime": "2022-02-12 13:26:16",
      "commentOwner": "咕咕子"
    },
    {
      "comment": "太二极管了\n不是一个极端就要走向另一个极端吗？？？\n乌鱼子\n我就排雷怎么了\n碍着谁了？",
      "commentTime": "2022-02-12 13:26:19",
      "commentOwner": "。"
    },
    {
      "comment": "讲真不排雷只要不夹带私货搞欺诈正常读者哪有那么多事，雷又排不完，正常读者会跳过或者直接弃文追别的，到那个lz嘴里就成了刷负读者都有饼，被刷负的作者都烂，排雷的作者都是软包子好欺负。我？？？真是醉了，四星给了她太多自信",
      "commentTime": "2022-02-12 13:26:20",
      "commentOwner": "。。"
    },
    {
      "comment": "隔壁楼原文\n简单粗暴画等号就是\n标签=萌点=客官快来呀！\n排雷=缺点=不吃的别来！\n但……后者其实暴露了作者的软弱性，她在怕麻烦，怕被掐。而偏执狂特别喜欢欺负的就是软萌作者。欺善怕恶才是她们的本性。\n这段话血妈离谱，这就是我开帖问你有事没有的原因\n№40☆☆☆。|b4c9d2b5于2022-02-12 13:25:18留言☆☆☆\n我觉得说的挺有道理的",
      "commentTime": "2022-02-12 13:27:01",
      "commentOwner": "。"
    },
    {
      "comment": "希望我没看过她的文，不想吃shi看到她都恶心",
      "commentTime": "2022-02-12 13:27:14",
      "commentOwner": "。。"
    },
    {
      "comment": "隔壁楼原文\n简单粗暴画等号就是\n标签=萌点=客官快来呀！\n排雷=缺点=不吃的别来！\n但……后者其实暴露了作者的软弱性，她在怕麻烦，怕被掐。而偏执狂特别喜欢欺负的就是软萌作者。欺善怕恶才是她们的本性。\n这段话血妈离谱，这就是我开帖问你有事没有的原因\n№40 ☆☆☆。|b4c9d2b5于2022-02-12 13:25:18留言☆☆☆\n保护我方楼主",
      "commentTime": "2022-02-12 13:27:37",
      "commentOwner": "咕咕子"
    },
    {
      "comment": "排雷的初衷不就是怕被骂吗？\n№39 ☆☆☆＝＝|b814705c于2022-02-12 13:24:31留言☆☆☆\n是不想让不好这口的读者看到不高兴，不好这口，看到排雷，离开，好这口，看到排雷，进来。（排雷的点对有些人来说是毒，对有些人是萌点，最起码我的排雷点就是我萌点）\n你好我好大家好",
      "commentTime": "2022-02-12 13:27:41",
      "commentOwner": "。"
    },
    {
      "comment": "事实证明，nc和星级确实无关",
      "commentTime": "2022-02-12 13:27:43",
      "commentOwner": "。"
    },
    {
      "comment": "dd，像昨天bs读者区双出道的那本bl写bg作者还跳出来盖章睡过的，不排雷我见一次打一次负",
      "commentTime": "2022-02-12 13:28:02",
      "commentOwner": "。"
    },
    {
      "comment": "隔壁楼原文\n简单粗暴画等号就是\n标签=萌点=客官快来呀！\n排雷=缺点=不吃的别来！\n但……后者其实暴露了作者的软弱性，她在怕麻烦，怕被掐。而偏执狂特别喜欢欺负的就是软萌作者。欺善怕恶才是她们的本性。\n这段话血妈离谱，这就是我开帖问你有事没有的原因\n№40☆☆☆。|b4c9d2b5于2022-02-12 13:25:18留言☆☆☆\n你是三星，人家是四星果然是有一些道理的\n排雷就是跪着舔着吃饭呀",
      "commentTime": "2022-02-12 13:28:32",
      "commentOwner": "。"
    },
    {
      "comment": "排雷是筛选目标客户",
      "commentTime": "2022-02-12 13:28:32",
      "commentOwner": "咕咕"
    },
    {
      "comment": "历史引用 展开全部▼\n我觉得说的挺有道理的\n№46 ☆☆☆。|0df96dd9于2022-02-12 13:27:01留言☆☆☆\n这段话逻辑就是错误的，我捋捋",
      "commentTime": "2022-02-12 13:28:36",
      "commentOwner": "。"
    },
    {
      "comment": "四星的清高和高高在上……",
      "commentTime": "2022-02-12 13:28:39",
      "commentOwner": "。"
    },
    {
      "comment": "历史引用 展开全部▼\n我觉得说的挺有道理的\n№46 ☆☆☆。|0df96dd9于2022-02-12 13:27:01留言☆☆☆\n不排雷的作者就没遇到偏执狂了？不排雷的作者多了去了，评论区还不是腥风血雨？排雷就是包子？排雷是对正常读者负责，排不排雷本来就不是什么大事儿，到她嘴里排雷成了罪过了，排雷作者遇到神经病就是活该。笑死人了，你觉得她对那你也挺无语的",
      "commentTime": "2022-02-12 13:28:43",
      "commentOwner": "。。"
    },
    {
      "comment": "历史引用 展开全部▼\n你是三星，人家是四星果然是有一些道理的\n排雷就是跪着舔着吃饭呀\n№52 ☆☆☆。|0df96dd9于2022-02-12 13:28:32留言☆☆☆\n？？？？？您没事吧？",
      "commentTime": "2022-02-12 13:28:55",
      "commentOwner": "=="
    },
    {
      "comment": "唉其实我不喜欢be排雷，因为对我来说就像剧透一样。\n但是我允许别人接受不了的要求排雷啊……\n因为我知道哪怕在我家我都不敢一言堂\n我妈可不惯着我，更别提网友了",
      "commentTime": "2022-02-12 13:29:17",
      "commentOwner": "。"
    },
    {
      "comment": "四星的清高和高高在上……\n№55☆☆☆。|4cb7e958于2022-02-12 13:28:39留言☆☆☆\n同意",
      "commentTime": "2022-02-12 13:29:29",
      "commentOwner": "……"
    },
    {
      "comment": "历史引用 展开全部▼\n你是三星，人家是四星果然是有一些道理的\n排雷就是跪着舔着吃饭呀\n№52 ☆☆☆。|0df96dd9于2022-02-12 13:28:32留言☆☆☆\n你没事吧？你没事吧？你要不要吃溜溜梅啊",
      "commentTime": "2022-02-12 13:29:37",
      "commentOwner": "。"
    },
    {
      "comment": "历史引用 展开全部▼\n？？？？？您没事吧？\n№57 ☆☆☆==|9979d683于2022-02-12 13:28:55留言☆☆☆\n我就说bs的鸽头们跪舔高星啊，四星就一定是对的啊!",
      "commentTime": "2022-02-12 13:29:45",
      "commentOwner": "=="
    },
    {
      "comment": "历史引用 展开全部▼\n你是三星，人家是四星果然是有一些道理的\n排雷就是跪着舔着吃饭呀\n№52 ☆☆☆。|0df96dd9于2022-02-12 13:28:32留言☆☆☆\n你个空星可就别高高在上了吧，当什么腿毛啊？星级决定一切的话你个小空星看到三星作者可以跪舔了",
      "commentTime": "2022-02-12 13:29:45",
      "commentOwner": "。。"
    },
    {
      "comment": "标签有时候和排雷一致，是筛选的过程，雷萌自见2022了不懂？\n根本不是对立的，明显区分的，因为根本就没有人来给这个定标准，每个人的标准都是不一样的，不能用你的规则去让所有人都适应",
      "commentTime": "2022-02-12 13:29:55",
      "commentOwner": "。"
    },
    {
      "comment": "唉其实我不喜欢be排雷，因为对我来说就像剧透一样。\n但是我允许别人接受不了的要求排雷啊……\n因为我知道哪怕在我家我都不敢一言堂\n我妈可不惯着我，更别提网友了\n№58 ☆☆☆。|e28d2811于2022-02-12 13:29:17留言☆☆☆\n。",
      "commentTime": "2022-02-12 13:29:58",
      "commentOwner": "。"
    },
    {
      "comment": "历史引用 展开全部▼\n你是三星，人家是四星果然是有一些道理的\n排雷就是跪着舔着吃饭呀\n№52 ☆☆☆。|0df96dd9于2022-02-12 13:28:32留言☆☆☆\n这就是你空星的原因？",
      "commentTime": "2022-02-12 13:30:11",
      "commentOwner": "咕咕"
    },
    {
      "comment": "历史引用 展开全部▼\n你是三星，人家是四星果然是有一些道理的\n排雷就是跪着舔着吃饭呀\n№52☆☆☆。|0df96dd9于2022-02-12 13:28:32留言☆☆☆\n你是空星，还来指摘三四星的言论了，乖乖闭嘴",
      "commentTime": "2022-02-12 13:30:20",
      "commentOwner": "……"
    },
    {
      "comment": "历史引用 展开全部▼\n这就是你空星的原因？\n№65☆☆☆咕咕|b38f308a于2022-02-12 13:30:11留言☆☆☆\n。",
      "commentTime": "2022-02-12 13:30:23",
      "commentOwner": "。"
    },
    {
      "comment": "历史引用 展开全部▼\n你是三星，人家是四星果然是有一些道理的\n排雷就是跪着舔着吃饭呀\n№52 ☆☆☆。|0df96dd9于2022-02-12 13:28:32留言☆☆☆\n说你马呢 你站起来了 不也空星",
      "commentTime": "2022-02-12 13:30:25",
      "commentOwner": "咕咕子"
    },
    {
      "comment": "出个隐藏标签它不香吗",
      "commentTime": "2022-02-12 13:30:27",
      "commentOwner": "。"
    },
    {
      "comment": "上面的空心不知道是故意这么说，还是千层饼，按照你的逻辑来说，那你恐怕还要舔我",
      "commentTime": "2022-02-12 13:30:28",
      "commentOwner": "。"
    },
    {
      "comment": "标签有时候和排雷一致，是筛选的过程，雷萌自见2022了不懂？\n根本不是对立的，明显区分的，因为根本就没有人来给这个定标准，每个人的标准都是不一样的，不能用你的规则去让所有人都适应\n№63 ☆☆☆。|b4c9d2b5于2022-02-12 13:29:55留言☆☆☆\n同意，有的排雷我看到了反而觉得卧槽好有趣，既然雷点也是萌点那有什么不敢写在文案上的？萌点清晰被读者看到了不是更好吗，我不李姐她",
      "commentTime": "2022-02-12 13:31:02",
      "commentOwner": "。。"
    },
    {
      "comment": "历史引用 展开全部▼\n你是三星，人家是四星果然是有一些道理的\n排雷就是跪着舔着吃饭呀\n№52 ☆☆☆。|0df96dd9于2022-02-12 13:28:32留言☆☆☆\n你没是吧，这就是糊成空星的原因？",
      "commentTime": "2022-02-12 13:31:23",
      "commentOwner": "= ="
    },
    {
      "comment": "排雷是筛选目标客户\n№53 ☆☆☆咕咕|b38f308a于2022-02-12 13:28:32留言☆☆☆\n就和产品有定位一样，文章也有定位，确认细分目标群体",
      "commentTime": "2022-02-12 13:31:27",
      "commentOwner": "咕咕"
    },
    {
      "comment": "不是要创作自由 那么要不要排雷应该也是自由选择嘛 强制别人站一边不是二极管行为？",
      "commentTime": "2022-02-12 13:31:36",
      "commentOwner": "23333"
    },
    {
      "comment": "反正我写大众雷点会文案第一行排雷……你好我好大家好，而且反而有喜欢这种大众雷点的读者摸进来",
      "commentTime": "2022-02-12 13:31:40",
      "commentOwner": "。"
    },
    {
      "comment": "历史引用 展开全部▼\n说你马呢 你站起来了 不也空星\n№68 ☆☆☆咕咕子|97830030于2022-02-12 13:30:25留言☆☆☆\n那你不也是空星？速来跪舔楼主，请看到高星自觉跪舔",
      "commentTime": "2022-02-12 13:31:47",
      "commentOwner": "。。"
    },
    {
      "comment": "历史引用 展开全部▼\n同意，有的排雷我看到了反而觉得卧槽好有趣，既然雷点也是萌点那有什么不敢写在文案上的？萌点清晰被读者看到了不是更好吗，我不李姐她\n№71 ☆☆☆。。|20942a71于2022-02-12 13:31:02留言☆☆☆\n是的，有些排雷我直接跑，有些排雷我垂直入。",
      "commentTime": "2022-02-12 13:32:02",
      "commentOwner": "。"
    },
    {
      "comment": "我只看排过雷的文，没排雷的我要先去各论坛搜一下读者排雷才决定看不看，照隔壁有些人的说法读者排雷会夸大其词，那难道你们不排雷我去搜排雷贴不就比作者自己排雷赶走更多潜在读者了吗？",
      "commentTime": "2022-02-12 13:32:15",
      "commentOwner": "。"
    },
    {
      "comment": "这里声明所谓的大众雷点，不包含be之类的，只要不是标轻松然后甜文之类的be就行",
      "commentTime": "2022-02-12 13:32:23",
      "commentOwner": "。"
    },
    {
      "comment": "反正我写大众雷点会文案第一行排雷……你好我好大家好，而且反而有喜欢这种大众雷点的读者摸进来\n№75 ☆☆☆。|cf1bd85f于2022-02-12 13:31:40留言☆☆☆\n。",
      "commentTime": "2022-02-12 13:32:35",
      "commentOwner": "。"
    },
    {
      "comment": "那个楼主高强度发表意见，但是没看到回问她是不是男非女c文里没明写读者一般会默认双c所以不排雷没被骂的（）\n就像昨天那本bl文里写受睡了女人的，本来看文读者一般都默认幻境是没睡，也没闹大，作者自己跳出来强调就是睡了才爆雷的（）",
      "commentTime": "2022-02-12 13:32:45",
      "commentOwner": "= ="
    },
    {
      "comment": "这里声明所谓的大众雷点，不包含be之类的，只要不是标轻松然后甜文之类的be就行\n№79 ☆☆☆。|b4c9d2b5于2022-02-12 13:32:23留言☆☆☆\n如果一开始明明白白标出来就没问题啊，还有火葬场写明换不换男主的",
      "commentTime": "2022-02-12 13:33:13",
      "commentOwner": "。"
    },
    {
      "comment": "我只看排过雷的文，没排雷的我要先去各论坛搜一下读者排雷才决定看不看，照隔壁有些人的说法读者排雷会夸大其词，那难道你们不排雷我去搜排雷贴不就比作者自己排雷赶走更多潜在读者了吗？\n№78☆☆☆。|c1ca58ef于2022-02-12 13:32:15留言☆☆☆\n没注意是病句，去掉难道",
      "commentTime": "2022-02-12 13:33:26",
      "commentOwner": "。"
    },
    {
      "comment": "历史引用 展开全部▼\n你是三星，人家是四星果然是有一些道理的\n排雷就是跪着舔着吃饭呀\n№52 ☆☆☆。|0df96dd9于2022-02-12 13:28:32留言☆☆☆\n你还不是在舔四星？还好意思说人家跪着舔着吃饭，笑死个人，没见过这么回旋镖扎自己的哈哈哈哈",
      "commentTime": "2022-02-12 13:33:40",
      "commentOwner": "。"
    },
    {
      "comment": "历史引用 展开全部▼\n我觉得说的挺有道理的\n№46 ☆☆☆。|0df96dd9于2022-02-12 13:27:01留言☆☆☆\n我排雷不是因为我软包子，只是因为我看文的时候也不想踩雷，所以才会文案排雷，她是一棒子打死所有人",
      "commentTime": "2022-02-12 13:33:43",
      "commentOwner": "=="
    },
    {
      "comment": "那个楼主高强度发表意见，但是没看到回问她是不是男非女c文里没明写读者一般会默认双c所以不排雷没被骂的（）\n就像昨天那本bl文里写受睡了女人的，本来看文读者一般都默认幻境是没睡，也没闹大，作者自己跳出来强调就是睡了才爆雷的（）\n№81 ☆☆☆= =|05d98052于2022-02-12 13:32:45留言☆☆☆\n对，只要你不特地强调男主睡了几个人，怎么睡，谁会抓着不放，那么欢颜之前那些豪门离婚，直接接原主崽崽的，那还写不写了？谁去大规模排雷骂了吗？",
      "commentTime": "2022-02-12 13:34:11",
      "commentOwner": "。"
    },
    {
      "comment": "历史引用 展开全部▼\n你是三星，人家是四星果然是有一些道理的\n排雷就是跪着舔着吃饭呀\n№52 ☆☆☆。|0df96dd9于2022-02-12 13:28:32留言☆☆☆\n好标准的舔狗",
      "commentTime": "2022-02-12 13:34:25",
      "commentOwner": "=="
    },
    {
      "comment": "四星顶得住冲击，她可以不排雷，别人能行吗！\n而且对我来说，我排雷了你还bbll我可以锤你，我不排雷就是我理亏，多数人排的还是大众雷点",
      "commentTime": "2022-02-12 13:34:28",
      "commentOwner": "。"
    },
    {
      "comment": "历史引用 展开全部▼\n我排雷不是因为我软包子，只是因为我看文的时候也不想踩雷，所以才会文案排雷，她是一棒子打死所有人\n№85 ☆☆☆==|d56a63d7于2022-02-12 13:33:43留言☆☆☆\ndd",
      "commentTime": "2022-02-12 13:34:33",
      "commentOwner": "。"
    },
    {
      "comment": "这世道还是变了，看文的魔怔了，写文的胆怯了",
      "commentTime": "2022-02-12 13:34:45",
      "commentOwner": "。"
    },
    {
      "comment": "我一开始没排雷文是无脑爽文，然后好多杠精说无脑\n后来我排雷是无脑爽文，还是有杠精把我排雷的项目重新说一遍\n那个作者说她不排雷，没有遇到过杠精，绝对是假的\n杠精就是不管你排雷不排雷，都会杠",
      "commentTime": "2022-02-12 13:34:57",
      "commentOwner": "= ="
    },
    {
      "comment": "历史引用 展开全部▼\n我排雷不是因为我软包子，只是因为我看文的时候也不想踩雷，所以才会文案排雷，她是一棒子打死所有人\n№85 ☆☆☆==|d56a63d7于2022-02-12 13:33:43留言☆☆☆\n。",
      "commentTime": "2022-02-12 13:35:05",
      "commentOwner": "。"
    },
    {
      "comment": "我除了是作者，更是读者。\n我作为读者的时候，很怕踩雷，喜欢看作者排雷。\n现在身为作者，我也能体会读者。",
      "commentTime": "2022-02-12 13:35:09",
      "commentOwner": "。"
    },
    {
      "comment": "我也是",
      "commentTime": "2022-02-12 13:35:25",
      "commentOwner": "。"
    },
    {
      "comment": "还是那句话，排不排雷都不该挨骂，文案欺诈才有问题，文章的基调，试读的读者自然会看，也会知道合不合适自己。",
      "commentTime": "2022-02-12 13:35:37",
      "commentOwner": "。"
    },
    {
      "comment": "这世道还是变了，看文的魔怔了，写文的胆怯了\n№90 ☆☆☆。|cde260c7于2022-02-12 13:34:45留言☆☆☆\n笑死了，你也是看不懂情况，写文的胆怯什么？没看隔壁楼里有人都说了么读者踩雷自己活该，作者不用把她们当人看",
      "commentTime": "2022-02-12 13:35:56",
      "commentOwner": "=="
    },
    {
      "comment": "这世道还是变了，看文的魔怔了，写文的胆怯了\n№90☆☆☆。|cde260c7于2022-02-12 13:34:45留言☆☆☆\n好像只有晋江这样……",
      "commentTime": "2022-02-12 13:35:57",
      "commentOwner": "。"
    },
    {
      "comment": "我一开始没排雷文是无脑爽文，然后好多杠精说无脑\n后来我排雷是无脑爽文，还是有杠精把我排雷的项目重新说一遍\n那个作者说她不排雷，没有遇到过杠精，绝对是假的\n杠精就是不管你排雷不排雷，都会杠\n№91 ☆☆☆= =|795f2d9a于2022-02-12 13:34:57留言☆☆☆\n那是杠精，杠精怎么都烦人的。可是正常读者想要一个【小心这里可能是雷】的警告牌嘛",
      "commentTime": "2022-02-12 13:36:12",
      "commentOwner": "。"
    },
    {
      "comment": "这世道还是变了，看文的魔怔了，写文的胆怯了\n№90☆☆☆。|cde260c7于2022-02-12 13:34:45留言☆☆☆\n啊这排雷就是作者胆怯？不会吧不会吧，不会真觉得所有作者都不想排雷吧\n就好像楼上有咕咕说的，她当读者要看排雷，所以自己写文时也会排雷，推己及人不是很正常吗",
      "commentTime": "2022-02-12 13:36:13",
      "commentOwner": "。"
    },
    {
      "comment": "作者排雷，可以避免部分杠精",
      "commentTime": "2022-02-12 13:36:25",
      "commentOwner": "。"
    },
    {
      "comment": "标签有时候和排雷一致，是筛选的过程，雷萌自见2022了不懂？\n根本不是对立的，明显区分的，因为根本就没有人来给这个定标准，每个人的标准都是不一样的，不能用你的规则去让所有人都适应\n№63 ☆☆☆。|b4c9d2b5于2022-02-12 13:29:55留言☆☆☆\nm攻s受应该是很多人的雷点，但这是我的萌点，要是有作者在文案上排雷m攻s受，我肯定火速收藏追连载一路彩虹屁，只可惜ljj不让写bds/m，泪",
      "commentTime": "2022-02-12 13:36:39",
      "commentOwner": "=="
    },
    {
      "comment": "我一开始没排雷文是无脑爽文，然后好多杠精说无脑\n后来我排雷是无脑爽文，还是有杠精把我排雷的项目重新说一遍\n那个作者说她不排雷，没有遇到过杠精，绝对是假的\n杠精就是不管你排雷不排雷，都会杠\n№91 ☆☆☆= =|795f2d9a于2022-02-12 13:34:57留言☆☆☆\n没错，之前根本没排雷，没人骂，这本有人说我就决定标一下我的风格是啥，不合适别进来，还来犯见我就不客气了",
      "commentTime": "2022-02-12 13:36:46",
      "commentOwner": "。"
    },
    {
      "comment": "隔壁真的是二极管，说都是读者和网站的问题，好像他们多么高贵，给我整无语了，现在网文市场这么大，筛选目标客户还成了啥不对的事？而且又不是每个人都能接受负分。反正我肯定排雷，因为我希望我看的时候作者也排雷，省时省力大家都好",
      "commentTime": "2022-02-12 13:37:04",
      "commentOwner": "。"
    },
    {
      "comment": "历史引用 展开全部▼\n那你不也是空星？速来跪舔楼主，请看到高星自觉跪舔\n№76 ☆☆☆。。|20942a71于2022-02-12 13:31:47留言☆☆☆\n你还从这隔着楼跪舔呢，腿毛",
      "commentTime": "2022-02-12 13:37:10",
      "commentOwner": "咕咕子"
    },
    {
      "comment": "历史引用 展开全部▼\n对，只要你不特地强调男主睡了几个人，怎么睡，谁会抓着不放，那么欢颜之前那些豪门离婚，直接接原主崽崽的，那还写不写了？谁去大规模排雷骂了吗？\n№86 ☆☆☆。|b4c9d2b5于2022-02-12 13:34:11留言☆☆☆\n。\n就像前几天那本夹子，文案上说男主不近女色，禁欲，清心寡欲，文案也不排雷。\n洁党进去后正文直接雷炸，男主睡过各种女人……",
      "commentTime": "2022-02-12 13:37:14",
      "commentOwner": "。"
    },
    {
      "comment": "我除了是作者，更是读者。\n我作为读者的时候，很怕踩雷，喜欢看作者排雷。\n现在身为作者，我也能体会读者。\n№93 ☆☆☆。|4cb7e958于2022-02-12 13:35:09留言☆☆☆\n+1",
      "commentTime": "2022-02-12 13:37:39",
      "commentOwner": "。"
    },
    {
      "comment": "历史引用 展开全部▼\n啊这排雷就是作者胆怯？不会吧不会吧，不会真觉得所有作者都不想排雷吧\n就好像楼上有咕咕说的，她当读者要看排雷，所以自己写文时也会排雷，推己及人不是很正常吗\n№99 ☆☆☆。|c1ca58ef于2022-02-12 13:36:13留言☆☆☆\n就是说呢，排雷作者推己及人不排雷也没事，这么简单的事情怎么到了某些二极管嘴里就成了不排雷高高在上排雷活该被欺负",
      "commentTime": "2022-02-12 13:37:41",
      "commentOwner": "！"
    },
    {
      "comment": "历史引用 展开全部▼\n那是杠精，杠精怎么都烦人的。可是正常读者想要一个【小心这里可能是雷】的警告牌嘛\n№98 ☆☆☆。|8dffd3eb♥♥♥于2022-02-12 13:36:12留言☆☆☆\n我知道啊\n所以我要表达的是，排雷不排雷，杠精都会骂，所以那个作者的言论不成立啊（她说不排雷就不会被杠）\n我是作者，也是读者，我站在读者的角度，非常需要排雷，因为我雷点好多，而且还特别高",
      "commentTime": "2022-02-12 13:38:01",
      "commentOwner": "= ="
    },
    {
      "comment": "宝子们，不用战战兢兢过头，觉得什么都要排，但也不要偏听偏信，觉得什么都不用标，你一定要考虑到自己的情况和自己的心理承受能力，来做相应的决定",
      "commentTime": "2022-02-12 13:38:20",
      "commentOwner": "。"
    },
    {
      "comment": "历史引用 展开全部▼\n你还从这隔着楼跪舔呢，腿毛\n№104 ☆☆☆咕咕子|97830030于2022-02-12 13:37:10留言☆☆☆\n我可不是腿毛，我只是正常人罢了，如果我看的没错的话你应该是隔壁楼那个四星的舔狗过来咬人了吧",
      "commentTime": "2022-02-12 13:38:45",
      "commentOwner": "！"
    },
    {
      "comment": "历史引用 展开全部▼\n。\n就像前几天那本夹子，文案上说男主不近女色，禁欲，清心寡欲，文案也不排雷。\n洁党进去后正文直接雷炸，男主睡过各种女人……\n№105 ☆☆☆。|4cb7e958于2022-02-12 13:37:14留言☆☆☆\n天呐，这不就是文案欺诈吗",
      "commentTime": "2022-02-12 13:38:46",
      "commentOwner": "。"
    },
    {
      "comment": "历史引用 展开全部▼\n是的，有些排雷我直接跑，有些排雷我垂直入。\n№77☆☆☆。|4cb7e958于2022-02-12 13:32:02留言☆☆☆\n。\n爱排不排非得出来呼吁建议。\n非得出来做意见领袖\n不管是阅读体验写作体验还是良心都告诉我一些特别的点还是要标明\n别人避雷生子，我就爱看生子，垂直入坑从来不含糊。",
      "commentTime": "2022-02-12 13:38:49",
      "commentOwner": "。"
    },
    {
      "comment": "历史引用 展开全部▼\n。\n爱排不排非得出来呼吁建议。\n非得出来做意见领袖\n不管是阅读体验写作体验还是良心都告诉我一些特别的点还是要标明\n别人避雷生子，我就爱看生子，垂直入坑从来不含糊。\n№112 ☆☆☆。|7a0af50c于2022-02-12 13:38:49留言☆☆☆\ndd",
      "commentTime": "2022-02-12 13:39:49",
      "commentOwner": "。"
    },
    {
      "comment": "那个四星作者，也许是没有写到雷点，所以读者没杠她\n如果她写了雷点，她没有排雷，绝对被骂飞（哪怕是大神作者也有被骂的= =）",
      "commentTime": "2022-02-12 13:39:56",
      "commentOwner": "= ="
    },
    {
      "comment": "历史引用 展开全部▼\n。\n爱排不排非得出来呼吁建议。\n非得出来做意见领袖\n不管是阅读体验写作体验还是良心都告诉我一些特别的点还是要标明\n别人避雷生子，我就爱看生子，垂直入坑从来不含糊。\n№112 ☆☆☆。|7a0af50c于2022-02-12 13:38:49留言☆☆☆\n就是说啊，居然觉得雷点是萌点写出来有什么关系，有的人雷可有的人喜欢啊，走了一部分又来一部分又没什么损失",
      "commentTime": "2022-02-12 13:39:57",
      "commentOwner": "！"
    },
    {
      "comment": "历史引用 展开全部▼\n我知道啊\n所以我要表达的是，排雷不排雷，杠精都会骂，所以那个作者的言论不成立啊（她说不排雷就不会被杠）\n我是作者，也是读者，我站在读者的角度，非常需要排雷，因为我雷点好多，而且还特别高\n№108 ☆☆☆= =|795f2d9a于2022-02-12 13:38:01留言☆☆☆\n杠精太多了，我一个读者经常看到精彩部分冲进评论区想找相同看法的讨论两句，就看见有些人揪着莫名其妙的点发散攻击小说或者作者，很扫兴。如果有拉黑功能就好了",
      "commentTime": "2022-02-12 13:40:18",
      "commentOwner": "。"
    },
    {
      "comment": "宝子们，不用战战兢兢过头，觉得什么都要排，但也不要偏听偏信，觉得什么都不用标，你一定要考虑到自己的情况和自己的心理承受能力，来做相应的决定\n№109☆☆☆。|b4c9d2b5于2022-02-12 13:38:20留言☆☆☆\n不错\n如果有刷到隔壁四星楼被气到的纯读者也可以来看看，不是所有人都跟隔壁某些作者一样的",
      "commentTime": "2022-02-12 13:40:42",
      "commentOwner": "。"
    },
    {
      "comment": "历史引用 展开全部▼\n。\n就像前几天那本夹子，文案上说男主不近女色，禁欲，清心寡欲，文案也不排雷。\n洁党进去后正文直接雷炸，男主睡过各种女人……\n№105 ☆☆☆。|4cb7e958于2022-02-12 13:37:14留言☆☆☆\n这就是文案诈骗啊",
      "commentTime": "2022-02-12 13:40:57",
      "commentOwner": "。"
    },
    {
      "comment": "历史引用 展开全部▼\n我可不是腿毛，我只是正常人罢了，如果我看的没错的话你应该是隔壁楼那个四星的舔狗过来咬人了吧\n№110 ☆☆☆！|20942a71于2022-02-12 13:38:45留言☆☆☆\n我骂那个说四星说的果然有道理的 解解 我站楼主的 排雷不排雷不是每个人的自由吗？你说啥呢？",
      "commentTime": "2022-02-12 13:41:04",
      "commentOwner": "咕咕子"
    },
    {
      "comment": "宝子们，不用战战兢兢过头，觉得什么都要排，但也不要偏听偏信，觉得什么都不用标，你一定要考虑到自己的情况和自己的心理承受能力，来做相应的决定\n№109 ☆☆☆。|b4c9d2b5于2022-02-12 13:38:20留言☆☆☆\n。",
      "commentTime": "2022-02-12 13:41:36",
      "commentOwner": "。"
    },
    {
      "comment": "反正隔壁楼的文我绝对没看过，哈，谁爱看不排雷的文谁就去看，反正我不看。",
      "commentTime": "2022-02-12 13:42:04",
      "commentOwner": "。"
    },
    {
      "comment": "历史引用 展开全部▼\n我骂那个说四星说的果然有道理的 解解 我站楼主的 排雷不排雷不是每个人的自由吗？你说啥呢？\n№119 ☆☆☆咕咕子|97830030于2022-02-12 13:41:04留言☆☆☆\n卧槽对不起我好像骂错人了，我是想骂你怼那个来着……你骂我吧",
      "commentTime": "2022-02-12 13:43:20",
      "commentOwner": "！"
    },
    {
      "comment": "历史引用 展开全部▼\n杠精太多了，我一个读者经常看到精彩部分冲进评论区想找相同看法的讨论两句，就看见有些人揪着莫名其妙的点发散攻击小说或者作者，很扫兴。如果有拉黑功能就好了\n№116 ☆☆☆。|8dffd3eb♥♥♥于2022-02-12 13:40:18留言☆☆☆\n是啊\n杠精太多了orz\n要有颗大心脏才行",
      "commentTime": "2022-02-12 13:43:31",
      "commentOwner": "= ="
    },
    {
      "comment": "都是成年人了，有点主见，排不排雷是你的自由，并不是排雷就是软弱，就是好欺负，别隔壁高星楼主说啥你就信啥",
      "commentTime": "2022-02-12 13:43:59",
      "commentOwner": "咕咕子"
    },
    {
      "comment": "我喜欢有标明的作者，不管是给人排雷还是作者写出个人萌点，标好注明好总是好的，其实想想这也不是排雷，标明出来只是把一个频道的分类再在这频道下分一遍吧",
      "commentTime": "2022-02-12 13:44:25",
      "commentOwner": "。"
    },
    {
      "comment": "排雷≠软弱\n我还跟她的观察结果截然相反呢，我觉得写了排雷的找骂的没那么多，有效防杠。\n以及，你写出来你自己肯定是不觉得雷的，也没觉得有什么累的地方，你就不用标。\n什么排雷副cp请无视，只需要在副cp专属章节的标题或者章节提要或者前一章作话里，如果是在主cp里一笔带过的，那就更不用了。\n当然，如果篇幅特别长的话，还是需要在文案上提醒一下。",
      "commentTime": "2022-02-12 13:45:35",
      "commentOwner": "。"
    },
    {
      "comment": "排不排雷是自由，没有强制排或者不排，但一般为了避免争议，有些题材会排雷",
      "commentTime": "2022-02-12 13:46:48",
      "commentOwner": "=="
    },
    {
      "comment": "而且有的作者不是说排雷，而是说“阅读指南”，希望那个四星不要那么清高学一下语言的艺术",
      "commentTime": "2022-02-12 13:47:51",
      "commentOwner": "。。"
    },
    {
      "comment": "我清秀我今天说的都对",
      "commentTime": "2022-02-12 13:48:07",
      "commentOwner": "。。"
    },
    {
      "comment": "历史引用 展开全部▼\n卧槽对不起我好像骂错人了，我是想骂你怼那个来着……你骂我吧\n№122 ☆☆☆！|20942a71于2022-02-12 13:43:20留言☆☆☆\n发现就好，是友军啊",
      "commentTime": "2022-02-12 13:48:43",
      "commentOwner": "咕咕子"
    },
    {
      "comment": "排雷≠软弱\n我还跟她的观察结果截然相反呢，我觉得写了排雷的找骂的没那么多，有效防杠。\n以及，你写出来你自己肯定是不觉得雷的，也没觉得有什么累的地方，你就不用标。\n什么排雷副cp请无视，只需要在副cp专属章节的标题或者章节提要或者前一章作话里，如果是在主cp里一笔带过的，那就更不用了。\n当然，如果篇幅特别长的话，还是需要在文案上提醒一下。\n№126 ☆☆☆。|b4c9d2b5★★★于2022-02-12 13:45:35留言☆☆☆\n你是三星，哪有写男非女处不排雷那本四星的太太权威呢（狗头）\n隔壁四星说是建议，但点进楼里一看可不太像建议的样子，怎么那么高高在上呢",
      "commentTime": "2022-02-12 13:48:56",
      "commentOwner": "。"
    },
    {
      "comment": "排雷≠软弱\n我还跟她的观察结果截然相反呢，我觉得写了排雷的找骂的没那么多，有效防杠。\n以及，你写出来你自己肯定是不觉得雷的，也没觉得有什么累的地方，你就不用标。\n什么排雷副cp请无视，只需要在副cp专属章节的标题或者章节提要或者前一章作话里，如果是在主cp里一笔带过的，那就更不用了。\n当然，如果篇幅特别长的话，还是需要在文案上提醒一下。\n№126 ☆☆☆。|b4c9d2b5于2022-02-12 13:45:35留言☆☆☆\ndd，她说自己写出来没人杠只能说没有那种值得别人杠一杠的爆点",
      "commentTime": "2022-02-12 13:49:03",
      "commentOwner": "。。"
    },
    {
      "comment": "历史引用 展开全部▼\n发现就好，是友军啊\n№130 ☆☆☆咕咕子|97830030于2022-02-12 13:48:43留言☆☆☆\n对不起友军",
      "commentTime": "2022-02-12 13:49:21",
      "commentOwner": "。。"
    },
    {
      "comment": "不是所有读者都是写手，但所有写手都是读者，宝子们想想自己看文时候的习惯，如果你全然不在意，也不觉得自己有什么雷的地方，那你就不用在意那些言论，爱谁谁。\n要说的人稍微有点多，而你也懒得再看到这样的文字越来越多，写个提醒也没错，你好我好大家好。\n搞读者作者对立的都是大坏蛋！\n搞星级跪舔的都是大笨蛋！\n或许他们的成绩我们永远也达不到，是我们需要仰望的大佬，但这不代表他的观点就永远是对的，我们要有自己的思考，根据自己的情况来看问题。\n再次申明：不排雷没错，排雷也没错，文案标签欺诈才有错！",
      "commentTime": "2022-02-12 13:49:44",
      "commentOwner": "。"
    },
    {
      "comment": "我只看明确排雷的文，不想吃屎就是说",
      "commentTime": "2022-02-12 13:50:06",
      "commentOwner": "可乐赛高"
    },
    {
      "comment": "纯读者代表我个人再说一下，隔壁楼说的那种大家都不排雷读者就会乖乖看文是不存在的，毕竟我的空余时间不是只能看文，还可以打游戏什么的\n现在很多作者排雷，我看上文案但是没有排雷需要我搜排雷贴的只有一小部分，花的时间不是很长没关系\n如果每一篇文我都要搜排雷贴，你猜我会真的一本一本搜完还是直接关闭jj去打游戏？\n总之排雷的作者都是天使，要是不排雷让我看到走出舒适区那种文我真的会吐",
      "commentTime": "2022-02-12 13:50:26",
      "commentOwner": "。"
    },
    {
      "comment": "不是所有读者都是写手，但所有写手都是读者，宝子们想想自己看文时候的习惯，如果你全然不在意，也不觉得自己有什么雷的地方，那你就不用在意那些言论，爱谁谁。\n要说的人稍微有点多，而你也懒得再看到这样的文字越来越多，写个提醒也没错，你好我好大家好。\n搞读者作者对立的都是大坏蛋！\n搞星级跪舔的都是大笨蛋！\n或许他们的成绩我们永远也达不到，是我们需要仰望的大佬，但这不代表他的观点就永远是对的，我们要有自己的思考，根据自己的情况来看问题。\n再次申明：不排雷没错，排雷也没错，文案标签欺诈才有错！\n№134 ☆☆☆。|b4c9d2b5于2022-02-12 13:49:44留言☆☆☆\n我恨文案标签欺诈",
      "commentTime": "2022-02-12 13:50:27",
      "commentOwner": "=="
    },
    {
      "comment": "偏执狂作者和偏执读者锁死\n真是无语，指手画脚的",
      "commentTime": "2022-02-12 13:50:33",
      "commentOwner": "。"
    },
    {
      "comment": "不是所有读者都是写手，但所有写手都是读者，宝子们想想自己看文时候的习惯，如果你全然不在意，也不觉得自己有什么雷的地方，那你就不用在意那些言论，爱谁谁。\n要说的人稍微有点多，而你也懒得再看到这样的文字越来越多，写个提醒也没错，你好我好大家好。\n搞读者作者对立的都是大坏蛋！\n搞星级跪舔的都是大笨蛋！\n或许他们的成绩我们永远也达不到，是我们需要仰望的大佬，但这不代表他的观点就永远是对的，我们要有自己的思考，根据自己的情况来看问题。\n再次申明：不排雷没错，排雷也没错，文案标签欺诈才有错！\n№134 ☆☆☆。|b4c9d2b5于2022-02-12 13:49:44留言☆☆☆\n顶顶顶\n楼主说的很对",
      "commentTime": "2022-02-12 13:50:53",
      "commentOwner": "。"
    },
    {
      "comment": "希望隔壁四星楼主和神经病读者锁死，一个高高在上一个见人就咬简直绝配",
      "commentTime": "2022-02-12 13:51:45",
      "commentOwner": "。。"
    },
    {
      "comment": "历史引用 展开全部▼\n发现就好，是友军啊\n№130 ☆☆☆咕咕子|97830030于2022-02-12 13:48:43留言☆☆☆\n看到楼上才发现差点被隔壁带偏了，阅读指南不就是雷和萌点一起标出来了的吗\n。。|20942a71?№128??2022-02-12 13:47:51而且有的作者不是说排雷，而是说“阅读指南”，希望那个四星不要那么清高学一下语言的艺术",
      "commentTime": "2022-02-12 13:51:59",
      "commentOwner": "。"
    },
    {
      "comment": "我喜欢排雷的作者(简直就是天使这种作者！）哪怕排的是我雷点我也特别感激作者，但我是那种摸摸潜水不说话的人，我是特爱女非男处和双初的那种读者，所以看到作者有排雷说双方都非，或者男非女处，我不会看文，但我就会特别特别感激，恨不得亲一口作者，要是经济允许我还想投个雷感激再走。\n所以我非常讨厌总是骂洁党的人，我从来不发声，结果不管是不是洁党，我好像总是被代表然后被骂。\n所以，我非常诚恳想说，我的雷点是因为那个雷却是让我很难受（曾经看过一本我巨雷，问了作者也当做看不见，当然我问之前我砸了地雷小心翼翼才问的，但是……反正那本书我差不多连续半个月无法去看其他文，堪称噩梦。）\n所以我真的真的真的真的特别感激作者排雷，潜水默默追更的读者此刻非常认真回复，跪求各位太太康康可怜默默潜水鸽子的心声！",
      "commentTime": "2022-02-12 13:52:07",
      "commentOwner": "泪目"
    },
    {
      "comment": "隔壁大佬，少做意见领袖啊，教人做事还给人下定义可不会让人开心",
      "commentTime": "2022-02-12 13:52:22",
      "commentOwner": "。"
    },
    {
      "comment": "反正除了熟悉的作者我是绝对不会看不排雷的文的",
      "commentTime": "2022-02-12 13:52:59",
      "commentOwner": "。"
    },
    {
      "comment": "纯读者代表我个人再说一下，隔壁楼说的那种大家都不排雷读者就会乖乖看文是不存在的，毕竟我的空余时间不是只能看文，还可以打游戏什么的\n现在很多作者排雷，我看上文案但是没有排雷需要我搜排雷贴的只有一小部分，花的时间不是很长没关系\n如果每一篇文我都要搜排雷贴，你猜我会真的一本一本搜完还是直接关闭jj去打游戏？\n总之排雷的作者都是天使，要是不排雷让我看到走出舒适区那种文我真的会吐\n№136 ☆☆☆。|c1ca58ef于2022-02-12 13:50:26留言☆☆☆\n。",
      "commentTime": "2022-02-12 13:53:33",
      "commentOwner": "。"
    },
    {
      "comment": "隔壁大佬，少做意见领袖啊，教人做事还给人下定义可不会让人开心\n№143 ☆☆☆。|b4c9d2b5于2022-02-12 13:52:22留言☆☆☆\ndddd 楼主说的都对",
      "commentTime": "2022-02-12 13:53:43",
      "commentOwner": "咕咕子"
    },
    {
      "comment": "隔壁属实有脑子上四星没脑子说话……",
      "commentTime": "2022-02-12 13:54:15",
      "commentOwner": "。。"
    },
    {
      "comment": "历史引用 展开全部▼\n看到楼上才发现差点被隔壁带偏了，阅读指南不就是雷和萌点一起标出来了的吗\n。。|20942a71?№128??2022-02-12 13:47:51而且有的作者不是说排雷，而是说“阅读指南”，希望那个四星不要那么清高学一下语言的艺术\n№141 ☆☆☆。|02ec95d6于2022-02-12 13:51:59留言☆☆☆\n对呀，所以隔壁楼主根本二极管本管而且想问题真的不全面只会一竿子打死",
      "commentTime": "2022-02-12 13:54:47",
      "commentOwner": "。。"
    },
    {
      "comment": "我喜欢排雷的作者，这样的作者简直就是天使对读者太友好了，一眼可以看到自己喜欢的梗和不喜欢的梗方便筛选，喜欢就冲，不喜欢就右上角，好感满分",
      "commentTime": "2022-02-12 13:54:47",
      "commentOwner": "啊"
    },
    {
      "comment": "歪个楼，感觉楼主是个理智又温柔的咕哈哈哈",
      "commentTime": "2022-02-12 13:55:19",
      "commentOwner": "。"
    },
    {
      "comment": "我喜欢排雷的作者(简直就是天使这种作者！）哪怕排的是我雷点我也特别感激作者，但我是那种摸摸潜水不说话的人，我是特爱女非男处和双初的那种读者，所以看到作者有排雷说双方都非，或者男非女处，我不会看文，但我就会特别特别感激，恨不得亲一口作者，要是经济允许我还想投个雷感激再走。\n所以我非常讨厌总是骂洁党的人，我从来不发声，结果不管是不是洁党，我好像总是被代表然后被骂。\n所以，我非常诚恳想说，我的雷点是因为那个雷却是让我很难受（曾经看过一本我巨雷，问了作者也当做看不见，当然我问之前我砸了地雷小心翼翼才问的，但是……反正那本书我差不多连续半个月无法去看其他文，堪称噩梦。）\n所以我真的真的真的真的特别感激作者排雷，潜水默默追更的读者此刻非常认真回复，跪求各位太太康康可怜默默潜水鸽子的心声！\n№142 ☆☆☆泪目|f2567afc于2022-02-12 13:52:07留言☆☆☆\n俺也是，我看文会比较感激特别提醒的，因为我雷oa，标了我恨不得疯狂比心，标清楚多好啊！我不看我也不踩，自有受众和爱好者，人喜欢才写嘛，最难受的是吃了夹带私货的，比如bg就gb了，如果是一开始标内含gb，我可能会视情况入。\n但要是正常的，不排也没啥啊，开开心心看完，快乐的很！",
      "commentTime": "2022-02-12 13:55:36",
      "commentOwner": "。"
    },
    {
      "comment": "我喜欢排雷的作者(简直就是天使这种作者！）哪怕排的是我雷点我也特别感激作者，但我是那种摸摸潜水不说话的人，我是特爱女非男处和双初的那种读者，所以看到作者有排雷说双方都非，或者男非女处，我不会看文，但我就会特别特别感激，恨不得亲一口作者，要是经济允许我还想投个雷感激再走。\n所以我非常讨厌总是骂洁党的人，我从来不发声，结果不管是不是洁党，我好像总是被代表然后被骂。\n所以，我非常诚恳想说，我的雷点是因为那个雷却是让我很难受（曾经看过一本我巨雷，问了作者也当做看不见，当然我问之前我砸了地雷小心翼翼才问的，但是……反正那本书我差不多连续半个月无法去看其他文，堪称噩梦。）\n所以我真的真的真的真的特别感激作者排雷，潜水默默追更的读者此刻非常认真回复，跪求各位太太康康可怜默默潜水鸽子的心声！\n№142 ☆☆☆泪目|f2567afc于2022-02-12 13:52:07留言☆☆☆\n。我觉得大部分鸽多少也是读者…自己也不想点进去看雷吧，大部分读者都是沉默安静的，排雷你好我好大家好",
      "commentTime": "2022-02-12 13:55:37",
      "commentOwner": "。"
    },
    {
      "comment": "是的，排不排是自由选择。\n但有的时候排雷真不是软弱，小众xp大众读者不吃就是不吃，男强女弱gb、男女互攻、双性、言情男生子还有一些特殊题材，这些题材有的读者真的不吃，这跟作者怎么处理无关，跟大家的写作水平无关，挨负分骂也不是小众作者的错，大家排雷既是为了筛选读者群体，也是为了评论区的和谐，不是什么跪着赚钱。\n那个四星自己也在楼里说了，她的真实水平一星，她所谓的不排雷不挨骂其实就是文里模糊带过，所以读者看到了压根不care，才不是什么水平高低的问题！！！",
      "commentTime": "2022-02-12 13:56:32",
      "commentOwner": "。"
    },
    {
      "comment": "你说你不在意被负分，那是你啊，看清楚人家的问题了没有。\n一个劲儿地说雷点是张力，和梗无关，就是写法，人家就是不吃明白吗？\n主受or主攻，忽然给我来一个反攻，再怎么合情合理我也隔应！\n№37 ☆☆☆。|b4c9d2b5于2022-02-12 13:24:10留言☆☆☆\nnsdd！要是没有排雷突然看到反攻隔应死了，有排雷可能还感谢作者排雷下本再见，没有排雷直接踩雷会对这个作者隔应拉黑",
      "commentTime": "2022-02-12 13:56:45",
      "commentOwner": "啊"
    },
    {
      "comment": "纯读者代表我个人再说一下，隔壁楼说的那种大家都不排雷读者就会乖乖看文是不存在的，毕竟我的空余时间不是只能看文，还可以打游戏什么的\n现在很多作者排雷，我看上文案但是没有排雷需要我搜排雷贴的只有一小部分，花的时间不是很长没关系\n如果每一篇文我都要搜排雷贴，你猜我会真的一本一本搜完还是直接关闭jj去打游戏？\n总之排雷的作者都是天使，要是不排雷让我看到走出舒适区那种文我真的会吐\n№136☆☆☆。|c1ca58ef于2022-02-12 13:50:26留言☆☆☆\n。\n真的是这样，看完排雷不合我意我自己就跑了，但如果你中途写个大雷文案还不说我会膈应死，新章和第一章绝对会有我的打负",
      "commentTime": "2022-02-12 13:57:11",
      "commentOwner": "。"
    },
    {
      "comment": "歪个楼，感觉楼主是个理智又温柔的咕哈哈哈\n№150 ☆☆☆。|d8eb77ac于2022-02-12 13:55:19留言☆☆☆\n好喜欢楼主1551 吸溜 三观又正人又温柔",
      "commentTime": "2022-02-12 13:57:29",
      "commentOwner": "咕咕子"
    },
    {
      "comment": "歪个楼，感觉楼主是个理智又温柔的咕哈哈哈\n№150 ☆☆☆。|d8eb77ac于2022-02-12 13:55:19留言☆☆☆\n哈哈哈我在那边发言就是看见话语眉头一皱，心里：教我做事？【邪魅娟狂】\n看到后面才忍不住了，什么跟什么，还整的排雷就是软包子，很多大佬们不排雷说实话很多是大佬们根本不会写雷啊！那有什么好排的嘛！",
      "commentTime": "2022-02-12 13:57:56",
      "commentOwner": "。"
    },
    {
      "comment": "历史引用 展开全部▼\n你是三星，人家是四星果然是有一些道理的\n排雷就是跪着舔着吃饭呀\n№52 ☆☆☆。|0df96dd9于2022-02-12 13:28:32留言☆☆☆\n还整上星级歧视了？",
      "commentTime": "2022-02-12 13:58:12",
      "commentOwner": "1222"
    },
    {
      "comment": "我喜欢排雷的作者(简直就是天使这种作者！）哪怕排的是我雷点我也特别感激作者，但我是那种摸摸潜水不说话的人，我是特爱女非男处和双初的那种读者，所以看到作者有排雷说双方都非，或者男非女处，我不会看文，但我就会特别特别感激，恨不得亲一口作者，要是经济允许我还想投个雷感激再走。\n所以我非常讨厌总是骂洁党的人，我从来不发声，结果不管是不是洁党，我好像总是被代表然后被骂。\n所以，我非常诚恳想说，我的雷点是因为那个雷却是让我很难受（曾经看过一本我巨雷，问了作者也当做看不见，当然我问之前我砸了地雷小心翼翼才问的，但是……反正那本书我差不多连续半个月无法去看其他文，堪称噩梦。）\n所以我真的真的真的真的特别感激作者排雷，潜水默默追更的读者此刻非常认真回复，跪求各位太太康康可怜默默潜水鸽子的心声！\n№142 ☆☆☆泪目|f2567afc于2022-02-12 13:52:07留言☆☆☆\n。\n我曾经被安利一本连载，说超甜，攻黑化占有欲很强（我的萌点），看文案也很不错，但没有排雷，结果你猜怎么着？\n麻蛋那个攻有正妻！！还详细写了新婚夜攻跟正妻睡了而受在等他……瞬间胃难受……我特么还是全订……\n排雷的太太都是天使！\n没排雷的太太也很棒的！（就是我不太敢追没排雷的连载，会养肥等完结在看评论区才敢追……）",
      "commentTime": "2022-02-12 13:58:25",
      "commentOwner": "。"
    },
    {
      "comment": "历史引用 展开全部▼\n好喜欢楼主1551 吸溜 三观又正人又温柔\n№156 ☆☆☆咕咕子|97830030于2022-02-12 13:57:29留言☆☆☆\n啵啵，上头崽罢辽",
      "commentTime": "2022-02-12 13:59:24",
      "commentOwner": "。"
    },
    {
      "comment": "歪个楼，感觉楼主是个理智又温柔的咕哈哈哈\n№150 ☆☆☆。|d8eb77ac于2022-02-12 13:55:19留言☆☆☆\n好喜欢楼主1551 吸溜 三观又正人又温柔\n№156         ☆☆☆咕咕子|97830030☆于2022-02-12 13:57:29留言        ☆☆☆\n我也！\n希望缘分以后让我多看到楼主咕的文！",
      "commentTime": "2022-02-12 13:59:51",
      "commentOwner": "。"
    },
    {
      "comment": "历史引用 展开全部▼\n啵啵，上头崽罢辽\n№160 ☆☆☆。|b4c9d2b5于2022-02-12 13:59:24留言☆☆☆\n贴贴楼主",
      "commentTime": "2022-02-12 14:02:42",
      "commentOwner": "咕咕子"
    },
    {
      "comment": "歪个楼，感觉楼主是个理智又温柔的咕哈哈哈\n№150 ☆☆☆。|d8eb77ac于2022-02-12 13:55:19留言☆☆☆\n哈哈哈我在那边发言就是看见话语眉头一皱，心里：教我做事？【邪魅娟狂】\n看到后面才忍不住了，什么跟什么，还整的排雷就是软包子，很多大佬们不排雷说实话很多是大佬们根本不会写雷啊！那有什么好排的嘛！\n№157         ☆☆☆。|b4c9d2b5★★★于2022-02-12 13:57:56留言        ☆☆☆\n哈哈哈哈哈哈这个邪魅娟狂莫名可爱\n那楼看下来有点窒息\n排雷就是包子这个真的不能忍，直接给人高高在上扣帽子了，心里一咯噔",
      "commentTime": "2022-02-12 14:03:04",
      "commentOwner": "。"
    },
    {
      "comment": "作者排雷本来就是为了让读者看起来舒服罢了，天使被人说是包子整一个大无语",
      "commentTime": "2022-02-12 14:05:39",
      "commentOwner": "。。"
    },
    {
      "comment": "又去看了一遍她前面说的，她说，文案是广告位，是放萌点的，这是对的可是她能不能想想，标注能点的时候也同时就是标注了一些人的雷点呢，雷萌自见都多少年了，咋还那么二极思维，把标签和排雷对立，排肯定是排别人的啊，作者写肯定是喜欢。\n其实用阅读指南就挺好的，这词儿温柔，也不让一些人应激。",
      "commentTime": "2022-02-12 14:10:46",
      "commentOwner": "。"
    },
    {
      "comment": "又去看了一遍她前面说的，她说，文案是广告位，是放萌点的，这是对的可是她能不能想想，标注能点的时候也同时就是标注了一些人的雷点呢，雷萌自见都多少年了，咋还那么二极思维，把标签和排雷对立，排肯定是排别人的啊，作者写肯定是喜欢。\n其实用阅读指南就挺好的，这词儿温柔，也不让一些人应激。\n№165 ☆☆☆。|b4c9d2b5于2022-02-12 14:10:46留言☆☆☆\n。我用的是阅读预警",
      "commentTime": "2022-02-12 14:11:34",
      "commentOwner": "。"
    },
    {
      "comment": "历史引用 展开全部▼\n你是三星，人家是四星果然是有一些道理的\n排雷就是跪着舔着吃饭呀\n№52 ☆☆☆。|0df96dd9于2022-02-12 13:28:32留言☆☆☆\n可恨我五星号被封了，真想打你的脸",
      "commentTime": "2022-02-12 14:12:16",
      "commentOwner": "。"
    },
    {
      "comment": "又去看了一遍她前面说的，她说，文案是广告位，是放萌点的，这是对的可是她能不能想想，标注能点的时候也同时就是标注了一些人的雷点呢，雷萌自见都多少年了，咋还那么二极思维，把标签和排雷对立，排肯定是排别人的啊，作者写肯定是喜欢。\n其实用阅读指南就挺好的，这词儿温柔，也不让一些人应激。\n№165 ☆☆☆。|b4c9d2b5于2022-02-12 14:10:46留言☆☆☆\n咱就是说一整个语言艺术……这帖子终于hot了",
      "commentTime": "2022-02-12 14:15:16",
      "commentOwner": "。。"
    },
    {
      "comment": "我还以为她会来和我对线，还好没有，她回我的给抽没了，大意是我站排雷党就自己开帖说一二三。\n让人一定排雷的贴我也会反驳，大家建议最好有建议的态度，不是指点也不是不附和就是对立。\n再给那层楼受伤的读者们摸摸毛，吓不着。\n也请大家遇见不喜欢的温柔点叉，要建议的话也不要言辞太激烈啦，作者看见语气态度不好的也挺不好受的，毕竟也都是自己认真写的文字。\n【当然，我只是建议啊，没有要教你们做事的意思，love&peace】",
      "commentTime": "2022-02-12 14:15:44",
      "commentOwner": "。"
    },
    {
      "comment": "无语了，写点自己认为可能引起争议的阅读预警很难吗，我写同人都会好好打预警的，怎么收费作者还高傲起来了…",
      "commentTime": "2022-02-12 14:15:52",
      "commentOwner": "赛博狗塑手艺人"
    },
    {
      "comment": "历史引用 展开全部▼\n咱就是说一整个语言艺术……这帖子终于hot了\n№168 ☆☆☆。。|20942a71于2022-02-12 14:15:16留言☆☆☆\n人生中第一个hot贴哈哈哈哈【沉默吃瓜の咕】",
      "commentTime": "2022-02-12 14:16:31",
      "commentOwner": "。"
    },
    {
      "comment": "摸摸楼主",
      "commentTime": "2022-02-12 14:18:20",
      "commentOwner": "咕咕"
    },
    {
      "comment": "历史引用 展开全部▼\n人生中第一个hot贴哈哈哈哈【沉默吃瓜の咕】\n№171 ☆☆☆。|b4c9d2b5于2022-02-12 14:16:31留言☆☆☆\n只想和楼主贴贴，楼主好甜！",
      "commentTime": "2022-02-12 14:20:20",
      "commentOwner": "咕咕子"
    },
    {
      "comment": "无语了，刚从那里面出来，那个四星咕确实魔怔了。\n其实大多数读者还是想要排雷，有这个需求的。",
      "commentTime": "2022-02-12 14:21:51",
      "commentOwner": "。"
    },
    {
      "comment": "历史引用 展开全部▼\n只想和楼主贴贴，楼主好甜！\n№173 ☆☆☆咕咕子|97830030于2022-02-12 14:20:20留言☆☆☆\n我不！我才要和楼主贴贴！",
      "commentTime": "2022-02-12 14:22:36",
      "commentOwner": "快正月十五了大家再忍"
    },
    {
      "comment": "楼主好可爱，这边帖子比隔壁看着要舒服多了，隔壁楼主真的有些冲",
      "commentTime": "2022-02-12 14:22:58",
      "commentOwner": "。"
    },
    {
      "comment": "我还以为她会来和我对线，还好没有，她回我的给抽没了，大意是我站排雷党就自己开帖说一二三。\n让人一定排雷的贴我也会反驳，大家建议最好有建议的态度，不是指点也不是不附和就是对立。\n再给那层楼受伤的读者们摸摸毛，吓不着。\n也请大家遇见不喜欢的温柔点叉，要建议的话也不要言辞太激烈啦，作者看见语气态度不好的也挺不好受的，毕竟也都是自己认真写的文字。\n【当然，我只是建议啊，没有要教你们做事的意思，love&peace】\n№169 ☆☆☆。|b4c9d2b5于2022-02-12 14:15:44留言☆☆☆\n咕咕好温柔哈哈哈哈",
      "commentTime": "2022-02-12 14:31:02",
      "commentOwner": "=="
    },
    {
      "comment": "这帖子没人顶了？不能让那个双极管一家独大，我顶",
      "commentTime": "2022-02-12 14:34:47",
      "commentOwner": "。。"
    },
    {
      "comment": "dd 顺路抱走楼主",
      "commentTime": "2022-02-12 14:35:52",
      "commentOwner": "咕咕子"
    },
    {
      "comment": "楼主可可爱爱！守护温柔的三星咕咕！",
      "commentTime": "2022-02-12 14:38:18",
      "commentOwner": "。"
    },
    {
      "comment": "守护我方三星咕，我要顶起来让大家都看到",
      "commentTime": "2022-02-12 14:38:47",
      "commentOwner": "。。"
    },
    {
      "comment": "这贴又被顶上来了，也快翻页了吧",
      "commentTime": "2022-02-12 14:42:11",
      "commentOwner": "。"
    },
    {
      "comment": "翻页",
      "commentTime": "2022-02-12 14:45:15",
      "commentOwner": "。。"
    },
    {
      "comment": "作为纯读者，我已经好多本粮被排雷的偏执狂搞掉了，还有封笔不写的。我们这部分读者找谁去。作者为了规避风险在文案排雷，对讨厌剧透的读者极度不友好，非要讨论读者权利的话，讨厌剧透党，杂食党，也有权利吧。",
      "commentTime": "2022-02-12 14:49:34",
      "commentOwner": "..."
    },
    {
      "comment": "摸摸咕毛\n摸摸在隔壁受伤的读者",
      "commentTime": "2022-02-12 14:50:58",
      "commentOwner": "。"
    },
    {
      "comment": "作为纯读者，我已经好多本粮被排雷的偏执狂搞掉了，还有封笔不写的。我们这部分读者找谁去。作者为了规避风险在文案排雷，对讨厌剧透的读者极度不友好，非要讨论读者权利的话，讨厌剧透党，杂食党，也有权利吧。\n№184☆☆☆...|f85ae539于2022-02-12 14:49:34留言☆☆☆\n？？？\n正常排雷不会剧透的\n照你这么说文案也是一种剧透了，因为他必然会写到剧情的一部分啊\n没人拦你不看排雷也没人号召一定排雷啊？\n只不过说不要像那个四星一样好像一棍子打死一样误导了想要排雷的作者。",
      "commentTime": "2022-02-12 14:54:14",
      "commentOwner": "。"
    },
    {
      "comment": "故意恶心读者的，我也遇到过，很少，几百本里有一本吧，直接避雷作者就好了，这种故意的，十有□□不止一本这么干了，很少，而且会一而再再而三的犯。不看就完了呗，非要说读者有不被恶习的权利，谁在食堂没吃过虫，头发，在外面吃饭吃外卖吃得不满意过，难道次次都跟卖家对线，麻烦你们这个有头发标注一下，不然被骂活该哦。外卖软件上有晋江评论区骂得这么严重？好像被恶心一下天大的事情一样，作者真的有责任完全避免读者看不到一点不喜欢的吗？",
      "commentTime": "2022-02-12 14:55:26",
      "commentOwner": "..."
    },
    {
      "comment": "我纯读者，也喜欢排雷的，看着放心",
      "commentTime": "2022-02-12 14:56:15",
      "commentOwner": "。"
    },
    {
      "comment": "历史引用 展开全部▼\n。\n爱排不排非得出来呼吁建议。\n非得出来做意见领袖\n不管是阅读体验写作体验还是良心都告诉我一些特别的点还是要标明\n别人避雷生子，我就爱看生子，垂直入坑从来不含糊。\n№112 ☆☆☆。|7a0af50c于2022-02-12 13:38:49留言☆☆☆\n。。。强排。\n排雷只是筛选读者，当然有些看见排雷还非得点进来的……嗯，懂的都懂。",
      "commentTime": "2022-02-12 14:58:59",
      "commentOwner": "。"
    },
    {
      "comment": "故意恶心读者的，我也遇到过，很少，几百本里有一本吧，直接避雷作者就好了，这种故意的，十有□□不止一本这么干了，很少，而且会一而再再而三的犯。不看就完了呗，非要说读者有不被恶习的权利，谁在食堂没吃过虫，头发，在外面吃饭吃外卖吃得不满意过，难道次次都跟卖家对线，麻烦你们这个有头发标注一下，不然被骂活该哦。外卖软件上有晋江评论区骂得这么严重？好像被恶心一下天大的事情一样，作者真的有责任完全避免读者看不到一点不喜欢的吗？\n№187 ☆☆☆...|f85ae539于2022-02-12 14:55:26留言☆☆☆\n醉了你是不是看不懂楼主在说什么？看不懂这个楼的走向是什么？楼主和楼里的正常人说的都是排雷不排雷是作者自己的自由，不懂你这发言针对的是什么，怪迷惑的",
      "commentTime": "2022-02-12 15:00:18",
      "commentOwner": "你好有本领"
    },
    {
      "comment": "故意恶心读者的，我也遇到过，很少，几百本里有一本吧，直接避雷作者就好了，这种故意的，十有□□不止一本这么干了，很少，而且会一而再再而三的犯。不看就完了呗，非要说读者有不被恶习的权利，谁在食堂没吃过虫，头发，在外面吃饭吃外卖吃得不满意过，难道次次都跟卖家对线，麻烦你们这个有头发标注一下，不然被骂活该哦。外卖软件上有晋江评论区骂得这么严重？好像被恶心一下天大的事情一样，作者真的有责任完全避免读者看不到一点不喜欢的吗？\n№187 ☆☆☆...|f85ae539于2022-02-12 14:55:26留言☆☆☆\n在说什么p话，我乐了说得好像吃出虫子头发很正常顾客不满意是他blx一样",
      "commentTime": "2022-02-12 15:01:34",
      "commentOwner": "，"
    },
    {
      "comment": "故意恶心读者的，我也遇到过，很少，几百本里有一本吧，直接避雷作者就好了，这种故意的，十有□□不止一本这么干了，很少，而且会一而再再而三的犯。不看就完了呗，非要说读者有不被恶习的权利，谁在食堂没吃过虫，头发，在外面吃饭吃外卖吃得不满意过，难道次次都跟卖家对线，麻烦你们这个有头发标注一下，不然被骂活该哦。外卖软件上有晋江评论区骂得这么严重？好像被恶心一下天大的事情一样，作者真的有责任完全避免读者看不到一点不喜欢的吗？\n№187 ☆☆☆...|f85ae539于2022-02-12 14:55:26留言☆☆☆\n而且隔壁楼主自己说的读者的雷点是作者的萌点，那写出来又怎么样？吃shi跑那么快干什么，文案不排雷就看看评论区，文案有排雷就直接看文案，我寻思这楼里也没人说作者一定要让读者完全满意吧？明明大家都是说排雷只是为了让读者看得更舒适，不排雷也没关系读者自己找也没事。你真迷惑醉了",
      "commentTime": "2022-02-12 15:02:14",
      "commentOwner": "你好有本领"
    },
    {
      "comment": "故意恶心读者的，我也遇到过，很少，几百本里有一本吧，直接避雷作者就好了，这种故意的，十有□□不止一本这么干了，很少，而且会一而再再而三的犯。不看就完了呗，非要说读者有不被恶习的权利，谁在食堂没吃过虫，头发，在外面吃饭吃外卖吃得不满意过，难道次次都跟卖家对线，麻烦你们这个有头发标注一下，不然被骂活该哦。外卖软件上有晋江评论区骂得这么严重？好像被恶心一下天大的事情一样，作者真的有责任完全避免读者看不到一点不喜欢的吗？\n№187 ☆☆☆...|f85ae539于2022-02-12 14:55:26留言☆☆☆\n救命我们站着看文，你怎么跪着花钱？",
      "commentTime": "2022-02-12 15:02:54",
      "commentOwner": "你好有本领"
    },
    {
      "comment": "这楼走向开始不对了起来……",
      "commentTime": "2022-02-12 15:09:43",
      "commentOwner": "。"
    },
    {
      "comment": "nsdd",
      "commentTime": "2022-02-12 15:10:29",
      "commentOwner": "。"
    },
    {
      "comment": "那个f85ae539\n无语\n你是什么二极管吗？\n没看见主楼和正常作者读者什么想法吗？\n你真的有权利代表所有读者吗？\n是不是故意来搅浑水的啊\n照你的说法，既然知道有排雷，作者有什么责任按照你的想法不排雷吗？\n你明知道这帖子是说要保留自己的思考，排不排雷看自己不要被四星带走了思路还非得点进来，是不是故意的？\n人愿意排就排，不愿意排就不排，干你何事？\n你和那个四星锁死算了，非出来蹦跶恶心人",
      "commentTime": "2022-02-12 15:11:06",
      "commentOwner": "。"
    },
    {
      "comment": "救命这楼里别来神经病啊，带一带楼主",
      "commentTime": "2022-02-12 15:11:29",
      "commentOwner": "。。"
    },
    {
      "comment": "—————\n跨楼，不要理他",
      "commentTime": "2022-02-12 15:11:34",
      "commentOwner": "。"
    },
    {
      "comment": "还是那句话，排不排雷都不该挨骂，文案欺诈才有问题，文章的基调，试读的读者自然会看，也会知道合不合适自己。\n№95 ☆☆☆。|b4c9d2b5于2022-02-12 13:35:37留言☆☆☆\n带楼主",
      "commentTime": "2022-02-12 15:12:11",
      "commentOwner": "。。"
    },
    {
      "comment": "不是所有读者都是写手，但所有写手都是读者，宝子们想想自己看文时候的习惯，如果你全然不在意，也不觉得自己有什么雷的地方，那你就不用在意那些言论，爱谁谁。\n要说的人稍微有点多，而你也懒得再看到这样的文字越来越多，写个提醒也没错，你好我好大家好。\n搞读者作者对立的都是大坏蛋！\n搞星级跪舔的都是大笨蛋！\n或许他们的成绩我们永远也达不到，是我们需要仰望的大佬，但这不代表他的观点就永远是对的，我们要有自己的思考，根据自己的情况来看问题。\n再次申明：不排雷没错，排雷也没错，文案标签欺诈才有错！\n№134 ☆☆☆。|b4c9d2b5于2022-02-12 13:49:44留言☆☆☆\n带楼主",
      "commentTime": "2022-02-12 15:12:33",
      "commentOwner": "。。"
    },
    {
      "comment": "不是所有读者都是写手，但所有写手都是读者，宝子们想想自己看文时候的习惯，如果你全然不在意，也不觉得自己有什么雷的地方，那你就不用在意那些言论，爱谁谁。\n要说的人稍微有点多，而你也懒得再看到这样的文字越来越多，写个提醒也没错，你好我好大家好。\n搞读者作者对立的都是大坏蛋！\n搞星级跪舔的都是大笨蛋！\n或许他们的成绩我们永远也达不到，是我们需要仰望的大佬，但这不代表他的观点就永远是对的，我们要有自己的思考，根据自己的情况来看问题。\n再次申明：不排雷没错，排雷也没错，文案标签欺诈才有错！\n№134☆☆☆。|b4c9d2b5于2022-02-12 13:49:44留言☆☆☆\n带带楼主",
      "commentTime": "2022-02-12 15:12:45",
      "commentOwner": "。"
    },
    {
      "comment": "讲真不排雷只要不夹带私货搞欺诈正常读者哪有那么多事，雷又排不完，正常读者会跳过或者直接弃文追别的，到那个lz嘴里就成了刷负读者都有饼，被刷负的作者都烂，排雷的作者都是软包子好欺负。我？？？真是醉了，四星给了她太多自信\n№45 ☆☆☆。。|20942a71于2022-02-12 13:26:20留言☆☆☆\n带楼主带我自己",
      "commentTime": "2022-02-12 15:13:36",
      "commentOwner": "。。"
    },
    {
      "comment": "不是要创作自由 那么要不要排雷应该也是自由选择嘛 强制别人站一边不是二极管行为？\n№74 ☆☆☆23333|bd62ce60于2022-02-12 13:31:36留言☆☆☆\n带一下",
      "commentTime": "2022-02-12 15:14:07",
      "commentOwner": "。。"
    },
    {
      "comment": "排不排雷是自由，没有强制排或者不排，但一般为了避免争议，有些题材会排雷\n№127 ☆☆☆==|89df6278于2022-02-12 13:46:48留言☆☆☆\n带",
      "commentTime": "2022-02-12 15:15:20",
      "commentOwner": "。。"
    },
    {
      "comment": "这才是正确走向，新进来的咕不要被神经病误导。这楼倡导的一直都是作者排雷与否是自己的自由，不强迫作者排雷或者不排雷。初衷只是为了作者和读者和谐，从来没有说过作者读者对立的话题",
      "commentTime": "2022-02-12 15:16:25",
      "commentOwner": "。。"
    },
    {
      "comment": "dd",
      "commentTime": "2022-02-12 15:23:44",
      "commentOwner": "。。"
    },
    {
      "comment": "翻页",
      "commentTime": "2022-02-12 15:26:02",
      "commentOwner": "。。"
    },
    {
      "comment": "默默的说一句，那个楼主真的很奇怪，嘴上说不在意负分，但其实我看见她在另一个楼里疯狂怼人，说自己写什么情节被读者说了，然后心里难受，认为自己是是受害者。。。",
      "commentTime": "2022-02-12 15:31:21",
      "commentOwner": "。"
    },
    {
      "comment": "默默的说一句，那个楼主真的很奇怪，嘴上说不在意负分，但其实我看见她在另一个楼里疯狂怼人，说自己写什么情节被读者说了，然后心里难受，认为自己是是受害者。。。\n№208 ☆☆☆。|b2d3cf7b于2022-02-12 15:31:21留言☆☆☆\n她还发了贴？",
      "commentTime": "2022-02-12 15:36:43",
      "commentOwner": "。"
    },
    {
      "comment": "历史引用 展开全部▼\n她还发了贴？\n№209 ☆☆☆。|02ec95d6于2022-02-12 15:36:43留言☆☆☆\n我看到的她有两个帖子，但是她回复别人的帖子也用的123",
      "commentTime": "2022-02-12 15:43:36",
      "commentOwner": "。。"
    },
    {
      "comment": "dd",
      "commentTime": "2022-02-12 15:48:43",
      "commentOwner": "。。"
    },
    {
      "comment": "历史引用 展开全部▼\n我看到的她有两个帖子，但是她回复别人的帖子也用的123\n№210 ☆☆☆。。|20942a71于2022-02-12 15:43:36留言☆☆☆\n对，有一个帖子她一直在和一个咕咕吵，其实我追完整个过程，感觉那个咕咕是真的好心，并且还留下了微信，说那个四星要是遇到网暴，可以出钱请律师，但是却一直被骂，有些人可能觉得四星比较嗯，厉害吧，也一直帮着骂，害，我怂，不敢在那个楼里帮那个咕咕说话\n那个帖子是1757505，大家可以去看看，溜了溜了",
      "commentTime": "2022-02-12 15:51:14",
      "commentOwner": "。"
    },
    {
      "comment": "历史引用 展开全部▼\n我看到的她有两个帖子，但是她回复别人的帖子也用的123\n№210 ☆☆☆。。|20942a71于2022-02-12 15:43:36留言☆☆☆\n读者区也有个帖子是123发的，就是说忍不住幻视（",
      "commentTime": "2022-02-12 15:52:05",
      "commentOwner": "= ="
    },
    {
      "comment": "这才是正确走向，新进来的咕不要被神经病误导。这楼倡导的一直都是作者排雷与否是自己的自由，不强迫作者排雷或者不排雷。初衷只是为了作者和读者和谐，从来没有说过作者读者对立的话题\n№205 ☆☆☆。。|20942a71于2022-02-12 15:16:25留言☆☆☆\n。",
      "commentTime": "2022-02-12 15:53:20",
      "commentOwner": "。"
    },
    {
      "comment": "dd nsdd",
      "commentTime": "2022-02-12 15:53:50",
      "commentOwner": "。"
    },
    {
      "comment": "哈哈哈补一句，我看不排雷的作者文，是因为我知道作者不会写我雷点，咳咳，比如大佬大神不排我也看，甚至文案都没有写我也会看，因为我追的大佬们，就是不会写我的雷点！\n所以新接触的文有没有排雷，我会特别关注，关系着我收藏作者，去订阅其他文嘛。\n当然了，不排雷也没事，要是我特别喜欢，我自己会一章一章去看评论决定要不要追～，虽然可能麻烦点，但我喜欢的话，也愿意麻烦点嘛～",
      "commentTime": "2022-02-12 15:55:17",
      "commentOwner": "泪目"
    },
    {
      "comment": "dd nsdd\n№215         ☆☆☆。|09908007于2022-02-12 15:53:50留言        ☆☆☆\n我好美，果然说真话就会美",
      "commentTime": "2022-02-12 15:55:23",
      "commentOwner": "。"
    },
    {
      "comment": "纯读者代表我个人再说一下，隔壁楼说的那种大家都不排雷读者就会乖乖看文是不存在的，毕竟我的空余时间不是只能看文，还可以打游戏什么的\n现在很多作者排雷，我看上文案但是没有排雷需要我搜排雷贴的只有一小部分，花的时间不是很长没关系\n如果每一篇文我都要搜排雷贴，你猜我会真的一本一本搜完还是直接关闭jj去打游戏？\n总之排雷的作者都是天使，要是不排雷让我看到走出舒适区那种文我真的会吐\n№136 ☆☆☆。|c1ca58ef于2022-02-12 13:50:26留言☆☆☆\n。",
      "commentTime": "2022-02-12 16:04:52",
      "commentOwner": "。"
    },
    {
      "comment": "历史引用 展开全部▼\n对，有一个帖子她一直在和一个咕咕吵，其实我追完整个过程，感觉那个咕咕是真的好心，并且还留下了微信，说那个四星要是遇到网暴，可以出钱请律师，但是却一直被骂，有些人可能觉得四星比较嗯，厉害吧，也一直帮着骂，害，我怂，不敢在那个楼里帮那个咕咕说话\n那个帖子是1757505，大家可以去看看，溜了溜了\n№212 ☆☆☆。|b2d3cf7b于2022-02-12 15:51:14留言☆☆☆\n我去看了这楼，四星好令人无语，说什么题材没壁，有壁是因为写得不好",
      "commentTime": "2022-02-12 16:13:13",
      "commentOwner": "=="
    },
    {
      "comment": "刚才没忍住在那个帖子为那个咕咕说话，结果被秒删，我把回复贴在这里，真的对那个四星感到不喜",
      "commentTime": "2022-02-12 16:31:47",
      "commentOwner": "。"
    },
    {
      "comment": "",
      "commentTime": "2022-02-12 16:32:36",
      "commentOwner": "。"
    },
    {
      "comment": "历史引用 展开全部▼\n我去看了这楼，四星好令人无语，说什么题材没壁，有壁是因为写得不好\n№219 ☆☆☆==|bbc9ce63于2022-02-12 16:13:13留言☆☆☆\n害，毕竟人家已经四星了，有一定的优越感，其实她就像个固执偏执的老头，只认为自己的逻辑是对，别人一旦否决自己，那就是错误并且不可饶恕的\n本来排雷这件事就要看作者个人意愿，她非要出来呼吁大家不要排雷，不要惯着读者，而且她在另一个帖子里说了，中途剧情崩塌，被喂shi都是常见的，因为作者也不能控制剧情发展\n说实话，我怎么感觉她是莫如归？（狗头，灵感来自另一个帖子里的咕咕回复，她真的太像某个有瓜的作者了）",
      "commentTime": "2022-02-12 16:52:32",
      "commentOwner": "。"
    },
    {
      "comment": "。",
      "commentTime": "2022-02-12 17:46:03",
      "commentOwner": "。"
    },
    {
      "comment": "历史引用 展开全部▼\n害，毕竟人家已经四星了，有一定的优越感，其实她就像个固执偏执的老头，只认为自己的逻辑是对，别人一旦否决自己，那就是错误并且不可饶恕的\n本来排雷这件事就要看作者个人意愿，她非要出来呼吁大家不要排雷，不要惯着读者，而且她在另一个帖子里说了，中途剧情崩塌，被喂shi都是常见的，因为作者也不能控制剧情发展\n说实话，我怎么感觉她是莫如归？（狗头，灵感来自另一个帖子里的咕咕回复，她真的太像某个有瓜的作者了）\n№222 ☆☆☆。|b2d3cf7b于2022-02-12 16:52:32留言☆☆☆\n确实",
      "commentTime": "2022-02-12 19:49:22",
      "commentOwner": "。。"
    },
    {
      "comment": "我什么时候要求所有作者不排雷，反而是有人在说不排雷活该被骂，有人在说排雷是读者应有的权利。我不认同这个，我认为负分是读者的权利，而排雷不是。\n我在说的是，我作为一个杂食读者，被排雷这种情况搞的不爽，比如排雷排的过分导致剧透。\n我骂人了？我什么时候代表所有读者了？哪一句是这个意思？我只是在证明，存在默默看文不讨厌不排雷的情况的读者。\n这难道是二极管？这难道是跪着看文？我不懂我哪句话过分了而导致这样的词。\n虽然我看文多数不评论，但是我觉得我发言证明作为读者不愿意被排雷，也是有意义的，可以让一些作者看到。既然那么多人强调读者权利，那向作者表示，也存在不需要排雷的读者默默看文，也是我作为读者的权利。我不需要排雷，只需要多样化写得更好的文看。无论梗多烂多雷，只要你写得够好，不是主观故意恶心读者，我作为读者都是支持喜欢的。",
      "commentTime": "2022-02-12 21:21:56",
      "commentOwner": "..."
    },
    {
      "comment": "不是所有读者都是写手，但所有写手都是读者，宝子们想想自己看文时候的习惯，如果你全然不在意，也不觉得自己有什么雷的地方，那你就不用在意那些言论，爱谁谁。\n要说的人稍微有点多，而你也懒得再看到这样的文字越来越多，写个提醒也没错，你好我好大家好。\n搞读者作者对立的都是大坏蛋！\n搞星级跪舔的都是大笨蛋！\n或许他们的成绩我们永远也达不到，是我们需要仰望的大佬，但这不代表他的观点就永远是对的，我们要有自己的思考，根据自己的情况来看问题。\n再次申明：不排雷没错，排雷也没错，文案标签欺诈才有错！\n№134☆☆☆。|b4c9d2b5于2022-02-12 13:49:44留言☆☆☆\n又来了\n救命\n放过这个贴子吧\n带楼主",
      "commentTime": "2022-02-12 21:28:51",
      "commentOwner": "。"
    }
  ]
}