{"id":"988907ad-7e90-4245-a664-2a9954d2dfc2","category":"晋江论坛→网友交流区→碧水江汀 欢迎回来：53088456  退 出","postSubject":"主题：一定程度上，排雷限制了创作吧 [55] 【搜索关键词：排雷】","postUrl":"https://bbs.jjwxc.net/showmsg.php?board=17&keyword=%C5%C5%C0%D7&id=1852489","originalPost":"可能文是没雷点了，也没了起伏。","numberOfReplies":55,"comments":[{"comment":"读者有排雷的自由","commentTime":"2022-04-16 18:57:40","commentOwner":"。"},{"comment":"你知道为什么别人会觉得雷吗，因为shi","commentTime":"2022-04-16 18:58:13","commentOwner":"= ="},{"comment":"你怕是对起伏有什么误解","commentTime":"2022-04-16 18:58:18","commentOwner":"=="},{"comment":"没限制啊，不喜欢看的本来也不会看。\n虚假排雷才要抵制。","commentTime":"2022-04-16 18:58:29","commentOwner":"。"},{"comment":"有些读者：主角总是遇到意外。\n你能怎么办。","commentTime":"2022-04-16 18:58:35","commentOwner":"。"},{"comment":"起伏为什么一定是埋雷","commentTime":"2022-04-16 18:58:41","commentOwner":"。"},{"comment":"赞同标题，但不赞同主楼","commentTime":"2022-04-16 18:58:45","commentOwner":"。"},{"comment":"你要相信沉默的大多数，所谓的天雷，夹子照样第一","commentTime":"2022-04-16 18:58:57","commentOwner":"。"},{"comment":"排雷不是问题。\n问题是虚假排雷、扩大化排雷（指放在文里合情合理根本不雷单独拎出来夸大其词表述）","commentTime":"2022-04-16 18:59:13","commentOwner":"= ="},{"comment":"可能以前的雷是真的等于屎，但现在的读者因为自己不吃面就觉得面是屎 还有的不吃米饭觉得米饭是屎","commentTime":"2022-04-16 18:59:35","commentOwner":"。"},{"comment":"想写雷点的，读者怎么排都会写，双向选择挺好的。\n我反正希望读者口气好点不要人身攻击就行","commentTime":"2022-04-16 19:00:06","commentOwner":"。"},{"comment":"没限制啊，不喜欢看的本来也不会看。\n虚假排雷才要抵制。\n№4 ☆☆☆。|2bd2a896于2022-04-16 18:58:29留言☆☆☆\n。","commentTime":"2022-04-16 19:00:09","commentOwner":"。"},{"comment":"起伏为什么一定是埋雷\n№6 ☆☆☆。|0a5613d4于2022-04-16 18:58:41留言☆☆☆\n为了避免各种雷点，小心翼翼地在框框里写作，不敢放飞自我","commentTime":"2022-04-16 19:01:08","commentOwner":"。"},{"comment":"可能以前的雷是真的等于屎，但现在的读者因为自己不吃面就觉得面是屎 还有的不吃米饭觉得米饭是屎\n№10 ☆☆☆。|f39546c8于2022-04-16 18:59:35留言☆☆☆\n不能更赞同！我喜欢的剧情被骂shi！说作者骗读者进来吃shi！那我算什么？爱吃shi吗？个别读者真的很烦！自私极了！真把自己当世界中心啊！","commentTime":"2022-04-16 19:02:20","commentOwner":"。"},{"comment":"我不能理解为什么那么多作者那么看重被人排雷\n说个大实话吧，读者是很多个群体，写得好就有人看，排雷不影响什么\n喂shi才会影响","commentTime":"2022-04-16 19:02:51","commentOwner":"= ="},{"comment":"历史引用 展开全部▼\n为了避免各种雷点，小心翼翼地在框框里写作，不敢放飞自我\n№13☆☆☆。|e79d84a2于2022-04-16 19:01:08留言☆☆☆\n那是你的问题……弄不清楚自己真正要抓住的受众，本来写作就不可能讨好所有人。\n.\n而且起伏和雷根本不是一个概念，不要混淆。","commentTime":"2022-04-16 19:03:12","commentOwner":"。"},{"comment":"我不能理解为什么那么多作者那么看重被人排雷\n说个大实话吧，读者是很多个群体，写得好就有人看，排雷不影响什么\n喂shi才会影响\n№15 ☆☆☆= =|057d9811于2022-04-16 19:02:51留言☆☆☆\n补充一下，我说的喂shi是指释然这种\n有些读者瞎骂shi，这个是没办法的","commentTime":"2022-04-16 19:03:42","commentOwner":"= ="},{"comment":"历史引用 展开全部▼\n不能更赞同！我喜欢的剧情被骂shi！说作者骗读者进来吃shi！那我算什么？爱吃shi吗？个别读者真的很烦！自私极了！真把自己当世界中心啊！\n№14 ☆☆☆。|1f4d0723于2022-04-16 19:02:20留言☆☆☆\n。","commentTime":"2022-04-16 19:03:42","commentOwner":"= ="},{"comment":"你猜为什么叫雷","commentTime":"2022-04-16 19:03:44","commentOwner":"。"},{"comment":"来鲜艳学会的第一件事是在文案下面标上双c","commentTime":"2022-04-16 19:03:47","commentOwner":"。"},{"comment":"别在意，写文本来就不是要人人喜欢，只是在不断筛选同好。","commentTime":"2022-04-16 19:04:13","commentOwner":"哼"},{"comment":"历史引用 展开全部▼\n为了避免各种雷点，小心翼翼地在框框里写作，不敢放飞自我\n№13 ☆☆☆。|e79d84a2于2022-04-16 19:01:08留言☆☆☆\n为什么要避免雷点，排雷就让她们排啊，爱看的人不会因为排雷而不看，我有时候看文还是看排雷入的坑，有人雷就有人爱，排雷的人又不会真的顺着网线来删你的文","commentTime":"2022-04-16 19:04:15","commentOwner":"。"},{"comment":"历史引用 展开全部▼\n不能更赞同！我喜欢的剧情被骂shi！说作者骗读者进来吃shi！那我算什么？爱吃shi吗？个别读者真的很烦！自私极了！真把自己当世界中心啊！\n№14☆☆☆。|1f4d0723于2022-04-16 19:02:20留言☆☆☆\n不只是自私，还很没有礼貌。","commentTime":"2022-04-16 19:04:50","commentOwner":"。"},{"comment":"你猜为什么叫雷\n№19 ☆☆☆。|767d4c47于2022-04-16 19:03:44留言☆☆☆\n有的情节可能是每个人的爱好吧，但是只要排了一下大部分人的雷区应该不会有什么问题","commentTime":"2022-04-16 19:05:02","commentOwner":"。"},{"comment":"你猜晋江为什么要分区分频道分tag？","commentTime":"2022-04-16 19:05:22","commentOwner":"写文三级残废"},{"comment":"历史引用 展开全部▼\n不只是自私，还很没有礼貌。\n№23 ☆☆☆。|ab2af6b3于2022-04-16 19:04:50留言☆☆☆\n这样子没礼貌的排雷真的很欠打。。有些文它不爱看就直呼shi，真的狠狠ex爱看此文的读者。。。炸人粮仓真的会醉，要排雷就排，但是这个比喻真受不了。。。","commentTime":"2022-04-16 19:07:03","commentOwner":"。"},{"comment":"排雷是双向选择吧\n就像双处和非处这个，我吃前者，看到排雷非处就走了；然而吃非处的人就会坚定点进去。而且你把自己条条框框框起来，不敢写那是你自己的问题，每种雷在吃的人眼里都是萌点，只是有读者群体限制而已","commentTime":"2022-04-16 19:07:24","commentOwner":"？"},{"comment":"历史引用 展开全部▼\n那是你的问题……弄不清楚自己真正要抓住的受众，本来写作就不可能讨好所有人。\n.\n而且起伏和雷根本不是一个概念，不要混淆。\n№16 ☆☆☆。|0a5613d4于2022-04-16 19:03:12留言☆☆☆\n。","commentTime":"2022-04-16 19:09:07","commentOwner":"= ="},{"comment":"排雷难道不是一个双筛的过程吗？和起伏有啥关系","commentTime":"2022-04-16 19:10:07","commentOwner":"。"},{"comment":"你写给不雷的人看不就得了，非要别人喜欢你吗？别人不能不好你这一口吗？\n真是无语了","commentTime":"2022-04-16 19:12:12","commentOwner":"= ="},{"comment":"并没有哦","commentTime":"2022-04-16 19:17:16","commentOwner":"= ="},{"comment":"我不能理解为什么那么多作者那么看重被人排雷\n说个大实话吧，读者是很多个群体，写得好就有人看，排雷不影响什么\n喂shi才会影响\n№15☆☆☆= =|057d9811于2022-04-16 19:02:51留言☆☆☆\n我觉得作者在意的不是排雷这件事，而是排雷带来的来自读者的恶意。\n通常会排雷的读者，有相当一部分都会在“排雷”的同时恶意刷零分评负分评，完全恶意扭曲原文的意思过度解读就算了，还带人参公鸡，并且像太平洋警察一样不允许其他爱看的读者继续看，让人觉得恶心。\n那种有自己雷点，但不干涉别人写作的读者，看到自己不喜欢的、雷的情节，都会默默走开直接选择不看，或者留下一句比较中肯的排雷，这种作者一般不觉得有什么。","commentTime":"2022-04-16 19:21:03","commentOwner":"……"},{"comment":"双向选择","commentTime":"2022-04-16 19:21:42","commentOwner":"。"},{"comment":"一篇文不能满足所有受众啊","commentTime":"2022-04-16 19:22:16","commentOwner":"= ="},{"comment":"历史引用 展开全部▼\n我觉得作者在意的不是排雷这件事，而是排雷带来的来自读者的恶意。\n通常会排雷的读者，有相当一部分都会在“排雷”的同时恶意刷零分评负分评，完全恶意扭曲原文的意思过度解读就算了，还带人参公鸡，并且像太平洋警察一样不允许其他爱看的读者继续看，让人觉得恶心。\n那种有自己雷点，但不干涉别人写作的读者，看到自己不喜欢的、雷的情节，都会默默走开直接选择不看，或者留下一句比较中肯的排雷，这种作者一般不觉得有什么。\n№32 ☆☆☆……|cb719faa于2022-04-16 19:21:03留言☆☆☆\n。","commentTime":"2022-04-16 19:23:17","commentOwner":"。"},{"comment":"xs，别把文学艺术品和s混为一谈。\n就你问出排雷会不会限制创作，我就想问你，想写s为什么不大大方方写?\n难道你想把s披皮吗?把读者骗进来看你弘扬赞美s?","commentTime":"2022-04-16 19:26:47","commentOwner":"。"},{"comment":"可是，你既想赚读者的钱，又想给读者喂屎，读者就不能打差评吗","commentTime":"2022-04-16 19:28:32","commentOwner":"。"},{"comment":"xs，别把文学艺术品和s混为一谈。\n就你问出排雷会不会限制创作，我就想问你，想写s为什么不大大方方写?\n难道你想把s披皮吗?把读者骗进来看你弘扬赞美s?\n№36 ☆☆☆。|e0228b83于2022-04-16 19:26:47留言☆☆☆\n请问你所说的s是指shi吗？我女主前期有些天真，被读者骂作shi，我不理解","commentTime":"2022-04-16 19:29:13","commentOwner":"。"},{"comment":"我只是觉得有些排雷有些疯魔了，还要踩读者甚至恶意揣测看某些情节的都是什么人。这种排雷无形之中就会筛掉很多潜在读者。","commentTime":"2022-04-16 19:30:11","commentOwner":"= ="},{"comment":"有些人非要把自己不爱吃的比作shi。。。我无语了，非要用说喂shi来形容。。。不理解。","commentTime":"2022-04-16 19:30:34","commentOwner":"。"},{"comment":"有些人非要把自己不爱吃的比作shi。。。我无语了，非要用说喂shi来形容。。。不理解。\n№40 ☆☆☆。|746bd189于2022-04-16 19:30:34留言☆☆☆\n我也不理解，正高高兴兴的看文，想点进评论区分享快乐，吧唧一个排雷，说我看的东西是屎，我真想骂人","commentTime":"2022-04-16 19:33:37","commentOwner":"。"},{"comment":"有的人排雷是真的排雷，有的人是自己不吃葱姜蒜就非要夸大排雷，还信誓旦旦这是喂shi。这让人上哪儿说理去。","commentTime":"2022-04-16 19:34:22","commentOwner":"。"},{"comment":"啊，排雷这个行为就是在排除本来就不会看的读者啊，比如一胎八个提倡dy说是小甜饼但写到后面开始虐最后硬he的内容可能会被暴躁读者骂，大家都不爽，干脆就排雷，不好这口的看见排雷也不会进来。你总不能又想赚不好这口的人的钱又不愿意承受后果吧，读者没有让你不要写，只是不爱看而已","commentTime":"2022-04-16 19:34:45","commentOwner":"。"},{"comment":"你也可以不排雷，文写得好全网排雷照样有读者喜欢，比如古言知名的那两个争议极大的作者，她们每次开文都会被隔壁排雷，但这耽误人家赚钱人家上金榜了吗？排雷就是个双向选择的过程，还能扯上限制创作自由？？你想写什么，读者还能按着你不让你写？","commentTime":"2022-04-16 19:34:47","commentOwner":"。"},{"comment":"你不喜欢吃猪肉，影响别人养猪了吗？自己养的猪肉腥臭还怪吃肉的。","commentTime":"2022-04-16 19:35:07","commentOwner":"。"},{"comment":"排雷是双向选择吧\n就像双处和非处这个，我吃前者，看到排雷非处就走了；然而吃非处的人就会坚定点进去。而且你把自己条条框框框起来，不敢写那是你自己的问题，每种雷在吃的人眼里都是萌点，只是有读者群体限制而已\n№27 ☆☆☆？|35f02a31于2022-04-16 19:07:24留言☆☆☆\n。","commentTime":"2022-04-16 19:35:23","commentOwner":"= ="},{"comment":"排雷是双向选择吧\n就像双处和非处这个，我吃前者，看到排雷非处就走了；然而吃非处的人就会坚定点进去。而且你把自己条条框框框起来，不敢写那是你自己的问题，每种雷在吃的人眼里都是萌点，只是有读者群体限制而已\n№27 ☆☆☆？|35f02a31于2022-04-16 19:07:24留言☆☆☆\n。","commentTime":"2022-04-16 19:37:53","commentOwner":"。"},{"comment":"你知道为什么别人会觉得雷吗，因为shi\n№2 ☆☆☆= =|a6ed7ee1于2022-04-16 18:58:13留言☆☆☆\n。","commentTime":"2022-04-16 19:40:04","commentOwner":"= ="},{"comment":"历史引用 展开全部▼\n请问你所说的s是指shi吗？我女主前期有些天真，被读者骂作shi，我不理解\n№38 ☆☆☆。|395ec538于2022-04-16 19:29:13留言☆☆☆\n重点不是s，是披皮打tag，你说你女主天真，或许在读者眼里是另一种性格。\n隔壁读者区有条帖子专门对文字进行属性定义，体感很多作者写的正文对不上她们打个tag。\n举个具体例子——\n白莲花说：“我不是故意的”“我不知道”“我不小心”\n绿茶说：“姐姐你化妆那么好看，不像我每天素颜朝天妆都不会画”\n一张嘴谁不会说。\n但大家都知道白莲绿茶的本质。\n作者写文对不上tag就像例子一样，披皮文学，伪装tag，把读者骗进来杀，这种行为是最大的s。\n（可能也有一部分作者写歪而不自知）","commentTime":"2022-04-16 19:40:21","commentOwner":"。"},{"comment":"历史引用 展开全部▼\n重点不是s，是披皮打tag，你说你女主天真，或许在读者眼里是另一种性格。\n隔壁读者区有条帖子专门对文字进行属性定义，体感很多作者写的正文对不上她们打个tag。\n举个具体例子——\n白莲花说：“我不是故意的”“我不知道”“我不小心”\n绿茶说：“姐姐你化妆那么好看，不像我每天素颜朝天妆都不会画”\n一张嘴谁不会说。\n但大家都知道白莲绿茶的本质。\n作者写文对不上tag就像例子一样，披皮文学，伪装tag，把读者骗进来杀，这种行为是最大的s。\n（可能也有一部分作者写歪而不自知）\n№49 ☆☆☆。|e0228b83于2022-04-16 19:40:21留言☆☆☆\n。","commentTime":"2022-04-16 19:42:37","commentOwner":"= ="},{"comment":"我不能理解为什么那么多作者那么看重被人排雷\n说个大实话吧，读者是很多个群体，写得好就有人看，排雷不影响什么\n喂shi才会影响\n№15 ☆☆☆= =|057d9811于2022-04-16 19:02:51留言☆☆☆\n我觉得这个很容易理解啊，你是作者你为什么写一篇文，就是因为喜欢呀，如果有人排雷说明你喜欢的或者觉得无所谓的是她讨厌的，被否定喜好和实力让作者感到不高兴是肯定的。","commentTime":"2022-04-16 19:43:56","commentOwner":"= ="},{"comment":"历史引用 展开全部▼\n。\n№50 ☆☆☆= =|10175e0e于2022-04-16 19:42:37留言☆☆☆\n可问题是，我有很多读者，都很喜欢女主，只有那么一两个人，非要说女主是shi，我说你别看了，不喜欢看可以走，排雷读者偏不“怎么花钱了不让人评论啊，凭什么捂人嘴啊，是shi还不让人说啊”我也是呵呵了","commentTime":"2022-04-16 19:45:35","commentOwner":"。"},{"comment":"历史引用 展开全部▼\n我觉得这个很容易理解啊，你是作者你为什么写一篇文，就是因为喜欢呀，如果有人排雷说明你喜欢的或者觉得无所谓的是她讨厌的，被否定喜好和实力让作者感到不高兴是肯定的。\n№51 ☆☆☆= =|cfce30a9于2022-04-16 19:43:56留言☆☆☆\n而且有很多读者会虚假排雷，扩大化排雷，非常霸道的因为她们不爱看，就骂这篇文章，让大家都不去看。","commentTime":"2022-04-16 19:46:19","commentOwner":"。"},{"comment":"历史引用 展开全部▼\n可问题是，我有很多读者，都很喜欢女主，只有那么一两个人，非要说女主是shi，我说你别看了，不喜欢看可以走，排雷读者偏不“怎么花钱了不让人评论啊，凭什么捂人嘴啊，是shi还不让人说啊”我也是呵呵了\n№52 ☆☆☆。|395ec538于2022-04-16 19:45:35留言☆☆☆\n那就不要管她们，这种人故意败坏心情的","commentTime":"2022-04-16 19:47:31","commentOwner":"。"},{"comment":"最可恨的是那种，第一章开始就吐槽，一直吐槽到V章，然后回到第一章，负分排雷，我就想说，你是不是有病啊，趁早走人不行？","commentTime":"2022-04-16 19:47:39","commentOwner":"。"}]}