{"id":"212a0872-6e7d-4952-9d7c-ba85f84fa1f0","category":"晋江论坛→网友交流区→碧水江汀 请稍候...","postSubject":"主题：死都不看排雷是为什么啊？我真的不明白，既然这么挑剔雷点这么低，不看排雷就不怕踩到雷吗？？ [9] 【搜索关键词：排雷】","postUrl":"https://bbs.jjwxc.net/showmsg.php?board=17&keyword=%C5%C5%C0%D7&id=1689383","originalPost":"不看排雷踩到了又要搁那bb，真的很烦啊，又不是没给你排，我雷点不够高都不敢看文不看排雷，这些人也不是什么能容忍绝大部分雷点啥都可以看的，为什么就是不肯看排雷啊？？就这么喜欢踩雷然后不爽了骂角色骂作者是吧？","numberOfReplies":9,"comments":[{"comment":"看了怎么骂你。","commentTime":"2021-12-23 21:14:45","commentOwner":"。"},{"comment":"我还见过扫文案看到排雷被排中，然后特地第一章来说一遍的……","commentTime":"2021-12-23 21:14:51","commentOwner":"，"},{"comment":"看了还怎么骂人","commentTime":"2021-12-23 21:15:26","commentOwner":"。"},{"comment":"我现在觉得所谓排雷，就是。读者不愿意看，因为他就是要骂你。作者标上去，也只能在读者骂的时候，反驳读者，雷给你排了你不会看？\n除了这点，真的没啥用。泪目","commentTime":"2021-12-23 21:16:49","commentOwner":"。"},{"comment":"还有看文案排雷，骂你为什么这么写的。\n我真的搞不懂了","commentTime":"2021-12-23 21:17:26","commentOwner":"。"},{"comment":"真的要是说我为了骗读者钱不排雷不说明被骂我都认了，但是nm排得清清楚楚正文都讲得很清楚了她就是不看，就是要进来骂你，有的连作者一起骂，我真服了，之前一直好脾气，天天都遇到这种评论也受不了，看多了是真的烦得要命","commentTime":"2021-12-23 21:23:51","commentOwner":"= ="},{"comment":"真的要是说我为了骗读者钱不排雷不说明被骂我都认了，但是nm排得清清楚楚正文都讲得很清楚了她就是不看，就是要进来骂你，有的连作者一起骂，我真服了，之前一直好脾气，天天都遇到这种评论也受不了，看多了是真的烦得要命\n№6 ☆☆☆= =|25291a4c于2021-12-23 21:23:51留言☆☆☆\n直接换小号骂他瞎","commentTime":"2021-12-23 21:24:58","commentOwner":"咕咕要升星"},{"comment":"现在的读者一点委屈都受不了，雷点非常奇怪，我文名文案都写了娱乐圈，结果来了个排雷：“娱乐圈排雷”\n我：？？？","commentTime":"2021-12-23 21:30:01","commentOwner":"=="},{"comment":"现在的读者一点委屈都受不了，雷点非常奇怪，我文名文案都写了娱乐圈，结果来了个排雷：“娱乐圈排雷”\n我：？？？\n№8 ☆☆☆==|6d8651b1于2021-12-23 21:30:01留言☆☆☆\n哈哈哈哈哈","commentTime":"2021-12-23 21:31:06","commentOwner":"。"}]}