{"id":"94a45ca1-25dd-4602-9173-d22e81d49901","category":"晋江论坛→网友交流区→碧水江汀 欢迎回来：53088456  退 出","postSubject":"主题：给大家排雷雅诗兰黛的双十一攻略，被坑死了 [39] 【搜索关键词：排雷】","postUrl":"https://bbs.jjwxc.net/showmsg.php?board=17&keyword=%C5%C5%C0%D7&id=1621228","originalPost":"昨晚充了淘宝88vip，送了一张300元的券，总额满3000+可以直接抵用。\n\n双十一前的预售阶段，我在雅诗兰黛直播间按主播的引导，付了组合装250元定金(总额2540元)+一张120面额的抵用券全款+一分赠品链接，充了2500购物金。\n\n昨晚熬到零点等排队，结果客服告诉我购物金不能和其他店铺的单子合并付款，只能单独在他家店里付款。\n\n现在来总结坑人的点:\n\n1.充值的2500元，不能支付定金，只能支付尾款，但购买购物金之前并不知道这点。\n换句话说，雅诗兰黛扣住了我2500+370元，而我想买的东西只有2540元，剩余的钱要在雅诗兰黛账户里躺一年，明年双十一再退还。\n\n2.双十一尾款当天有满减活动，定金部分不能参与满减，等于我的定金等370元没有享受到满减优惠。\n而11.1当天拍与预售价格相同，都是2540元，我还以为预售价会更便宜，好吧，没有。370已坑。\n\n3.充值的购物金只能在雅诗兰黛专柜通道单独购买，不能与其他单合并付款。\n换句话说，充值88vip送的300元券，没办法在这里用掉。\n我必买清单还有其他东西，加起来2300左右，本来2300+2540=4840元，我可以抵扣掉300元，再参与淘宝拼单满减，现在都不行了。\n巨坑。\n\n总结，姐妹们别再信双十一，都是套路！天猫总裁是个出轨渣男的事，坑起买家也是毫不手软。\n\n打补丁:规则太多太多太多了，如果我万一有哪说错或者理解错了，接受批评。","numberOfReplies":39,"comments":[{"comment":"谢谢，好复杂，头大了，反正我已经因为算不明白双十一规则两三年没参加活动了","commentTime":"2021-11-01 10:09:22","commentOwner":"。"},{"comment":"雅诗兰黛是不是沾晦气啊？我记得之前刚因为虚假宣传被罚....","commentTime":"2021-11-01 10:10:29","commentOwner":"= ="},{"comment":"谢谢，好复杂，头大了，反正我已经因为算不明白双十一规则两三年没参加活动了\n№1 ☆☆☆。|049c0c17于2021-11-01 10:09:22留言☆☆☆\n。\n太麻烦了，感觉好多都有坑，不买立省一百","commentTime":"2021-11-01 10:10:55","commentOwner":"= ="},{"comment":"不仅这家，我买的那家算好了满减，最后扣来扣去竟然还差18块钱，没办法就赶紧找东西凑单，也不知道怎么扣的，而且我翻了翻以前的评论，每年6.18和5.110.1什么的搞活动折扣都一样甚至更便宜。","commentTime":"2021-11-01 10:13:31","commentOwner":"=="},{"comment":"可以考虑中免和cdf，上面价格比旗舰店实惠很多\n小棕瓶100毫升最低价475！","commentTime":"2021-11-01 10:13:52","commentOwner":"呜呜呜"},{"comment":"雅诗兰黛的小棕瓶，我们国内是阉割版，有个广告主打成分被另外一种材料取代。美版是正的，就又要赚中国人的钱，又要给你次的。\n我实在付完定金以后才知道阉割版的事。然而定金不能退，如果想要回定金，必须先付尾款再申请退款。\n然后骚操作来了，购物金一旦充值，必须在官方账户里躺一年，明年双十一之后才会退还。\n呵呵","commentTime":"2021-11-01 10:14:09","commentOwner":"11119"},{"comment":"是实打实的优惠，没有什么小样赠送","commentTime":"2021-11-01 10:14:18","commentOwner":"呜呜呜"},{"comment":"","commentTime":"2021-11-01 10:15:09","commentOwner":"。"},{"comment":"可以考虑中免和cdf，上面价格比旗舰店实惠很多\n小棕瓶100毫升最低价475！\n№5 ☆☆☆呜呜呜|96eb73a1于2021-11-01 10:13:52留言☆☆☆\n哇哦！谢谢姐妹分享，我去看看～","commentTime":"2021-11-01 10:15:45","commentOwner":"11119"},{"comment":"8楼是销售吗？我在吐槽哎，你要卖货可以另开帖子","commentTime":"2021-11-01 10:16:33","commentOwner":"11119"},{"comment":"历史引用 展开全部▼\n哇哦！谢谢姐妹分享，我去看看～\n№9 ☆☆☆11119|5e7ed37b于2021-11-01 10:15:45留言☆☆☆\n现在没这么低了，但是一瓶也就是510+这样，也很便宜","commentTime":"2021-11-01 10:16:44","commentOwner":"呜呜呜"},{"comment":"№8 ☆☆☆。|355c9ce0于2021-11-01 10:15:09留言☆☆☆\n为啥是虾……眼瞎了，出楼","commentTime":"2021-11-01 10:17:10","commentOwner":"呜呜呜"},{"comment":"雅诗兰黛的小棕瓶，我们国内是阉割版，有个广告主打成分被另外一种材料取代。美版是正的，就又要赚中国人的钱，又要给你次的。\n我实在付完定金以后才知道阉割版的事。然而定金不能退，如果想要回定金，必须先付尾款再申请退款。\n然后骚操作来了，购物金一旦充值，必须在官方账户里躺一年，明年双十一之后才会退还。\n呵呵\n№6 ☆☆☆11119|5e7ed37b于2021-11-01 10:14:09留言☆☆☆\n……我都付完尾款了，现在才知道 靠","commentTime":"2021-11-01 10:18:06","commentOwner":"iswewew"},{"comment":"8楼是销售吗？我在吐槽哎，你要卖货可以另开帖子\n№10 ☆☆☆11119|5e7ed37b于2021-11-01 10:16:33留言☆☆☆\n楼楼，八哥应该是想说【】，顺便跨个火盆","commentTime":"2021-11-01 10:18:14","commentOwner":"。"},{"comment":"火盆火盆火盆，看到了那个名字","commentTime":"2021-11-01 10:18:48","commentOwner":"= ="},{"comment":"无语，这种楼也能沾到\n跨","commentTime":"2021-11-01 10:19:03","commentOwner":"。"},{"comment":"历史引用 展开全部▼\n楼楼，八哥应该是想说【】，顺便跨个火盆\n№14 ☆☆☆。|42a12ba4于2021-11-01 10:18:14留言☆☆☆\n……还能这样。bs贴图那么麻烦，何必呢","commentTime":"2021-11-01 10:22:58","commentOwner":"11119"},{"comment":"跨","commentTime":"2021-11-01 10:24:23","commentOwner":"= ="},{"comment":"无语，这种楼也能沾到\n跨\n\n№16 ☆☆☆。|049c0c17于2021-11-01 10:19:03留言☆☆☆\n跨","commentTime":"2021-11-01 10:25:53","commentOwner":"。"},{"comment":"化妆品还是找靠谱的代购吧，实打实的优惠比什么赠品都值，我是前年双十一被ES坑了，而且因为买得太多（还买了雅顿倩碧啥的），一堆赠品根本用不完，不是给人了就是找不着了，特别坑，从那以后就再不在双十一买化妆品了。\n据说高能小棕瓶是完整成分，但是价格要比普通小棕瓶贵不少。","commentTime":"2021-11-01 10:30:01","commentOwner":"- ="},{"comment":"历史引用 展开全部▼\n……我都付完尾款了，现在才知道 靠\n№13 ☆☆☆iswewew|2d97e05f于2021-11-01 10:18:06留言☆☆☆\n呜呜有没有人能告诉我，免税店的英版和美版是不是阉割版本啊","commentTime":"2021-11-01 10:31:09","commentOwner":"iswewew"},{"comment":"下载个【中免日上】 是海南免税店直邮的 大牌特便宜（相对而言） 感觉就是代购价。","commentTime":"2021-11-01 10:31:55","commentOwner":"。"},{"comment":"因为算不清楚优惠，我已经两年没有参加双11了。","commentTime":"2021-11-01 10:33:55","commentOwner":"= ="},{"comment":"可以考虑中免和cdf，上面价格比旗舰店实惠很多\n小棕瓶100毫升最低价475！\n№5 ☆☆☆呜呜呜|96eb73a1于2021-11-01 10:13:52留言☆☆☆\ncdf好像必须要离岛信息？","commentTime":"2021-11-01 10:35:38","commentOwner":"。"},{"comment":"跨 怎么这种楼也会沾上","commentTime":"2021-11-01 10:36:00","commentOwner":"。"},{"comment":"弄那么多规则，不就是为了明目张胆地坑消费者吗？以前就是直接满减打折红包抵扣，屁事没有，大家卖得开开心心的。现在什么定金什么预售什么购物券全tm是套路，烦死了，越做越烂","commentTime":"2021-11-01 10:46:02","commentOwner":"=="},{"comment":"不喜欢代言人，曾被代言人粉丝追着骂，粉圈太恐怖了，然后顺便拉黑所有这个代言人代言的品牌\n双十一凑单这个，比如天猫店铺满六百减九十，而你只需要买两百块的东西，那你就随便选，凑够六百，付完款把其他不需要的其他四百退款即可","commentTime":"2021-11-01 10:53:30","commentOwner":"……"},{"comment":"历史引用 展开全部▼\ncdf好像必须要离岛信息？\n№24 ☆☆☆。|739c3122于2021-11-01 10:35:38留言☆☆☆\ncdf 有很多家的，各地都有搞，除了海南其他地方可以直接下单邮寄。海南那边的离岛信息也可以作假，小红书还是豆瓣有教程","commentTime":"2021-11-01 10:57:57","commentOwner":"=="},{"comment":"历史引用 展开全部▼\ncdf 有很多家的，各地都有搞，除了海南其他地方可以直接下单邮寄。海南那边的离岛信息也可以作假，小红书还是豆瓣有教程\n№28 ☆☆☆==|8e6d9a4c于2021-11-01 10:57:57留言☆☆☆\n看了网上说有的是假货，所以谨慎，直接邮回家的有点怕怕","commentTime":"2021-11-01 10:59:47","commentOwner":"……"},{"comment":"不喜欢代言人，曾被代言人粉丝追着骂，粉圈太恐怖了，然后顺便拉黑所有这个代言人代言的品牌\n双十一凑单这个，比如天猫店铺满六百减九十，而你只需要买两百块的东西，那你就随便选，凑够六百，付完款把其他不需要的其他四百退款即可\n№27 ☆☆☆……|a9279a3a于2021-11-01 10:53:30留言☆☆☆\n16还是17年开始用雅诗兰黛，代言人都不知道换几波了吧。别被粉圈思维绑架，做自己就好，喜欢就买，不喜欢就不买。无所谓的东西继续无视就好","commentTime":"2021-11-01 11:00:13","commentOwner":"11119"},{"comment":"历史引用 展开全部▼\n16还是17年开始用雅诗兰黛，代言人都不知道换几波了吧。别被粉圈思维绑架，做自己就好，喜欢就买，不喜欢就不买。无所谓的东西继续无视就好\n№30 ☆☆☆11119|5e7ed37b于2021-11-01 11:00:13留言☆☆☆\n代言人还是那个，我不想膈应自己，而且雅诗兰黛又不是不可替代，其他品牌也不差","commentTime":"2021-11-01 11:01:05","commentOwner":"……"},{"comment":"弄那么多规则，不就是为了明目张胆地坑消费者吗？以前就是直接满减打折红包抵扣，屁事没有，大家卖得开开心心的。现在什么定金什么预售什么购物券全tm是套路，烦死了，越做越烂\n№26 ☆☆☆==|186aca41于2021-11-01 10:46:02留言☆☆☆\n辣鸡蒋凡上位以后，双十一越来越多规则，买买买都不那么快乐了","commentTime":"2021-11-01 11:01:26","commentOwner":"11119"},{"comment":"自从ysld沾某不可说后我就排雷了她全线彩妆。dw是我彩妆入门，沁水是我第二瓶，用了其他牌子才知道ysld好用的说法对我这种彩妆新手而言不过是洗脑包而已。","commentTime":"2021-11-01 11:01:59","commentOwner":"=="},{"comment":"购物金是可以和其他订单合并付款的，客服这么说是怕你凑单然后用了券购物金用不完？仔细看看他们店铺的规则，别被客服笼了","commentTime":"2021-11-01 11:02:29","commentOwner":"= ="},{"comment":"历史引用 展开全部▼\n看了网上说有的是假货，所以谨慎，直接邮回家的有点怕怕\n№29 ☆☆☆……|a9279a3a于2021-11-01 10:59:47留言☆☆☆\n不应该啊，是中免集团做的线上商场，和机场免税店一样的货啊。我看到的说法是，机场免税店的货版本很多，有些和专柜、旗舰店的不是一个版本，甚至有些是裸、、装，所以才便宜。","commentTime":"2021-11-01 11:04:24","commentOwner":"=="},{"comment":"淦，现在看到某个名字心里都要咯噔一下，都快ptsd了，真晦气","commentTime":"2021-11-01 11:05:56","commentOwner":"QAQ"},{"comment":"。哦","commentTime":"2021-11-01 11:06:29","commentOwner":"。"},{"comment":"无语，这种楼也能沾到\n跨\n\n№16☆☆☆。|049c0c17于2021-11-01 10:19:03留言☆☆☆\n跨","commentTime":"2021-11-01 11:07:05","commentOwner":"= ="},{"comment":"也有一个方法，凑单买的东西么，买完了，店家还没发货的话，你抓紧时间退。\n这样，既能享受优惠，又能把凑单但是本不需要的东西退掉。\n当然，这个方法不是很好，只是个下策","commentTime":"2021-11-01 11:08:32","commentOwner":"。"}]}