{"id":"5053a9d2-a23c-451a-8191-63da848efe50","category":"晋江论坛→网友交流区→碧水江汀 请稍候...","postSubject":"主题：百合受之前是直的，有过男友，但什么事都没发生，分手后被攻掰弯。这样写会被排雷吗？ [9] 【搜索关键词：排雷】","postUrl":"https://bbs.jjwxc.net/showmsg.php?board=17&keyword=%C5%C5%C0%D7&id=1739378","originalPost":"大概是弯恋直然后成真的那种。有点想写虐的，但总觉得这么写会被骂","numberOfReplies":9,"comments":[{"comment":"别太描写男友情节就还好","commentTime":"2022-01-28 17:54:03","commentOwner":"。"},{"comment":"会，百合频介意有过男朋友","commentTime":"2022-01-28 17:54:30","commentOwner":"麻辣烫麻辣"},{"comment":"要看攻是哪种类型吧，如果是很中性风的，我感觉会让人觉得受还是喜欢男孩子，之前有一个百合电视剧，受被男友甩了，攻就是相貌很man，看得有点隔应","commentTime":"2022-01-28 17:54:50","commentOwner":"没有小星星"},{"comment":"只要不详细描述男友情节就不雷\n在百合文里蛮常见这种的。","commentTime":"2022-01-28 17:55:08","commentOwner":"。"},{"comment":"这个还挺多的，但是直女别舍不得男友，别纠缠不清","commentTime":"2022-01-28 17:56:31","commentOwner":"。"},{"comment":"这个还挺多的，但是直女别舍不得男友，别纠缠不清\n№5 ☆☆☆。|4bf965ce于2022-01-28 17:56:31留言☆☆☆\n懂！","commentTime":"2022-01-28 18:03:29","commentOwner":"。。"},{"comment":"我个人不会，其他人不知道","commentTime":"2022-01-28 19:34:52","commentOwner":"补"},{"comment":"巨雷，圈子里容易出事情的就是这种双","commentTime":"2022-01-28 19:39:23","commentOwner":"见姬行事"},{"comment":"不会，只要不过多描写就可以。","commentTime":"2022-01-28 19:40:37","commentOwner":"……"}]}