{"id":"c6c5631b-83e7-4d1f-a404-739c5d64276e","category":"晋江论坛→网友交流区→碧水江汀 请稍候...","postSubject":"主题：请问女主有个朋友是gay，这样算bg里面掺bl吗？需要排雷吗？ [17] 【搜索关键词：排雷】","postUrl":"https://bbs.jjwxc.net/showmsg.php?board=17&keyword=%C5%C5%C0%D7&id=1659825","originalPost":"这个朋友戏份不多，关于他的性向也只是一笔带过，主要是为了解释一下为啥女主和他关系那么亲密","numberOfReplies":17,"comments":[{"comment":"还好吧","commentTime":"2021-12-02 15:20:12","commentOwner":"= ="},{"comment":"我不雷，不知道其他人","commentTime":"2021-12-02 15:20:37","commentOwner":"。。。"},{"comment":"一笔带过还好，我不介意，不过肯定有极端的介意，那种不管怎么样都会介意的","commentTime":"2021-12-02 15:20:46","commentOwner":"= ="},{"comment":"不需要..","commentTime":"2021-12-02 15:20:59","commentOwner":"。"},{"comment":"我觉得有一点雷……","commentTime":"2021-12-02 15:21:05","commentOwner":"= ="},{"comment":"这个gay有什么非出线不可的理由……没有的话小心读者说你夹带私货","commentTime":"2021-12-02 15:21:47","commentOwner":"= ="},{"comment":"布雷","commentTime":"2021-12-02 15:21:51","commentOwner":"。。"},{"comment":"戏份不多不算吧","commentTime":"2021-12-02 15:21:53","commentOwner":"。。"},{"comment":"我不雷，但你文案标注下，会有人在意","commentTime":"2021-12-02 15:22:00","commentOwner":"=="},{"comment":"需要","commentTime":"2021-12-02 15:22:11","commentOwner":"。"},{"comment":"好的，我还是排一下吧","commentTime":"2021-12-02 15:22:17","commentOwner":"。"},{"comment":"但其实你完全不是非要这么设置才能写的，可以但没必要，合理解释女主为什么和他关系好的方法有很多，邻居家哥哥、工作搭档、救命恩人……没必要非得写个gay让部分读者膈应","commentTime":"2021-12-02 15:25:11","commentOwner":"。。。"},{"comment":"我觉得还是写个普通性向的，或者根本不用写他性向什么的人吧。","commentTime":"2021-12-02 15:26:42","commentOwner":"啵一个"},{"comment":"我雷。没意义","commentTime":"2021-12-02 15:29:31","commentOwner":"=="},{"comment":"不雷","commentTime":"2021-12-02 15:30:55","commentOwner":"。"},{"comment":"不雷","commentTime":"2021-12-02 15:31:30","commentOwner":"。"},{"comment":"我雷，除非作者打补丁所有人都知道他性向。因为gay蜜在我这的形象是s零。看耽美就不会想那么多。","commentTime":"2021-12-02 15:32:05","commentOwner":"。"}]}