{"id":"0fcdcc2e-5ce5-4449-ae01-057d23eadf10","category":"晋江论坛→网友交流区→碧水江汀 欢迎回来：53088456  退 出","postSubject":"主题：pbc排雷，要不怎么现在追连载的越来越少了呢，当然因为猝不及防踩雷踩多了啊，多亏了我不追连载了，21年暴雷那么多本一本也没看过 [103] 【搜索关键词：排雷】","postUrl":"https://bbs.jjwxc.net/showmsg.php?board=17&keyword=%C5%C5%C0%D7&id=1759166","originalPost":"小号，等我找个图床上自证","numberOfReplies":103,"comments":[{"comment":"没看过就没看过呗，还生出优越感了，笑死人。","commentTime":"2022-02-12 13:57:58","commentOwner":"。"},{"comment":"小号，等我找个图床上自证\n№0 ☆☆☆= =|0637c00e于2022-02-12 13:57:01留言☆☆☆","commentTime":"2022-02-12 13:58:17","commentOwner":"= ="},{"comment":"已阅","commentTime":"2022-02-12 13:58:41","commentOwner":"。"},{"comment":"一年四千不少了，看的都是完结文吗，一定很爽","commentTime":"2022-02-12 13:58:49","commentOwner":"= ="},{"comment":"没看过就没看过呗，还生出优越感了，笑死人。\n№1 ☆☆☆。|4a0692e1于2022-02-12 13:57:58留言☆☆☆\n和相信作者反被捅刀比，确实优越","commentTime":"2022-02-12 13:58:52","commentOwner":"= ="},{"comment":"真的很棒啊\n对，看完结是很好的习惯\n我也喜欢看完结","commentTime":"2022-02-12 13:59:46","commentOwner":"——"},{"comment":"一年四千不少了，看的都是完结文吗，一定很爽\n№4 ☆☆☆= =|263fb85a于2022-02-12 13:58:49留言☆☆☆\n这个号算新号了，用了2年多，几个号加起来4心应该有了，21年之前也看了不少连载，踩雷后大彻大悟，21年一本连载都没看，爽死了，我宁愿没文看都不想再踩雷了","commentTime":"2022-02-12 14:00:17","commentOwner":"= ="},{"comment":"我也只看完结，但是我不看评论区，经常看完才发现那么多读者骂，但是我自己不会觉得雷","commentTime":"2022-02-12 14:00:27","commentOwner":"= ="},{"comment":"笑死，你是谁啊，还追连载的越来越少了","commentTime":"2022-02-12 14:00:57","commentOwner":"。"},{"comment":"马上完结了，希望我的受众也有很多是这样的，让我完结再飞一下（不是）","commentTime":"2022-02-12 14:01:25","commentOwner":"= ="},{"comment":"我也只看完结，但是我不看评论区，经常看完才发现那么多读者骂，但是我自己不会觉得雷\n№8 ☆☆☆= =|fe7b4ab7于2022-02-12 14:00:27留言☆☆☆\n笑死我也是……","commentTime":"2022-02-12 14:01:39","commentOwner":"。"},{"comment":"看现言的吗","commentTime":"2022-02-12 14:02:34","commentOwner":"。"},{"comment":"没看过就没看过呗，还生出优越感了，笑死人。\n№1☆☆☆。|4a0692e1于2022-02-12 13:57:58留言☆☆☆\n楼主只说自己没看过，你上来就优越感，我怎么看你优越感那么强呢，笑死","commentTime":"2022-02-12 14:02:59","commentOwner":"。"},{"comment":"没看过就没看过呗，还生出优越感了，笑死人。\n№1 ☆☆☆。|4a0692e1于2022-02-12 13:57:58留言☆☆☆\n你三星你优越感强呗？楼主好好说话碰到你这种sjb也是无语","commentTime":"2022-02-12 14:03:39","commentOwner":"～"},{"comment":"没看过就没看过呗，还生出优越感了，笑死人。\n№1 ☆☆☆。|4a0692e1于2022-02-12 13:57:58留言☆☆☆\n小弟，你哪来的优越感？鸽鸽～","commentTime":"2022-02-12 14:03:42","commentOwner":"。"},{"comment":"历史引用 展开全部▼\n小弟，你哪来的优越感？鸽鸽～\n№15 ☆☆☆。|a86d4268于2022-02-12 14:03:42留言☆☆☆\ngz，不是小弟，是笑死","commentTime":"2022-02-12 14:04:09","commentOwner":"。"},{"comment":"我从踩了释然的雷以后就只看完结了，然后成功避开了mrg","commentTime":"2022-02-12 14:04:17","commentOwner":"=="},{"comment":"没有必要有优越感\n要是没有那些追连载的读者，你能看到的完结文要少很多很多","commentTime":"2022-02-12 14:05:01","commentOwner":"。"},{"comment":"没有必要有优越感\n要是没有那些追连载的读者，你能看到的完结文要少很多很多\n№18☆☆☆。|9fab440b于2022-02-12 14:05:01留言☆☆☆\n。","commentTime":"2022-02-12 14:05:25","commentOwner":"。"},{"comment":"没有必要有优越感\n要是没有那些追连载的读者，你能看到的完结文要少很多很多\n№18 ☆☆☆。|9fab440b于2022-02-12 14:05:01留言☆☆☆\n。","commentTime":"2022-02-12 14:05:36","commentOwner":"。"},{"comment":"没有必要有优越感\n要是没有那些追连载的读者，你能看到的完结文要少很多很多\n№18 ☆☆☆。|9fab440b于2022-02-12 14:05:01留言☆☆☆\nqs","commentTime":"2022-02-12 14:05:45","commentOwner":"。"},{"comment":"历史引用 展开全部▼\n。\n№19 ☆☆☆。|c481756d于2022-02-12 14:05:25留言☆☆☆\n。","commentTime":"2022-02-12 14:05:48","commentOwner":"=="},{"comment":"没有必要有优越感\n要是没有那些追连载的读者，你能看到的完结文要少很多很多\n№18 ☆☆☆。|9fab440b于2022-02-12 14:05:01留言☆☆☆\n。","commentTime":"2022-02-12 14:06:07","commentOwner":"。。。"},{"comment":"我还是感谢连载期陪着我的读者的","commentTime":"2022-02-12 14:06:20","commentOwner":"。"},{"comment":"历史引用 展开全部▼\n楼主只说自己没看过，你上来就优越感，我怎么看你优越感那么强呢，笑死\n№13 ☆☆☆。|2009a7d4于2022-02-12 14:02:59留言☆☆☆\n。","commentTime":"2022-02-12 14:06:22","commentOwner":"。"},{"comment":"没有必要有优越感\n要是没有那些追连载的读者，你能看到的完结文要少很多很多\n№18 ☆☆☆。|9fab440b于2022-02-12 14:05:01留言☆☆☆\n。","commentTime":"2022-02-12 14:06:22","commentOwner":"。"},{"comment":"虽然我也不看连载文，但是大家都不看连载，没有连载读者筛选好文，我们看的完结好文哪里来啊？这个没必要去提倡吧？","commentTime":"2022-02-12 14:06:49","commentOwner":"。"},{"comment":"没有必要有优越感\n要是没有那些追连载的读者，你能看到的完结文要少很多很多\n№18 ☆☆☆。|9fab440b于2022-02-12 14:05:01留言☆☆☆\n我很认同，而且作者看评论区真的最感谢追连载的读者（不是说不感谢完结的，毕竟都是正版读者。）连载的时候读者的评论是非常重要的精神支柱","commentTime":"2022-02-12 14:07:23","commentOwner":"。"},{"comment":"虽然我也不看连载文，但是大家都不看连载，没有连载读者筛选好文，我们看的完结好文哪里来啊？这个没必要去提倡吧？\n№27 ☆☆☆。|23ed3daa于2022-02-12 14:06:49留言☆☆☆\n其实楼主【优越】的重点应该是【不踩雷】\n不踩雷真的很值得骄傲和高兴\n因为踩雷太惨了……","commentTime":"2022-02-12 14:08:44","commentOwner":"——"},{"comment":"只看完结真的神清气爽，没打星的是有锁章","commentTime":"2022-02-12 14:09:21","commentOwner":"= ="},{"comment":"没有必要有优越感\n要是没有那些追连载的读者，你能看到的完结文要少很多很多\n№18 ☆☆☆。|9fab440b于2022-02-12 14:05:01留言☆☆☆\n。","commentTime":"2022-02-12 14:10:01","commentOwner":"。"},{"comment":"没有必要有优越感\n要是没有那些追连载的读者，你能看到的完结文要少很多很多\n№18 ☆☆☆。|9fab440b于2022-02-12 14:05:01留言☆☆☆\n是1楼先说我有优越感的，我只是说我21年一本都没踩雷，真说优越感也是和“没踩雷”对比出的优越感，不是看不看连载","commentTime":"2022-02-12 14:10:19","commentOwner":"= ="},{"comment":"历史引用 展开全部▼\n其实楼主【优越】的重点应该是【不踩雷】\n不踩雷真的很值得骄傲和高兴\n因为踩雷太惨了……\n№29☆☆☆——|a9c77756于2022-02-12 14:08:44留言☆☆☆\n。\n有一说一羡慕了，之前踩雷踩的我半夜睡不着觉","commentTime":"2022-02-12 14:10:39","commentOwner":"。"},{"comment":"21年开年追连载追到4月份，突如其来一口屎，这个故事告诉我们，不要追连载，会猝不及防。","commentTime":"2022-02-12 14:10:43","commentOwner":"嘿"},{"comment":"历史引用 展开全部▼\n其实楼主【优越】的重点应该是【不踩雷】\n不踩雷真的很值得骄傲和高兴\n因为踩雷太惨了……\n№29☆☆☆——|a9c77756于2022-02-12 14:08:44留言☆☆☆\n没觉得，所谓优越就是要和人对比才有的，她的优越是从那些看连载的读者身上得到的，这能证明什么？","commentTime":"2022-02-12 14:10:57","commentOwner":"= ="},{"comment":"历史引用 展开全部▼\n我很认同，而且作者看评论区真的最感谢追连载的读者（不是说不感谢完结的，毕竟都是正版读者。）连载的时候读者的评论是非常重要的精神支柱\n№28 ☆☆☆。|1a7fa89b于2022-02-12 14:07:23留言☆☆☆\n可是没办法啊，之前萌死我，让人不敢追连载，相逢一刀让人连完结都要等段时间","commentTime":"2022-02-12 14:11:17","commentOwner":"= ="},{"comment":"只看完结真的神清气爽，没打星的是有锁章\n№30 ☆☆☆= =|0637c00e于2022-02-12 14:09:21留言☆☆☆\n哇，lz订阅率一定很高吧，我就算只看完结也达不到几乎本本全订","commentTime":"2022-02-12 14:11:55","commentOwner":"=="},{"comment":"不踩雷确实会心里舒服一些。","commentTime":"2022-02-12 14:12:04","commentOwner":"。"},{"comment":"完结文真的看不下去，只有更新少还不定时的连载文才能勾引我","commentTime":"2022-02-12 14:12:26","commentOwner":"＝□＝"},{"comment":"历史引用 展开全部▼\n可是没办法啊，之前萌死我，让人不敢追连载，相逢一刀让人连完结都要等段时间\n№36 ☆☆☆= =|dfab4c72于2022-02-12 14:11:17留言☆☆☆\n完全可以理解你，我觉得正版读者都很可爱我都很感谢的。","commentTime":"2022-02-12 14:12:39","commentOwner":"。"},{"comment":"追连载有追连载的爽，追完结也有追完结的爽，我是看到喜欢的就会看，不管是不是完结。\n不过追完结的话，可以一口气看完，完结时间久一点的话文都是作者修过的，阅读体验会很棒。","commentTime":"2022-02-12 14:12:43","commentOwner":"= ="},{"comment":"历史引用 展开全部▼\n没觉得，所谓优越就是要和人对比才有的，她的优越是从那些看连载的读者身上得到的，这能证明什么？\n№35 ☆☆☆= =|b7b227e0于2022-02-12 14:10:57留言☆☆☆\n她bt不就是对比了自己以前踩雷，现在没踩雷吗……","commentTime":"2022-02-12 14:12:45","commentOwner":"=="},{"comment":"历史引用 展开全部▼\n没觉得，所谓优越就是要和人对比才有的，她的优越是从那些看连载的读者身上得到的，这能证明什么？\n№35 ☆☆☆= =|b7b227e0于2022-02-12 14:10:57留言☆☆☆\n这能证明不踩雷很快乐啊","commentTime":"2022-02-12 14:12:57","commentOwner":"。。"},{"comment":"只看完结真的神清气爽，没打星的是有锁章\n№30 ☆☆☆= =|0637c00e于2022-02-12 14:09:21留言☆☆☆\n我现在看文就是搜想看的题材，然后搜完结文，发现觉得有意思的，先翻评论区，再翻论坛，最后wb什么的也都随手逛一圈，最后看免费章，免费章觉得不错直接全订，反正这样全订1年多了，还没踩过雷，我打的那个3星也只是因为看其他地方说作者烂尾，我觉得题材很喜欢，就还是看了，看完果然烂尾，打了3星，不算踩雷","commentTime":"2022-02-12 14:13:09","commentOwner":"= ="},{"comment":"真棒，继续加油哦","commentTime":"2022-02-12 14:13:12","commentOwner":"……"},{"comment":"没有必要有优越感\n要是没有那些追连载的读者，你能看到的完结文要少很多很多\n№18 ☆☆☆。|9fab440b于2022-02-12 14:05:01留言☆☆☆\n。","commentTime":"2022-02-12 14:13:29","commentOwner":"苏杰克"},{"comment":"历史引用 展开全部▼\n。\n№46☆☆☆苏杰克|09034ecc于2022-02-12 14:13:29留言☆☆☆\n这个确实","commentTime":"2022-02-12 14:14:08","commentOwner":"= ="},{"comment":"还是不要吵起来了，本来只是网暴者有问题，现在主页每个帖子都吵，好像变成了读者和作者的矛盾，明明不是啊。\n正版读者我遇到的真的都很温柔很善良很可爱的","commentTime":"2022-02-12 14:14:36","commentOwner":"。"},{"comment":"追连载的越来越少这个结论你是怎么得出来的？楼上说你有优越感真是没说错。","commentTime":"2022-02-12 14:14:47","commentOwner":"。"},{"comment":"笑死，楼里某些作者真看不出来吗？楼主明明就是在嘲讽某些连载喂shi的作者，喂shi的作者越多，被逼去看完结的读者就越多。\n谁不是连载期读者过来的，到现在非完结不看因为点什么你们心里没数吗？","commentTime":"2022-02-12 14:15:08","commentOwner":"。"},{"comment":"历史引用 展开全部▼\n哇，lz订阅率一定很高吧，我就算只看完结也达不到几乎本本全订\n№37 ☆☆☆==|26a800b8于2022-02-12 14:11:55留言☆☆☆\n确实挺高的，因为我都是翻一圈评论区搜一圈其他地方，再看免费章，觉得喜欢就直接全订看完，然后打星，有的文卡在评论区或者其他地方有人吐槽排雷，有的是我看了几章免费章觉得不喜欢就没再看v章，能看到v章的我都全订了，可能因为我自己找排雷找的干净，去年花了2k多，没有一本踩雷","commentTime":"2022-02-12 14:15:30","commentOwner":"= ="},{"comment":"追连载的越来越少这个结论你是怎么得出来的？楼上说你有优越感真是没说错。\n№49 ☆☆☆。|a76824ff于2022-02-12 14:14:47留言☆☆☆\n现在追连载的比以前少了多少是真没感觉到啊？挺好的","commentTime":"2022-02-12 14:16:17","commentOwner":"= ="},{"comment":"我很理解你的心情，我也喜欢看完结，不过是因为喜欢一口气看完。但是在这这样发帖让我感觉你有点“看吧，活该，都怪你们作者喜欢暴雷，看连载的越来越少了，真是太好了，这都是你们的福报”的意思。\n说到底害人的是sjb读者和暴雷作者，受伤的只有正常作者和正常读者。","commentTime":"2022-02-12 14:16:33","commentOwner":"。"},{"comment":"历史引用 展开全部▼\n其实楼主【优越】的重点应该是【不踩雷】\n不踩雷真的很值得骄傲和高兴\n因为踩雷太惨了……\n№29 ☆☆☆——|a9c77756于2022-02-12 14:08:44留言☆☆☆\n。\n不踩雷我也乐得，每次看到论坛谁谁谁又踩雷了，我都挺庆幸我只看完结的。","commentTime":"2022-02-12 14:16:49","commentOwner":"。"},{"comment":"没有必要有优越感\n要是没有那些追连载的读者，你能看到的完结文要少很多很多\n№18 ☆☆☆。|9fab440b♥♥于2022-02-12 14:05:01留言☆☆☆\n如果一位作者连完结文都拿不出来那被避雷也挺正常的","commentTime":"2022-02-12 14:17:25","commentOwner":"=="},{"comment":"追连载的越来越少这个结论你是怎么得出来的？楼上说你有优越感真是没说错。\n№49 ☆☆☆。|a76824ff于2022-02-12 14:14:47留言☆☆☆\n说我优越感我也认了啊，对比被喂shi，各种踩雷，我直接全订有1年多了，花了2k多，不投雷只订阅，一本都没踩雷过，我就是优越呢","commentTime":"2022-02-12 14:17:30","commentOwner":"= ="},{"comment":"不要吵了，大家明明都是可爱的人，可能有一些用词不那么合适，但是又不是机器人，不严谨是完全可能存在的，我觉得作者和正版读者之间，至少大部分都没啥矛盾吧，而且平时都挺温柔的","commentTime":"2022-02-12 14:17:40","commentOwner":"。"},{"comment":"笑死，楼里某些作者真看不出来吗？楼主明明就是在嘲讽某些连载喂shi的作者，喂shi的作者越多，被逼去看完结的读者就越多。\n谁不是连载期读者过来的，到现在非完结不看因为点什么你们心里没数吗？\n№50 ☆☆☆。|5bed8381于2022-02-12 14:15:08留言☆☆☆\n对啊，楼主不就是在讽刺隔壁几个说排雷是跪舔读者的楼主嘛","commentTime":"2022-02-12 14:18:08","commentOwner":"。"},{"comment":"笑死，楼里某些作者真看不出来吗？楼主明明就是在嘲讽某些连载喂shi的作者，喂shi的作者越多，被逼去看完结的读者就越多。\n谁不是连载期读者过来的，到现在非完结不看因为点什么你们心里没数吗？\n№50 ☆☆☆。|5bed8381于2022-02-12 14:15:08留言☆☆☆\n笑死，按照你的说法，个别作者的问题，导致整个平台连载期读者减少？你这搞得好像是在场所有作者导致的一样……另外，事实是，追连载的比例整体大于追完结的，少了多少都是你以为的","commentTime":"2022-02-12 14:18:29","commentOwner":"。。"},{"comment":"笑死，楼里某些作者真看不出来吗？楼主明明就是在嘲讽某些连载喂shi的作者，喂shi的作者越多，被逼去看完结的读者就越多。\n谁不是连载期读者过来的，到现在非完结不看因为点什么你们心里没数吗？\n№50☆☆☆。|5bed8381于2022-02-12 14:15:08留言☆☆☆\n？？？关我们这些正常作者什么事？我们能控制那些作者不喂shi吗？还说什么我们心里没点数，我就好笑了，我们这些正常作者老老实实更文写文，结果就有些人冲上来说，活该了吧你们，就是因为你们这些作者，我们读者都不看连载文了，我就想问一句，关我们什么事？","commentTime":"2022-02-12 14:18:32","commentOwner":"= ="},{"comment":"20年我猝不及防踩雷直接搞的我2个月没开jj，现在只看完结就是神清气爽","commentTime":"2022-02-12 14:19:02","commentOwner":"= ="},{"comment":"我曾经踩雷过一次，那种感觉真的很伤人！","commentTime":"2022-02-12 14:19:33","commentOwner":"哈哈咯哈哈"},{"comment":"笑死，楼里某些作者真看不出来吗？楼主明明就是在嘲讽某些连载喂shi的作者，喂shi的作者越多，被逼去看完结的读者就越多。\n谁不是连载期读者过来的，到现在非完结不看因为点什么你们心里没数吗？\n№50 ☆☆☆。|5bed8381于2022-02-12 14:15:08留言☆☆☆\n。\n我被mrg搞得现在都没缓过来……看到动物文就心惊胆战的（这个是我萌点，一直文荒）\n现在只敢追完结文和部分看了好几本确定不会突然喂shi的太太，连载的只敢先收藏养肥等完结看看评论区再考虑要不要看……","commentTime":"2022-02-12 14:20:20","commentOwner":"。"},{"comment":"挺好的，我以前都是追完结体验不错，后来追连载，夹子一夜情误我，我就不该追夹子","commentTime":"2022-02-12 14:21:35","commentOwner":"= ="},{"comment":"笑死，楼里某些作者真看不出来吗？楼主明明就是在嘲讽某些连载喂shi的作者，喂shi的作者越多，被逼去看完结的读者就越多。\n谁不是连载期读者过来的，到现在非完结不看因为点什么你们心里没数吗？\n№50 ☆☆☆。|5bed8381于2022-02-12 14:15:08留言☆☆☆\n那个……我以前只看完结文，真心佩服看连载读者的耐性\n不过现在看连载了，因为完结都是被筛选出来的的文，感觉我口味已经跟大众口味有点不太一样了，追连载更能追到对我来说有心意的文\n这么看我这种从完结到连载的反而是逆向的少数是吗？","commentTime":"2022-02-12 14:22:14","commentOwner":"。"},{"comment":"历史引用 展开全部▼\n？？？关我们这些正常作者什么事？我们能控制那些作者不喂shi吗？还说什么我们心里没点数，我就好笑了，我们这些正常作者老老实实更文写文，结果就有些人冲上来说，活该了吧你们，就是因为你们这些作者，我们读者都不看连载文了，我就想问一句，关我们什么事？\n№60 ☆☆☆= =|585735ac于2022-02-12 14:18:32留言☆☆☆\n不好意思措辞不太精准，我的意思是，造成楼主以及这个楼里一部分读者非完结不看的原因，难道大家不清楚吗？不是说正常作者造成的，只是想表达，正常作者按理来说也应该清楚造成这种现象的原因。","commentTime":"2022-02-12 14:23:01","commentOwner":"。"},{"comment":"我最近也是看完结文多一点，连载文目前只追一本","commentTime":"2022-02-12 14:23:23","commentOwner":"。"},{"comment":"历史引用 展开全部▼\n说我优越感我也认了啊，对比被喂shi，各种踩雷，我直接全订有1年多了，花了2k多，不投雷只订阅，一本都没踩雷过，我就是优越呢\n№56 ☆☆☆= =|0637c00e于2022-02-12 14:17:30留言☆☆☆\n你自己不踩雷开心就好，但是你凭什么说追连载的越来越少？你开心你切实得到的，凭什么随口瞎说数据？","commentTime":"2022-02-12 14:23:29","commentOwner":"。"},{"comment":"历史引用 展开全部▼\n那个……我以前只看完结文，真心佩服看连载读者的耐性\n不过现在看连载了，因为完结都是被筛选出来的的文，感觉我口味已经跟大众口味有点不太一样了，追连载更能追到对我来说有心意的文\n这么看我这种从完结到连载的反而是逆向的少数是吗？\n№65 ☆☆☆。|23ed3daa于2022-02-12 14:22:14留言☆☆☆\n我可没说哪个群体的人更多，我只是说部分连载读者转完结读者的某些原因","commentTime":"2022-02-12 14:24:39","commentOwner":"。"},{"comment":"历史引用 展开全部▼\n。\n有一说一羡慕了，之前踩雷踩的我半夜睡不着觉\n№33 ☆☆☆。|ee281ea7于2022-02-12 14:10:39留言☆☆☆\nmd我该向楼主学习，今年最大的雷mrg就不会踩了","commentTime":"2022-02-12 14:25:26","commentOwner":"=="},{"comment":"历史引用 展开全部▼\n我可没说哪个群体的人更多，我只是说部分连载读者转完结读者的某些原因\n№69 ☆☆☆。|5bed8381于2022-02-12 14:24:39留言☆☆☆\n我最后一句话发出来就感觉语意不对\n我是感慨我这种本来看完结，后来看连载的真的是少数，是感慨不是反问……","commentTime":"2022-02-12 14:25:45","commentOwner":"。"},{"comment":"你好，我大多数追连载，自己扫文追连载，除非有人热情推荐否则不看完结，目前从没踩过雷，有过中途弃文，但那是因为剧情比较平淡了，并不是有雷","commentTime":"2022-02-12 14:25:50","commentOwner":"= ="},{"comment":"你好，我大多数追连载，自己扫文追连载，除非有人热情推荐否则不看完结，目前从没踩过雷，有过中途弃文，但那是因为剧情比较平淡了，并不是有雷\n№72 ☆☆☆= =|499cc00b于2022-02-12 14:25:50留言☆☆☆\n补一句，五六年来一直喜欢追连载，因为完结一口气看得太累，连载天天用碎片时间看一小段感觉正好，可能是我百无禁忌所以从不踩雷吧","commentTime":"2022-02-12 14:27:07","commentOwner":"= ="},{"comment":"我曾经踩雷过一次，那种感觉真的很伤人！\n№62 ☆☆☆哈哈咯哈哈|6e0e5aca于2022-02-12 14:19:33留言☆☆☆\n真的伤人，20年那次踩雷直接搞的我卸载了晋江2个多月，当时看到晋江app都嫌烦","commentTime":"2022-02-12 14:27:49","commentOwner":"= ="},{"comment":"没有必要有优越感\n要是没有那些追连载的读者，你能看到的完结文要少很多很多\n№18 ☆☆☆。|9fab440b于2022-02-12 14:05:01留言☆☆☆\n。","commentTime":"2022-02-12 14:27:51","commentOwner":"。"},{"comment":"昨晚开始被人追着刷负，并恶意排雷，你见到那人所谓的排雷肯定会跑路。\n挺奇怪的，为什么不能自己看过才决定是否真的是你的雷点呢？为什么要盲目听从其他人的意见，而不是点进去看看到底怎么写的？","commentTime":"2022-02-12 14:28:08","commentOwner":"！"},{"comment":"昨晚开始被人追着刷负，并恶意排雷，你见到那人所谓的排雷肯定会跑路。\n挺奇怪的，为什么不能自己看过才决定是否真的是你的雷点呢？为什么要盲目听从其他人的意见，而不是点进去看看到底怎么写的？\n№76 ☆☆☆！|4c6480e7于2022-02-12 14:28:08留言☆☆☆\n因为我现在已经没有信任了，我的信任已经在20年花完了，当时踩雷踩的我现在宁愿错过一篇好文，都不愿意担着踩雷的风险继续看","commentTime":"2022-02-12 14:29:15","commentOwner":"= ="},{"comment":"我倒是经常找连载文看，因为完结文要么不感兴趣要么看过了，唯一不太好的一点就是因为从前被喂shi太多（看实体留下的，再加上看见别人的排雷啥的），看文时遇到相似点总忍不住咯噔一声，很影响我的看文体验感。\n追连载害怕的不是踩雷（因为一般看内容前就已经避开了）而是追到最新章发现毫无兴趣了。","commentTime":"2022-02-12 14:30:33","commentOwner":"= ="},{"comment":"没有必要有优越感\n要是没有那些追连载的读者，你能看到的完结文要少很多很多\n№18 ☆☆☆。|9fab440b??于2022-02-12 14:05:01留言☆☆☆\n哪儿什么优越感\n宁愿没粮也不愿踩雷\n两个差值二选一而已\n我是很佩服不怕踩雷的追连载读者但我自己做不到","commentTime":"2022-02-12 14:32:47","commentOwner":"。"},{"comment":"我跟楼主是完全相反的类型。看文名文案入坑，几乎不看评论，自己也不评论。第一章弃文率最高，其次是夹子，反正随时弃文，全篇看完的极少。也有被雷到的，但踩雷感极轻微，即便三观再不合，或者情节再不符合期待，也就点叉就完了。","commentTime":"2022-02-12 14:37:08","commentOwner":"=="},{"comment":"昨晚开始被人追着刷负，并恶意排雷，你见到那人所谓的排雷肯定会跑路。\n挺奇怪的，为什么不能自己看过才决定是否真的是你的雷点呢？为什么要盲目听从其他人的意见，而不是点进去看看到底怎么写的？\n№76 ☆☆☆！|4c6480e7于2022-02-12 14:28:08留言☆☆☆\n因为读者看书就是选择商品，这个不好就换另一个，除却因为踩雷心理有阴影的以外，大部分读者是不愿意花费时间和精力去试错的。当然不是说虚假排雷是对的，昨天也有作者和读者去订阅然后开贴说读后感了，只是是少数而已。","commentTime":"2022-02-12 14:37:17","commentOwner":"。"},{"comment":"没有必要有优越感\n要是没有那些追连载的读者，你能看到的完结文要少很多很多\n№18 ☆☆☆。|9fab440b于2022-02-12 14:05:01留言☆☆☆\n看到这段话有点感慨\n因为怕被评论影响写文状态，我已经一年不看评论区了，完结了都不敢看。\n现在想想，有点对不起那些追连载的读者，一直没给她们回应。\n可真看评论、回复，又担心会被恶评影响。\n当初就是一看到恶评就写文激情消退，还影响写作，写的时候不自觉地会想到它们会怎么杠，不敢写冲突。\n感觉无解了……","commentTime":"2022-02-12 14:37:24","commentOwner":"……"},{"comment":"没有必要有优越感\n要是没有那些追连载的读者，你能看到的完结文要少很多很多\n№18 ☆☆☆。|9fab440b于2022-02-12 14:05:01留言☆☆☆\n。","commentTime":"2022-02-12 14:40:09","commentOwner":"=="},{"comment":"我跟楼主是完全相反的类型。看文名文案入坑，几乎不看评论，自己也不评论。第一章弃文率最高，其次是夹子，反正随时弃文，全篇看完的极少。也有被雷到的，但踩雷感极轻微，即便三观再不合，或者情节再不符合期待，也就点叉就完了。\n№80 ☆☆☆==|90d0c743于2022-02-12 14:37:08留言☆☆☆\n贴贴，跟五星咕一样的类型，极少踩雷","commentTime":"2022-02-12 14:57:34","commentOwner":"。"},{"comment":"我就喜欢追连载，踩坑就及时弃。完结反而看的少","commentTime":"2022-02-12 15:07:15","commentOwner":"。"},{"comment":"我就喜欢追连载，踩坑就及时弃。完结反而看的少\n№85 ☆☆☆。|c47000ff于2022-02-12 15:07:15留言☆☆☆\n我很喜欢陪着一本书完结的感觉","commentTime":"2022-02-12 15:08:06","commentOwner":"。"},{"comment":"一本不看的人踩雷率更低。","commentTime":"2022-02-12 15:13:00","commentOwner":"。"},{"comment":"srds，我21年花了大半年追了一本，后期作者喂shi，气死我了","commentTime":"2022-02-12 15:15:25","commentOwner":"。。"},{"comment":"卡v真的是防不胜防","commentTime":"2022-02-12 15:18:17","commentOwner":"。"},{"comment":"我追连载追到作者空口鉴抄作话卖惨，正文故意写相关情节yygq别人“拾人牙慧”，呕","commentTime":"2022-02-12 15:18:24","commentOwner":"。"},{"comment":"历史引用 展开全部▼\n笑死我也是……\n№11 ☆☆☆。|fdfbbfbc于2022-02-12 14:01:39留言☆☆☆\n评论区排雷越多，我越好奇，越想看看到底有多累。。。","commentTime":"2022-02-12 15:18:33","commentOwner":"物理课代表"},{"comment":"同楼主一样，已经不敢追连载了，去年无意间踩雷了好几本，都是文案不排雷，标签写着甜文结果中间突然变成了狗血虐文（哭笑）\nps：中途喂shi真的很膈应，但我没有骂过作者，没有人身攻击过！最多就是打了一个负分然后默默离开，毕竟有时候真的被膈应的难受（别杠我，祝大家春节快乐，万事如意，心想事成，本本金榜，永远年轻貌美）\n（小号，需要我自证，我可以切号来回复）","commentTime":"2022-02-12 15:18:38","commentOwner":"。"},{"comment":"我追连载是因为我喜欢一口气读完，不过这本来就是各有各的方式吧","commentTime":"2022-02-12 15:19:25","commentOwner":"= ="},{"comment":"我追连载是因为我喜欢一口气读完，不过这本来就是各有各的方式吧\n№93 ☆☆☆=  =|be333308于2022-02-12 15:19:25留言☆☆☆\n啊呸，我要说的是不追连载","commentTime":"2022-02-12 15:19:43","commentOwner":"= ="},{"comment":"我追连载追到作者空口鉴抄作话卖惨，正文故意写相关情节yygq别人“拾人牙慧”，呕\n№90 ☆☆☆。|c33b0f57于2022-02-12 15:18:24留言☆☆☆\n如果我看的是完结文，至少会直接筛选掉这种拿文字情节来输出个人阴暗情绪的戏精","commentTime":"2022-02-12 15:19:47","commentOwner":"。"},{"comment":"历史引用 展开全部▼\n楼主只说自己没看过，你上来就优越感，我怎么看你优越感那么强呢，笑死\n№13 ☆☆☆。|2009a7d4于2022-02-12 14:02:59留言☆☆☆\n。","commentTime":"2022-02-12 15:20:09","commentOwner":"。"},{"comment":"经过这事儿，不追连载的读者会变多吧。","commentTime":"2022-02-12 15:20:56","commentOwner":"= ="},{"comment":"你错过很多很多连载期体会不到的快乐","commentTime":"2022-02-12 15:21:04","commentOwner":"。"},{"comment":"踩雷是其次，最关键的是有些作者写着写着就坑了……之前连着三条站短都是解v返点（其中还有一条坑了半年多我最后自己去意见区投诉才解的），之后就不追连载了TvT","commentTime":"2022-02-12 15:24:11","commentOwner":"= ="},{"comment":"笑死，到底笑死多少，为什么要笑死\n为什么这么多人上来就笑死\n不认同就好好说话\n上来就笑死\n是否考虑过真正看了沙雕后发哈（笑死）却被误会阴阳怪气之人的感受？\n笑死已经被污名化了！抵制笑死污名化！\n笑死，你好冤啊！！！","commentTime":"2022-02-12 15:28:27","commentOwner":"插个楼"},{"comment":"庆幸我的运气真好，以前基本只看连载的，但基本没有踩雷","commentTime":"2022-02-12 15:29:07","commentOwner":"。"},{"comment":"我是作者也是读者（小号，大号都被封了）\n鲜艳完了为啥飞的多？除了文短，其实也和中途被喂shi有关，我读者那会加过读者大群（正版群，反正刚开始进去都得截图订阅，后面的就不大了解，而且群里没有txt），很多都是被中途被喂shi，后来都转向看完结，关注推文号，因为有些特定推文号排雷真的好仔细，养肥了一堆推文号\n我至今无法忘记曾经追的一本文，文案写he ，结局be主角一方人没了\n真的是噩梦，这本文让我彻底不看鲜艳连载","commentTime":"2022-02-12 15:34:50","commentOwner":"=="},{"comment":"笑死，楼里某些作者真看不出来吗？楼主明明就是在嘲讽某些连载喂shi的作者，喂shi的作者越多，被逼去看完结的读者就越多。\n谁不是连载期读者过来的，到现在非完结不看因为点什么你们心里没数吗？\n№50☆☆☆。|5bed8381于2022-02-12 14:15:08留言☆☆☆\n实话。不熟悉的作者我一定等完结，熟悉的老作者知道坑品肯定好，愿意追连载。","commentTime":"2022-02-12 16:03:00","commentOwner":"= ="}]}