{"id":"853b384b-907a-4a21-b8f7-9396165c26a8","category":"晋江论坛→网友交流区→碧水江汀 请稍候...","postSubject":"主题：看见我的一篇推文下有好多人问有没有排雷，然后有个人说去看看…… [1] 【搜索关键词：排雷】","postUrl":"https://bbs.jjwxc.net/showmsg.php?board=17&keyword=%C5%C5%C0%D7&id=1717356","originalPost":"就是一篇无脑小甜饼，剧情线就一条单一的那种，下面那个人说她看了回来排雷，排的是主角做了某件事太随心所欲了，她看到第四章就看不下去了。\n那个地方算是一个小伏笔加主角的性格体现，我就没想到这也能被排雷的……","numberOfReplies":1,"comments":[{"comment":"给她把评论压下去，去读者区求排雷也就算了，在作者小说底下求排雷过分了，太不尊重人了","commentTime":"2022-01-13 23:13:53","commentOwner":"QDQ"}]}