{"id":"88c2675f-9ebb-4257-8f46-0668e8a0474b","category":"晋江论坛→网友交流区→碧水江汀 请稍候...","postSubject":"主题：排雷指南放文案尾巴和第一章作话有什么区别吗？ [8] 【搜索关键词：排雷】","postUrl":"https://bbs.jjwxc.net/showmsg.php?board=17&keyword=%C5%C5%C0%D7&id=1701788","originalPost":"原本想放第一章作话来着，但第一章最后的剧情和第二张开头有内容衔接，怕好几段排雷会影响读者阅读观感，在想要不要放文案……其实也没有什么雷，就是说甜虐还是几个男主这种","numberOfReplies":8,"comments":[{"comment":"放文案就好了呀","commentTime":"2022-01-02 15:02:27","commentOwner":"=*******="},{"comment":"排雷最好放文案吧……","commentTime":"2022-01-02 15:02:31","commentOwner":"。"},{"comment":"还是放文案比较安全","commentTime":"2022-01-02 15:02:42","commentOwner":"。。。。"},{"comment":"有一些文案简洁的作者都在第一章作话放","commentTime":"2022-01-02 15:02:44","commentOwner":"。"},{"comment":"还是放文案比较安全\n№3 ☆☆☆。。。。|f21c6b7c于2022-01-02 15:02:42留言☆☆☆\n好的","commentTime":"2022-01-02 15:03:02","commentOwner":"。"},{"comment":"放文案，作话有人看不到","commentTime":"2022-01-02 15:03:03","commentOwner":"。"},{"comment":"没啥区别，文案排了简单雷，作话排了详细雷，然后把作话显示在文上不是文后","commentTime":"2022-01-02 15:03:42","commentOwner":"= ="},{"comment":"放在第二章就好了，","commentTime":"2022-01-02 15:04:58","commentOwner":"。。"}]}