{"id":"e91b6375-1a2d-47a5-8465-3369b81fe023","category":"晋江论坛→网友交流区→碧水江汀 欢迎回来：53088456  退 出","postSubject":"主题：读者说看到了我文的wb排雷，我搜了半天没找到，好想看哦…… [1] 【搜索关键词：排雷】","postUrl":"https://bbs.jjwxc.net/showmsg.php?board=17&keyword=%C5%C5%C0%D7&id=1847314","originalPost":"我是变态……我就想看看要骂我什么","numberOfReplies":1,"comments":[{"comment":"为什么我搜不到呢……","commentTime":"2022-04-13 16:17:16","commentOwner":"——"}]}