{"id":"36f56b62-25a8-4e4d-9597-460c3cecfc24","category":"晋江论坛→网友交流区→碧水江汀 欢迎回来：53088456  退 出","postSubject":"主题：言情女追男或者耽美受追攻要排雷不？ [7] 【搜索关键词：排雷】","postUrl":"https://bbs.jjwxc.net/showmsg.php?board=17&keyword=%C5%C5%C0%D7&id=1983396","originalPost":"看到有个受追攻的文下掐起来了","numberOfReplies":7,"comments":[{"comment":"文案标注一下？","commentTime":"2022-07-11 11:25:04","commentOwner":"。"},{"comment":"应该不需要排吧，不过我个人希望作者排，我主角控还挺不喜欢主视角追人的","commentTime":"2022-07-11 11:25:36","commentOwner":"。"},{"comment":"文案标注一下？\n№1 ☆☆☆。|09464dcd于2022-07-11 11:25:04留言☆☆☆\n那就标注一下吧，我就很蒙这都能掐起来","commentTime":"2022-07-11 11:25:56","commentOwner":"问问"},{"comment":"这不算雷吧，但是可以在文案说一句，筛选受众","commentTime":"2022-07-11 11:26:13","commentOwner":"。"},{"comment":"应该不需要排吧，不过我个人希望作者排，我主角控还挺不喜欢主视角追人的\n№2 ☆☆☆。|cef21b66于2022-07-11 11:25:36留言☆☆☆\n好的那我文案上挂出来吧","commentTime":"2022-07-11 11:26:45","commentOwner":"问问"},{"comment":"这不算雷吧，但是可以在文案说一句，筛选受众\n№4 ☆☆☆。|52ed33a2于2022-07-11 11:26:13留言☆☆☆\nNsdd","commentTime":"2022-07-11 11:27:19","commentOwner":"问问"},{"comment":"最无语的是，明明文案写的很明显是受追攻，还有嫌不标注搁下边排雷的\n难不成小学程度的阅读理解都没有吗？这文案还不足以说明这是一篇受追攻？","commentTime":"2022-07-11 11:27:42","commentOwner":"= ="}]}