{"id":"d5ad716f-4b22-44d6-9899-696a3cfd3300","category":"晋江论坛→网友交流区→碧水江汀 欢迎回来：53088456  退 出","postSubject":"主题：被排雷现言女主不讨喜怎么办 [14] 【搜索关键词：排雷】","postUrl":"https://bbs.jjwxc.net/showmsg.php?board=17&keyword=%C5%C5%C0%D7&id=1850210","originalPost":"还有救吗？\n说实话，我还挺我女鹅的QAQ","numberOfReplies":14,"comments":[{"comment":"还有救吗？\n说实话，我还挺我女鹅的QAQ\n№0 ☆☆☆啥时候升二星|ccc3d5ea于2022-04-15 10:12:57留言☆☆☆\n挺喜欢","commentTime":"2022-04-15 10:13:32","commentOwner":"啥时候升二星"},{"comment":"按着自己的写，别崩人设","commentTime":"2022-04-15 10:14:11","commentOwner":"=="},{"comment":"怎么个不讨喜法?","commentTime":"2022-04-15 10:14:26","commentOwner":"唉嗨嗨"},{"comment":"我被排雷女主矫情的那本升二星了，骂就骂，反正我喜欢就够了","commentTime":"2022-04-15 10:14:39","commentOwner":"。"},{"comment":"就……很正常，不要理，一边说晋江女德城，一边对女主各种苛刻，你觉得没问题就继续写","commentTime":"2022-04-15 10:14:41","commentOwner":"。"},{"comment":"怎么个不讨喜法？","commentTime":"2022-04-15 10:14:55","commentOwner":"小小号"},{"comment":"鲜艳的话 ，感觉还蛮正常的，基本就是没有不被吐槽的女主","commentTime":"2022-04-15 10:15:45","commentOwner":"。"},{"comment":"就……很正常，不要理，一边说晋江女德城，一边对女主各种苛刻，你觉得没问题就继续写\n№5 ☆☆☆。|38ca9674于2022-04-15 10:14:41留言☆☆☆\n好像有点感受到了，明明我女鹅的心理放在现实中很正常，就偏偏…好像女主非得完美一样","commentTime":"2022-04-15 10:15:55","commentOwner":"啥时候升二星"},{"comment":"不要崩人设，你要知道，讨厌你女主的人都走了，喜欢女主的是大部分，不然他们不会收藏不会订阅，如果你改了那么就不符合他们的喜好，那么这一部分也走了。然后你又得不到新的读者补充，然后你就凉凉了。","commentTime":"2022-04-15 10:16:05","commentOwner":"。"},{"comment":"我被排雷女主矫情的那本升二星了，骂就骂，反正我喜欢就够了\n№4 ☆☆☆。|64f50c72于2022-04-15 10:14:39留言☆☆☆\n蹭蹭咕咕呜呜呜…我也被说女主作，矫情","commentTime":"2022-04-15 10:16:21","commentOwner":"啥时候升二星"},{"comment":"现言被骂女主很正常的，说明你男主写的很好，男主控发癫而已","commentTime":"2022-04-15 10:17:39","commentOwner":"。。。"},{"comment":"加油","commentTime":"2022-04-15 10:29:33","commentOwner":"。。"},{"comment":"现言被骂女主很正常的，说明你男主写的很好，男主控发癫而已\n№11 ☆☆☆。。。|e832cc4e于2022-04-15 10:17:39留言☆☆☆\n。","commentTime":"2022-04-15 10:30:23","commentOwner":"。"},{"comment":"没事儿，鲜艳男主不讨喜才真完蛋（火葬场除外）","commentTime":"2022-04-15 10:33:05","commentOwner":"= ="}]}