{"id":"94dd56ce-06d4-4925-9dfc-e8fa923c2933","category":"晋江论坛→网友交流区→碧水江汀 欢迎回来：53088456  退 出","postSubject":"主题：我的天阿……被一个读者评论区排雷看了重复章节，我作者号去看是正常章节，开了这个大号去看，发现是另外一章。晋江你还能再抽一点吗？我委屈！！！ [6] 【搜索关键词：排雷】","postUrl":"https://bbs.jjwxc.net/showmsg.php?board=17&keyword=%C5%C5%C0%D7&id=1760296","originalPost":"。","numberOfReplies":6,"comments":[{"comment":"而且大号看是免费章节！！！呢别这样陷害我吗！","commentTime":"2022-02-13 06:44:06","commentOwner":"。"},{"comment":"本来想第2天修一下错字的，我也不敢动了。","commentTime":"2022-02-13 06:45:06","commentOwner":"。"},{"comment":"联系客服看看?","commentTime":"2022-02-13 06:47:29","commentOwner":"。"},{"comment":"我之前还抽过文案，显示了另一篇预收的，被新读者一顿骂，说我有病文案和正文不符。","commentTime":"2022-02-13 06:48:01","commentOwner":"。"},{"comment":"我之前还抽过文案，显示了另一篇预收的，被新读者一顿骂，说我有病文案和正文不符。\n№4 ☆☆☆。|c267d972于2022-02-13 06:48:01留言☆☆☆\n想压评，切号失败，气死","commentTime":"2022-02-13 07:03:14","commentOwner":"。"},{"comment":"你让读者清缓存就好了","commentTime":"2022-02-13 07:06:21","commentOwner":"。"}]}