{"id":"12df81f5-5347-43c2-8c06-f56c787a8c4e","category":"晋江论坛→网友交流区→碧水江汀 欢迎回来：53088456  退 出","postSubject":"主题：树洞发疯，开小号去放飞一直被猜马甲，解的乱七八糟还解错，将错就错开始排雷我 [9] 【搜索关键词：排雷】","postUrl":"https://bbs.jjwxc.net/showmsg.php?board=17&keyword=%C5%C5%C0%D7&id=1761159","originalPost":"反正什么都按我身上是吧","numberOfReplies":9,"comments":[{"comment":"啊这……摸摸你","commentTime":"2022-02-13 20:30:41","commentOwner":"妙妙酒"},{"comment":"……这也太惨了吧","commentTime":"2022-02-13 20:30:49","commentOwner":"。"},{"comment":"没解错的话，干嘛排雷你？","commentTime":"2022-02-13 20:31:04","commentOwner":"。。"},{"comment":"好惨啊，摸摸","commentTime":"2022-02-13 20:31:18","commentOwner":"。。。"},{"comment":"没解错的话，干嘛排雷你？\n№3☆☆☆。。|4f9fb5a6于2022-02-13 20:31:04留言☆☆☆\n现在雷点圈地有多可怕你不知道吗","commentTime":"2022-02-13 20:31:38","commentOwner":"= ="},{"comment":"没解错的话，干嘛排雷你？\n№3 ☆☆☆。。|4f9fb5a6于2022-02-13 20:31:04留言☆☆☆\n就是在楼主马甲下面排他们解错的那个作者的雷","commentTime":"2022-02-13 20:32:12","commentOwner":"咕咕咕"},{"comment":"草 这也太惨了吧","commentTime":"2022-02-13 20:32:44","commentOwner":"= ="},{"comment":"是不是小号一本飞就被注意到了?","commentTime":"2022-02-13 20:34:30","commentOwner":"。"},{"comment":"每次半夜想起来都烦，冷题材没什么人写，我稍微起来了就鉴定我是圈内大佬小号\n否认了就开始拉踩，说我怎么能够跟那位太太相提并论，文笔比那个太太差远了巴拉巴拉","commentTime":"2022-03-06 04:21:36","commentOwner":"。"}]}