{"id":"67939be1-7706-427c-86b2-f21f40ec0648","category":"晋江论坛→网友交流区→碧水江汀 请稍候...","postSubject":"主题：请问那种读者区的剧透加虚假排雷能删掉吗？ [8] 【搜索关键词：排雷】","postUrl":"https://bbs.jjwxc.net/showmsg.php?board=17&keyword=%C5%C5%C0%D7&id=1788474","originalPost":"蹲蹲，举报有用吗？","numberOfReplies":8,"comments":[{"comment":"举报里好像有个排雷的？试试","commentTime":"2022-03-05 16:51:54","commentOwner":"rwkk"},{"comment":"可以，多举报几次","commentTime":"2022-03-05 16:52:47","commentOwner":"。"},{"comment":"读写区还是评论区","commentTime":"2022-03-05 16:52:55","commentOwner":"……"},{"comment":"基本没用。因为管理员根本不会去分辨你的剧情实际是什么样的，我之前投诉虚假排雷，写了一两百字解释我的剧情跟评论说的不一样，分分钟就给驳回了","commentTime":"2022-03-05 16:52:57","commentOwner":"= ="},{"comment":"读者区还是评论区？评论区投诉有用","commentTime":"2022-03-05 16:56:12","commentOwner":"= ="},{"comment":"可以，多举报几次\n№2 ☆☆☆。|fc53e84f于2022-03-05 16:52:47留言☆☆☆\n是的，多举报就行了","commentTime":"2022-03-05 16:58:51","commentOwner":"。"},{"comment":"历史引用 展开全部▼\n是的，多举报就行了\n№6 ☆☆☆。|f66d21b6于2022-03-05 16:58:51留言☆☆☆\n你们怎么填的理由啊？我投诉了几个月一点用没有","commentTime":"2022-03-05 16:59:55","commentOwner":"。"},{"comment":"在隔壁区排雷了超人的剧情，没出事前全被举报没了，啧啧啧","commentTime":"2022-03-05 17:01:00","commentOwner":"。"}]}