{"id":"07fc57ad-2933-431a-9605-fad8230e5eed","category":"晋江论坛→网友交流区→碧水江汀 欢迎回来：53088456  退 出","postSubject":"主题：大家有没有遇到那样恶意排雷的评论？ [17] 【搜索关键词：排雷】","postUrl":"https://bbs.jjwxc.net/showmsg.php?board=17&keyword=%C5%C5%C0%D7&id=1942402","originalPost":"就是你根本没写那个情节，也没有那种意思，然后就有人说你写那个情节，他这一评论吧，后来还有人跟风…\n无语子","numberOfReplies":17,"comments":[{"comment":"我有过没有写那个情节，读者说我写了。\n但是很快另外一个读者就替我解释了，但是两个人的解释方向都是我没有写过的。","commentTime":"2022-06-13 07:47:39","commentOwner":"。"},{"comment":"我有过没有写那个情节，读者说我写了。\n但是很快另外一个读者就替我解释了，但是两个人的解释方向都是我没有写过的。\n№1 ☆☆☆。|11a0e61d于2022-06-13 07:47:39留言☆☆☆\n哭笑不得","commentTime":"2022-06-13 07:47:56","commentOwner":"！"},{"comment":"被排雷女主是sao货，故意勾引男主（实则两人还没见面）","commentTime":"2022-06-13 07:49:08","commentOwner":"。"},{"comment":"被排雷女主是sao货，故意勾引男主（实则两人还没见面）\n№3 ☆☆☆。|e02f2497于2022-06-13 07:49:08留言☆☆☆\n这种太恶劣了","commentTime":"2022-06-13 07:49:38","commentOwner":"！"},{"comment":"被排雷女主是sao货，故意勾引男主（实则两人还没见面）\n№3 ☆☆☆。|e02f2497于2022-06-13 07:49:08留言☆☆☆\n还是在夹子上出现的","commentTime":"2022-06-13 07:50:06","commentOwner":"。"},{"comment":"还有正文一个字都没看，看了文案就用臆想出来的情节排雷。","commentTime":"2022-06-13 07:54:38","commentOwner":"。"},{"comment":"还有正文一个字都没看，看了文案就用臆想出来的情节排雷。\n№6 ☆☆☆。|6038d7e4于2022-06-13 07:54:38留言☆☆☆\n遇到过+1，看了预收文案就开始臆想","commentTime":"2022-06-13 08:07:20","commentOwner":"。"},{"comment":"还有正文一个字都没看，看了文案就用臆想出来的情节排雷。\n№6 ☆☆☆。|6038d7e4于2022-06-13 07:54:38留言☆☆☆\n惨","commentTime":"2022-06-13 08:15:36","commentOwner":"！"},{"comment":"然后通过臆想情节，动不动就骂男主，又diss女主。","commentTime":"2022-06-13 08:16:36","commentOwner":"！"},{"comment":"经常碰到_(:з」∠)_","commentTime":"2022-06-13 08:18:46","commentOwner":"=="},{"comment":"好几本都遇到了，还tm是看dw的dwg，在dw看完，跑到正文下面评论，恶心死","commentTime":"2022-06-13 08:19:16","commentOwner":"。"},{"comment":"还有光看个题目，甚至题目都没看清，就来排雷的呢。算了，不跟SJB计较。","commentTime":"2022-06-13 08:20:15","commentOwner":"=="},{"comment":"嚯，我因为女主名字ABB被排雷。\n理由是文名起的这么用心，女主名字这么不用心，作者一定不i女。","commentTime":"2022-06-13 08:21:24","commentOwner":"。"},{"comment":"嚯，我因为女主名字ABB被排雷。\n理由是文名起的这么用心，女主名字这么不用心，作者一定不i女。\n№13☆☆☆。|dbbfa7e1于2022-06-13 08:21:24留言☆☆☆\n。。。瞧不起abb的名字，他才有毛病","commentTime":"2022-06-13 08:24:02","commentOwner":"。"},{"comment":"嚯，我因为女主名字ABB被排雷。\n理由是文名起的这么用心，女主名字这么不用心，作者一定不i女。\n№13 ☆☆☆。|dbbfa7e1于2022-06-13 08:21:24留言☆☆☆\n我因为男主名字和别人的相同，被举报。\n还有人看dw.跑正文跑下面骂，关键是它说的剧情和我写的剧情完全不一样。","commentTime":"2022-06-13 08:27:38","commentOwner":"。"},{"comment":"有哇，点进去一看还是个同频已签约作者呢，可能是忘切小号了。","commentTime":"2022-06-13 08:29:12","commentOwner":"欧"},{"comment":"随便，无视。","commentTime":"2022-06-13 08:45:19","commentOwner":"。"}]}