{"id":"55958d7f-28a6-45e8-b246-9592f87a1a53","category":"晋江论坛→网友交流区→碧水江汀 欢迎回来：53088456  退 出","postSubject":"主题：bg文生子需要排雷吗 [67] 【搜索关键词：排雷】","postUrl":"https://bbs.jjwxc.net/showmsg.php?board=17&keyword=%C5%C5%C0%D7&id=1885001","originalPost":"rt，好像在哪看到过有读者雷","numberOfReplies":67,"comments":[{"comment":"排吧，我雷","commentTime":"2022-05-07 08:19:00","commentOwner":"。"},{"comment":"bg？啊","commentTime":"2022-05-07 08:19:36","commentOwner":"。"},{"comment":"为啥雷啊","commentTime":"2022-05-07 08:19:49","commentOwner":"。"},{"comment":"啊这，虽然我喜欢看不生的，但生的也不至于到排雷的地步吧，除非那种一胎八宝的……","commentTime":"2022-05-07 08:19:50","commentOwner":"。"},{"comment":"我没见过排雷的","commentTime":"2022-05-07 08:19:55","commentOwner":"。"},{"comment":"啊这，虽然我喜欢看不生的，但生的也不至于到排雷的地步吧，除非那种一胎八宝的……\n№4 ☆☆☆。|57e29f23于2022-05-07 08:19:50留言☆☆☆\n没错。","commentTime":"2022-05-07 08:20:13","commentOwner":"。"},{"comment":"不理解","commentTime":"2022-05-07 08:20:18","commentOwner":"。"},{"comment":"？？？这个不需要把","commentTime":"2022-05-07 08:20:49","commentOwner":"。"},{"comment":"啊这，虽然我喜欢看不生的，但生的也不至于到排雷的地步吧，除非那种一胎八宝的……\n№4 ☆☆☆。|57e29f23于2022-05-07 08:19:50留言☆☆☆\n其实我也不喜欢生子，但这篇男女主设定比较特殊吧，家庭都很支离破碎，想让他们家庭温暖一点……","commentTime":"2022-05-07 08:20:59","commentOwner":"。"},{"comment":"排吧（感觉每天在地雷区夹缝求生，烟","commentTime":"2022-05-07 08:21:00","commentOwner":"。"},{"comment":"历史引用 展开全部▼\n其实我也不喜欢生子，但这篇男女主设定比较特殊吧，家庭都很支离破碎，想让他们家庭温暖一点……\n№9 ☆☆☆。|d4b0c04b于2022-05-07 08:20:59留言☆☆☆\n但也不至于这么夸张……？可能生个女儿","commentTime":"2022-05-07 08:21:17","commentOwner":"。"},{"comment":"历史引用 展开全部▼\n其实我也不喜欢生子，但这篇男女主设定比较特殊吧，家庭都很支离破碎，想让他们家庭温暖一点……\n№9 ☆☆☆。|d4b0c04b于2022-05-07 08:20:59留言☆☆☆\n这种顺理成章的话，好多读者还会催生包子。","commentTime":"2022-05-07 08:22:04","commentOwner":"。"},{"comment":"太悲哀了","commentTime":"2022-05-07 08:22:38","commentOwner":"=="},{"comment":"太悲哀了\n№13 ☆☆☆==|9f3f39e2于2022-05-07 08:22:38留言☆☆☆\n属于是被骂出ptsd了","commentTime":"2022-05-07 08:23:18","commentOwner":"。"},{"comment":"lz是不是某棠bl小h文排雷看多了才会这样问啊？\n那种好多排雷生子的哈哈哈哈","commentTime":"2022-05-07 08:27:25","commentOwner":"。"},{"comment":"为啥雷啊\n№3 ☆☆☆。|fc063ee0于2022-05-07 08:19:49留言☆☆☆\n呃...这个...可能是个人口味有关？如果文案标了有养崽生子我都不会点进去的\n\n之前看大女主女主飒天飒地然后突然生子，我个人感觉就是当空一道霹雳，震得人都傻了\n\n但我看到也不会说什么，就是默默弃掉，但保不齐有骂呢orz","commentTime":"2022-05-07 08:27:53","commentOwner":"。"},{"comment":"虽然我雷，但我觉得这个没必要特别排，反正你写到了我会默默走","commentTime":"2022-05-07 08:33:04","commentOwner":"。"},{"comment":"这个倒不是雷不雷啦，就是我有时候看文可能不想在正文看女主怀孕生娃的情节，不介意这种情节，但是不是很想看，番外还是可以的，感觉在文案说不说都行吧","commentTime":"2022-05-07 08:46:14","commentOwner":"。"},{"comment":"历史引用 展开全部▼\n呃...这个...可能是个人口味有关？如果文案标了有养崽生子我都不会点进去的\n\n之前看大女主女主飒天飒地然后突然生子，我个人感觉就是当空一道霹雳，震得人都傻了\n\n但我看到也不会说什么，就是默默弃掉，但保不齐有骂呢orz\n№16 ☆☆☆。|2f24dc1e于2022-05-07 08:27:53留言☆☆☆\n排，不看有崽文","commentTime":"2022-05-07 08:47:00","commentOwner":"= ="},{"comment":"纯纯有病","commentTime":"2022-05-07 08:48:51","commentOwner":"。"},{"comment":"啊这，或许看什么类型的文？除了大女主别的没什么必要排吧。","commentTime":"2022-05-07 08:49:26","commentOwner":"= ="},{"comment":"最后生（提一嘴）或者番外生我觉得没什么，但要是生子和孩子戏份很多可能需要排一下","commentTime":"2022-05-07 08:49:34","commentOwner":"= ="},{"comment":"这也雷?","commentTime":"2022-05-07 08:49:52","commentOwner":"。"},{"comment":"但是因为这个踩雷人身攻击就没必要了","commentTime":"2022-05-07 08:50:22","commentOwner":"= ="},{"comment":"最后生（提一嘴）或者番外生我觉得没什么，但要是生子和孩子戏份很多可能需要排一下\n№22 ☆☆☆= =|b3af3347于2022-05-07 08:49:34留言☆☆☆\n不过一般也没有因为这个骂人的，只要不是文案标大女主，搞事业，然后大篇幅养娃那就成","commentTime":"2022-05-07 08:51:28","commentOwner":"= ="},{"comment":"番外很欢迎，不过中途突然有就有点不喜欢，因为这是两种萌点。\n没有孩子，主要萌点要么爱情要么事业，有了孩子就是养崽\n其实养崽文我也看，但是掺和一起就有点奇怪\n雷点也说不上，就是类似于你宅斗虐渣一半突然去修仙升级了，虽然同样可以虐渣。\n那种纯宅斗风的我倒是可以接受，因为纯宅斗孩子也是事业一种，不过好久也没什么纯宅斗了吧","commentTime":"2022-05-07 08:54:45","commentOwner":"= ="},{"comment":"不理解，生一两个需要排雷？除非是一胎八宝","commentTime":"2022-05-07 08:58:33","commentOwner":"……"},{"comment":"我记得以前番外生崽大家都可喜欢了，我也爱看，现在都到了要排雷的地步了吗？楼上说的对，真的有点悲哀。","commentTime":"2022-05-07 09:00:41","commentOwner":"。"},{"comment":"啥都排 排个大头鬼 真的是见识到了","commentTime":"2022-05-07 09:04:50","commentOwner":"。"},{"comment":"言情排个屁啊 都是惯的","commentTime":"2022-05-07 09:06:15","commentOwner":"。"},{"comment":"……\n几年前哪有那么多事","commentTime":"2022-05-07 09:06:24","commentOwner":"。"},{"comment":"不需要吧","commentTime":"2022-05-07 09:06:44","commentOwner":"= ="},{"comment":"排吧。。文案标题没有明确暴露有生子内容，但是正文里有我误入了真的会很难受","commentTime":"2022-05-07 09:08:02","commentOwner":"。"},{"comment":"正常不雷啊\n但是讨厌那种特别特别期待女孩然后吧唧一下一个男孩第二胎吧唧一下又是个男孩\n或者说生了三个男孩然后来个女孩说妹妹只要宠这就好这种","commentTime":"2022-05-07 09:10:17","commentOwner":"。"},{"comment":"不排，如果有读者因此骂我，我会用我十个小号加基友的小号骂回去","commentTime":"2022-05-07 09:11:16","commentOwner":"。"},{"comment":"不排，bg不能生子是绝育了？","commentTime":"2022-05-07 09:14:36","commentOwner":"。"},{"comment":"你既然问了，当然会有不喜欢生子的读者希望你能排雷，但你不排又能怎样？那么多没有排雷的言有人在第一章骂了，吐槽了？又是“都是惯的”，真的服了","commentTime":"2022-05-07 09:26:00","commentOwner":"。。"},{"comment":"我还以为你是问bg文里男人生子需不需要排雷呢","commentTime":"2022-05-07 09:29:28","commentOwner":"。"},{"comment":"说一句有养崽 还是说下吧","commentTime":"2022-05-07 09:30:50","commentOwner":"。"},{"comment":"你有毛病吗","commentTime":"2022-05-07 09:32:11","commentOwner":"。。"},{"comment":"排个屁啊，哪来那么多事，bg生不正常？除非你生八个。","commentTime":"2022-05-07 09:37:49","commentOwner":"。"},{"comment":"你有毛病吗\n№40 ☆☆☆。。|8150ac39于2022-05-07 09:32:11留言☆☆☆\n？","commentTime":"2022-05-07 10:32:58","commentOwner":"。"},{"comment":"？雷的能不能自己躲开，bg不让生孩子你没事吧","commentTime":"2022-05-07 10:33:52","commentOwner":"=="},{"comment":"这……整得我不敢让我女主生了，人好麻……","commentTime":"2022-05-07 10:36:38","commentOwner":"123456"},{"comment":"？雷的能不能自己躲开，bg不让生孩子你没事吧\n№43 ☆☆☆==|85b65f5b于2022-05-07 10:33:52留言☆☆☆\n。","commentTime":"2022-05-07 10:37:12","commentOwner":"那你多生几个"},{"comment":"是我太久没看bg了吗，为什么bg生子要排雷？？？","commentTime":"2022-05-07 10:37:39","commentOwner":"……"},{"comment":"以后就要排雷女主居然是个女的","commentTime":"2022-05-07 10:38:03","commentOwner":"。"},{"comment":"因为当时想着男主反差萌，表面偏执矜贵内心占有欲作祟还吃醋，所以在文案安排了男主吃孩子醋的小剧场，我现在才知道这么雷的吗，我人傻了……","commentTime":"2022-05-07 10:38:06","commentOwner":"123456"},{"comment":"虽然我也不喜欢看生子，但是这个不用排吧……","commentTime":"2022-05-07 10:38:28","commentOwner":"。"},{"comment":"反正我是不看生子，不过雷倒也算不上，有苗头的时候我会自己默默溜走","commentTime":"2022-05-07 10:38:44","commentOwner":"。"},{"comment":"bg生娃要求排雷简直sjb……当然如果你是一胎n宝那种文，当我没说","commentTime":"2022-05-07 10:40:50","commentOwner":"=="},{"comment":"大家的排雷底线越来越低了，不知道是好事还是坏事","commentTime":"2022-05-07 10:43:54","commentOwner":"。"},{"comment":"大家的排雷底线越来越低了，不知道是好事还是坏事\n№52 ☆☆☆。|ac4f9597于2022-05-07 10:43:54留言☆☆☆\n建议不怕被ky为什么有孩子啊就，弃文不排，觉得这种ky很烦还是排吧","commentTime":"2022-05-07 10:44:37","commentOwner":"。"},{"comment":"如果是因为现实的话，那我感觉以后可能要排雷，男女主有过身体接触，女主喜欢男主，甚至排雷本文有男主……","commentTime":"2022-05-07 10:46:47","commentOwner":"………"},{"comment":"我只是想轻松点，没有必要骂我，最先要求排雷的又不是我，我只是个写小说的，大可不必","commentTime":"2022-05-07 10:48:03","commentOwner":"。"},{"comment":"现在排雷这么严重吗……\n除非正文大篇幅写，不雷吧\n楼上男主吃孩子醋倒是有点雷，感觉太不成熟了","commentTime":"2022-05-07 10:49:10","commentOwner":"=="},{"comment":"现在排雷这么严重吗……\n除非正文大篇幅写，不雷吧\n楼上男主吃孩子醋倒是有点雷，感觉太不成熟了\n№56 ☆☆☆==|4c9adb38于2022-05-07 10:49:10留言☆☆☆\n主要是看别的大大被骂过_(:::з」∠)_","commentTime":"2022-05-07 10:50:04","commentOwner":"。"},{"comment":"你这又不是大女主又不是什么搞事业的\n普通感情流两人甜甜蜜蜜谈恋爱的小甜饼，生娃为什么要排？不会是未婚先孕吧？","commentTime":"2022-05-07 10:52:27","commentOwner":"。"},{"comment":"我讨厌生子，但作者说不说我都无所谓，因为我觉得作者不需要事事排雷","commentTime":"2022-05-07 10:52:36","commentOwner":"。"},{"comment":"我觉得不算雷，ls有人觉得雷也不是雷崽，而是雷正文剧情写歪了。\n纯宅斗宫斗生崽正常，大女主搞事业半路突然生孩子去了，或者男女主甜甜蜜蜜谈恋爱谈到一半孩子出生鸡飞狗跳了，那不妥妥惊天巨雷文案诈骗。\n所以番外写崽没啥人说，正文剧情走到一半开始生就有人接受不了。","commentTime":"2022-05-07 10:53:04","commentOwner":"。"},{"comment":"男女生子是正常的合理的符合生理结构的，所以我认为不需要","commentTime":"2022-05-07 10:53:16","commentOwner":"= ="},{"comment":"你这又不是大女主又不是什么搞事业的\n普通感情流两人甜甜蜜蜜谈恋爱的小甜饼，生娃为什么要排？不会是未婚先孕吧？\n№58 ☆☆☆。|de13c25b于2022-05-07 10:52:27留言☆☆☆\n我还没写到，但是我之前看纯感情流番外生子都有人排_(:::з」∠)_我不想在评论区看见那些乌七八糟的东西","commentTime":"2022-05-07 10:54:10","commentOwner":"。"},{"comment":"你这又不是大女主又不是什么搞事业的\n普通感情流两人甜甜蜜蜜谈恋爱的小甜饼，生娃为什么要排？不会是未婚先孕吧？\n№58 ☆☆☆。|de13c25b于2022-05-07 10:52:27留言☆☆☆\n不是甜文，大概虐文吧","commentTime":"2022-05-07 10:54:33","commentOwner":"。"},{"comment":"历史引用 展开全部▼\n主要是看别的大大被骂过_(:::з」∠)_\n№57 ☆☆☆。|d4b0c04b♥于2022-05-07 10:50:04留言☆☆☆\n很多骂吗，还是只有一两个，如果只有一两个，就别理，我之前看过一个太太被挂db说她写的文媚男………其实就是开篇女追男，后面很快就双箭头了，如果是那种女主很强，男主稍微背景板的剧情文也能理解，要是男女主就是谈恋爱，那我觉得就是杠精了……","commentTime":"2022-05-07 10:55:56","commentOwner":"……"},{"comment":"除了女强文应该不需要排吧，不是大女主跑去生孩子或者宠文女主突然详写怀孕痛苦过程，还有男女主对孩子吃醋之类的情节，应该也没啥需要排的","commentTime":"2022-05-07 10:58:34","commentOwner":"。"},{"comment":"虽然每次我看到怀孕有孩子就弃文了，自己写文也不喜欢写到孩子，但是这有什么好排雷的，啥啥都排雷也太奇怪了","commentTime":"2022-05-07 11:02:28","commentOwner":"=="},{"comment":"呃，生子是我荤素不忌看文这么多年来唯一的雷点，就是因为不喜欢生子才转去看耽美的，现在耽美也流行生子后我又回来看言情了，我是不会打负分默默弃文的那种人，但作者要是排雷了我会非常感激的。\n我个人是真的不太喜欢男主吃孩子醋的剧情，女主生孩子痛苦的剧情，以及养孩子剧情……","commentTime":"2022-05-07 11:03:40","commentOwner":"。"}]}