{"id":"2e721302-5fd2-42f9-9480-4743f456ed64","category":"晋江论坛→网友交流区→碧水江汀 欢迎回来：53088456  退 出","postSubject":"主题：搞笑排雷是可以发的吗？ [7] 【搜索关键词：排雷】","postUrl":"https://bbs.jjwxc.net/showmsg.php?board=17&keyword=%C5%C5%C0%D7&id=1915402","originalPost":"网图，扒马精退！退！退！退！退！退！退！退！退！退！退！退！退！退！退！退！","numberOfReplies":7,"comments":[{"comment":"网图，扒马精退！退！退！退！退！退！退！退！退！退！退！退！退！退！退！退！\n№0 ☆☆☆==|24a0dcd6于2022-05-26 01:49:07留言☆☆☆\nfpb","commentTime":"2022-05-26 01:49:44","commentOwner":"=="},{"comment":"哈哈哈哈哈","commentTime":"2022-05-26 01:51:41","commentOwner":"。"},{"comment":"我好像看见过这段，在碧水，说是哪搬运来的来着","commentTime":"2022-05-26 01:55:14","commentOwner":"。"},{"comment":"草","commentTime":"2022-05-26 01:56:31","commentOwner":"。"},{"comment":"我好像看见过这段，在碧水，说是哪搬运来的来着\n№3☆☆☆。|210c48e6于2022-05-26 01:55:14留言☆☆☆\n隔壁读者区","commentTime":"2022-05-26 01:58:43","commentOwner":"= ="},{"comment":"全文订阅了，这属于真爱了吧哈哈哈哈哈哈哈","commentTime":"2022-05-26 01:59:29","commentOwner":"。"},{"comment":"我在其他地方也看到了哈哈哈哈哈哈","commentTime":"2022-05-26 02:13:16","commentOwner":"。"}]}