{"id":"cac1a3f1-0c80-4d71-ac8b-898466361062","category":"晋江论坛→网友交流区→碧水江汀 欢迎回来：53088456  退 出","postSubject":"主题：【树洞】c文为什么也能被读者负分排雷？ [19] 【搜索关键词：排雷】","postUrl":"https://bbs.jjwxc.net/showmsg.php?board=17&keyword=%C5%C5%C0%D7&id=1822392","originalPost":"如题，我知道大清早亡了，但我写个小言，就想写男女主甜甜纯纯的恋爱，设置双c有什么问题吗？想看非c文榜单上一堆，为啥就要在c文里来负分找下存在感？","numberOfReplies":19,"comments":[{"comment":"那个人有病。","commentTime":"2022-03-29 03:20:04","commentOwner":"=="},{"comment":"有病别理他","commentTime":"2022-03-29 03:20:31","commentOwner":"qoqoO"},{"comment":"我一样的，还被长评排雷，夹子刷负，吐了，我预收又不是没有女非c的文，就那篇随便设定的一个纯爱文，喷我牌坊成绩，女德文学，还五十个点赞，吐了","commentTime":"2022-03-29 03:22:17","commentOwner":"。"},{"comment":"我一样的，还被长评排雷，夹子刷负，吐了，我预收又不是没有女非c的文，就那篇随便设定的一个纯爱文，喷我牌坊成绩，女德文学，还五十个点赞，吐了\n№3 ☆☆☆。|35fed041于2022-03-29 03:22:17留言☆☆☆\n不是长评排雷，是长评喷人","commentTime":"2022-03-29 03:22:48","commentOwner":"。"},{"comment":"？？\n这年头还真是啥奇葩都有","commentTime":"2022-03-29 03:31:14","commentOwner":"。"},{"comment":"要看非处的跑到双处文下打负。\n要看双处的跑到非处文下打负。\n现在绝了。","commentTime":"2022-03-29 05:23:27","commentOwner":"=="},{"comment":"不去男作者满篇yy后宫三妻四妾文下打，天天在规矩的不能再规矩的女作者文下吠\n呵呵","commentTime":"2022-03-29 06:05:06","commentOwner":"。"},{"comment":"要看非处的跑到双处文下打负。\n要看双处的跑到非处文下打负。\n现在绝了。\n№6 ☆☆☆==|5fab6a4a于2022-03-29 05:23:27留言☆☆☆\n。","commentTime":"2022-03-29 06:07:27","commentOwner":"。."},{"comment":"有什么大病","commentTime":"2022-03-29 06:19:02","commentOwner":"。"},{"comment":"就很烦这种，干脆不在文案标注得了。","commentTime":"2022-03-29 06:23:10","commentOwner":"梦想上二星的咕"},{"comment":"现在都人很奇怪，不看作者设定，就围绕自己。我写一个超过10万年的老妖怪，有人问他是不是处。\n？？？","commentTime":"2022-03-29 06:31:39","commentOwner":"小奈子"},{"comment":"现在都人很奇怪，不看作者设定，就围绕自己。我写一个超过10万年的老妖怪，有人问他是不是处。\n？？？\n№11☆☆☆小奈子|02215f42于2022-03-29 06:31:39留言☆☆☆\n这问的不是很正常？","commentTime":"2022-03-29 06:38:18","commentOwner":"。"},{"comment":"现在都人很奇怪，不看作者设定，就围绕自己。我写一个超过10万年的老妖怪，有人问他是不是处。\n？？？\n№11 ☆☆☆小奈子|02215f42于2022-03-29 06:31:39留言☆☆☆\n哈哈，我觉得这么问挺正常的，反正我都是会标注了，因为现在对c这种事情，两极分化太严重了","commentTime":"2022-03-29 09:03:15","commentOwner":"哦可耶"},{"comment":"戏剧性来了，在其他文下发现了给我负分的那个读者昵称，点进去看id果然一模一样！不过她是在疯狂维护本书并且把不好的评论都压下去了。\n我一开始以为她是那本书的真爱粉，抱着怀疑态度观察了两天，哟呵，她换着昵称在给那本书压评呢！","commentTime":"2022-03-30 15:36:58","commentOwner":"大橘子"},{"comment":"戏剧性来了，在其他文下发现了给我负分的那个读者昵称，点进去看id果然一模一样！不过她是在疯狂维护本书并且把不好的评论都压下去了。\n我一开始以为她是那本书的真爱粉，抱着怀疑态度观察了两天，哟呵，她换着昵称在给那本书压评呢！\n№14☆☆☆大橘子|831b3fa0于2022-03-30 15:36:58留言☆☆☆\n好家伙，hyb？","commentTime":"2022-03-30 15:38:17","commentOwner":"。"},{"comment":"所以是hyb？","commentTime":"2022-03-30 15:40:00","commentOwner":"。"},{"comment":"前天晚上气得我半夜三四点睡不着觉，跑来碧水发树洞贴，现在一点也不气了，我的文没问题，才不要被它那些恶评影响(T ^ T)","commentTime":"2022-03-30 15:44:11","commentOwner":"大橘子"},{"comment":"竟然还有要求非c的读者？太难得了","commentTime":"2022-03-30 15:44:42","commentOwner":"噢"},{"comment":"历史引用 展开全部▼\n好家伙，hyb？\n№15 ☆☆☆。|61f643bc于2022-03-30 15:38:17留言☆☆☆\n是的，小号","commentTime":"2022-03-30 15:50:22","commentOwner":"大橘子"}]}