{"id":"20a181f2-2e5b-4198-b76b-5bad4b23f7e7","category":"晋江论坛→网友交流区→碧水江汀 请稍候...","postSubject":"主题：不论是作为读者or作者，你遇到的排雷里，不带恶意不带夸张，公正冷静列出“自认雷点”的多吗？ [68] 【搜索关键词：排雷】","postUrl":"https://bbs.jjwxc.net/showmsg.php?board=17&keyword=%C5%C5%C0%D7&id=1685837","originalPost":"说的不是大众炸shi雷点，而是普通的那种标签式雷点，属于A不喜欢但B可能喜欢的那种。\n对这种雷点发长评排雷的时候，是直接贴标签提醒其他读者的多，还是宣泄情绪单方面表达厌恶的多？\n*\n我屁股就是歪的，我不喜欢有些排雷的原因就是，除了那种人人皆知引起公愤的雷文。我遇到的很多排雷都是断章取义、拿着一个小细节引申揣测写虚空小作文，或者是对于某个别人可能萌的点大放厥词的。\n能说”竟然是XXXX，那我撤了“的都是少数。\n还有一些就是我先看文看到有些别扭的桥段，但因为就是一笔带过的边缘剧情就也还好，结果一看评论区全是让作者司马的诅咒谩骂。","numberOfReplies":68,"comments":[{"comment":"不多，而且的确很多排雷都有夸大，但因为一些彻底的shi，我觉得排雷还是有必要的。只是看排雷的时候要自己心里有数","commentTime":"2021-12-21 11:06:22","commentOwner":"。"},{"comment":"雷：非r文双性，生子，副cp，虾毛作者\n（除虾毛，其他文好可破）","commentTime":"2021-12-21 11:06:47","commentOwner":"。"},{"comment":"排的都不是雷，只有一次真的排雷：作者是虾。","commentTime":"2021-12-21 11:07:14","commentOwner":"。"},{"comment":"作为读者也遇到过迷惑的排雷，不过我看评论区一般会把前一百条看完，如果后面没人说就不当做雷点，如果超出五条还是不同的人评论，就会去搜评价。因为我的雷点很大众，真的是雷绝对不止一个人感觉难受的那种","commentTime":"2021-12-21 11:07:24","commentOwner":"大号被封"},{"comment":"多","commentTime":"2021-12-21 11:07:31","commentOwner":"。"},{"comment":"挺多的。反正我看见排雷的就绕道。","commentTime":"2021-12-21 11:07:55","commentOwner":"=="},{"comment":"什么多不多。\n是完全没有。","commentTime":"2021-12-21 11:09:04","commentOwner":"JDP"},{"comment":"雷，生子副cp反攻互攻攻万人迷【重音雷日攻，有倾向也雷！】\n其他就是还有攻控/偏攻作者文我绝对不看。\n其他的基本对我来说都没啥值得排雷的。","commentTime":"2021-12-21 11:09:11","commentOwner":"= ="},{"comment":"真正踩雷才排的，有时候情绪挺大的。","commentTime":"2021-12-21 11:09:47","commentOwner":"= ="},{"comment":"挺多的，因为如果排雷不好不公正的话，会有反驳的。不是只看到一条排雷的就会认为有问题。一般有人提到我的雷点，我是会把评论区前一百条＋话题楼＋长评楼都看完才会确定是雷点的。","commentTime":"2021-12-21 11:10:19","commentOwner":"。"},{"comment":"有次想把一篇看了一半的文补看完，点进去就瞧见同一个人连续几条评论在骂主角。我：？？？（就，感觉杠精和我看的不是一篇文似的）","commentTime":"2021-12-21 11:11:08","commentOwner":"= ="},{"comment":"不多，而且的确很多排雷都有夸大，但因为一些彻底的shi，我觉得排雷还是有必要的。只是看排雷的时候要自己心里有数\n№1 ☆☆☆。|b7751c2d于2021-12-21 11:06:22留言☆☆☆\n比如bl写bg，bg写gb，结局喂shi，文案诈骗，虐文标甜，后期跑路式烂尾，卡v更……这类排雷我会信，因为是彻底的shi，是人都能看见不需要主观夸大了","commentTime":"2021-12-21 11:11:38","commentOwner":"。"},{"comment":"有，前两天那个lhfr还是啥的，把我及时排到了","commentTime":"2021-12-21 11:12:28","commentOwner":"= ="},{"comment":"挺多的，因为如果排雷不好不公正的话，会有反驳的。不是只看到一条排雷的就会认为有问题。一般有人提到我的雷点，我是会把评论区前一百条＋话题楼＋长评楼都看完才会确定是雷点的。\n№10 ☆☆☆。|c538c28f于2021-12-21 11:10:19留言☆☆☆\n雀食，很多排雷评论都是高楼，点进去看一眼，然后看前几章和评论对得上，差不多就这样。但是要是在我天雷点比如渣攻贱受这种我看都不看直接跑","commentTime":"2021-12-21 11:12:42","commentOwner":"=="},{"comment":"很多排雷都是那种过度夸张，并且个人性很强的。\n她们排雷大概就是小鲜肉擦破皮要喊送医院的程度吧。","commentTime":"2021-12-21 11:12:46","commentOwner":"。"},{"comment":"不多，很多排雷都是带情绪无脑喷，有时候我看金榜笑的嘴都酸了，下面在排雷什么女主傻逼之类，或者鸡蛋里挑骨头那种带着放大镜找毛病，反派杀人放火也能喷作者三观不正。","commentTime":"2021-12-21 11:13:44","commentOwner":"=="},{"comment":"我遇到最离谱的是男主穿越到古代，两个碎嘴八卦“xx这么大孩子都不小了吧”\n古代不是男的十几岁就成亲了吗\n结果被排雷男主已婚有子……三个直接感谢排雷的\n后面倒是有读者帮我解释了，结果一来一回成话题楼了……","commentTime":"2021-12-21 11:13:53","commentOwner":"。"},{"comment":"不多，很多排雷都是带情绪无脑喷，有时候我看金榜笑的嘴都酸了，下面在排雷什么女主傻逼之类，或者鸡蛋里挑骨头那种带着放大镜找毛病，反派杀人放火也能喷作者三观不正。\n№16 ☆☆☆==|92607207于2021-12-21 11:13:44留言☆☆☆\n。","commentTime":"2021-12-21 11:14:11","commentOwner":"。"},{"comment":"拆cp\n虾\n抄袭\n网暴\n嘴臭\n耽美言情混在一起","commentTime":"2021-12-21 11:14:24","commentOwner":"。"},{"comment":"这么说吧。有些小说你看了排雷他看小说好像也不是那么回事。有些小说没有排雷。甚至你看了安利，兴冲冲的看。结果好像也没有安利那么好。\n所以现在我谁也不信，就看完结文。而且我有点变态。每次看小说的时候，看了开头一部分。都百度一下结局是怎么样的。好的继续看买了。那就不买不看。\n这样好像中招的几率比较小。","commentTime":"2021-12-21 11:14:26","commentOwner":"猫"},{"comment":"我遇到最离谱的是男主穿越到古代，两个碎嘴八卦“xx这么大孩子都不小了吧”\n古代不是男的十几岁就成亲了吗\n结果被排雷男主已婚有子……三个直接感谢排雷的\n后面倒是有读者帮我解释了，结果一来一回成话题楼了……\n№17 ☆☆☆。|a1917517?于2021-12-21 11:13:53留言☆☆☆\n笑死，这种我也遇到过。\n读者一目十行，把反派说的话当做对主角的描述，疯狂骂我。","commentTime":"2021-12-21 11:15:15","commentOwner":"=="},{"comment":"挺多的，因为如果排雷不好不公正的话，会有反驳的。不是只看到一条排雷的就会认为有问题。一般有人提到我的雷点，我是会把评论区前一百条＋话题楼＋长评楼都看完才会确定是雷点的。\n№10 ☆☆☆。|c538c28f于2021-12-21 11:10:19留言☆☆☆\n但是有的时候很难说，毕竟我看到一本小说，只有几个读者排雷，然后作者反驳，不好说谁占理，刚好有话题提到别的点我还算有兴趣，就去看了，然后发现排雷读者说的挺对的，不过还是又雷又萌的追完了…\n有的时候作者认为自己表达的是a，一部分读者可能感受到了b，感受到b的就很痛苦。","commentTime":"2021-12-21 11:15:31","commentOwner":"。"},{"comment":"很多排雷都是那种过度夸张，并且个人性很强的。\n她们排雷大概就是小鲜肉擦破皮要喊送医院的程度吧。\n№15 ☆☆☆。|cbf20eee于2021-12-21 11:12:46留言☆☆☆\n这种读者我几乎都是请她绕走，太容易搬弄是非了，被喜欢也是很可怕的","commentTime":"2021-12-21 11:17:04","commentOwner":"咕古"},{"comment":"排不排雷不太重要，我在乎的是作者在评论区留言的态度，如果和读者在评论区吵起来了，我感觉就没有看文的必要","commentTime":"2021-12-21 11:17:36","commentOwner":"啊啊啊啊啊啊啊是"},{"comment":"历史引用 展开全部▼\n这种读者我几乎都是请她绕走，太容易搬弄是非了，被喜欢也是很可怕的\n№23 ☆☆☆咕古|dcb304e7♥于2021-12-21 11:17:04留言☆☆☆\n不是搬弄是非，有些人真的就是上网发泄戾气，故意的。","commentTime":"2021-12-21 11:17:49","commentOwner":"=="},{"comment":"排不排雷不太重要，我在乎的是作者在评论区留言的态度，如果和读者在评论区吵起来了，我感觉就没有看文的必要\n№24         ☆☆☆啊啊啊啊啊啊啊是|1366d6fb于2021-12-21 11:17:36留言        ☆☆☆\n合着作者只能抱头挨骂？","commentTime":"2021-12-21 11:18:18","commentOwner":"=="},{"comment":"我文下排雷不多。记得有一条排雷是“女主生的是儿子”加负分，读者也不纠缠，评完就走了。我觉得挺好的。\n最怕那种纠缠不清没完没了的，这种人往往还很偏执，哪个读者反驳她，就恨不得咬人一口，“你是作者腿毛”“你捂嘴”，然后上升到人身攻击……","commentTime":"2021-12-21 11:26:34","commentOwner":"=="},{"comment":"我文下排雷不多。记得有一条排雷是“女主生的是儿子”加负分，读者也不纠缠，评完就走了。我觉得挺好的。\n最怕那种纠缠不清没完没了的，这种人往往还很偏执，哪个读者反驳她，就恨不得咬人一口，“你是作者腿毛”“你捂嘴”，然后上升到人身攻击……\n№27 ☆☆☆==|b9931ec7于2021-12-21 11:26:34留言☆☆☆\n下次生双胞胎吧","commentTime":"2021-12-21 11:28:10","commentOwner":"。"},{"comment":"看文的时候，排雷夸大的比较多，排了女主一堆雷，我点进去觉得女主又聪明又坚强\n自己的文，排雷也大部分遇上的是读者的主观臆测\n经验就是排雷结局是he还是be，有无生子这种比较客观\n排雷主角脑残圣母，剧情流水线这种情绪化比较重的，能不能接受还是要点进去才知道","commentTime":"2021-12-21 11:34:36","commentOwner":"= ="},{"comment":"排雷夸大我感觉还挺多的，就……有些情节单拎出来确实不对劲，但放到文里就很正常了啊……","commentTime":"2021-12-21 11:36:39","commentOwner":"。"},{"comment":"看文的时候，排雷夸大的比较多，排了女主一堆雷，我点进去觉得女主又聪明又坚强\n自己的文，排雷也大部分遇上的是读者的主观臆测\n经验就是排雷结局是he还是be，有无生子这种比较客观\n排雷主角脑残圣母，剧情流水线这种情绪化比较重的，能不能接受还是要点进去才知道\n№29 ☆☆☆= =|073757fb于2021-12-21 11:34:36留言☆☆☆\n是的是的。所以还是要结合剧情看能不能接受。不过一般主角圣母，剧情流水线这种的，免费章就能看出来，就可以直接跑路了~","commentTime":"2021-12-21 11:37:05","commentOwner":"。"},{"comment":"有真有假，我也没算过比例。","commentTime":"2021-12-21 11:37:57","commentOwner":"= ="},{"comment":"其实我看到的排雷不多，可能是因为我不会专门翻评论，看之前主要看文案，评论区扫两三条最新评论就算了，但是一般连载文的最新评论都是追文读者。然后我基本是看到某个剧情自己想评论或找共鸣了才会去看评论区。\n看完结文会去看低星评分，这种排雷我觉得一般都挺真实有效的，毕竟全订完的排雷，一般也只会抓自己记忆最深刻的一点，不会因为一些细枝末节排雷。我按低星评价排雷看完结文就很少踩雷的。","commentTime":"2021-12-21 11:39:07","commentOwner":"= ="},{"comment":"除了虾和cx，没有雷点。","commentTime":"2021-12-21 11:42:31","commentOwner":"。。"},{"comment":"还可以，我会看前一百评论","commentTime":"2021-12-21 11:43:11","commentOwner":"= ="},{"comment":"不公正的会有读者吵起来，这种一看就知道。\n公正排雷我当然见过，有一篇文大把读者排雷副cp一方是弱智，最后作者也在文案标不想看副cp可以直接看多少章，这种就是公正排雷。","commentTime":"2021-12-21 11:45:22","commentOwner":"= ="},{"comment":"排不排雷不太重要，我在乎的是作者在评论区留言的态度，如果和读者在评论区吵起来了，我感觉就没有看文的必要\n№24???????? ☆☆☆啊啊啊啊啊啊啊是|1366d6fb于2021-12-21 11:17:36留言????????☆☆☆\n合着作者只能抱头挨骂？\n№26 ☆☆☆==|92607207于2021-12-21 11:18:18留言☆☆☆\n层主个人雷点而已，不是还有大把沉默读者不在乎吗？你去赚她们的钱不就得了。","commentTime":"2021-12-21 11:46:16","commentOwner":"= ="},{"comment":"我见过很多排雷，其实很多都是加工再夸大……","commentTime":"2021-12-21 11:46:27","commentOwner":"。"},{"comment":"有理有据批评评论家不是每个读者都能成为的。\n而且吃到香菜一句难吃死了，有香菜。\n沉默就，对于人家来说本来就有情绪怎么能理智呢。","commentTime":"2021-12-21 11:47:14","commentOwner":"。"},{"comment":"很多，我看排雷会看前100条评论，遇见吵的厉害的会去论坛搜一下，很少遇见虚假排雷","commentTime":"2021-12-21 11:48:11","commentOwner":"=="},{"comment":"看评论再确定追不追，并不一定要看排雷，反而是有些读者真情实感觉得快乐的地方可能是我的雷点。\n所以评论区就为了看排雷吗？不见得，我只是想看看读者的真实感受","commentTime":"2021-12-21 11:50:55","commentOwner":"= ="},{"comment":"但这是伪命题\n看了排雷转身就走的人，怎么会知道排雷靠不靠谱呢\n看了排雷依旧看完全文并全文订阅，证明这个排雷本身不是她的雷点，而且还有一点，回到五星评分的问题，全订的文难道会讨厌？？看到有人说它不好自然不开心","commentTime":"2021-12-21 11:51:40","commentOwner":"。"},{"comment":"我只排雷过莫如归，还有别的cx，搞蟹脚","commentTime":"2021-12-21 11:52:32","commentOwner":"= ="},{"comment":"其实我一开始没雷点的，看多了发现有些特定设定里的一些文的作者的脑回路对于我而言非常的清奇，他无法理解我，我无法理解他，于是我就决定放过彼此从此不在看这些文\n比如生子文和强强文\n还有一些就是我觉得大部分作者写的让我觉得很无聊的\n比如说末日文和虫族文\n还有一些是文没问题，主要是这类文下总会有一些莫名其妙的读者在莫名其妙\n比如主攻文","commentTime":"2021-12-21 11:53:09","commentOwner":"= ="},{"comment":"我遇到的也是扭曲事实的，看着挺不爽，所以我干脆不看，平时做为读者看文也是看那种有理有据的，而不是盯着一个点开炮的评论。","commentTime":"2021-12-21 11:53:36","commentOwner":"。"},{"comment":"一般我默认排雷者会放大排雷点，所以如果对我来说是稍微有点介意的点我会带着排雷进去康康真的假的。","commentTime":"2021-12-21 11:54:51","commentOwner":"＝＝"},{"comment":"其实我一开始没雷点的，看多了发现有些特定设定里的一些文的作者的脑回路对于我而言非常的清奇，他无法理解我，我无法理解他，于是我就决定放过彼此从此不在看这些文\n比如生子文和强强文\n还有一些就是我觉得大部分作者写的让我觉得很无聊的\n比如说末日文和虫族文\n还有一些是文没问题，主要是这类文下总会有一些莫名其妙的读者在莫名其妙\n比如主攻文\n№44 ☆☆☆= =|5e28f1db于2021-12-21 11:53:09留言☆☆☆\n讲起来很搞笑\n我喜欢看强强，但是我从来不看作者标了强强的文","commentTime":"2021-12-21 11:54:58","commentOwner":"= ="},{"comment":"我觉得最傻批的雷民就是副cp排雷党，我一篇近百万字的剧情流长文，其中有个小副本里npc情侣被反派折磨，副本总共八章，情侣戏戏份加起来几千字，煞笔副cp跑第一章去刷负排雷说本文有副cp，我想回复没想到写完小作文发现评论被人投诉删了，我希望晋江对于这种扰乱作者正常剧情的排雷党有严肃处罚","commentTime":"2021-12-21 11:56:51","commentOwner":"= ="},{"comment":"挺多的。反正我看见排雷的就绕道。\n№6 ☆☆☆==|0942c2a4于2021-12-21 11:07:55留言☆☆☆\n。","commentTime":"2021-12-21 11:57:52","commentOwner":"。"},{"comment":"笑死，我还遇见好多sjb负分排雷我主角有金手指，排雷我写爽文的，都是负分排雷，这种sjb按照某些读者的话来说也是作者该受着呗","commentTime":"2021-12-21 11:59:14","commentOwner":"。"},{"comment":"我昨天看到一本文，男主是那种憨厚老实很听女主话的类型。\n然后排雷：男主偷女主的钱压榨女主补贴家人\n后面还有一个感谢排雷\n我：？？？？？？？真看的不是一本文的感觉","commentTime":"2021-12-21 11:59:30","commentOwner":"。"},{"comment":"我没有雷点","commentTime":"2021-12-21 12:02:00","commentOwner":"=="},{"comment":"排主楼。\n比如说一笔带过的剧情，女主有未婚夫，但两人根本不知道这件事，在故事里就是个段子一样的情节，过了就过了。\n负分排雷小作文:男主是小三，女主脚踏两只船，作者三观babababa。\n还有更多的，多见于之前的现言，女主在我看来又聪明又可爱，事业也很强排雷评论抓着女主吃披萨/男主请女主吃饭一件事，说女主恶心矫情是靠男人吃饭的货色...","commentTime":"2021-12-21 12:04:30","commentOwner":"。"},{"comment":"我遇见的排雷都挺真实的，还是全订读者排的，不是全订排的雷也是免费章的\n现在评论区已经被关了，笑死","commentTime":"2021-12-21 12:06:05","commentOwner":"大号进去可自证"},{"comment":"我见过的排雷说的话都是自己臆想的，文里根本没有出现过……","commentTime":"2021-12-21 12:08:17","commentOwner":"。"},{"comment":"笑死，我写主攻的，攻宠受被骂受控排雷，某些剧情（是铺垫剧情还没写完）底下就开始骂受，主角救人被骂圣母杀人被骂心狠手辣反正随便一个剧情都能被杠出花来……然后底下一堆谢谢排雷，麻了","commentTime":"2021-12-21 12:08:35","commentOwner":"。"},{"comment":"很多排雷都是那种过度夸张，并且个人性很强的。\n她们排雷大概就是小鲜肉擦破皮要喊送医院的程度吧。\n№15 ☆☆☆。|cbf20eee于2021-12-21 11:12:46留言☆☆☆\n。","commentTime":"2021-12-21 12:10:55","commentOwner":"。"},{"comment":"我看到的排雷都是真的\n这本磕男一男二!排雷\n曾经的我不信，现在的我是宁愿错过也不愿踩雷了","commentTime":"2021-12-21 12:11:02","commentOwner":"。"},{"comment":"读者和作者的答案肯定分布不同，作者被虚假排雷一次能记好久，读者被排雷没在意一脚踩进去被雷翻也能记好久","commentTime":"2021-12-21 12:12:39","commentOwner":"= ="},{"comment":"哦，这两天还有因为我写主cp感情戏被打负分排雷的，因为我在耽美文写了攻受的感情戏，笑死","commentTime":"2021-12-21 12:13:38","commentOwner":"。"},{"comment":"人和人真的不同，我也弃过很多文，因为各种各样的情节设置，但这些并不会对我造成很大影响，再看下一本就是了。但是对一些人来说，如果一本书出现了她很厌恶的情节，她真的会耿耿于怀很久，她会因此不厌其烦地排雷，严重得甚至在各个平台都要发声骂两句，甚至过几年听别人提起都会感到恶心。。。对这些人来说，排雷真的会救她们的命吧。。。","commentTime":"2021-12-21 12:14:06","commentOwner":"。"},{"comment":"我昨天看到一本文，男主是那种憨厚老实很听女主话的类型。\n然后排雷：男主偷女主的钱压榨女主补贴家人\n后面还有一个感谢排雷\n我：？？？？？？？真看的不是一本文的感觉\n№51 ☆☆☆。|da57717d★★于2021-12-21 11:59:30留言☆☆☆\n是我了……而且不是一次两次，是好几次，现在我都不看排雷了，有的人真的就是脑回路清奇。\n男女主协议结婚。\n评论：男女主骗婚，作者支持骗婚。\n离谱的是有一本大肆喷攻道德败坏四处杀人，作者恶心。我一看是末日文……男主本身就是怪物，杀的也是怪物，压根就没在鲨人。\n还不能反驳，反驳的全是腿毛，捂嘴，全程不听不听作者写的就是恶心，男主就是恶心，胡搅蛮缠一大通，还发微博，无论微博还是评论下面都有感谢排雷的。\n确实无语","commentTime":"2021-12-21 12:14:27","commentOwner":"。"},{"comment":"没有 基本看完文案和作者自己的排雷 我就能选择看不看了 但如果有黑历史的作者 比如抄袭刷分 还有结局换cp 番外拆cp的那种排雷 我能接受 因为这种不太是主观的 都是有证据的 不像有些三观类排雷 每个人有每个人的想法\n就比如火葬场文 有时候明明喜欢 但评论区太乱 最后放弃追连载了 然后运气的话 完结我会记得看 但绝大多数情况我都是忘了的……","commentTime":"2021-12-21 12:14:43","commentOwner":"。"},{"comment":"人和人真的不同，我也弃过很多文，因为各种各样的情节设置，但这些并不会对我造成很大影响，再看下一本就是了。但是对一些人来说，如果一本书出现了她很厌恶的情节，她真的会耿耿于怀很久，她会因此不厌其烦地排雷，严重得甚至在各个平台都要发声骂两句，甚至过几年听别人提起都会感到恶心。。。对这些人来说，排雷真的会救她们的命吧。。。\n№61 ☆☆☆。|83293070♥♥♥于2021-12-21 12:14:06留言☆☆☆\n嗯，这种人真的很多，哪怕这个情节别人不讨厌，她也要说服别人讨厌，然后到处都骂，开贴编造不停顶贴也要让别人都讨厌这个作者。这种人可能是偏执吧。","commentTime":"2021-12-21 12:16:19","commentOwner":"=="},{"comment":"为什么老是抽楼","commentTime":"2021-12-21 12:21:39","commentOwner":"。"},{"comment":"我见过的排雷说的话都是自己臆想的，文里根本没有出现过……\n№55☆☆☆。|ac5f1078于2021-12-21 12:08:17留言☆☆☆\n对这种比较多","commentTime":"2021-12-21 12:21:43","commentOwner":"。"},{"comment":"说得有道理，真正的雷几个词就能说完，绝大多数其实是发泄情绪\n可能现实中所有东西都围着他们转习惯了吧，所以但凡有点不合心意就要跳脚","commentTime":"2021-12-21 12:57:30","commentOwner":"。。"},{"comment":"说得有道理，真正的雷几个词就能说完，绝大多数其实是发泄情绪\n可能现实中所有东西都围着他们转习惯了吧，所以但凡有点不合心意就要跳脚\n№67 ☆☆☆。。|91b82eeb♥♥于2021-12-21 12:57:30留言☆☆☆\n再排排，说得很正确了。","commentTime":"2021-12-21 13:22:07","commentOwner":"。"}]}