{"id":"47c733aa-818d-48c8-8aad-59d3a65533db","category":"晋江论坛→网友交流区→碧水江汀 欢迎回来：53088456  退 出","postSubject":"主题：男主不洁要排雷吗，没有歧视的意思 [31] 【搜索关键词：排雷】","postUrl":"https://bbs.jjwxc.net/showmsg.php?board=17&keyword=%C5%C5%C0%D7&id=1840702","originalPost":"我不大想排，但怕读者看到后面，评论会爆炸","numberOfReplies":31,"comments":[{"comment":"排（）","commentTime":"2022-04-09 13:20:24","commentOwner":"= ="},{"comment":"排","commentTime":"2022-04-09 13:21:00","commentOwner":"。"},{"comment":"要吧，我以前也不理解，但是市场就这样，还是排一下，能吃这口的读者就很和谐，不能吃的就不会骂，也挺好","commentTime":"2022-04-09 13:21:04","commentOwner":"。"},{"comment":"排","commentTime":"2022-04-09 13:21:06","commentOwner":"今天熬夜了吗"},{"comment":"排","commentTime":"2022-04-09 13:21:17","commentOwner":"。"},{"comment":"为什么不排\n女主不洁不排还差不多","commentTime":"2022-04-09 13:21:21","commentOwner":"= ="},{"comment":"排","commentTime":"2022-04-09 13:21:23","commentOwner":"。"},{"comment":"看人设如果是那种风流人设，老男人不用排，但如果是那种深情人设，暗恋主角多年还四处yp，pc的，我真的要疯","commentTime":"2022-04-09 13:21:26","commentOwner":"。"},{"comment":"排","commentTime":"2022-04-09 13:21:41","commentOwner":"。"},{"comment":"借楼问，受穿越的原身不洁，受来之后没有再发生，要排雷吗","commentTime":"2022-04-09 13:21:58","commentOwner":"。"},{"comment":"要排，有些读者雷这个","commentTime":"2022-04-09 13:22:06","commentOwner":"= ="},{"comment":"排，不然会炸","commentTime":"2022-04-09 13:22:12","commentOwner":"。"},{"comment":"看你自己，想排就排，想不排就不排。反正写的好的，洁不洁都有大把读者看，写得不好的你的男主哪怕是男德接班人也没有读者吃。","commentTime":"2022-04-09 13:23:11","commentOwner":"。。"},{"comment":"借楼问，受穿越的原身不洁，受来之后没有再发生，要排雷吗\n№10 ☆☆☆。|f9042b60于2022-04-09 13:21:58留言☆☆☆\n都排一下。\n真的雷的特雷，不雷的一点问题都没有。\n为了以防万一翻车，排雷就是保护好自己 真的。","commentTime":"2022-04-09 13:23:24","commentOwner":"。"},{"comment":"看你自己，想排就排，想不排就不排。反正写的好的，洁不洁都有大把读者看，写得不好的你的男主哪怕是男德接班人也没有读者吃。\n№13☆☆☆。。|cc00f73a于2022-04-09 13:23:11留言☆☆☆\n哪个写得好的没有排？","commentTime":"2022-04-09 13:23:50","commentOwner":"= ="},{"comment":"我不大想排，但怕读者看到后面，评论会爆炸\n№0 ☆☆☆。|b97dfd7b于2022-04-09 13:20:12留言☆☆☆\n不是说他乱搞，别人把他给那个了，这是他的少年阴影，救赎文","commentTime":"2022-04-09 13:24:05","commentOwner":"。"},{"comment":"那火葬场，男主烂黄瓜要排吗？","commentTime":"2022-04-09 13:24:50","commentOwner":"黄澄澄"},{"comment":"历史引用 展开全部▼\n不是说他乱搞，别人把他给那个了，这是他的少年阴影，救赎文\n№16 ☆☆☆。|b97dfd7b于2022-04-09 13:24:05留言☆☆☆\n救命，你这不是不洁，你这比不洁要严重啊，一定要排，信我！","commentTime":"2022-04-09 13:24:58","commentOwner":"。"},{"comment":"那火葬场，男主烂黄瓜要排吗？\n№17 ☆☆☆黄澄澄|6f3a424b于2022-04-09 13:24:50留言☆☆☆\n这个必须得排！！！","commentTime":"2022-04-09 13:25:12","commentOwner":"。"},{"comment":"一定要排","commentTime":"2022-04-09 13:25:20","commentOwner":"。。"},{"comment":"排！","commentTime":"2022-04-09 13:25:25","commentOwner":"= ="},{"comment":"历史引用 展开全部▼\n救命，你这不是不洁，你这比不洁要严重啊，一定要排，信我！\n№18 ☆☆☆。|80eaaa11于2022-04-09 13:24:58留言☆☆☆\n好好","commentTime":"2022-04-09 13:25:35","commentOwner":"。"},{"comment":"那火葬场，男主烂黄瓜要排吗？\n№17 ☆☆☆黄澄澄|6f3a424b于2022-04-09 13:24:50留言☆☆☆\n排","commentTime":"2022-04-09 13:25:42","commentOwner":"。"},{"comment":"排，防止有的人踩雷和杠精发疯","commentTime":"2022-04-09 13:26:13","commentOwner":"= ="},{"comment":"历史引用 展开全部▼\n救命，你这不是不洁，你这比不洁要严重啊，一定要排，信我！\n№18☆☆☆。|80eaaa11于2022-04-09 13:24:58留言☆☆☆\n救命。\n天雷这种……","commentTime":"2022-04-09 13:26:34","commentOwner":"。"},{"comment":"这要不排，怕是又一个三区联动哦","commentTime":"2022-04-09 13:27:28","commentOwner":"0-0"},{"comment":"排。一定要排。","commentTime":"2022-04-09 13:27:46","commentOwner":"。"},{"comment":"不在乎刷负人身攻击论坛排雷的话，可以不标。","commentTime":"2022-04-09 13:29:09","commentOwner":"。"},{"comment":"历史引用 展开全部▼\n不是说他乱搞，别人把他给那个了，这是他的少年阴影，救赎文\n№16 ☆☆☆。|b97dfd7b于2022-04-09 13:24:05留言☆☆☆\n天，巨雷，建议这点也一起排雷了","commentTime":"2022-04-09 13:30:40","commentOwner":"。"},{"comment":"历史引用 展开全部▼\n不是说他乱搞，别人把他给那个了，这是他的少年阴影，救赎文\n№16 ☆☆☆。|b97dfd7b于2022-04-09 13:24:05留言☆☆☆\n看到这条我无了，我唯一的雷点被你狠狠踩中","commentTime":"2022-04-09 13:31:56","commentOwner":"。"},{"comment":"历史引用 展开全部▼\n不是说他乱搞，别人把他给那个了，这是他的少年阴影，救赎文\n№16 ☆☆☆。|b97dfd7b于2022-04-09 13:24:05留言☆☆☆\n一定要排我谢谢你……","commentTime":"2022-04-09 13:32:26","commentOwner":"。"}]}