{"id":"601efc48-c6ef-4a13-8674-63dc5009bd9a","category":"晋江论坛→网友交流区→碧水江汀 请稍候...","postSubject":"主题：有些时候真搞不懂某些读者...我已经很偏攻了，人家排雷说我攻宠受:-) [12] 【搜索关键词：排雷】","postUrl":"https://bbs.jjwxc.net/showmsg.php?board=17&keyword=%C5%C5%C0%D7&id=1650351","originalPost":"我是写主攻的，写个互宠你说攻宠受，写个受宠攻你还说攻宠受\n去尼玛的:-D难伺候","numberOfReplies":12,"comments":[{"comment":"可能得你写受舔攻叭","commentTime":"2021-11-25 10:54:39","commentOwner":"= ="},{"comment":"可能得你写受舔攻叭\n№1 ☆☆☆= =|5fa23750于2021-11-25 10:54:39留言☆☆☆\n人麻了 强受多好 非得舔来舔去","commentTime":"2021-11-25 10:55:41","commentOwner":"。"},{"comment":"你要是就写攻舔受，受万人迷，攻修罗场的文 这些人反而不会来了","commentTime":"2021-11-25 10:58:17","commentOwner":"。"},{"comment":"害，gkjj日常出警罢了","commentTime":"2021-11-25 11:00:01","commentOwner":"。"},{"comment":"要攻一点都不爱受他们才觉得不是攻宠受，一个眼神都是施舍。毕竟已经是主攻互宠被默认是受宠攻的环境 了OTZ","commentTime":"2021-11-25 11:00:49","commentOwner":"= ="},{"comment":"不要去贴合极端群体，总有人比你更极端","commentTime":"2021-11-25 11:00:55","commentOwner":"。"},{"comment":"gkjj著名言论：攻一旦爱上受了，我就不想看了","commentTime":"2021-11-25 11:01:29","commentOwner":"……"},{"comment":"我也……","commentTime":"2021-11-25 11:02:24","commentOwner":"咕咕咕咕"},{"comment":"我攻控，极度受宠攻，经常有人觉得吐槽我写反了，但！即便这样评论还有攻控快跑这样的字眼，只能说每个人认知不一样","commentTime":"2021-11-25 11:03:20","commentOwner":"。"},{"comment":"排雷正好，这些人真的非常少数，你要去贴了，正常的看文的会走得一个都不剩。","commentTime":"2021-11-25 11:07:27","commentOwner":"。。"},{"comment":"你要是就写攻舔受，受万人迷，攻修罗场的文 这些人反而不会来了\n№3☆☆☆。|3a37d814于2021-11-25 10:58:17留言☆☆☆\n这还能是主攻文吗？这是主受了吧","commentTime":"2021-11-25 11:08:25","commentOwner":"。"},{"comment":"不懂就问，攻宠受不好吗？","commentTime":"2021-11-25 11:12:32","commentOwner":"……"}]}