{"id":"edbde7ee-f345-41b0-a1c4-c1c51170807e","category":"晋江论坛→网友交流区→碧水江汀 请稍候...","postSubject":"主题：写足了排雷，读者（排雷内容我为什么雷blabla） [3] 【搜索关键词：排雷】","postUrl":"https://bbs.jjwxc.net/showmsg.php?board=17&keyword=%C5%C5%C0%D7&id=1742617","originalPost":"如题，我文案排雷写的清清楚楚明明白白，她说她看了我的排雷，还是对我排雷的点感到不适，偏要来巴拉巴拉一大堆说这个点怎么怎么让她觉得雷\n请问，这是什么行为？\n\n你喜欢银子，我喜欢玉喜欢金喜欢宝石，写了用银子换这些我喜欢的东西的内容（只是个比喻）关你屁事！这文是我在写！\n你喜欢银就说我用银子换这些我喜欢的东西的行为（明明提醒过）就是有病恶心恨不得没看过……\n你才有病！\n大过年的，我靠了！","numberOfReplies":3,"comments":[{"comment":"总会有杠精啊，忍","commentTime":"2022-01-31 02:56:27","commentOwner":"。。。"},{"comment":"总会有杠精啊，忍\n№1 ☆☆☆。。。|4a5bd4a4于2022-01-31 02:56:27留言☆☆☆\n忍了，一直哎狂忍","commentTime":"2022-01-31 02:57:10","commentOwner":"。"},{"comment":"这都能屏蔽？？？（无能狂怒）","commentTime":"2022-01-31 03:04:25","commentOwner":"。"}]}