{"id":"79b62cb0-152d-4fb6-af3d-82db320e3e73","category":"晋江论坛→网友交流区→碧水江汀 欢迎回来：53088456  退 出","postSubject":"主题：感觉现在排雷刷负的疯魔状态就像是你开店卖东西，有人觉得好吃有人觉得不好吃，路过的人听说这家店不好吃，突然正义感爆棚，上来就把你的店砸了 [41] 【搜索关键词：排雷】","postUrl":"https://bbs.jjwxc.net/showmsg.php?board=17&keyword=%C5%C5%C0%D7&id=1919339","originalPost":"砸一次还不够，每天还有来看看你的店近况如何，如果恢复了，就要再砸一次","numberOfReplies":41,"comments":[{"comment":"砸到你开不下去为止，你的店不合她们的心意，那就没有开的资格","commentTime":"2022-05-28 15:53:47","commentOwner":"。"},{"comment":"对，不是去别的她觉得好吃的店去吃，而是一定要砸掉她认为不好吃的店。","commentTime":"2022-05-28 15:55:08","commentOwner":"=="},{"comment":"LZ美LZ说得对","commentTime":"2022-05-28 15:55:29","commentOwner":"= ="},{"comment":"我现在看小说最讨厌的就是排雷两个字，有的时候我看正文觉得所谓的雷点根本就没什么，反倒是一些排雷排雷戾气大的可怕。\n不是正文把我劝退，是这些戾气极大的排雷把我劝退","commentTime":"2022-05-28 15:59:41","commentOwner":"。"},{"comment":"我现在看小说最讨厌的就是排雷两个字，有的时候我看正文觉得所谓的雷点根本就没什么，反倒是一些排雷排雷戾气大的可怕。\n不是正文把我劝退，是这些戾气极大的排雷把我劝退\n№4☆☆☆。|d00a41e1于2022-05-28 15:59:41留言☆☆☆\n。","commentTime":"2022-05-28 16:00:17","commentOwner":"。"},{"comment":"正常人觉得饭不好吃，打个差评，去找别的店，可以理解。\n不正常的人堵在饭店门口骂街，甚至还要对老板进行人身攻击。","commentTime":"2022-05-28 16:06:21","commentOwner":"。"},{"comment":"我现在看小说最讨厌的就是排雷两个字，有的时候我看正文觉得所谓的雷点根本就没什么，反倒是一些排雷排雷戾气大的可怕。\n不是正文把我劝退，是这些戾气极大的排雷把我劝退\n№4 ☆☆☆。|d00a41e1于2022-05-28 15:59:41留言☆☆☆\n不看评论区保平安","commentTime":"2022-05-28 16:07:05","commentOwner":"。"},{"comment":"说得太对了","commentTime":"2022-05-28 16:07:41","commentOwner":"。"},{"comment":"我对排雷也不能理解，以前小说有排雷吗？阅读的过程是循序渐进的，除非那种故意恶心人的情节，其他按照作者设想来啊。\n一点承受能力也没有，那么电视剧一集一集播放，是不是也要在第一集开头把后续所谓的雷点都剧透？动漫呢？电影呢？按照这个逻辑都得开头讲明白，以免观看者踩雷？","commentTime":"2022-05-28 16:11:10","commentOwner":"=="},{"comment":"说得太对了\n№8 ☆☆☆。|cb0aaeec于2022-05-28 16:07:41留言☆☆☆\n。","commentTime":"2022-05-28 16:11:20","commentOwner":"=="},{"comment":"对，不是去别的她觉得好吃的店去吃，而是一定要砸掉她认为不好吃的店。\n№2 ☆☆☆==|2f39fc7c于2022-05-28 15:55:08留言☆☆☆\n。","commentTime":"2022-05-28 16:11:48","commentOwner":"。"},{"comment":"排\n也不知道看文前先求排雷的风气是什么时候流行起来的\n排雷某种程度上不就等于剧透吗","commentTime":"2022-05-28 16:12:49","commentOwner":"=="},{"comment":"正常人觉得饭不好吃，打个差评，去找别的店，可以理解。\n不正常的人堵在饭店门口骂街，甚至还要对老板进行人身攻击。\n№6 ☆☆☆。|9ff9bd8b于2022-05-28 16:06:21留言☆☆☆\n是的 差评能接受，人身的就纯属有病","commentTime":"2022-05-28 16:13:00","commentOwner":"。"},{"comment":"对，不是去别的她觉得好吃的店去吃，而是一定要砸掉她认为不好吃的店。\n№2 ☆☆☆==|2f39fc7c于2022-05-28 15:55:08留言☆☆☆\n。","commentTime":"2022-05-28 16:13:04","commentOwner":"。"},{"comment":"现在排雷不是排给有需要的人，而是要排到没有人喜欢，排到对方消失在世界上。","commentTime":"2022-05-28 16:14:04","commentOwner":"= ="},{"comment":"正常人觉得饭不好吃，打个差评，去找别的店，可以理解。\n不正常的人堵在饭店门口骂街，甚至还要对老板进行人身攻击。\n№6 ☆☆☆。|9ff9bd8b于2022-05-28 16:06:21留言☆☆☆\n。","commentTime":"2022-05-28 16:14:09","commentOwner":"。"},{"comment":"以前根本没有排雷这种东西，看小说都是看自己喜欢的，那时候什么都能写。\n也不知道什么时候开始，写一点无关痛痒的东西就要被骂，排雷排到感觉这个文出现就是罪大恶极，但其实文章根本没有写什么东西……","commentTime":"2022-05-28 16:14:10","commentOwner":"。"},{"comment":"我上夹子的时候排雷我，我完结了又推荐我，他们一直在狂欢，可我从来没有收到过一句道歉","commentTime":"2022-05-28 16:14:18","commentOwner":"= ="},{"comment":"刚刷某书，看到有人说自己十年前看的一本文，再问大家书名是什么，最后找到了，一群人要来晋江打负吧，大概这样子","commentTime":"2022-05-28 16:15:42","commentOwner":"。"},{"comment":"对的\n我最最最最最最讨厌的人就是看了几章就在第一章负分排雷，长篇大论的那种\n看到真的忍不住让她滚","commentTime":"2022-05-28 16:17:48","commentOwner":"。"},{"comment":"太对了，问题他们还自诩正义，这是最搞笑的","commentTime":"2022-05-28 16:22:29","commentOwner":"蒙娜丽莎"},{"comment":"对的，真的很无语，有人说我bg戏份多，我是剧情流剧情需要，一共不到全文百分之十，走完这段剧情就无了，哐给我打了个-2，神经病啊","commentTime":"2022-05-28 16:23:01","commentOwner":"一个小号"},{"comment":"对的\n我最最最最最最讨厌的人就是看了几章就在第一章负分排雷，长篇大论的那种\n看到真的忍不住让她滚\n№20         ☆☆☆。|672e8a80于2022-05-28 16:17:48留言        ☆☆☆\n有些甚至不看你第一章，她只是看你的文案就把你打成某一方党派，然后大篇幅负面排雷引导后来的人不要再看。\n就是那种我不爱吃这家菜，你也别吃，要是别人反驳说你不爱吃我爱吃啊，她就骂别人xx才爱吃这种菜，连着把别人可接受的也贬低了\n说实在的这种人就是网络公主，多少沾点","commentTime":"2022-05-28 16:26:20","commentOwner":"无大语"},{"comment":"是的","commentTime":"2022-05-28 16:33:52","commentOwner":"。"},{"comment":"遇到个只看文案就开始臆想，怼着我排雷，真是无语了，看了它专栏就是个专业喷子，真是踩到屎了","commentTime":"2022-05-28 16:37:22","commentOwner":"kkkk"},{"comment":"有的更加疯魔的读者……会说写的这么难看，还不让说是吗？不仅我要说，我还要一直说，要告诉所有人，直到拉帮结派一堆人觉得不好看，他就高兴了。\n这种读者看什么文，先给自己脑子搞正常才重要。","commentTime":"2022-05-28 16:38:11","commentOwner":"。"},{"comment":"有的更加疯魔的读者……会说写的这么难看，还不让说是吗？不仅我要说，我还要一直说，要告诉所有人，直到拉帮结派一堆人觉得不好看，他就高兴了。\n这种读者看什么文，先给自己脑子搞正常才重要。\n№26 ☆☆☆。|747f4d42于2022-05-28 16:38:11留言☆☆☆\n我昨天遇见一个评论被管理员删掉，然后在第一章疯狂拉踩的，简直无语","commentTime":"2022-05-28 16:39:29","commentOwner":"。"},{"comment":"很难不支持","commentTime":"2022-05-28 16:40:41","commentOwner":"。"},{"comment":"我对排雷也不能理解，以前小说有排雷吗？阅读的过程是循序渐进的，除非那种故意恶心人的情节，其他按照作者设想来啊。\n一点承受能力也没有，那么电视剧一集一集播放，是不是也要在第一集开头把后续所谓的雷点都剧透？动漫呢？电影呢？按照这个逻辑都得开头讲明白，以免观看者踩雷？\n№9 ☆☆☆==|43643762于2022-05-28 16:11:10留言☆☆☆\n不能有波澜。波澜都是虐。。。","commentTime":"2022-05-28 16:41:10","commentOwner":"=="},{"comment":"我对排雷的理解是，告诉不喜欢的人这里有这个情节……但现在的排雷是，我不喜欢这个情节，喜欢的人就是有大病……不理解真的不理解","commentTime":"2022-05-28 16:41:21","commentOwner":"甜崽"},{"comment":"看个女强文也排雷男女主感情线，明明不影响，服了","commentTime":"2022-05-28 16:41:54","commentOwner":"。"},{"comment":"还是不一样的，正常排雷的重点不是说不好吃，而是说里面有什么。\n举例：文里有香菜。\n正常排雷：有香菜不爱吃的别来。\n主观排雷：lj饭店难吃死了恶心退钱都别来。","commentTime":"2022-05-28 16:43:34","commentOwner":"= ="},{"comment":"历史引用 展开全部▼\n我昨天遇见一个评论被管理员删掉，然后在第一章疯狂拉踩的，简直无语\n№27 ☆☆☆。|a0d375ee于2022-05-28 16:39:29留言☆☆☆\n不管是谁删除的，只要他要说的消失了，或者是没得到一堆人的支持，他就不会停止。因为在他眼里，你的这本小说就不该存在，他不想让你的小说存在还被人喜欢，和他的思想是对立着的，所以他想尽各种办法评论，抹黑。\n好无语这种读者。\n说也说不得，说就是说你写的差，还不让说，不让说你就别写。真的疯魔。","commentTime":"2022-05-28 16:43:39","commentOwner":"。"},{"comment":"我对排雷砸摊没啥兴趣，但前提是你别卖地沟油产品，也别说自己卖的是牛肉却拿合成老鼠肉来凑数，是这两种我会帮忙砸摊帮忙举报谢谢","commentTime":"2022-05-28 16:44:11","commentOwner":"= ="},{"comment":"好帖\n点赞","commentTime":"2022-05-28 16:44:50","commentOwner":"。"},{"comment":"保存了，以后被恶意排雷就过来看看","commentTime":"2022-05-28 16:46:02","commentOwner":"。"},{"comment":"说实话，现在这股风气就很离谱。\n有的人看到文案就开始排雷，然后看到正文不合逻辑的也开始排雷，问题是排雷就算了，如果意见跟他不相同的，没跟他一起排的，就被打成作者的腿毛。\n被举报删了评论之后就疯狂在评论区跳脚，非说是作者删评，为什么不能是读者看不过眼举报呢？我就经常举报。\n其实我真的怀疑哪有一个读者那么有闲心，被删了评论之后，在那里反复排雷的？  ","commentTime":"2022-05-28 16:48:09","commentOwner":"。"},{"comment":"不知道什么时候兴起的这种风气，看过的读者吐槽两句也行，最烦没看过的瞎比比","commentTime":"2022-05-28 16:48:24","commentOwner":"。"},{"comment":"看文的就算了，没看过文的也来凑热闹","commentTime":"2022-05-28 16:50:04","commentOwner":"。"},{"comment":"排雷的目的就是拉着更多的人一块到你的文下面宣泄负面情绪啊，哪怕它没看你的文，可人家扛着正义大旗呢","commentTime":"2022-05-28 16:53:53","commentOwner":"= ="},{"comment":"就是宣泄戾气罢了，日子过得不顺心，只能在网上找存在感","commentTime":"2022-05-28 16:57:37","commentOwner":"=="}]}