{"id":"bbac4d4d-23a1-42b0-8b90-f2981216c78f","category":"晋江论坛→网友交流区→碧水江汀 请稍候...","postSubject":"主题：be一定要排雷吗，不排会怎么样啊？ [74] 【搜索关键词：排雷】","postUrl":"https://bbs.jjwxc.net/showmsg.php?board=17&keyword=%C5%C5%C0%D7&id=1723389","originalPost":"手头在准备一本be，看到别的be都在文案排雷，有点疑惑：是不是be都得排雷呀？如果写了be就会剧透，好纠结。不写的话会被骂死吗……","numberOfReplies":72,"comments":[{"comment":"我会忍不住打负拉黑","commentTime":"2022-01-18 10:13:54","commentOwner":"= ="},{"comment":"杂食人无所谓，但是现在各种奇葩洁癖人更多……","commentTime":"2022-01-18 10:14:35","commentOwner":"。"},{"comment":"要排雷，不然会收获一堆月石","commentTime":"2022-01-18 10:14:38","commentOwner":"。"},{"comment":"会被骂","commentTime":"2022-01-18 10:14:56","commentOwner":"你名字真丑"},{"comment":"骂死","commentTime":"2022-01-18 10:14:57","commentOwner":"。"},{"comment":"会打负","commentTime":"2022-01-18 10:15:07","commentOwner":"。"},{"comment":"无所畏惧不用排","commentTime":"2022-01-18 10:15:18","commentOwner":"=="},{"comment":"很多言情be都没排雷 只能说只要你不是甜文突然转或者打了甜文爽文破镜重圆的tag 大部分读者也不看论坛","commentTime":"2022-01-18 10:15:19","commentOwner":"。"},{"comment":"骂死\n№5 ☆☆☆。|d0ad44cd于2022-01-18 10:14:57留言☆☆☆\n喜欢的读者也会难受吧……反正不说我难受……哪怕是我最支持的作者","commentTime":"2022-01-18 10:15:26","commentOwner":"。"},{"comment":"……你说呢？\n有的食客不喜欢吃香菜，\n你偷偷放了香菜，还不主动排雷\n你说呢？","commentTime":"2022-01-18 10:15:29","commentOwner":"。"},{"comment":"会骂","commentTime":"2022-01-18 10:15:29","commentOwner":"= ="},{"comment":"历史引用 展开全部▼\n喜欢的读者也会难受吧……反正不说我难受……哪怕是我最支持的作者\n№9 ☆☆☆。|d0ad44cd于2022-01-18 10:15:26留言☆☆☆\n不过可能也有受众\n我心脏承受能力不好，我受不了","commentTime":"2022-01-18 10:15:52","commentOwner":"。"},{"comment":"会吧，有本文主角he，配角在番外be了，作者只在wb说过配角be，没在作话说，评论区骂的都快开花了","commentTime":"2022-01-18 10:16:24","commentOwner":"= ="},{"comment":"必须排，除非你不怕挨骂排雷","commentTime":"2022-01-18 10:16:47","commentOwner":"= ="},{"comment":"反正你别标甜文","commentTime":"2022-01-18 10:16:52","commentOwner":"= ="},{"comment":"我干过这事儿，不过我写的很隐晦，虽然还是被看出来了。","commentTime":"2022-01-18 10:17:37","commentOwner":"……"},{"comment":"也没啥，会被骂而已","commentTime":"2022-01-18 10:18:18","commentOwner":"OvO"},{"comment":"我发现如果男主很渣，非常非常渣那种，最后俩人没在一起be了，读者会高兴得放鞭炮","commentTime":"2022-01-18 10:18:32","commentOwner":"＝ ＝"},{"comment":"拉黑","commentTime":"2022-01-18 10:18:38","commentOwner":"。"},{"comment":"be是大众雷电，标出来其实是对你自己的一种保护\n当然，如果你觉得被骂，被刷负，在各个地方被骂到出道无所谓（前提是文火，扑了的话估计就无声无息），那不标也没关系，反正你自己能承受住结果就行","commentTime":"2022-01-18 10:18:56","commentOwner":"=="},{"comment":"你排个雷，我也不看be，不想订到最后发现be了，我会疯","commentTime":"2022-01-18 10:19:21","commentOwner":"。"},{"comment":"拉黑\n十年前一本be文我到现在还记得呢，虽然作者名字忘记了，但是只要看到类似的作者名，我文都不看的","commentTime":"2022-01-18 10:20:02","commentOwner":"——"},{"comment":"会被骂，被打低星","commentTime":"2022-01-18 10:20:24","commentOwner":"。"},{"comment":"因为剧情的原因，标be的话，剧透还挺严重的，那如果连载期间不v呢？会不会好一点……","commentTime":"2022-01-18 10:20:39","commentOwner":"周二"},{"comment":"最好还是排一下吧","commentTime":"2022-01-18 10:20:44","commentOwner":"=="},{"comment":"我发现如果男主很渣，非常非常渣那种，最后俩人没在一起be了，读者会高兴得放鞭炮\n№18 ☆☆☆＝ ＝|4351d820于2022-01-18 10:18:32留言☆☆☆\n不吧\n追妻火葬场不是都说，换男主不可吧\n近几天渣攻那本独美不是还被排雷了吗\n高兴很多不至于","commentTime":"2022-01-18 10:21:10","commentOwner":"。"},{"comment":"杂食人无所谓，但是现在各种奇葩洁癖人更多……\n№2 ☆☆☆。|1a7065e6于2022-01-18 10:14:35留言☆☆☆\n呃呃呃杂食人很高贵吗？be现在本来就是大众雷点，你接受得了别人接受不了互相尊重不行吗？非得要犯贱啊？","commentTime":"2022-01-18 10:21:28","commentOwner":"＝＝"},{"comment":"会被骂","commentTime":"2022-01-18 10:21:43","commentOwner":"。"},{"comment":"要排，不然你试想一下，你看的津津有味一直希望他们在一起，大结局发现没有在一起，你会不会失望生气觉得被骗了，所以，换位思考一下，为了不被打负分，排一下又怎么了","commentTime":"2022-01-18 10:22:02","commentOwner":"。"},{"comment":"因为剧情的原因，标be的话，剧透还挺严重的，那如果连载期间不v呢？会不会好一点……\n№24 ☆☆☆周二|d5738c11于2022-01-18 10:20:39留言☆☆☆\n不会，如果标be剧透的话，那说明读者期望he的更多，会被骂更惨","commentTime":"2022-01-18 10:22:15","commentOwner":"= ="},{"comment":"几年前不需要排雷。\n现在读者你不排雷就骂死你。","commentTime":"2022-01-18 10:23:01","commentOwner":"= ="},{"comment":"rnm，退钱！！！ -2\n大概会收到这样的评论。","commentTime":"2022-01-18 10:23:58","commentOwner":"。"},{"comment":"说实话，不标记“be”伤害的是喜欢你这篇文，一直看到结尾的读者，这群人反踩才是最狠的，而且人人有订阅\n详情可见莫如归","commentTime":"2022-01-18 10:24:35","commentOwner":"= ="},{"comment":"be是最大的雷点，看到会骂人，希望你善良，别逼读者骂你","commentTime":"2022-01-18 10:24:42","commentOwner":"= ="},{"comment":"历史引用 展开全部▼\n不会，如果标be剧透的话，那说明读者期望he的更多，会被骂更惨\n№30 ☆☆☆= =|6e7ce6a7于2022-01-18 10:22:15留言☆☆☆\n有…道…理…怕了","commentTime":"2022-01-18 10:25:02","commentOwner":"周二"},{"comment":"历史引用 展开全部▼\n呃呃呃杂食人很高贵吗？be现在本来就是大众雷点，你接受得了别人接受不了互相尊重不行吗？非得要犯贱啊？\n№27 ☆☆☆＝＝|2c667cb6于2022-01-18 10:21:28留言☆☆☆\n。","commentTime":"2022-01-18 10:26:43","commentOwner":"。"},{"comment":"无语了，每次都拿不想剧透当不标be的借口，标个“不能保证结局he”“结局不定”很难吗？说白了就是享受捅追更读者一刀的快感，那读者被你捅了反过来捅你你就受着呗","commentTime":"2022-01-18 10:29:58","commentOwner":"= ="},{"comment":"Be不排雷永黑，被刷负也是活该，别到时候又白莲花到处卖惨","commentTime":"2022-01-18 10:32:52","commentOwner":"吃饱啦"},{"comment":"真be爱好者自己会主动搜be文管什么剧不剧透，喜欢猜结局的你标结局不定人照样会看，死活不想标就是为了骗he爱好者进来鲨，没见谁天天嚷嚷标he是剧透的","commentTime":"2022-01-18 10:33:16","commentOwner":"= ="},{"comment":"如果不是突然喂shi，全篇都是要be的基调，哪怕不标有些人点进来看几章也就走了吧（纯属个人观点","commentTime":"2022-01-18 10:35:07","commentOwner":"= ="},{"comment":"Be不排雷永黑，被刷负也是活该，别到时候又白莲花到处卖惨\n№38☆☆☆吃饱啦|92d44068于2022-01-18 10:32:52留言☆☆☆\n此处点名老毒物mrg，早晚遭报应","commentTime":"2022-01-18 10:35:53","commentOwner":"吃饱啦"},{"comment":"因为有的是喂屎，强行be。前期甜甜，完结突然来个一死一疯。","commentTime":"2022-01-18 10:35:53","commentOwner":"。"},{"comment":"符合你的卖点，ok","commentTime":"2022-01-18 10:36:05","commentOwner":"=="},{"comment":"作为读者，前面全he，突然后面be，我会从此避雷这个作者，所以be请一定标出来！","commentTime":"2022-01-18 10:36:42","commentOwner":"红景天"},{"comment":"别标甜文就还OK","commentTime":"2022-01-18 10:36:48","commentOwner":"≡ －"},{"comment":"骂死你。","commentTime":"2022-01-18 10:38:41","commentOwner":"喑"},{"comment":"我会打负，打1分","commentTime":"2022-01-18 10:39:27","commentOwner":"=="},{"comment":"写免费文不v可能会好一点","commentTime":"2022-01-18 10:42:11","commentOwner":"。"},{"comment":"be都是大众雷点了吗……","commentTime":"2022-01-18 10:43:27","commentOwner":"么么"},{"comment":"be都是大众雷点了吗……\n№49 ☆☆☆么么|1b750473于2022-01-18 10:43:27留言☆☆☆\n我记得好久以前，青春恋爱小说基本都是be，没想在现在发生翻天覆地的变化","commentTime":"2022-01-18 10:45:02","commentOwner":"么么"},{"comment":"历史引用 展开全部▼\n呃呃呃杂食人很高贵吗？be现在本来就是大众雷点，你接受得了别人接受不了互相尊重不行吗？非得要犯贱啊？\n№27 ☆☆☆＝＝|2c667cb6于2022-01-18 10:21:28留言☆☆☆\n。","commentTime":"2022-01-18 10:46:56","commentOwner":"。"},{"comment":"以前没事，现在会被骂……只能说时代不同了。\n我自己是无所谓的，毕竟以前买实体书的年代，不知道是he还是be，买了也就买了，总不能因为结局不喜欢就退？\n但现在会被骂，看你选择了。","commentTime":"2022-01-18 10:49:52","commentOwner":"。"},{"comment":"会被骂死","commentTime":"2022-01-18 10:50:56","commentOwner":"。"},{"comment":"你觉得be就是剧透，但对读者来说，她们进来看文是想看HE的，如果兴冲冲看了最后发现是BE，就是喂屎。","commentTime":"2022-01-18 10:50:58","commentOwner":"。"},{"comment":"想写be，又怕没人看，故意不说清楚，骗he爱好者进来杀。","commentTime":"2022-01-18 10:51:41","commentOwner":"。"},{"comment":"jj不是有悲剧选项吗？我写be都会分类悲剧，怎么你们还有不选悲剧写be的？\n上次看到一篇分类在言情追了一半作者才在文案加女主独美无cp的已经够恶心了，要是追以为会he结果be的文我都不知道能不能管住自己打负的手","commentTime":"2022-01-18 10:52:49","commentOwner":"= ="},{"comment":"文案没有排雷/高亮，然后连标签都没有标明的话，我会送月石大礼包一份","commentTime":"2022-01-18 10:55:54","commentOwner":"。"},{"comment":"可能就是月石大礼包走起","commentTime":"2022-01-18 10:59:22","commentOwner":"常宁"},{"comment":"不排雷直接be的话，我虽然不会骂人，但是会严重自闭+再也不看这个作者的文。","commentTime":"2022-01-18 11:00:35","commentOwner":"。"},{"comment":"发疯骂你","commentTime":"2022-01-18 11:00:56","commentOwner":"。"},{"comment":"Be不排雷永黑，被刷负也是活该，别到时候又白莲花到处卖惨\n№38☆☆☆吃饱啦|92d44068于2022-01-18 10:32:52留言☆☆☆\n。","commentTime":"2022-01-18 11:01:42","commentOwner":"。"},{"comment":"我会发表长篇大论的评价表达作者大大写的很好但正因为这样我真的很怨念，然后跟身边所有朋友吐槽并且再也不看她文。","commentTime":"2022-01-18 11:02:08","commentOwner":"。"},{"comment":"受得了：1被骂，2个别极端点的读者追到新文排雷，这样随便你排不排","commentTime":"2022-01-18 11:03:20","commentOwner":"。"},{"comment":"现在读者耐受低","commentTime":"2022-01-18 11:06:42","commentOwner":"八府巡抚汤达人"},{"comment":"火葬场还能接受，不用排，普通小甜文要排","commentTime":"2022-01-18 11:07:13","commentOwner":"…"},{"comment":"你可以文案写个结局预警，不点名be但是看到这个读者就明白了吧，你不写甜文剧情流，其实观众不太在乎he的","commentTime":"2022-01-18 11:07:38","commentOwner":"苦哈哈"},{"comment":"看到最后是be我会疯","commentTime":"2022-01-18 11:12:21","commentOwner":"。"},{"comment":"反正我是踩一次雷整个作者拉黑，七八年前看的没排雷的be文我现在还记得","commentTime":"2022-01-18 11:13:32","commentOwner":"。"},{"comment":"不然呢？除非你是火葬场文或者本来就有虐恋情深标签，不然要么老老实实写上，要么he，毫无预警突然be惊天大雷，你怕是忘了前不久那本动物金榜被骂成什么样了","commentTime":"2022-01-18 11:18:20","commentOwner":"=="},{"comment":"要不然你就写不保证he，这样是不是不算剧透？","commentTime":"2022-01-18 11:22:05","commentOwner":"。。"},{"comment":"历史引用 展开全部▼\n我记得好久以前，青春恋爱小说基本都是be，没想在现在发生翻天覆地的变化\n№50 ☆☆☆么么|1b750473★于2022-01-18 10:45:02留言☆☆☆\n当年be多不代表当年读者就都喜欢be，而是不喜欢be的读者也没办法，书都买完了还能怎么办？\n看完be也会和同学愤怒吐槽好几天，一个作者be两次我绝不会第三次买ta的书\n实体书年代be也只能自己吐槽，作者和读者天然不接触，现在可不一样了","commentTime":"2022-01-18 11:28:33","commentOwner":"。"},{"comment":"历史引用 展开全部▼\n。\n№63 ☆☆☆。|9c68948f于2022-01-18 11:01:42留言☆☆☆\n。","commentTime":"2022-01-18 11:39:59","commentOwner":"。"}]}