{"id":"b69aa7a5-c7b3-45bd-9769-82d982032aaa","category":"晋江论坛→网友交流区→碧水江汀 欢迎回来：53088456  退 出","postSubject":"主题：古言区忆梦江南烟这个读者是有bingbing吗？疯狂虚假排雷，骂人 [3] 【搜索关键词：排雷】","postUrl":"https://bbs.jjwxc.net/showmsg.php?board=17&keyword=%C5%C5%C0%D7&id=1923834","originalPost":"http://www.jjwxc.net/onereader.php?readerid=53666582","numberOfReplies":3,"comments":[{"comment":"http://www.jjwxc.net/onereader.php?readerid=53666582\n№0☆☆☆看看|761a67b9于2022-05-31 14:15:31留言☆☆☆\nfpb","commentTime":"2022-05-31 14:15:43","commentOwner":"看看"},{"comment":"我也遇到了，无语死了","commentTime":"2022-06-12 23:55:47","commentOwner":"走过那片海"},{"comment":"我也有，纯纯有病这人","commentTime":"2022-06-12 23:59:25","commentOwner":"作者号拜拜"}]}