{"id":"8fcd746e-8dd0-4adb-bf45-adea2af97bc0","category":"晋江论坛→网友交流区→碧水江汀 请稍候...","postSubject":"主题：对于那些作者都排雷了，还要进来骂一通的 [13] 【搜索关键词：排雷】","postUrl":"https://bbs.jjwxc.net/showmsg.php?board=17&keyword=%C5%C5%C0%D7&id=1833785","originalPost":"f","numberOfReplies":13,"comments":[{"comment":"uck","commentTime":"2022-04-05 10:25:52","commentOwner":"。"},{"comment":"特么的到底想怎么样啊，草…！！被逼疯了","commentTime":"2022-04-05 10:26:06","commentOwner":"zz"},{"comment":"我忍不住要发疯了！","commentTime":"2022-04-05 10:28:34","commentOwner":"zz"},{"comment":"可能需要看眼科吧","commentTime":"2022-04-05 10:28:40","commentOwner":"=="},{"comment":"找存在感吧","commentTime":"2022-04-05 10:29:48","commentOwner":"=="},{"comment":"此处脏话","commentTime":"2022-04-05 10:34:57","commentOwner":"。"},{"comment":"何止骂，还打负，还说什么看了第一章排雷我就改弃文的，然后叭叭叭，你这怎么怎么怎么。\n我就:what?那你明知道不喜欢，接受不来，不弃文，明知道非得看，看完后还给我打负，骂我。我就很想问一句j不j 。\n槽多无口，能ex 死","commentTime":"2022-04-05 10:39:51","commentOwner":"= ="},{"comment":"何止骂，还打负，还说什么看了第一章排雷我就改弃文的，然后叭叭叭，你这怎么怎么怎么。\n我就:what?那你明知道不喜欢，接受不来，不弃文，明知道非得看，看完后还给我打负，骂我。我就很想问一句j不j 。\n槽多无口，能ex 死\n№7☆☆☆= =|83a8dcb9于2022-04-05 10:39:51留言☆☆☆\n是的是的！还无端给你扣帽子，臆测，指责你排雷没排到ta雷的东西，关键我这不是定制文啊","commentTime":"2022-04-05 11:10:29","commentOwner":"zz"},{"comment":"对啊，各种虚假排雷，连续在你所有文章第一章底下打负分，关键重点来了，还是一只Dwg哦，真的是月石太多没有地方用，更令人窒息的是，我基友告诉我，她在所有推我文的po主底下长篇评论我的文是垃圾，厉害不厉害。后来我发现这位姐妹几乎天天抓三个作者刷负分，驰名喷子。","commentTime":"2022-04-05 12:06:26","commentOwner":"一只咕"},{"comment":"正常现象，还遇到过只看文名就给负分的","commentTime":"2022-04-05 12:07:24","commentOwner":"。"},{"comment":"正常，我还遇见过腐癌跑我言情下面打负分的。\n理由是有女主。","commentTime":"2022-04-05 12:37:32","commentOwner":"咕"},{"comment":"排排雷的挺多。网络拉近人的距离，有的人你这辈子都不会在现实看到他。","commentTime":"2022-04-05 12:38:26","commentOwner":"。"},{"comment":"这些人给你的文排雷还不够，还会给你无辜的预收排雷的，真是闲到没边了。","commentTime":"2022-04-05 12:39:46","commentOwner":"。"}]}