{"id":"78e3d430-1f05-4881-99a5-90d79582f8ff","category":"晋江论坛→网友交流区→碧水江汀 请稍候...","postSubject":"主题：快进到通过排雷看完全文 [2] 【搜索关键词：排雷】","postUrl":"https://bbs.jjwxc.net/showmsg.php?board=17&keyword=%C5%C5%C0%D7&id=1757749","originalPost":"Rt","numberOfReplies":2,"comments":[{"comment":"实不相瞒，xq的热门文我都是这样看完的","commentTime":"2022-02-11 15:22:29","commentOwner":"= ="},{"comment":"实不相瞒，xq的热门文我都是这样看完的\n№1☆☆☆= =|7a81cd90于2022-02-11 15:22:29留言☆☆☆\n哈哈哈哈哈哈哈哈哈哈哈","commentTime":"2022-02-11 15:22:50","commentOwner":"。"}]}