{"id":"e5b3ab4b-fe13-4197-b93a-9d4e27e9c687","category":"晋江论坛→网友交流区→碧水江汀 欢迎回来：53088456  退 出","postSubject":"主题：内容很少很少的副cp需要在文案排雷吗？ [17] 【搜索关键词：排雷】","postUrl":"https://bbs.jjwxc.net/showmsg.php?board=17&keyword=%C5%C5%C0%D7&id=1802078","originalPost":"正文几乎没有，估计就番外小几章","numberOfReplies":17,"comments":[{"comment":"为什么我看不到这帖子","commentTime":"2022-03-15 11:57:38","commentOwner":"= ="},{"comment":"我不排雷","commentTime":"2022-03-15 12:58:37","commentOwner":"。"},{"comment":"作为读者，我也喜欢看文里有配角cp调剂","commentTime":"2022-03-15 12:59:09","commentOwner":"。"},{"comment":"副cp 这个词就说明占比多。\n普通配角夫夫/夫妻，不叫副cp。","commentTime":"2022-03-15 13:01:08","commentOwner":"。"},{"comment":"副cp有啥关系，别太在乎那群喊排雷的人吧，照这样下去排雷的要求会越来越高","commentTime":"2022-03-15 13:04:20","commentOwner":"=="},{"comment":"我觉得还是要排的 作为读者角度来看\n很多人都雷bg里面有bl\n如果无所谓 不在意这部分读者 或者觉得这部分比例不大 那看你心情排雷与否\n如果不想误伤到这部分读者 建议还是排雷吧\n大部分被误伤到的读者 基本这个作者的小说不会点进来了 怕收到再次伤害","commentTime":"2022-03-15 13:20:18","commentOwner":"令祯"},{"comment":"言情cp类型的排雷 其实也就这几种\n存在副cp 含有bl或gl cp","commentTime":"2022-03-15 13:22:11","commentOwner":"令祯"},{"comment":"副cp 这个词就说明占比多。\n普通配角夫夫/夫妻，不叫副cp。\n№4 ☆☆☆。|02dc7a22于2022-03-15 13:01:08留言☆☆☆\n。","commentTime":"2022-03-15 13:23:08","commentOwner":"。"},{"comment":"历史引用 展开全部▼\n。\n№8 ☆☆☆。|89a98fca于2022-03-15 13:23:08留言☆☆☆\n。有占比我就不会看，提一两嘴的普通配角不叫副cp。","commentTime":"2022-03-15 13:26:28","commentOwner":"= ="},{"comment":"需要，以防被杠","commentTime":"2022-03-15 13:26:52","commentOwner":"=="},{"comment":"正文完结还写番外？\n那完结时可以排雷，说番外选择性订阅。","commentTime":"2022-03-15 13:27:08","commentOwner":"。"},{"comment":"不用啊……那种占比很多的才要","commentTime":"2022-03-15 13:34:06","commentOwner":"小号子"},{"comment":"历史引用 展开全部▼\n。有占比我就不会看，提一两嘴的普通配角不叫副cp。\n№9 ☆☆☆= =|cf2aee03于2022-03-15 13:26:28留言☆☆☆\n。","commentTime":"2022-03-15 13:42:21","commentOwner":"。"},{"comment":"看设定\n要是他们的存在是为了推进主cp感情 存在感薄弱 就无所谓\n要是是另一条线 除了和主角有关系 把他们写的更荡气回肠凄惨可悲 甚至喧宾夺主的话 不排雷我会弃坑","commentTime":"2022-03-15 13:43:36","commentOwner":"。"},{"comment":"我觉得还是要排的 作为读者角度来看\n很多人都雷bg里面有bl\n如果无所谓 不在意这部分读者 或者觉得这部分比例不大 那看你心情排雷与否\n如果不想误伤到这部分读者 建议还是排雷吧\n大部分被误伤到的读者 基本这个作者的小说不会点进来了 怕收到再次伤害\n№6 ☆☆☆令祯|9d789471于2022-03-15 13:20:18留言☆☆☆\n。排不排问你自己，我是讨厌副cp的，误伤我我不会说啥，但是以后再也不会看你的文……","commentTime":"2022-03-15 14:52:18","commentOwner":"。"},{"comment":"副cp 这个词就说明占比多。\n普通配角夫夫/夫妻，不叫副cp。\n№4 ☆☆☆。|02dc7a22于2022-03-15 13:01:08留言☆☆☆\n我个人是把占据一章的一半，就当做副cp","commentTime":"2022-03-15 14:53:32","commentOwner":"。"},{"comment":"我以为副CP这种，言情里含bl.gl这种需要\n其他什么言情文有言情副cp，耽美文有耽美副cp，我一直觉得这是正常的……","commentTime":"2022-03-15 14:54:20","commentOwner":"= ="}]}