{"id":"d9882478-8f08-428e-a88b-45e8a76330b0","category":"晋江论坛→网友交流区→碧水江汀 请稍候...","postSubject":"主题：好恶心夹子不看v章到处排雷的杠精 [11] 【搜索关键词：排雷】","postUrl":"https://bbs.jjwxc.net/showmsg.php?board=17&keyword=%C5%C5%C0%D7&id=1724814","originalPost":"莫名其妙攻击评论区，v章也没有看，就在评论区各种排雷，怎么不去别的地方排雷呢？","numberOfReplies":11,"comments":[{"comment":"我还遇到过“没看文 但看文案不喜欢 -2分”\n我只想说：caonima！dashabi！","commentTime":"2022-01-19 09:17:30","commentOwner":"。"},{"comment":"是吧，我前几天夹子，然后评论区就有那种人说我正文怎么怎么打负分，可是他在第一张评论诶","commentTime":"2022-01-19 09:18:39","commentOwner":"。"},{"comment":"我还遇到过“没看文 但看文案不喜欢 -2分”\n我只想说：caonima！dashabi！\n№1 ☆☆☆。|4eca420d于2022-01-19 09:17:30留言☆☆☆\n就是，有病吧她们","commentTime":"2022-01-19 09:18:45","commentOwner":"。。"},{"comment":"不喜欢就别看，还在那里留什么言，我也是醉了","commentTime":"2022-01-19 09:19:16","commentOwner":"。。"},{"comment":"我也是醉了，当代捂嘴大师就是宁吧？不是所有免费章说难看的都是杠精，也有可能是你自己写的垃圾呢","commentTime":"2022-01-19 09:57:25","commentOwner":"吃瓜少女abc"},{"comment":"回楼上写的不好看我会直接说不好看但是打负分没必要删都删不掉","commentTime":"2022-01-19 09:58:36","commentOwner":"。"},{"comment":"我还在夹子上第一章看到过“废物”“文好烂”","commentTime":"2022-01-19 09:59:37","commentOwner":"。"},{"comment":"怎么说呢，就我混一个小众圈，商家经常出来卖惨。而我只想说：我只想便宜买到不东西，谁管你辛不辛苦","commentTime":"2022-01-19 10:08:53","commentOwner":"= ="},{"comment":"我遇到过——没看文，别处看了排雷，-2。\n我？","commentTime":"2022-01-19 10:10:48","commentOwner":"123"},{"comment":"我也是醉了，当代捂嘴大师就是宁吧？不是所有免费章说难看的都是杠精，也有可能是你自己写的垃圾呢\n№5 ☆☆☆吃瓜少女abc|2e90028f于2022-01-19 09:57:25留言☆☆☆\n。\n七八万的免费章比不过入v那一万多是吧","commentTime":"2022-01-19 10:11:57","commentOwner":"。"},{"comment":"怎么说呢，就我混一个小众圈，商家经常出来卖惨。而我只想说：我只想便宜买到不东西，谁管你辛不辛苦\n№8☆☆☆= =|6e03fb4d于2022-01-19 10:08:53留言☆☆☆\n免费章你掏钱了？","commentTime":"2022-01-19 10:13:05","commentOwner":"。"}]}