{"id":"b02fc5ec-78f6-4f21-9711-8f9aa732c357","category":"晋江论坛→网友交流区→碧水江汀 欢迎回来：53088456  退 出","postSubject":"主题：杀夫证道排雷以后会挨骂吗 [1] 【搜索关键词：排雷】","postUrl":"https://bbs.jjwxc.net/showmsg.php?board=17&keyword=%C5%C5%C0%D7&id=1869367","originalPost":"就，女主跟夫感情是真的，杀也是真的这种","numberOfReplies":1,"comments":[{"comment":"排雷了还被骂会有人帮你骂回去的","commentTime":"2022-04-27 02:36:48","commentOwner":"= ="}]}