{"id":"cd4c2e4a-9948-43a2-b3c1-0d4305473e9a","category":"晋江论坛→网友交流区→碧水江汀 请稍候...","postSubject":"主题：如果有读者在你文下评论区排雷，作者的文笔幼稚，你会怎么办？ [3] 【搜索关键词：排雷】","postUrl":"https://bbs.jjwxc.net/showmsg.php?board=17&keyword=%C5%C5%C0%D7&id=1793305","originalPost":"我好像遇到挺多的，虽然也觉得自己文笔差，但是但是还是很难受呀……","numberOfReplies":3,"comments":[{"comment":"摸摸 如果想回的话 回一句我会努力进步的？态度好一点至少给后面看到的人印象好一点","commentTime":"2022-03-09 06:10:38","commentOwner":"= ="},{"comment":"哦","commentTime":"2022-03-09 06:19:52","commentOwner":"酒圆子"},{"comment":"哦\n№2 ☆☆☆酒圆子|91aae5c9于2022-03-09 06:19:52留言☆☆☆\n不回他就行啦","commentTime":"2022-03-09 06:20:12","commentOwner":"酒圆子"}]}