{"id":"32ae3924-ee49-4d0d-b7dd-fca5a189f9d6","category":"晋江论坛→网友交流区→碧水江汀 请稍候...","postSubject":"主题：我在文案下边排雷：可能会微虐男 [4] 【搜索关键词：排雷】","postUrl":"https://bbs.jjwxc.net/showmsg.php?board=17&keyword=%C5%C5%C0%D7&id=1705505","originalPost":"结果一群读者跑出来：\nA：怎么还不虐？\nB：虐死他\nC：居然现在还是甜的！文案诈骗！\n\n我：茫然挠头","numberOfReplies":4,"comments":[{"comment":"哈哈哈哈哈哈","commentTime":"2022-01-05 09:10:51","commentOwner":"。"},{"comment":"哈哈哈哈哈哈哈哈","commentTime":"2022-01-05 09:11:09","commentOwner":"。"},{"comment":"对啊，才微虐？我要虐死！","commentTime":"2022-01-05 09:12:36","commentOwner":""},{"comment":"哈哈哈哈哈哈哈哈哈","commentTime":"2022-01-05 09:12:37","commentOwner":"。"}]}