{"id":"015e4bc8-0d4d-4386-804f-7ff859c9671f","category":"晋江论坛→网友交流区→碧水江汀 请稍候...","postSubject":"主题：李涛，被疯狂排雷刷负，评论清一色都在说觉得有问题三观啥啥，为什么成绩越来越好？ [35] 【搜索关键词：排雷】","postUrl":"https://bbs.jjwxc.net/showmsg.php?board=17&keyword=%C5%C5%C0%D7&id=1770096","originalPost":"读者是真的觉得不好看吗？\n不要去解码，就说这个情况，我不理解，真的不好看？为啥买？是因为想看看有多不好看？\n小朋友有很多问号，没有买这本文，不存在红眼病，也不是粉丝，就很好奇","numberOfReplies":35,"comments":[{"comment":"因为沉默的是大多数","commentTime":"2022-02-20 01:14:24","commentOwner":"我要上王者"},{"comment":"钱是王道","commentTime":"2022-02-20 01:15:02","commentOwner":"。"},{"comment":"因为沉默的是大多数\n№1☆☆☆我要上王者|bcbafcc6于2022-02-20 01:14:24留言☆☆☆\n。","commentTime":"2022-02-20 01:15:02","commentOwner":"=="},{"comment":"因为偏执狂喜欢在评论区跳","commentTime":"2022-02-20 01:15:41","commentOwner":"= ="},{"comment":"那说明只是三观有问题，笔力还是到位的。","commentTime":"2022-02-20 01:15:44","commentOwner":"=="},{"comment":"觉得不好看的人排雷，觉得好看的人继续看，个人有个人爱好，成绩越好才能让这两种人同时一起看到","commentTime":"2022-02-20 01:15:50","commentOwner":"……"},{"comment":"啊，所以意思文其实是好看的。\n我还没看过，好像可以试一下。","commentTime":"2022-02-20 01:17:04","commentOwner":"神奇"},{"comment":"有的人:我到要继续看，看你还能写出什么玩意来。\n有的人:虽然有的地方让人忍不了，但我还可以忍忍。\n有的人:还好吧，不在我雷点，能追，懒得吐槽。\n有的人:看啥评论，追就完了。\n有的人:呵呵呵，写成这个样子，等我追完了，喷死你。排雷x100000\n有的人:看了到觉得也还好，但是底下评论说的也对，跟着排雷。\n有的人:作者写得挺不错啊，主角这么做是因为xxxxx，都有解释的。←这种大多被称为作者腿毛被排雷大军攻击。\n以上是大部分读者现状，成绩越来越好，是因为故事还是有吸引力的，有别人没有的，就光这点，足够吸引人追了。所","commentTime":"2022-02-20 01:18:54","commentOwner":"。"},{"comment":"讲道理，沉默的才是大多数\n而且排雷我不说大部分吧……人去刷负根本没有看过正文写了什么，被风向一带啥都有可能","commentTime":"2022-02-20 01:19:41","commentOwner":"- -"},{"comment":"那说明只是三观有问题，笔力还是到位的。\n№5 ☆☆☆==|82b07acc于2022-02-20 01:15:44留言☆☆☆\n前提你说的越来越好是收益越来越好。\n梗好一点，写得通畅不难理解，上个万收很轻松的事。","commentTime":"2022-02-20 01:19:46","commentOwner":"=="},{"comment":"有的人:我到要继续看，看你还能写出什么玩意来。\n有的人:虽然有的地方让人忍不了，但我还可以忍忍。\n有的人:还好吧，不在我雷点，能追，懒得吐槽。\n有的人:看啥评论，追就完了。\n有的人:呵呵呵，写成这个样子，等我追完了，喷死你。排雷x100000\n有的人:看了到觉得也还好，但是底下评论说的也对，跟着排雷。\n有的人:作者写得挺不错啊，主角这么做是因为xxxxx，都有解释的。←这种大多被称为作者腿毛被排雷大军攻击。\n以上是大部分读者现状，成绩越来越好，是因为故事还是有吸引力的，有别人没有的，就光这点，足够吸引人追了。所\n№8 ☆☆☆。|b926f4b5于2022-02-20 01:18:54留言☆☆☆\n我就是倒数第二个有的人【流泪】我很容易受到排雷的形象，但是又很喜欢看评论，唉","commentTime":"2022-02-20 01:20:35","commentOwner":"。"},{"comment":"我觉得应该是部分情节或观点让一些读者受不了，但是除却这个，文笔笔力又都很好，让人又爱又恨。","commentTime":"2022-02-20 01:21:01","commentOwner":"。"},{"comment":"历史引用 展开全部▼\n我就是倒数第二个有的人【流泪】我很容易受到排雷的形象，但是又很喜欢看评论，唉\n№11 ☆☆☆。|5466b0a7于2022-02-20 01:20:35留言☆☆☆\n改错字，影响","commentTime":"2022-02-20 01:21:08","commentOwner":"。"},{"comment":"有人三观要求高，有人没有要求，很正常的啊。收藏越来越高说明没有要求的人多。","commentTime":"2022-02-20 01:25:05","commentOwner":"。"},{"comment":"因为，它真的，刺激啊","commentTime":"2022-02-20 01:26:15","commentOwner":"。"},{"comment":"因为，它真的，刺激啊\n№15 ☆☆☆。|e1c680ae于2022-02-20 01:26:15留言☆☆☆\n。","commentTime":"2022-02-20 01:28:15","commentOwner":"= ="},{"comment":"沉默的羔羊，放jj铁定锁，但拔叔也是真的帅","commentTime":"2022-02-20 01:29:58","commentOwner":"。"},{"comment":"我今天就追了一本，梗有意思，但是没写出亮点来，下面评论也很多在吵，只能说好梗确实很有用，就算正文不好看，也能把读者骗进去，人多了，总有留下来的","commentTime":"2022-02-20 01:33:13","commentOwner":"十二翼鸽子"},{"comment":"正常人不会和不正常的人争论，事实是正常人更多，所以沉默买文","commentTime":"2022-02-20 01:36:00","commentOwner":"oo"},{"comment":"雷是真的，刺激也是真的，而且部分人的雷恰好是部分人的萌点","commentTime":"2022-02-20 01:36:11","commentOwner":"= ="},{"comment":"有人三观要求高，有人没有要求，很正常的啊。收藏越来越高说明没有要求的人多。\n№14 ☆☆☆。|58426ed3于2022-02-20 01:25:05留言☆☆☆\n说错了，有些人是对纸片人三观要求高，自己大概连纸片人十分之一都做不到，别给自己三观贴金了","commentTime":"2022-02-20 01:37:37","commentOwner":"oo"},{"comment":"我是在读者区看到排雷大楼大家都在吐槽，然后我就很想问：你们是真的觉得不好看吗？\n不过怕挨打没说，憋了好久好久（厚码）应该没人能猜到我在说谁才敢出来问，哈哈","commentTime":"2022-02-20 01:38:50","commentOwner":"神奇"},{"comment":"我看文除非特别戳我，不然直接从第一章看到最后一章，或者退出...只要还在看就没问题。\n没有让正常读者留言的欲望，但有正常读者在看","commentTime":"2022-02-20 01:45:39","commentOwner":"..."},{"comment":"收藏越来越高？那就不是我在排的那本","commentTime":"2022-02-20 01:57:23","commentOwner":"。"},{"comment":"先说是小号\n我看文的时候经常不会细想的，如果不看评论区更不会想\n有一次看一本搞笑甜文，看完最新章没感觉，一翻评论，笑容渐渐消失.jpg，这一章有很多我没有注意到的雷点，我越想越不舒服就弃文了","commentTime":"2022-02-20 01:59:55","commentOwner":"。"},{"comment":"历史引用 展开全部▼\n说错了，有些人是对纸片人三观要求高，自己大概连纸片人十分之一都做不到，别给自己三观贴金了\n№21 ☆☆☆oo|14635c00于2022-02-20 01:37:37留言☆☆☆\n本来就是要求主角三观，也没提读者三观，哪里说错了啊","commentTime":"2022-02-20 02:00:45","commentOwner":"。"},{"comment":"先说是小号\n我看文的时候经常不会细想的，如果不看评论区更不会想\n有一次看一本搞笑甜文，看完最新章没感觉，一翻评论，笑容渐渐消失.jpg，这一章有很多我没有注意到的雷点，我越想越不舒服就弃文了\n№25 ☆☆☆。|73e6bf91于2022-02-20 01:59:55留言☆☆☆\n我那本已经不是细想才看得出来的雷点了 直接给我搞了个文案欺诈，追着我喂s吃","commentTime":"2022-02-20 02:01:18","commentOwner":"。"},{"comment":"历史引用 展开全部▼\n我那本已经不是细想才看得出来的雷点了 直接给我搞了个文案欺诈，追着我喂s吃\n№27 ☆☆☆。|075edb0a于2022-02-20 02:01:18留言☆☆☆\n其实很多读者根本不看评论吧，看文也不仔细，就是下班放学随便看看，我发现我就是这样，一章四五千字我可能2分钟就看完了一目十行","commentTime":"2022-02-20 02:03:10","commentOwner":"。"},{"comment":"先说是小号\n我看文的时候经常不会细想的，如果不看评论区更不会想\n有一次看一本搞笑甜文，看完最新章没感觉，一翻评论，笑容渐渐消失.jpg，这一章有很多我没有注意到的雷点，我越想越不舒服就弃文了\n№25 ☆☆☆。|73e6bf91于2022-02-20 01:59:55留言☆☆☆\n看的时候不细想，但是翻评论和过段时间自己回想的时候，会被雷到","commentTime":"2022-02-20 02:03:53","commentOwner":"nsdd"},{"comment":"有些人就是喜欢三观不正的文，她们觉得爽，我认识一个人就是，专看那些一般人巨雷的文","commentTime":"2022-02-20 02:32:40","commentOwner":"。"},{"comment":"那说明只是三观有问题，笔力还是到位的。\n№5 ☆☆☆==|82b07acc于2022-02-20 01:15:44留言☆☆☆\n。","commentTime":"2022-02-20 02:40:17","commentOwner":"。"},{"comment":"觉得不好看的人排雷，觉得好看的人继续看，个人有个人爱好，成绩越好才能让这两种人同时一起看到\n№6 ☆☆☆……|9211b11e于2022-02-20 01:15:50留言☆☆☆\n。","commentTime":"2022-02-20 02:46:31","commentOwner":"。"},{"comment":"我经常看书看的很开心，想看书评看看大家是不是跟我一样，结果发现一些读者在书评区的态度就好像跟你看的完全不是同一本书。\n而且我观察过五万收，十万收的很多书籍。哪怕是沙雕文也会遇到这种问题。\n书评很多时候真的让人停扫兴的。","commentTime":"2022-02-20 02:51:53","commentOwner":"坐等版权编辑敲我"},{"comment":"大概黑红也是红？","commentTime":"2022-02-20 03:26:37","commentOwner":"。"},{"comment":"可能是三观有问题但文笔香？之前被基友推过文，海棠那边的一篇1v1，不能带着三观去看，但是真的好看","commentTime":"2022-02-20 03:54:13","commentOwner":"。"}]}