{"id":"8627b990-f986-4dfc-9168-6dfab94c15de","category":"晋江论坛→网友交流区→碧水江汀 请稍候...","postSubject":"主题：为什么排雷那么明显了，还有人追着洗？ [5] 【搜索关键词：排雷】","postUrl":"https://bbs.jjwxc.net/showmsg.php?board=17&keyword=%C5%C5%C0%D7&id=1700122","originalPost":"。","numberOfReplies":5,"comments":[{"comment":"因为腿毛，还有就是这个人三个区开贴洗地，屏蔽都屏蔽了。烦死了","commentTime":"2022-01-01 10:37:03","commentOwner":"=="},{"comment":"不会是本人吧","commentTime":"2022-01-01 10:37:18","commentOwner":"。"},{"comment":"因为腿毛，还有就是这个人三个区开贴洗地，屏蔽都屏蔽了。烦死了\n№1 ☆☆☆==|21f3a727于2022-01-01 10:37:03留言☆☆☆\n是屏蔽不了","commentTime":"2022-01-01 10:37:18","commentOwner":"=="},{"comment":"jj想签垃圾就签，但是能不能出个拉黑作者功能？真烦","commentTime":"2022-01-01 10:38:10","commentOwner":"。"},{"comment":"哪里都有她，真无语","commentTime":"2022-01-01 10:40:28","commentOwner":"。"}]}