{"id":"4ecfa105-969c-48c9-9b26-602d9c34ae40","category":"晋江论坛→网友交流区→碧水江汀 请稍候...","postSubject":"主题：做个调查，大家觉得文案要排雷不是主角处男吗 [6] 【搜索关键词：排雷】","postUrl":"https://bbs.jjwxc.net/showmsg.php?board=17&keyword=%C5%C5%C0%D7&id=1729263","originalPost":"rt","numberOfReplies":6,"comments":[{"comment":"自从排了之后杠精少了","commentTime":"2022-01-21 19:02:47","commentOwner":"哦"},{"comment":"要","commentTime":"2022-01-21 19:03:05","commentOwner":"。"},{"comment":"要，用来让杠精闭嘴","commentTime":"2022-01-21 19:04:05","commentOwner":"咕咕咕"},{"comment":"开文就排了，但还被刷负骂过的告诉你，最好排一下","commentTime":"2022-01-21 19:07:51","commentOwner":"。"},{"comment":"真的好讨厌喜欢不处男的男主但是不标的，想吃双处党的钱，还背地里bb","commentTime":"2022-01-21 19:09:06","commentOwner":"咕咕"},{"comment":"为了少挨骂，我第一章作话里也排雷了，然后我第一章的评论区就吵起来了，好处是后面的章节都非常清净，也没人ky","commentTime":"2022-01-21 19:11:29","commentOwner":"= ="}]}