{"id":"a919151d-d5ef-4f71-aae9-bfc58aebe76f","category":"晋江论坛→网友交流区→碧水江汀 欢迎回来：53088456  退 出","postSubject":"主题：精灵黑皮白毛男主人设需要排雷吗 [16] 【搜索关键词：排雷】","postUrl":"https://bbs.jjwxc.net/showmsg.php?board=17&keyword=%C5%C5%C0%D7&id=1959387","originalPost":"写到男主出来的剧情点这几天一直在涨的收藏忽然开始掉了……我人傻了","numberOfReplies":16,"comments":[{"comment":"怎么可能……连人设外貌都排雷","commentTime":"2022-06-24 14:02:28","commentOwner":"。"},{"comment":"这么香的皮为啥有人雷？！","commentTime":"2022-06-24 14:02:56","commentOwner":"。"},{"comment":"你文案如果写了男主人设，已经隐形排雷了，进入看文的都是吃这个人设的吧","commentTime":"2022-06-24 14:03:09","commentOwner":"。"},{"comment":"你文案如果写了男主人设，已经隐形排雷了，进入看文的都是吃这个人设的吧\n№3 ☆☆☆。|75252b43于2022-06-24 14:03:09留言☆☆☆\n我没有写！！所以现在就开始怀疑人生了","commentTime":"2022-06-24 14:03:38","commentOwner":"。"},{"comment":"为啥呀，这都要排雷的话，再发展发展还有什么是不需要排雷的","commentTime":"2022-06-24 14:04:17","commentOwner":"。"},{"comment":"回一二楼两位咕，因为黑皮感觉不太算大众审美 所以……（）俺也有点懵","commentTime":"2022-06-24 14:04:40","commentOwner":"。"},{"comment":"一般这种我看着都是黑暗精灵（探头）","commentTime":"2022-06-24 14:05:12","commentOwner":"。"},{"comment":"啊？？？？？现在连这种都要排雷了吗？","commentTime":"2022-06-24 14:05:16","commentOwner":"= ="},{"comment":"不是人均白毛控的吗？黑皮不好吗？","commentTime":"2022-06-24 14:05:18","commentOwner":"= ="},{"comment":"历史引用 展开全部▼\n我没有写！！所以现在就开始怀疑人生了\n№4 ☆☆☆。|7b764506于2022-06-24 14:03:38留言☆☆☆\n那。。这。。。。（我不吃黑皮）","commentTime":"2022-06-24 14:05:44","commentOwner":"。"},{"comment":"黑皮一般会放文案啊，因为我印象里精灵都是肤白貌美大长腿","commentTime":"2022-06-24 14:08:18","commentOwner":"。"},{"comment":"不是人均白毛控的吗？黑皮不好吗？\n№9 ☆☆☆= =|394e7093于2022-06-24 14:05:18留言☆☆☆\n我白毛控，但不喜欢黑皮（）","commentTime":"2022-06-24 14:10:58","commentOwner":"。"},{"comment":"看完楼上几层猛地开始忐忑了……我现在在想要不要紧急改人设呜呜呜呜我的天 真的突然开始掉收了","commentTime":"2022-06-24 14:12:16","commentOwner":"。"},{"comment":"感觉不需要排雷吧……不过如果这个是你男主 我感觉写在文案比较好 不是为了排雷 是为了吸引同好","commentTime":"2022-06-24 14:17:27","commentOwner":"。"},{"comment":"感觉不需要排雷吧……不过如果这个是你男主 我感觉写在文案比较好 不是为了排雷 是为了吸引同好\n№14 ☆☆☆。|85e6543d于2022-06-24 14:17:27留言☆☆☆\n好的！！我去补一句 真的写这个人设的时候只顾着吸溜吸溜了完全没想到（）","commentTime":"2022-06-24 14:20:58","commentOwner":"。"},{"comment":"好香，斯哈斯哈","commentTime":"2022-06-24 14:26:01","commentOwner":"★"}]}