{"id":"c3e2ac2a-a696-4a3c-a805-6bbd12cf0040","category":"晋江论坛→网友交流区→碧水江汀 请稍候...","postSubject":"主题：如果排雷了读者还进来骂 [5] 【搜索关键词：排雷】","postUrl":"https://bbs.jjwxc.net/showmsg.php?board=17&keyword=%C5%C5%C0%D7&id=1707534","originalPost":"很难听的那种，作者可以骂回去吗","numberOfReplies":5,"comments":[{"comment":"删评 不要亲自下场","commentTime":"2022-01-06 15:24:25","commentOwner":"呜呜"},{"comment":"有时候会想，排雷到底有没有必要","commentTime":"2022-01-06 15:24:26","commentOwner":"。"},{"comment":"不要骂，压一下。但凡会在评论下这样骂的都是疯狗，沾上这样的跑都跑不掉","commentTime":"2022-01-06 15:25:10","commentOwner":"。。"},{"comment":"我都完结了好久了，还有人针对我的排雷骂。\n没办法，等这个评论过几天，他忘记的时候举报删除一条龙（忽然感觉很卑微","commentTime":"2022-01-06 15:27:12","commentOwner":"。。"},{"comment":"我都完结了好久了，还有人针对我的排雷骂。\n没办法，等这个评论过几天，他忘记的时候举报删除一条龙（忽然感觉很卑微\n№4☆☆☆。。|79974f52于2022-01-06 15:27:12留言☆☆☆\n作者真的好卑微qwq","commentTime":"2022-01-06 15:33:22","commentOwner":"= ="}]}