{"id":"c8ed5a20-2fca-4ba8-bdd3-e1f548ae1130","category":"晋江论坛→网友交流区→碧水江汀 欢迎回来：53088456  退 出","postSubject":"主题：纯读者的话会一直守在评论区排雷吗？ [31] 【搜索关键词：排雷】","postUrl":"https://bbs.jjwxc.net/showmsg.php?board=17&keyword=%C5%C5%C0%D7&id=1914219","originalPost":"。别人问他什么都能一直回复","numberOfReplies":31,"comments":[{"comment":"如果真的特别讨厌的话（）","commentTime":"2022-05-25 12:12:41","commentOwner":"。"},{"comment":"有些人很偏执的","commentTime":"2022-05-25 12:12:58","commentOwner":"。"},{"comment":"有些人会","commentTime":"2022-05-25 12:13:15","commentOwner":"。"},{"comment":"会，总有那么几个奇葩","commentTime":"2022-05-25 12:13:18","commentOwner":"。"},{"comment":"呃，参考隔壁区正xfxy的那篇？","commentTime":"2022-05-25 12:13:19","commentOwner":"= ="},{"comment":"不如说，大部分作者才没空一直耗在别人的评论区吧","commentTime":"2022-05-25 12:13:49","commentOwner":"=="},{"comment":"我有一本，有一个章节她们不满意，守了好几天，愤怒要弃文。然后这两天更新章节下面，她们又出来了，“太太快更”……","commentTime":"2022-05-25 12:14:10","commentOwner":"。"},{"comment":"纯守在哪里的是有多闲，作业太少了…","commentTime":"2022-05-25 12:19:01","commentOwner":"…"},{"comment":"正常不会\n刚刚吃饭的时候去吃了一会瓜\n是很多买到150章往后的读者弃文临走打负排雷的评论都被举报删了，\n读者区吐槽的帖子也都被举报删了\n才引起大面积反噬\n可能真的写崩了，弃文的读者比较多","commentTime":"2022-05-25 12:19:20","commentOwner":"。"},{"comment":"说实话，偏激的真的会","commentTime":"2022-05-25 12:19:29","commentOwner":"。"},{"comment":"会，被喂shi了能记很久，比如莫某还有隔壁那篇","commentTime":"2022-05-25 12:20:05","commentOwner":"。"},{"comment":"会，被喂shi了能记很久，比如莫某还有隔壁那篇\n№11 ☆☆☆。|f7498906于2022-05-25 12:20:05留言☆☆☆\n后者是淑芬反噬","commentTime":"2022-05-25 12:20:28","commentOwner":"。"},{"comment":"正常不会\n刚刚吃饭的时候去吃了一会瓜\n是很多买到150章往后的读者弃文临走打负排雷的评论都被举报删了，\n读者区吐槽的帖子也都被举报删了\n才引起大面积反噬\n可能真的写崩了，弃文的读者比较多\n№9 ☆☆☆。|6a65a57a于2022-05-25 12:19:20留言☆☆☆\n看恶心程度，不捂嘴我不会守着，但是我发啥她删啥我就能在评论区住下","commentTime":"2022-05-25 12:20:44","commentOwner":"。"},{"comment":"不如说，大部分作者才没空一直耗在别人的评论区吧\n№6 ☆☆☆==|2292632c于2022-05-25 12:13:49留言☆☆☆\n有些hyb没榜就很空闲","commentTime":"2022-05-25 12:22:07","commentOwner":"。"},{"comment":"会，被喂shi了能记很久，比如莫某还有隔壁那篇\n№11☆☆☆。|f7498906于2022-05-25 12:20:05留言☆☆☆\n她这个必须得排，太EX了","commentTime":"2022-05-25 12:24:28","commentOwner":"…"},{"comment":"纯读者发现有雷一般不都直接走吗？再不济就打一次负骂一下就江湖不相见了","commentTime":"2022-05-25 12:25:31","commentOwner":"。"},{"comment":"纯读者发现有雷一般不都直接走吗？再不济就打一次负骂一下就江湖不相见了\n№16         ☆☆☆。|d38d7635于2022-05-25 12:25:31留言        ☆☆☆\n一般来说确实是这样，但是你花钱受气留了排雷回头再一看全都没了，你气不气呀？","commentTime":"2022-05-25 12:27:00","commentOwner":"= ="},{"comment":"作者的可能性大，读者觉得不好看基本点?走人，或者骂一两句，没有利益关系，读者会为萍水相逢的一篇文这么耗精力么？","commentTime":"2022-05-25 12:27:32","commentOwner":"=="},{"comment":"只能说这种大环境大概会让这样的读者越来越多，问就是我消费了我凭什么不能排雷，看文不就图个开心吗排雷是多好的工具啊\n好坏就不评价了，每个人都有自己的需求，但是这样的人肯定会越来越多","commentTime":"2022-05-25 12:29:37","commentOwner":"。"},{"comment":"历史引用 展开全部▼\n有些hyb没榜就很空闲\n№14 ☆☆☆。|aee0b8cc于2022-05-25 12:22:07留言☆☆☆\n。","commentTime":"2022-05-25 12:29:43","commentOwner":"。"},{"comment":"作者的可能性大，读者觉得不好看基本点?走人，或者骂一两句，没有利益关系，读者会为萍水相逢的一篇文这么耗精力么？\n№18 ☆☆☆==|ad453a55于2022-05-25 12:27:32留言☆☆☆\n。","commentTime":"2022-05-25 12:30:04","commentOwner":"。"},{"comment":"就是纯读者才这么执着","commentTime":"2022-05-25 12:30:38","commentOwner":"。"},{"comment":"有些人不删他排雷评，他也天天盯着你，只要新评论把他的评论压下去，他就开始来留，天天来，一天来几趟，还是复制粘贴的一字不差hhh","commentTime":"2022-05-25 12:35:37","commentOwner":"无大语"},{"comment":"是是是，释然不是纯读者，莫rg不是纯读者，薄情不是纯读者\n讲良心不诈骗很难吗，全是“甜文”诈骗翻车的吧","commentTime":"2022-05-25 12:36:30","commentOwner":"。"},{"comment":"会，被ex到了是这样……","commentTime":"2022-05-25 12:36:31","commentOwner":"= ="},{"comment":"恨比爱持久","commentTime":"2022-05-25 12:36:52","commentOwner":"。"},{"comment":"历史引用 展开全部▼\n看恶心程度，不捂嘴我不会守着，但是我发啥她删啥我就能在评论区住下\n№13 ☆☆☆。|fe8fdf84于2022-05-25 12:20:44留言☆☆☆\n。","commentTime":"2022-05-25 12:36:56","commentOwner":"。"},{"comment":"有些人会的，特别是爱捂嘴还有人跟它吵的。","commentTime":"2022-05-25 12:39:11","commentOwner":"= ="},{"comment":"我本人是被诈骗的话会，踩雷的话，直接走人\n另外，这个贴去隔壁问或许更有效果","commentTime":"2022-05-25 12:48:43","commentOwner":"=="},{"comment":"以前作为读者的时候一般直接弃不会留评，而且也不知道评论对作者有用，只有文案不排雷，然后进去被剧毒梗到，花了钱被喂shi了才会，比如言情文男主被lj这种","commentTime":"2022-05-25 12:57:50","commentOwner":"。"},{"comment":"遇到过，真的很烦很无语","commentTime":"2022-05-25 12:59:19","commentOwner":"。"}]}