{"id":"4cf53231-6e58-4acf-91e0-e58740f76b57","category":"晋江论坛→网友交流区→碧水江汀 欢迎回来：53088456  退 出","postSubject":"主题：深夜emo，排雷评自己消失了，读者们回来说我删评 [12] 【搜索关键词：排雷】","postUrl":"https://bbs.jjwxc.net/showmsg.php?board=17&keyword=%C5%C5%C0%D7&id=1801486","originalPost":"天知道我从发文到现在一条评论都没有删过，真想哭了","numberOfReplies":12,"comments":[{"comment":"现在评论区，骂声一片说我删评控评\n我：？？？\n笑着活下去","commentTime":"2022-03-14 23:11:49","commentOwner":"，"},{"comment":"后台能看到是审核删的 说清楚就行了 发审核删的截图","commentTime":"2022-03-14 23:13:36","commentOwner":"……"},{"comment":"是在写作助手后台看吗？","commentTime":"2022-03-14 23:18:32","commentOwner":"，"},{"comment":"啊啊啊，大哥救救我，我应该怎么才能找到","commentTime":"2022-03-14 23:20:53","commentOwner":"，"},{"comment":"网页版可见","commentTime":"2022-03-14 23:21:27","commentOwner":"不明觉厉"},{"comment":"从写作助手里，把评论区截图给她","commentTime":"2022-03-14 23:21:31","commentOwner":"，"},{"comment":"从写作助手里，把评论区截图给她\n№6 ☆☆☆，|4ec31ed6于2022-03-14 23:21:31留言☆☆☆\n如果是作者删的评，会有一个“恢复”键，审核删的就没有","commentTime":"2022-03-14 23:22:01","commentOwner":"，"},{"comment":"好的好的","commentTime":"2022-03-14 23:22:52","commentOwner":"，"},{"comment":"不久之前有读者说pc读者后台也能看见的\n在“发出评论里”\n如果是作者删的会有“作者删除了你的评论”几个字","commentTime":"2022-03-14 23:24:18","commentOwner":"123"},{"comment":"而且话说回来\n评论越长越可能触发敏感词被删，我好几次也是这样","commentTime":"2022-03-14 23:25:16","commentOwner":"123"},{"comment":"之前有读者楼中楼被删了也说是我删的……","commentTime":"2022-03-14 23:26:59","commentOwner":"。。"},{"comment":"抱抱楼上","commentTime":"2022-03-14 23:38:55","commentOwner":"，"}]}