{"id":"19d64496-789b-47a6-b90c-2d860520a610","category":"晋江论坛→网友交流区→碧水江汀 请稍候...","postSubject":"主题：是什么让我在跨年前后被疯狂排雷 [4] 【搜索关键词：排雷】","postUrl":"https://bbs.jjwxc.net/showmsg.php?board=17&keyword=%C5%C5%C0%D7&id=1700283","originalPost":"是好榜吗qwq","numberOfReplies":4,"comments":[{"comment":"这盛况我还只在夹子上见过","commentTime":"2022-01-01 12:45:12","commentOwner":"。"},{"comment":"明明这段时间评论区都很和平啊我哭","commentTime":"2022-01-01 12:45:27","commentOwner":"。"},{"comment":"起飞之兆","commentTime":"2022-01-01 12:45:35","commentOwner":"。"},{"comment":"起飞之兆\n№3 ☆☆☆。|b95db7d6于2022-01-01 12:45:35留言☆☆☆\n这雷排得我要坠机了，真的不理解，排雷的读者是没看过伏笔吗","commentTime":"2022-01-01 12:46:59","commentOwner":"。"}]}