{"id":"154b3b6d-7b25-4f84-9176-140f98056a21","category":"晋江论坛→网友交流区→碧水江汀 欢迎回来：53088456  退 出","postSubject":"主题：文案排雷，作话预警，还是有打负的，emo…… [7] 【搜索关键词：排雷】","postUrl":"https://bbs.jjwxc.net/showmsg.php?board=17&keyword=%C5%C5%C0%D7&id=1858323","originalPost":"完了还要说一句，幸好没花钱","numberOfReplies":7,"comments":[{"comment":"又没赔钱，这就emo了","commentTime":"2022-04-20 13:14:39","commentOwner":"。"},{"comment":"说不定就是你排了雷才来打负的\ndbj我见过那边专找排雷的文案，进去挑刺骂人，团建","commentTime":"2022-04-20 13:15:34","commentOwner":"=="},{"comment":"说不定就是你排了雷才来打负的\ndbj我见过那边专找排雷的文案，进去挑刺骂人，团建\n№2 ☆☆☆==|d42c4dbc于2022-04-20 13:15:34留言☆☆☆\n。","commentTime":"2022-04-20 13:15:45","commentOwner":"……"},{"comment":"忘记标树洞了，我自己emo下都被不行吗","commentTime":"2022-04-20 13:16:02","commentOwner":"。"},{"comment":"这种当豿吠好了，举报违规","commentTime":"2022-04-20 13:16:27","commentOwner":"。"},{"comment":"说不定就是你排了雷才来打负的\ndbj我见过那边专找排雷的文案，进去挑刺骂人，团建\n№2 ☆☆☆==|d42c4dbc于2022-04-20 13:15:34留言☆☆☆\n真有人这么闲","commentTime":"2022-04-20 13:16:36","commentOwner":"。"},{"comment":"说不定就是你排了雷才来打负的\ndbj我见过那边专找排雷的文案，进去挑刺骂人，团建\n№2☆☆☆==|d42c4dbc于2022-04-20 13:15:34留言☆☆☆\n。","commentTime":"2022-04-20 13:19:09","commentOwner":"= ="}]}