{"id":"2ee981e1-7515-4de3-a5ee-7de1e7c76b63","category":"晋江论坛→网友交流区→碧水江汀 欢迎回来：53088456  退 出","postSubject":"主题：感谢晋江最近新出的功能，让我终于能理直气壮回怼虚假排雷的杠精:） [5] 【搜索关键词：排雷】","postUrl":"https://bbs.jjwxc.net/showmsg.php?board=17&keyword=%C5%C5%C0%D7&id=1992558","originalPost":"刚有个读者在我文下第一章评论，说我文案诈骗不是甜文，而且删评，让其他读者快跑。\n我回复了两条：\n1，是不是甜文看看每章的评论就能知道，你一个订阅率百分之零的人是怎么得出的结论？\n2，刚查阅了后台，你的评论是被管理员删除的，删除理由是说了脏话，望知悉。\n\n爽，真的爽，作者终于不用随便被泼脏水还没法辩驳了，这波必须给晋江点赞","numberOfReplies":5,"comments":[{"comment":"哈哈哈哈我看着也爽","commentTime":"2022-08-26 17:48:42","commentOwner":"你能有什么好宝贝"},{"comment":"哈哈哈","commentTime":"2022-08-26 17:54:07","commentOwner":"黎黎呀"},{"comment":"爽死了！公开处刑（订阅率）","commentTime":"2022-08-26 17:54:27","commentOwner":"黎黎呀"},{"comment":"我想知道小作文排雷的人是不是有毛病，文都没看完就开始长篇大论","commentTime":"2022-08-26 18:35:05","commentOwner":"云雾红茶"},{"comment":"记得截图零订阅，免得她回头给订阅了顶着百分百泛来陷害你，真的有这种人","commentTime":"2022-08-26 19:04:07","commentOwner":"月薪十万"}]}