{"id":"7c5a1e0f-ef64-4627-a1f8-74ebddb53bf6","category":"晋江论坛→网友交流区→碧水江汀 请稍候...","postSubject":"主题：有个读者因为我的破折号“——”排雷避雷…… [95] 【搜索关键词：排雷】","postUrl":"https://bbs.jjwxc.net/showmsg.php?board=17&keyword=%C5%C5%C0%D7&id=1648551","originalPost":"她说破折号全应该是这样用的。\n\n例子：那女人平日就有一种孤芳自赏、落落难合的神情——大宴会上没人敷衍的来宾或喜酒席上过时未嫁的少女所常有的神情——此刻更流露出嫌恶，黑眼镜也遮盖不了。（她没有举这这个例子，但她是这个意思）\n\n可我看其他书的时候，就是名著和网文都有，作者写破折号的时候，也有转折的意思啊，就比如说着话的时候，从一件事情突然转到另一件事情上。\n\n例子1：你这淘气的孩子，去跟苏小姐捣乱！快回来。——苏小姐，你真用功！学问那么好，还成天看书。\n例子2：像我们白来了外国一次，没读过半句书，一辈子做管家婆子，在国内念的书，生小孩儿全忘了——吓！死讨厌！我叫你别去，你不干好事，准弄脏了苏小姐的衣服。\n\n而我的用法上面两种都有，但平常转折的意思比较多，不止在对话里。她说我破折号又多又错，注意避雷。\n\n我现在就有一点怀疑……我破折号是真的用错了嘛？（捂脸）","numberOfReplies":95,"comments":[{"comment":"她说破折号全应该是这样用的。\n例子：那女人平日就有一种孤芳自赏、落落难合的神情——大宴会上没人敷衍的来宾或喜酒席上过时未嫁的少女所常有的神情——此刻更流露出嫌恶，黑眼镜也遮盖不了。（她没有举这这个例子，但她是这个意思）\n可我看其他书的时候，就是名著和网文都有，作者写破折号的时候，也有转折的意思啊，就比如说着话的时候，从一件事情突然转到另一件事情上。\n例子1：你这淘气的孩子，去跟苏小姐捣乱！快回来。——苏小姐，你真用功！学问那么好，还成天看书。\n例子2：像我们白来了外国一次，没读过半句书，一辈子做管家婆子，在国内念的书，生小孩儿全忘了——吓！死讨厌！我叫你别去，你不干好事，准弄脏了苏小姐的衣服。\n而我的用法上面两种都有，但平常转折的意思比较多，不止在对话里。她说我破折号又多又错，注意避雷。\n我现在就有一点怀疑……我破折号是真的用错了嘛？（捂脸）\n№0 ☆☆☆。|b9cf2e7f于2021-11-23 20:07:21留言☆☆☆\nFPB","commentTime":"2021-11-23 20:07:30","commentOwner":"。"},{"comment":"我就喜欢用——代替……","commentTime":"2021-11-23 20:07:55","commentOwner":"哈哈"},{"comment":"两个破折号在一起有补充说明的作用。不过单个破折号的作用也很多","commentTime":"2021-11-23 20:08:13","commentOwner":"= ="},{"comment":"用多了就很奇怪","commentTime":"2021-11-23 20:08:18","commentOwner":"。"},{"comment":"我就喜欢用——代替……\n№2 ☆☆☆哈哈|46c43dcc于2021-11-23 20:07:55留言☆☆☆\n我就是单纯喜欢，不管用的对不对（逃走）","commentTime":"2021-11-23 20:08:28","commentOwner":"哈哈"},{"comment":"啊这，读者是语文老师？一般也没人注意这吧","commentTime":"2021-11-23 20:08:28","commentOwner":"社死咕"},{"comment":"我不会突然转\n但破折号的用法我属实没有思考过\n蹲一下","commentTime":"2021-11-23 20:08:30","commentOwner":""},{"comment":"srds破折号少用点","commentTime":"2021-11-23 20:08:34","commentOwner":"——"},{"comment":"看文里有多少吧，偶尔用用还行，一章里全是还要为这付费有点隔应（老规矩顶好锅盖）","commentTime":"2021-11-23 20:08:38","commentOwner":"。。"},{"comment":"没用错……破折号用法很多","commentTime":"2021-11-23 20:08:40","commentOwner":"。"},{"comment":"用多了看起来其实也怪怪的，和句号用太多是一个道理。","commentTime":"2021-11-23 20:08:49","commentOwner":"=="},{"comment":"破折号都要排雷了吗？（震惊！）","commentTime":"2021-11-23 20:08:57","commentOwner":"绝世欧皇天下无双"},{"comment":"我也喜欢破折号","commentTime":"2021-11-23 20:09:16","commentOwner":"。"},{"comment":"用多了就很奇怪\n№4 ☆☆☆。|1bbb8cf1于2021-11-23 20:08:18留言☆☆☆\n没有很多。不可能是满篇都是那种，五六千字或者七八千字两三个？","commentTime":"2021-11-23 20:09:17","commentOwner":"。"},{"comment":"——在我这里只有解释说明的作用。\n他是那个将军——王二","commentTime":"2021-11-23 20:09:34","commentOwner":"。"},{"comment":"历史引用 展开全部▼\n没有很多。不可能是满篇都是那种，五六千字或者七八千字两三个？\n№14 ☆☆☆。|b9cf2e7f于2021-11-23 20:09:17留言☆☆☆\n因为我确实要转场景，我又不想用旁白解释场景转了","commentTime":"2021-11-23 20:10:03","commentOwner":"。"},{"comment":"用太多不行把\n我因为用太多“！”也被避雷了\n后来发现用多了真不行","commentTime":"2021-11-23 20:10:08","commentOwner":"。"},{"comment":"汉语言咕不请自来，主楼用法是对的。\n破折号的用法包括：转折、说明、顺承和声音的延长。\n用多了感官确实不好，但也不妨碍外国文学作者十分爱用呢…","commentTime":"2021-11-23 20:10:59","commentOwner":"咕咕"},{"comment":"她说破折号全应该是这样用的。\n例子：那女人平日就有一种孤芳自赏、落落难合的神情——大宴会上没人敷衍的来宾或喜酒席上过时未嫁的少女所常有的神情——此刻更流露出嫌恶，黑眼镜也遮盖不了。（她没有举这这个例子，但她是这个意思）\n可我看其他书的时候，就是名著和网文都有，作者写破折号的时候，也有转折的意思啊，就比如说着话的时候，从一件事情突然转到另一件事情上。\n例子1：你这淘气的孩子，去跟苏小姐捣乱！快回来。——苏小姐，你真用功！学问那么好，还成天看书。\n例子2：像我们白来了外国一次，没读过半句书，一辈子做管家婆子，在国内念的书，生小孩儿全忘了——吓！死讨厌！我叫你别去，你不干好事，准弄脏了苏小姐的衣服。\n而我的用法上面两种都有，但平常转折的意思比较多，不止在对话里。她说我破折号又多又错，注意避雷。\n我现在就有一点怀疑……我破折号是真的用错了嘛？（捂脸）\n№0 ☆☆☆。|b9cf2e7f于2021-11-23 20:07:21留言☆☆☆\n加一句，我五六千字用两三个那样","commentTime":"2021-11-23 20:11:07","commentOwner":"。"},{"comment":"汉语言咕不请自来，主楼用法是对的。\n破折号的用法包括：转折、说明、顺承和声音的延长。\n用多了感官确实不好，但也不妨碍外国文学作者十分爱用呢…\n№18 ☆☆☆咕咕|b2257011于2021-11-23 20:10:59留言☆☆☆\n啊咕咕，你说的这几种我都用过，根据当时的场景不同（捂脸），然后她信誓旦旦地给我避雷，把我说懵了","commentTime":"2021-11-23 20:11:54","commentOwner":"。"},{"comment":"两个破折号插入中间一段是解释说明的作用。\n说有问题的，自己语文才不好吧。\n再说爱用破折号碍着谁了，又不是每段都用。","commentTime":"2021-11-23 20:11:57","commentOwner":"。"},{"comment":"太多不好，我以前很喜欢用——，但一页太多了的确影响阅读体验，然后写角色对话喜欢支吾，于是现在“……”太多的毛病还改不掉orz","commentTime":"2021-11-23 20:12:48","commentOwner":"。"},{"comment":"太多不好，我以前很喜欢用——，但一页太多了的确影响阅读体验，然后写角色对话喜欢支吾，于是现在“……”太多的毛病还改不掉orz\n№22 ☆☆☆。|b686845e于2021-11-23 20:12:48留言☆☆☆\n啊我应该在主楼里加上我一章里五六千字，也就两三个，所以我觉得不多吧，我省略号也有好几个啊（捂脸）","commentTime":"2021-11-23 20:13:47","commentOwner":"。"},{"comment":"我也喜欢用这个","commentTime":"2021-11-23 20:14:29","commentOwner":"。"},{"comment":"转折、解释说明都可以用啊，让她去查字典别哔哔。","commentTime":"2021-11-23 20:14:38","commentOwner":"＝＝"},{"comment":"众所周知以前小学做题，阅读理解题里面通常会有四句话，每句里面破折号的用法都不一样，让你选。有表转折，表补充说明，没有任何含义，还有个啥来着。这人说你用的不对，真的不是什么九漏鱼吗？","commentTime":"2021-11-23 20:17:04","commentOwner":"小铁蛋"},{"comment":"转折、解释说明都可以用啊，让她去查字典别哔哔。\n№25 ☆☆☆＝＝|a4fb1916于2021-11-23 20:14:38留言☆☆☆\n她说她最近就在学这个，专业的（沧桑）","commentTime":"2021-11-23 20:17:20","commentOwner":"。"},{"comment":"破折号作用：\n1.解释说明，补充说明\n2.话题转换\n3.声音延长\n4.事项列举各项之前\n属于是刻进DNA里了","commentTime":"2021-11-23 20:18:23","commentOwner":"我，小天使，打钱"},{"comment":"百度过怎么用，但用的时候不一定正确。不过我喜欢用","commentTime":"2021-11-23 20:27:49","commentOwner":"。。"},{"comment":"——在我这里只有解释说明的作用。\n他是那个将军——王二\n№15☆☆☆。|c69a5ab4于2021-11-23 20:09:34留言☆☆☆\n我也是","commentTime":"2021-11-23 20:44:05","commentOwner":"。"},{"comment":"额\n你得把你自己的用法贴上来才能判断她说你有没有说错","commentTime":"2021-11-23 20:52:56","commentOwner":"。"},{"comment":"一章内出现两个我都会觉得多，这个符合最好少用，因为它和别的符号不一样，太让人有记忆点","commentTime":"2021-11-23 20:55:26","commentOwner":"……"},{"comment":"我喜欢在情绪转折的时候用","commentTime":"2021-11-23 20:55:27","commentOwner":"。"},{"comment":"历史引用 展开全部▼\n我也是\n№30☆☆☆。|3f4938f6于2021-11-23 20:44:05留言☆☆☆\n只有解释说明，还有我用在声音延长","commentTime":"2021-11-23 20:57:37","commentOwner":"。"},{"comment":"声音的停顿或者很果断的时候我用破折号，犹犹豫豫的延长我用省略号。","commentTime":"2021-11-23 21:00:39","commentOwner":"。"},{"comment":"额\n你得把你自己的用法贴上来才能判断她说你有没有说错\n№31 ☆☆☆。|c13562ee于2021-11-23 20:52:56留言☆☆☆\n看30楼，我就是那种咕咕的用法，解释前面的，人名或者一个很简单的事情、设定。以及人震惊的时候，会“啊啊啊啊啊——”，延长作用。","commentTime":"2021-11-23 21:03:06","commentOwner":"。"},{"comment":"找了一些文里的。\n(显示全部)","commentTime":"2021-11-23 21:08:44","commentOwner":"。"},{"comment":"两个破折号之间的部分是解释说明，第一个破折号前和第二个破折号后的内容是连在一起的，就是中间插入一段说明然后继续说，像是插叙\n这种用法是对的","commentTime":"2021-11-23 21:11:43","commentOwner":"。"},{"comment":"两个破折号之间的部分是解释说明，第一个破折号前和第二个破折号后的内容是连在一起的，就是中间插入一段说明然后继续说，像是插叙\n这种用法是对的\n№38 ☆☆☆。|101a65a9于2021-11-23 21:11:43留言☆☆☆\n噢，没看清主楼，破折号单独用也是对的，解释说明或者转折，声音延长，都可以，两种用法都是对的啊","commentTime":"2021-11-23 21:13:46","commentOwner":"。"},{"comment":"我喜欢用破折号，给人一种延迟的感觉或者转场","commentTime":"2021-11-23 21:14:16","commentOwner":"。"},{"comment":"我觉得可能重点不是你用错了。而是用太多了？\n破折号这种一个两个真的没人注意，可能用太多被吸引了注意力","commentTime":"2021-11-23 21:16:03","commentOwner":"= ="},{"comment":"我觉得可能重点不是你用错了。而是用太多了？\n破折号这种一个两个真的没人注意，可能用太多被吸引了注意力\n№41 ☆☆☆= =|973285d6于2021-11-23 21:16:03留言☆☆☆\n没有啊，她一再强调“我都怀疑作者根本不会用破折号”，还说看得我反应不过来，好累。最后又说，注意避雷\n以上才是重点，所以我才来问问，因为我被她说的确实在怀疑自己是不是用错了（沧桑）","commentTime":"2021-11-23 21:24:38","commentOwner":"。"},{"comment":"而且破折号如果用法没错误的话，为什么还要特意限制它？毕竟也没有刻意去用，只是那个场景确实合适，所以才用。","commentTime":"2021-11-23 21:26:10","commentOwner":"。"},{"comment":"我特别喜欢破折号。\n补充说明，转折。很多用法。虽然有时候可以用，代替但我更喜欢破折号。可能是说明文看多了","commentTime":"2021-11-23 21:26:56","commentOwner":"=="},{"comment":"明确一点，楼主被排雷是因为读者觉得她用错了\n而不是读者觉得她用的太多了，讨论多不多没什么用","commentTime":"2021-11-23 21:29:27","commentOwner":"= ="},{"comment":"特别喜欢用+1\n特意查了下自己发现一章居然十多个orz\n不过我一段里不会连用两个破折号，会用省略号替换一个\n然后数了下自己的省略号，好家伙是破折号的两倍，写的时候完全没感觉啊（吸气","commentTime":"2021-11-23 21:40:10","commentOwner":"。"},{"comment":"我不是说特别喜欢，我就觉得到了实在不想用旁白写一句两句话解释的场景，就直接——解释、转场之类的，干净利落。\n而且我也没有刻意用（捂脸）","commentTime":"2021-11-23 21:46:31","commentOwner":"。"},{"comment":"我一般用的时候是\n此人正是某某公司副总——xxx\n也不知道对不对","commentTime":"2021-11-23 21:48:13","commentOwner":"= ="},{"comment":"我一般用的时候是\n此人正是某某公司副总——xxx\n也不知道对不对\n№48 ☆☆☆= =|f68754ba于2021-11-23 21:48:13留言☆☆☆\n是对的。","commentTime":"2021-11-23 21:48:31","commentOwner":"。"},{"comment":"历史引用 展开全部▼\n是对的。\n№49 ☆☆☆。|0c5a4391于2021-11-23 21:48:31留言☆☆☆\n好的！","commentTime":"2021-11-23 21:49:40","commentOwner":"= ="},{"comment":"完蛋了我也爱用破折号。。","commentTime":"2021-11-23 21:55:51","commentOwner":"咕噜咕噜哇"},{"comment":"完蛋了我也爱用破折号。。\n№51 ☆☆☆咕噜咕噜哇|b6b25d2d于2021-11-23 21:55:51留言☆☆☆\n完蛋啥呀，她是嫌我用错了。但她现在改口了，说去搜了百度，说她说的不准确（我直接微笑），又说她不是专业的，还说那为啥我一次要用两个破折号，我寻思着——这玩意儿不就一个破折号吗？后来再一看，她把破折号从中间隔开了俩，我一个大无语，现在就很生气（再次微笑）","commentTime":"2021-11-23 21:58:51","commentOwner":"。"},{"comment":"用多了是看的累点，但这都排雷也过分了吧","commentTime":"2021-11-23 21:59:15","commentOwner":"。"},{"comment":"用多了是看的累点，但这都排雷也过分了吧\n№53 ☆☆☆。|c0eb01c2于2021-11-23 21:59:15留言☆☆☆\n爬楼，跟多没关系，我用的也不多。","commentTime":"2021-11-23 21:59:58","commentOwner":"。"},{"comment":"找了一些文里的。\n№37 ☆☆☆。|b9cf2e7f于2021-11-23 21:08:44留言☆☆☆\n(显示全部)\n第三个外国文学里面经常用\n正常文还是别用了吧，除非用来强调，一般出破折号都会仔细读的","commentTime":"2021-11-23 22:01:16","commentOwner":"= ="},{"comment":"——在我这里只有解释说明的作用。\n他是那个将军——王二\n№15 ☆☆☆。|c69a5ab4于2021-11-23 20:09:34留言☆☆☆\n。","commentTime":"2021-11-23 22:02:29","commentOwner":"一只小甜圈"},{"comment":"历史引用 展开全部▼\n第三个外国文学里面经常用\n正常文还是别用了吧，除非用来强调，一般出破折号都会仔细读的\n№55 ☆☆☆= =|b993155e于2021-11-23 22:01:16留言☆☆☆\n第三个这个，仿佛回到了考研英语阅读","commentTime":"2021-11-23 22:03:26","commentOwner":"= ="},{"comment":"直播弹幕我用这个，知道不是破折号正统用法，但这个好阅读","commentTime":"2021-11-23 22:05:48","commentOwner":"=="},{"comment":"历史引用 展开全部▼\n第三个外国文学里面经常用\n正常文还是别用了吧，除非用来强调，一般出破折号都会仔细读的\n№55 ☆☆☆= =|b993155e于2021-11-23 22:01:16留言☆☆☆\n可主楼里的第一个例子也是解释说明的意思啊。毕竟每个人写文不一样嘛，但因为这个被信誓旦旦地排雷，心情真的很不好（捂脸）","commentTime":"2021-11-23 22:05:57","commentOwner":"。"},{"comment":"虽然是有很多用法不错，但这个符号除了分隔符之外用多了观感很不好，就楼主自己贴的那几张图在我看来都是属于用多了，很打断情绪，完全就没必要那么用","commentTime":"2021-11-23 22:06:18","commentOwner":"——"},{"comment":"虽然是有很多用法不错，但这个符号除了分隔符之外用多了观感很不好，就楼主自己贴的那几张图在我看来都是属于用多了，很打断情绪，完全就没必要那么用\n№60 ☆☆☆——|f336988e于2021-11-23 22:06:18留言☆☆☆\n……啊，这有啥打断情绪的？那些内容又不是一章里的，只是每一章的某个，我找到截了几个贴出来，破折号后面也只是解释，这也能被打断情绪？","commentTime":"2021-11-23 22:09:46","commentOwner":"。"},{"comment":"破折号除了转折，拖长主角说话声音的时候，也会用……\n啊！这是短促的叫声\n啊——！这是拖长的叫声","commentTime":"2021-11-23 22:10:16","commentOwner":"…"},{"comment":"破折号除了转折，拖长主角说话声音的时候，也会用……\n啊！这是短促的叫声\n啊——！这是拖长的叫声\n№62 ☆☆☆…|d69df3b9于2021-11-23 22:10:16留言☆☆☆\n对，其中一个用法我也这样用。（轻轻）","commentTime":"2021-11-23 22:10:55","commentOwner":"。"},{"comment":"主楼是没错的","commentTime":"2021-11-23 22:26:15","commentOwner":"。"},{"comment":"破折号解释说明的作用，有时候很方便啊，为什么排雷。","commentTime":"2021-11-23 22:28:54","commentOwner":"……"},{"comment":"虽然是有很多用法不错，但这个符号除了分隔符之外用多了观感很不好，就楼主自己贴的那几张图在我看来都是属于用多了，很打断情绪，完全就没必要那么用\n№60 ☆☆☆——|f336988e于2021-11-23 22:06:18留言☆☆☆\n破折号的真正作用可不是分隔符，虽然每个作者写文不一样，但他的主要作用就是楼里说的这些。\n光有解释说明就能打断情绪了？那这情绪也太好打断了","commentTime":"2021-11-23 22:30:17","commentOwner":"。"},{"comment":"破折号解释说明的作用，有时候很方便啊，为什么排雷。\n№65 ☆☆☆……|d67fb25f于2021-11-23 22:28:54留言☆☆☆\n她非说我用错了不会用，让我好好学学，所以排雷（捂脸）","commentTime":"2021-11-23 22:31:00","commentOwner":"。"},{"comment":"随便你吧，反正我真喜欢一篇文时，也不至于因此不看","commentTime":"2021-11-23 22:33:27","commentOwner":"提醒我不回复任何人"},{"comment":"我就喜欢声音延长用——","commentTime":"2021-11-23 22:33:55","commentOwner":"。"},{"comment":"虽然我不用，但用不用不是全凭作者乐意嘛","commentTime":"2021-11-23 22:35:31","commentOwner":"。"},{"comment":"破折号，可表声音延长，表表解释说明，表话题转折，表分类列举等等，不止一个用法。楼主用的没有问题","commentTime":"2021-11-23 22:39:04","commentOwner":"。。"},{"comment":"两个破折号插入中间一段是解释说明的作用。\n说有问题的，自己语文才不好吧。\n再说爱用破折号碍着谁了，又不是每段都用。\n№21 ☆☆☆。|dd4c431a于2021-11-23 20:11:57留言☆☆☆\n排","commentTime":"2021-11-24 02:56:25","commentOwner":"油炸糖衣"},{"comment":"用，没问题，是不是频次太高了，我一本书十个手指头能数过来","commentTime":"2021-11-24 03:04:39","commentOwner":"……"},{"comment":"我突然发现我居然从来没用过！","commentTime":"2021-11-24 03:05:40","commentOwner":"=="},{"comment":"破折号多了会让我觉得在看外文翻译过来的书，或者比较二次元咯噔咯噔的那种","commentTime":"2021-11-24 03:08:34","commentOwner":"= ="},{"comment":"综英美人用得真的挺多的 习惯了","commentTime":"2021-11-24 03:10:48","commentOwner":"。"},{"comment":"啊——！","commentTime":"2021-11-24 03:50:15","commentOwner":"。"},{"comment":"历史引用 展开全部▼\n……啊，这有啥打断情绪的？那些内容又不是一章里的，只是每一章的某个，我找到截了几个贴出来，破折号后面也只是解释，这也能被打断情绪？\n№61 ☆☆☆。|b9cf2e7f??于2021-11-23 22:09:46留言☆☆☆\n仅代表自己，楼主贴的图我也看得有点不自然，不过楼主自己写得自然，其他读者也没有表示不适，楼主又不喜欢这个读者的避雷，那其实也无所谓了","commentTime":"2021-11-24 04:11:46","commentOwner":"= ="},{"comment":"破折号都要排雷了吗？（震惊！）\n№12 ☆☆☆绝世欧皇天下无双|8855afcc于2021-11-23 20:08:57留言☆☆☆\n。","commentTime":"2021-11-24 04:42:20","commentOwner":"。。。"},{"comment":"主楼的用法都是对的。\n不过一般来说，两个破折号一起用的场景体感比单独用破折号的少。\n这个读者多少有点——\n以及楼主你不怕那个读者看到了，给你负分吗，感觉这种斤斤计较的读者多少有点极端。","commentTime":"2021-11-24 04:47:34","commentOwner":"。。。"},{"comment":"虽然是有很多用法不错，但这个符号除了分隔符之外用多了观感很不好，就楼主自己贴的那几张图在我看来都是属于用多了，很打断情绪，完全就没必要那么用\n№60 ☆☆☆——|f336988e于2021-11-23 22:06:18留言☆☆☆\n用多了和用错了是两个概念。\n你觉得用多了是个人阅读习惯，但语法上楼主没用错。","commentTime":"2021-11-24 04:48:55","commentOwner":"。。。"},{"comment":"没用错，她排错了","commentTime":"2021-11-24 04:50:36","commentOwner":"。"},{"comment":"这也排雷？？？天底下的雷也太多了！","commentTime":"2021-11-24 05:30:58","commentOwner":"。"},{"comment":"用这么多？\n是我看到会弃文的程度，会把文归为腊鸡那类","commentTime":"2021-11-24 05:52:39","commentOwner":"=="},{"comment":"楼楼的用法没有错。\n\n但是楼楼贴出来的正文例子，就……我看到这种可能会弃文。","commentTime":"2021-11-24 05:54:35","commentOwner":"今天喝七杯水了吗"},{"comment":"综英美写习惯了，两三段一个破折号\n慌，这个也能劝退？","commentTime":"2021-11-24 05:56:44","commentOwner":"。"},{"comment":"楼主的用法确实没有错，但我第一眼看过去也觉得有些难受，说不上为什么。\n仔细又读了两遍，觉得是波折号后的句子念起来节奏不畅快。虽然是默念，仍令人觉得有些断气，可能是句子太长，不明快。楼主在破折号前也是长句，而破折号读来会让人忍不住屏息、准备深入和递进，一口气读下来就会觉得这句子闷、不透气（如果文章更长、字数更多，这个感觉会更明显）。\n比如举例\n【你这淘气的孩子，去跟苏小姐捣乱！快回来。——苏小姐，你真用功！学问那么好，还成天看书。】\n如果是作\n【你这淘气、顽皮、不学好的孩子怎么只会为苏小姐捣乱添麻烦！——苏小姐学问好人又美还成天这么用功读书，孙先生才总会说女学生像苏小姐才算争面子。】\n读起来就会觉得拖沓。\n改得稍微夸大了些，楼主的句子没有这么严重，但这样大概能更明显一点。个人浅见，长短句、长短词、停顿处、平仄读音共同构成一句话的韵律，每个因素都会影响到阅读体验。\n【那女人平日就有一种孤芳自赏、落落难合的神情——大宴会上没人敷衍的来宾或喜酒席上过时未嫁的少女所常有的神情——此刻更流露出嫌恶，黑眼镜也遮盖不了。】\n按照我的节奏习惯的话，大概：\n【那女人便是平日，也有种孤芳自赏、落落难合的神情——像宴会上无人敷衍的来宾，或酒席中过时未嫁的少女——此刻更嫌恶得一目了然，连黑眼镜也遮盖不了了。】\n当然这是很主观的习惯，我并不确定这样会不会好一点。楼主自己写的文字，自己读起来肯定也是觉得通顺的，不然就不会这么写了。有更好的修改意见希望也可以发出来看看，能看到不同的人对同一句话的处理方式一定非常有用，我就继续蹲着了！","commentTime":"2021-11-24 07:08:26","commentOwner":"对K儿"},{"comment":"楼主的用法确实没有错，但我第一眼看过去也觉得有些难受，说不上为什么。\n仔细又读了两遍，觉得是波折号后的句子念起来节奏不畅快。虽然是默念，仍令人觉得有些断气，可能是句子太长，不明快。楼主在破折号前也是长句，而破折号读来会让人忍不住屏息、准备深入和递进，一口气读下来就会觉得这句子闷、不透气（如果文章更长、字数更多，这个感觉会更明显）。\n比如举例\n【你这淘气的孩子，去跟苏小姐捣乱！快回来。——苏小姐，你真用功！学问那么好，还成天看书。】\n如果是作\n【你这淘气、顽皮、不学好的孩子怎么只会为苏小姐捣乱添麻烦！——苏小姐学问好人又美还成天这么用功读书，孙先生才总会说女学生像苏小姐才算争面子。】\n读起来就会觉得拖沓。\n改得稍微夸大了些，楼主的句子没有这么严重，但这样大概能更明显一点。个人浅见，长短句、长短词、停顿处、平仄读音共同构成一句话的韵律，每个因素都会影响到阅读体验。\n【那女人平日就有一种孤芳自赏、落落难合的神情——大宴会上没人敷衍的来宾或喜酒席上过时未嫁的少女所常有的神情——此刻更流露出嫌恶，黑眼镜也遮盖不了。】\n按照我的节奏习惯的话，大概：\n【那女人便是平日，也有种孤芳自赏、落落难合的神情——像宴会上无人敷衍的来宾，或酒席中过时未嫁的少女——此刻更嫌恶得一目了然，连黑眼镜也遮盖不了了。】\n当然这是很主观的习惯，我并不确定这样会不会好一点。楼主自己写的文字，自己读起来肯定也是觉得通顺的，不然就不会这么写了。有更好的修改意见希望也可以发出来看看，能看到不同的人对同一句话的处理方式一定非常有用，我就继续蹲着了！\n№87 ☆☆☆对K儿|49861ee3于2021-11-24 07:08:26留言☆☆☆\n主楼里的句子是《围城》里的，我可写不出钱钟书那样的作品（捂脸）","commentTime":"2021-11-24 07:35:59","commentOwner":"我总得升个星吧"},{"comment":"我记得破折号好几个用法的","commentTime":"2021-11-24 07:36:51","commentOwner":"。"},{"comment":"历史引用 展开全部▼\n仅代表自己，楼主贴的图我也看得有点不自然，不过楼主自己写得自然，其他读者也没有表示不适，楼主又不喜欢这个读者的避雷，那其实也无所谓了\n№78 ☆☆☆= =|08ebaa02于2021-11-24 04:11:46留言☆☆☆\n你明明没有用错，对方却明着说你错了你开心嘛（沧桑），哪怕避雷我用多我也认，以后改，就揪住我错了是为何（笑哭）","commentTime":"2021-11-24 07:37:19","commentOwner":"。"},{"comment":"主楼的用法都是对的。\n不过一般来说，两个破折号一起用的场景体感比单独用破折号的少。\n这个读者多少有点——\n以及楼主你不怕那个读者看到了，给你负分吗，感觉这种斤斤计较的读者多少有点极端。\n№80 ☆☆☆。。。|6223890c于2021-11-24 04:47:34留言☆☆☆\n！啊……那别顶贴了，求求让贴沉了吧，我知道自己没用错就行了，感激不尽，祝各位咕咕本本金榜，别顶帖辽。\n咕咕们版权影视一条龙！","commentTime":"2021-11-24 07:39:04","commentOwner":"。"},{"comment":"摘自百度百科：\n1.表示解释说明。\n2.表示语音的延长。\n3.表示意思的转换，跳跃或转折。\n4.表示插说。\n5.加强重点。\n6.分行举例。\n7.用在副标题前。\n8.标明作者。\n9.补充说明。\n10.引出下文。\n11.表示意思的递进。\n12.表示总结上文。\n13.表示话未说完。","commentTime":"2021-11-24 07:39:49","commentOwner":"。"},{"comment":"破折号的用处可以拉长语气，解释说明，表示转折。从语文上来说没错，可能是不喜欢用这么多，不太好看吧","commentTime":"2021-11-24 07:42:05","commentOwner":"哈啊阿爸"},{"comment":"啊，爬楼吧，没有用太多，主楼里的正文是好几章里的，不是一起的，重点是对方说用错了。\n各位咕咕别顶帖了，让帖沉了吧，感激不尽，版权影视一条龙啊！","commentTime":"2021-11-24 07:44:18","commentOwner":"。"},{"comment":"不顶帖的咕咕都会金榜常驻！影视版权拿手软！\n嘿，沉帖——","commentTime":"2021-11-24 07:45:24","commentOwner":"。"}]}