{"id":"5cb70eac-3f06-49c9-a77a-c80856d51b9b","category":"晋江论坛→网友交流区→碧水江汀 欢迎回来：53088456  退 出","postSubject":"主题：【吐槽】简介第一行就是排雷还非要点进来然后指指点点的就是XX好吧 [1] 【搜索关键词：排雷】","postUrl":"https://bbs.jjwxc.net/showmsg.php?board=17&keyword=%C5%C5%C0%D7&id=1913878","originalPost":"无语","numberOfReplies":1,"comments":[{"comment":"你猜我为啥排雷？\n第一排重复三遍都看不见。\n啧。","commentTime":"2022-05-25 03:23:41","commentOwner":"=="}]}