{"id":"d03e0f54-7952-4e02-90bc-3aca9ac1cbe6","category":"晋江论坛→网友交流区→碧水江汀 欢迎回来：53088456  退 出","postSubject":"主题：问问，写的普通言情，如果被读者看出我是男主的受腐唯，会被排雷吗 [181] 【搜索关键词：排雷】","postUrl":"https://bbs.jjwxc.net/showmsg.php?board=17&keyword=%C5%C5%C0%D7&id=1872207","originalPost":"rt","numberOfReplies":180,"comments":[{"comment":"就算你是，你不故意写，怎么被看出来。\n如果你写文还要揣着明白装糊涂，故意去让读者难受，那你被排雷我一点不同情你","commentTime":"2022-04-28 19:13:20","commentOwner":"。。"},{"comment":"…何必呢","commentTime":"2022-04-28 19:13:38","commentOwner":"。"},{"comment":"就算你是，你不故意写，怎么被看出来。\n如果你写文还要揣着明白装糊涂，故意去让读者难受，那你被排雷我一点不同情你\n№1 ☆☆☆。。|fc945be8于2022-04-28 19:13:20留言☆☆☆\n。","commentTime":"2022-04-28 19:13:40","commentOwner":"。"},{"comment":"如果我是读者，我会气死，谁会看同妻和gay的绝美爱情？？？","commentTime":"2022-04-28 19:14:01","commentOwner":"。"},{"comment":"等等，受腐唯是什么","commentTime":"2022-04-28 19:14:20","commentOwner":"。"},{"comment":"看标题都会心梗的程度，好yue啊","commentTime":"2022-04-28 19:14:27","commentOwner":"。"},{"comment":"我会骂你……","commentTime":"2022-04-28 19:14:31","commentOwner":"。"},{"comment":"。","commentTime":"2022-04-28 19:14:37","commentOwner":"无语了真的"},{"comment":"……………………？","commentTime":"2022-04-28 19:14:41","commentOwner":"。"},{"comment":"如果我是读者，我会气死，谁会看同妻和gay的绝美爱情？？？\n№4 ☆☆☆。|eafaf905于2022-04-28 19:14:01留言☆☆☆\n不是gay啊，纯直男，只是我对他是受腐唯心态","commentTime":"2022-04-28 19:14:59","commentOwner":"= ="},{"comment":"我在这里就想骂你……写耽美多好啊，没准起飞","commentTime":"2022-04-28 19:15:00","commentOwner":"=="},{"comment":"……这都能被看出来你写什么了，我觉得首先被排雷的可能不是你的属性而是剧情","commentTime":"2022-04-28 19:15:03","commentOwner":"= ="},{"comment":"看不懂？言情跟受腐唯有啥关系？","commentTime":"2022-04-28 19:15:06","commentOwner":"。"},{"comment":"我不理解为什么你是男主的受抚慰？？你干嘛要写言情啊？？写可以，被骂活该","commentTime":"2022-04-28 19:15:22","commentOwner":"。"},{"comment":"留个名字，让我避雷","commentTime":"2022-04-28 19:15:23","commentOwner":"布谷不咕"},{"comment":"言情……受腐唯……这是能放到一起的吗……","commentTime":"2022-04-28 19:15:25","commentOwner":"(⊙o⊙)"},{"comment":"？为什么要祸害言情","commentTime":"2022-04-28 19:15:38","commentOwner":"。"},{"comment":"那你写耽啊……","commentTime":"2022-04-28 19:15:50","commentOwner":"。。"},{"comment":"等等，受腐唯是什么\n№5 ☆☆☆。|0ac190c3于2022-04-28 19:14:20留言☆☆☆\n受梦女，自己带入攻，喊受老婆，想对他酱酱酿酿，我偶尔也会，但是主楼真的让人好难受","commentTime":"2022-04-28 19:15:52","commentOwner":"。"},{"comment":"……那为什么不写耽啊","commentTime":"2022-04-28 19:16:22","commentOwner":"。"},{"comment":"是gb女A男O吗？那我还能接受","commentTime":"2022-04-28 19:16:26","commentOwner":"。"},{"comment":"历史引用 展开全部▼\n受梦女，自己带入攻，喊受老婆，想对他酱酱酿酿，我偶尔也会，但是主楼真的让人好难受\n№20 ☆☆☆。|4d588f61于2022-04-28 19:15:52留言☆☆☆\n哦哦！谢谢咕咕解答，比个大心！","commentTime":"2022-04-28 19:16:32","commentOwner":"。"},{"comment":"真服气，喜欢耽美就去搞耽美去言情频道干什么？\n每次被读者排雷说我是梦女受或者梦女攻，我心里就特别愤怒觉得她们小瞧我们作者的专业水准，原来真的有不专业的作者会拆自己的官配","commentTime":"2022-04-28 19:16:34","commentOwner":"。"},{"comment":"历史引用 展开全部▼\n受梦女，自己带入攻，喊受老婆，想对他酱酱酿酿，我偶尔也会，但是主楼真的让人好难受\n№20 ☆☆☆。|4d588f61于2022-04-28 19:15:52留言☆☆☆\n不是呀，抚慰和梦女不一样的，抚慰是想给自推拉很多1","commentTime":"2022-04-28 19:16:57","commentOwner":"。"},{"comment":"真服气，喜欢耽美就去搞耽美去言情频道干什么？\n每次被读者排雷说我是梦女受或者梦女攻，我心里就特别愤怒觉得她们小瞧我们作者的专业水准，原来真的有不专业的作者会拆自己的官配\n№24 ☆☆☆。|0b4e3f18于2022-04-28 19:16:34留言☆☆☆\n。","commentTime":"2022-04-28 19:17:00","commentOwner":"。。。"},{"comment":"请你速速gun出言情","commentTime":"2022-04-28 19:17:05","commentOwner":"。"},{"comment":"yue～别恶心言情了","commentTime":"2022-04-28 19:17:27","commentOwner":"。"},{"comment":"真服气，喜欢耽美就去搞耽美去言情频道干什么？\n每次被读者排雷说我是梦女受或者梦女攻，我心里就特别愤怒觉得她们小瞧我们作者的专业水准，原来真的有不专业的作者会拆自己的官配\n№24 ☆☆☆。|0b4e3f18于2022-04-28 19:16:34留言☆☆☆\n没拆官配啊，我又不是梦女，谁说受腐唯=梦女了","commentTime":"2022-04-28 19:17:54","commentOwner":"= ="},{"comment":"言情受腐唯？你认真的？","commentTime":"2022-04-28 19:17:55","commentOwner":"= ="},{"comment":"幻视一些我看原耽，但是我想和攻（受）抢老婆（老公）的那种………真的很下头","commentTime":"2022-04-28 19:17:58","commentOwner":"……"},{"comment":"我会吐的","commentTime":"2022-04-28 19:18:42","commentOwner":"。"},{"comment":"yue，yue——！！！","commentTime":"2022-04-28 19:18:43","commentOwner":"。"},{"comment":"拜托，楼里能不能不要抚慰梦女不分啊？？？？？梦女和抚慰在同人圈可是会打架的好吗？","commentTime":"2022-04-28 19:19:17","commentOwner":"。"},{"comment":"sfw适合写原耽真的，现在原耽金榜很多sfw真的，原耽拉呱确实很爽，但言情爽点不是这个呀，言情适合代入梦苏之类的","commentTime":"2022-04-28 19:19:48","commentOwner":"= ="},{"comment":"所以你想写什么男主？直男万人迷吸引无数gay？好无语啊我说，当什么鸽头，去当兔头不是完美满足你要求","commentTime":"2022-04-28 19:20:23","commentOwner":"。"},{"comment":"所以你想写什么男主？直男万人迷吸引无数gay？好无语啊我说，当什么鸽头，去当兔头不是完美满足你要求\n№36 ☆☆☆。|eeead060于2022-04-28 19:20:23留言☆☆☆\n不是啊，我只是忍不住泥塑和抹布男主而已","commentTime":"2022-04-28 19:21:17","commentOwner":"= ="},{"comment":"为什么不写耽呢？是耽的收订不好配不上你吗？","commentTime":"2022-04-28 19:21:28","commentOwner":"。"},{"comment":"历史引用 展开全部▼\n不是啊，我只是忍不住泥塑和抹布男主而已\n№37 ☆☆☆= =|14b94f6e于2022-04-28 19:21:17留言☆☆☆\n泥塑男主倒也还好，抹布真的很不适（）","commentTime":"2022-04-28 19:22:20","commentOwner":"= ="},{"comment":"？？？？？？为什么不写原耽，当男主的sfw是什么鬼。。。。","commentTime":"2022-04-28 19:22:32","commentOwner":"= ="},{"comment":"历史引用 展开全部▼\n不是啊，我只是忍不住泥塑和抹布男主而已\n№37 ☆☆☆= =|14b94f6e于2022-04-28 19:21:17留言☆☆☆\n那你写gb呗","commentTime":"2022-04-28 19:22:51","commentOwner":"= ="},{"comment":"你暴露了肯定被骂死\n但没暴露就没事，除非你在言情文里抹布男主","commentTime":"2022-04-28 19:23:03","commentOwner":"。"},{"comment":"历史引用 展开全部▼\n不是啊，我只是忍不住泥塑和抹布男主而已\n№37 ☆☆☆= =|14b94f6e于2022-04-28 19:21:17留言☆☆☆\n你会写出来吗。。","commentTime":"2022-04-28 19:23:20","commentOwner":"。"},{"comment":"楼主你签约了吗","commentTime":"2022-04-28 19:23:40","commentOwner":"。"},{"comment":"欸最近怎么那么多乱七八糟令人无语的贴啊，会不会被骂还用问？还是说你是抖m开绿贴让咕咕们生气啊","commentTime":"2022-04-28 19:24:55","commentOwner":"= ="},{"comment":"拜托，楼里能不能不要抚慰梦女不分啊？？？？？梦女和抚慰在同人圈可是会打架的好吗？\n№34 ☆☆☆。|1eb19dd8于2022-04-28 19:19:17留言☆☆☆\n歪个楼问问，梦女我知道，抚慰是啥","commentTime":"2022-04-28 19:25:05","commentOwner":"。"},{"comment":"好多不认识的词，蹲科普","commentTime":"2022-04-28 19:26:05","commentOwner":"。"},{"comment":"历史引用 展开全部▼\n歪个楼问问，梦女我知道，抚慰是啥\n№46 ☆☆☆。|c77c6997???于2022-04-28 19:25:05留言☆☆☆\n楼上有说，就是拉别的男人去上受，而且通常不止拉一个，会拉一堆","commentTime":"2022-04-28 19:26:23","commentOwner":"。"},{"comment":"历史引用 展开全部▼\n歪个楼问问，梦女我知道，抚慰是啥\n№46 ☆☆☆。|c77c6997于2022-04-28 19:25:05留言☆☆☆\n就是嗑all受","commentTime":"2022-04-28 19:27:50","commentOwner":"= ="},{"comment":"历史引用 展开全部▼\n楼上有说，就是拉别的男人去上受，而且通常不止拉一个，会拉一堆\n№48 ☆☆☆。|4305e556♥于2022-04-28 19:26:23留言☆☆☆\nylq特别多这种，而且很多sfw都是梦腐双修，但不是bg的梦，是gb的梦","commentTime":"2022-04-28 19:28:30","commentOwner":"最后一个号了"},{"comment":"历史引用 展开全部▼\n歪个楼问问，梦女我知道，抚慰是啥\n№46 ☆☆☆。|c77c6997于2022-04-28 19:25:05留言☆☆☆\n抚慰就是让路人或者炮灰去抹布他","commentTime":"2022-04-28 19:29:13","commentOwner":"= ="},{"comment":"历史引用 展开全部▼\n就是嗑all受\n№49 ☆☆☆= =|7384fe2d??于2022-04-28 19:27:50留言☆☆☆\n我感觉和all受还是有点区别\nall受还是有cp的，对攻有要求\nsfw对攻完全没要求，路人都行，do过即扔，重点在数量","commentTime":"2022-04-28 19:30:33","commentOwner":"。"},{"comment":"直接写gb不香吗","commentTime":"2022-04-28 19:32:02","commentOwner":"。"},{"comment":"男主的受抚慰是啥意思，男主还有受吗？","commentTime":"2022-04-28 19:33:14","commentOwner":"= ="},{"comment":"历史引用 展开全部▼\n楼上有说，就是拉别的男人去上受，而且通常不止拉一个，会拉一堆\n№48 ☆☆☆。|4305e556于2022-04-28 19:26:23留言☆☆☆\n！竟然怎么是这样的吗？懂了，谢谢咕咕们科普","commentTime":"2022-04-28 19:33:22","commentOwner":"。"},{"comment":"大开眼界","commentTime":"2022-04-28 19:33:45","commentOwner":"。"},{"comment":"去写你的受老婆别来祸害言情行吗，晦气","commentTime":"2022-04-28 19:34:18","commentOwner":"。。"},{"comment":"你是不是像十年一品温如言那个作者一样？每每想起我都ex……","commentTime":"2022-04-28 19:34:28","commentOwner":"。"},{"comment":"啊这啊这，尊重XP，但这种我无法接受","commentTime":"2022-04-28 19:34:33","commentOwner":"。"},{"comment":"感觉比梦女可怕多了orz","commentTime":"2022-04-28 19:35:19","commentOwner":"。"},{"comment":"男主的受抚慰是啥意思，男主还有受吗？\n№54 ☆☆☆= =|1c000f18★于2022-04-28 19:33:14留言☆☆☆\n就是把男主看成受，心中到处拉瓜呗","commentTime":"2022-04-28 19:36:02","commentOwner":"。"},{"comment":"ex谁啊","commentTime":"2022-04-28 19:36:34","commentOwner":"。"},{"comment":"写耽啊","commentTime":"2022-04-28 19:37:12","commentOwner":"。"},{"comment":"你不故意说谁知道","commentTime":"2022-04-28 19:37:25","commentOwner":"。"},{"comment":"直接写gb不香吗\n№53 ☆☆☆。|cac14204于2022-04-28 19:32:02留言☆☆☆\n为啥，我又没有代入女主…","commentTime":"2022-04-28 19:37:31","commentOwner":"= ="},{"comment":"靠，本受妈和受腐唯不共戴天","commentTime":"2022-04-28 19:39:01","commentOwner":"= ="},{"comment":"球球你了你能不能去耽美？","commentTime":"2022-04-28 19:39:33","commentOwner":"。"},{"comment":"要是被我看到被我发现，我会用三个号轮番骂你的","commentTime":"2022-04-28 19:40:17","commentOwner":"。"},{"comment":"你真的很ex","commentTime":"2022-04-28 19:40:32","commentOwner":"。。"},{"comment":"你写耽美被看出来了都会被骂死","commentTime":"2022-04-28 19:41:48","commentOwner":"。"},{"comment":"我前段时间刚好看到一个女主拯救耽改剧抹布受的文案，不会是楼主吧？\n预收那么高，写啊，等你bs出道！","commentTime":"2022-04-28 19:41:51","commentOwner":"。"},{"comment":"恶心，言情是有多不配要被这样糟践。","commentTime":"2022-04-28 19:42:09","commentOwner":"。"},{"comment":"","commentTime":"2022-04-28 19:42:13","commentOwner":"救命爆个笔名永久拉黑"},{"comment":"我前段时间刚好看到一个女主拯救耽改剧抹布受的文案，不会是楼主吧？\n预收那么高，写啊，等你bs出道！\n№71 ☆☆☆。|674737be于2022-04-28 19:41:51留言☆☆☆\n不是我，我又没有代入女主对男主做什么","commentTime":"2022-04-28 19:42:31","commentOwner":"= ="},{"comment":"历史引用 展开全部▼\n我感觉和all受还是有点区别\nall受还是有cp的，对攻有要求\nsfw对攻完全没要求，路人都行，do过即扔，重点在数量\n№52 ☆☆☆。|4305e556于2022-04-28 19:30:33留言☆☆☆\n明白了，感谢科普","commentTime":"2022-04-28 19:43:28","commentOwner":"。"},{"comment":"窒息了，让我想起来给言情男主写bl番外的那位","commentTime":"2022-04-28 19:45:44","commentOwner":"。"},{"comment":"窒息了，让我想起来给言情男主写bl番外的那位\n№76 ☆☆☆。|844eac7c于2022-04-28 19:45:44留言☆☆☆\n？窒息，竟然还有这种操作？","commentTime":"2022-04-28 19:47:30","commentOwner":"。"},{"comment":"我前段时间刚好看到一个女主拯救耽改剧抹布受的文案，不会是楼主吧？\n预收那么高，写啊，等你bs出道！\n№71 ☆☆☆。|674737be于2022-04-28 19:41:51留言☆☆☆\nsrds有没有文名rwkk","commentTime":"2022-04-28 19:47:46","commentOwner":"……"},{"comment":"滚啊，有病啊真的，能不能不恶心人","commentTime":"2022-04-28 19:50:28","commentOwner":"。"},{"comment":"别给受抚慰扣shi盆子好吗？哪家sfw愿意看自己受宝去草女人啊","commentTime":"2022-04-28 19:51:50","commentOwner":"。"},{"comment":"翻下来也没找到科普，shoufuwei是什么意思（是认真发问","commentTime":"2022-04-28 19:51:53","commentOwner":"。"},{"comment":"你非要写言情？那你把女主当成什么工具人了？普通读者骂不骂不知道，女主控肯定骂","commentTime":"2022-04-28 19:52:05","commentOwner":"= ="},{"comment":"你非要写言情？那你把女主当成什么工具人了？普通读者骂不骂不知道，女主控肯定骂\n№82 ☆☆☆= =|cba97f3c于2022-04-28 19:52:05留言☆☆☆\n？我自己就是女主控啊，我还是女主梦女呢，只不过是代入男主梦女主所以不算拆官配吧，不过我不代入男主的时候对男主就是受腐唯心态","commentTime":"2022-04-28 19:53:29","commentOwner":"= ="},{"comment":"你非要写言情？那你把女主当成什么工具人了？普通读者骂不骂不知道，女主控肯定骂\n№82 ☆☆☆= =|cba97f3c于2022-04-28 19:52:05留言☆☆☆\n其实不一定非得让男的去上受呀，可以让女主去上受。","commentTime":"2022-04-28 19:53:48","commentOwner":"= ="},{"comment":"排雷，ex","commentTime":"2022-04-28 19:54:07","commentOwner":"。"},{"comment":"历史引用 展开全部▼\n？我自己就是女主控啊，我还是女主梦女呢，只不过是代入男主梦女主所以不算拆官配吧，不过我不代入男主的时候对男主就是受腐唯心态\n№83 ☆☆☆= =|14b94f6e于2022-04-28 19:53:29留言☆☆☆\n？？？","commentTime":"2022-04-28 19:54:53","commentOwner":"= ="},{"comment":"你猜她为什么要叫言情？言情人做错了什么要吃你喂的屎？","commentTime":"2022-04-28 19:55:05","commentOwner":"。"},{"comment":"历史引用 展开全部▼\n？我自己就是女主控啊，我还是女主梦女呢，只不过是代入男主梦女主所以不算拆官配吧，不过我不代入男主的时候对男主就是受腐唯心态\n№83 ☆☆☆= =|14b94f6e于2022-04-28 19:53:29留言☆☆☆\n好复杂，平常只看文不混圈不看别的的真的搞不懂怎么会有这么多分类","commentTime":"2022-04-28 19:55:08","commentOwner":"。"},{"comment":"？","commentTime":"2022-04-28 19:55:46","commentOwner":"。"},{"comment":"历史引用 展开全部▼\n？我自己就是女主控啊，我还是女主梦女呢，只不过是代入男主梦女主所以不算拆官配吧，不过我不代入男主的时候对男主就是受腐唯心态\n№83 ☆☆☆= =|14b94f6e于2022-04-28 19:53:29留言☆☆☆\n这一段话我愣是没看懂","commentTime":"2022-04-28 19:56:04","commentOwner":"。"},{"comment":"额，尊重祝福，你写","commentTime":"2022-04-28 19:56:09","commentOwner":"复健咕"},{"comment":"你萌怎么样都是你的事，但你要落笔写下来，还要洋洋得意让人看出来，那排雷你单着就行。\n总不能你打个预防针，人家就不排雷了吧","commentTime":"2022-04-28 19:56:17","commentOwner":"。。"},{"comment":"你没事吧","commentTime":"2022-04-28 19:56:30","commentOwner":"。"},{"comment":"别什么乐色都跑言情来求求噜\n要写耽你就好好写\n别来祸害言情读者求你噜","commentTime":"2022-04-28 19:56:42","commentOwner":"。"},{"comment":"好恶心啊啊啊啊啊啊啊","commentTime":"2022-04-28 19:57:06","commentOwner":"。"},{"comment":"历史引用 展开全部▼\n？我自己就是女主控啊，我还是女主梦女呢，只不过是代入男主梦女主所以不算拆官配吧，不过我不代入男主的时候对男主就是受腐唯心态\n№83 ☆☆☆= =|14b94f6e于2022-04-28 19:53:29留言☆☆☆\n代入男主？梦女主？你有事吗","commentTime":"2022-04-28 20:00:07","commentOwner":"= ="},{"comment":"这比梦女还恶心啊","commentTime":"2022-04-28 20:00:18","commentOwner":"。"},{"comment":"不过我想为sfw正名...在我还是兔头的时候就是sfw，其实就是all受，兔头同人圈真的没人吃抹布。可能二次元衍生不太一样？","commentTime":"2022-04-28 20:04:33","commentOwner":"。"},{"comment":"原耽还不够你舞的吗？要来言情贩剑！\n敬告楼主，上一个这么做的，已经被读者骂的封笔跑路了。\n是真的以为bg女孩这么好欺负的吗？真是够够的。","commentTime":"2022-04-28 20:07:03","commentOwner":"。"},{"comment":"女主做错了什么摊上你这么个亲妈","commentTime":"2022-04-28 20:08:58","commentOwner":"。"},{"comment":"不过我想为sfw正名...在我还是兔头的时候就是sfw，其实就是all受，兔头同人圈真的没人吃抹布。可能二次元衍生不太一样？\n№98 ☆☆☆。|eeead060于2022-04-28 20:04:33留言☆☆☆\n原创这边更偏向抹布吧\n著名代表作plph\n写得好会火，不过现在rsq严打，很不好写","commentTime":"2022-04-28 20:10:09","commentOwner":"。"},{"comment":"奇怪的知识又增加了","commentTime":"2022-04-28 20:48:13","commentOwner":"=="},{"comment":"这栋楼的新名词，我好害怕?真的有这种xp啊","commentTime":"2022-04-28 20:56:16","commentOwner":"写文三级残废"},{"comment":"别祸害我们言情读者了","commentTime":"2022-04-28 20:59:46","commentOwner":"随月"},{"comment":"真服气，喜欢耽美就去搞耽美去言情频道干什么？\n每次被读者排雷说我是梦女受或者梦女攻，我心里就特别愤怒觉得她们小瞧我们作者的专业水准，原来真的有不专业的作者会拆自己的官配\n№24 ☆☆☆。|0b4e3f18于2022-04-28 19:16:34留言☆☆☆\n。","commentTime":"2022-04-28 21:07:52","commentOwner":"。"},{"comment":"所以你想写什么男主？直男万人迷吸引无数gay？好无语啊我说，当什么鸽头，去当兔头不是完美满足你要求\n№36 ☆☆☆。|eeead060于2022-04-28 19:20:23留言☆☆☆\n。","commentTime":"2022-04-28 21:08:18","commentOwner":"。"},{"comment":"去写你的受老婆别来祸害言情行吗，晦气\n№57 ☆☆☆。。|9094ecc1于2022-04-28 19:34:18留言☆☆☆\n。","commentTime":"2022-04-28 21:08:53","commentOwner":"。"},{"comment":"你真的很ex\n№69 ☆☆☆。。|c8bd9c4b于2022-04-28 19:40:32留言☆☆☆\n。","commentTime":"2022-04-28 21:09:10","commentOwner":"。"},{"comment":"你猜她为什么要叫言情？言情人做错了什么要吃你喂的屎？\n№87 ☆☆☆。|58db3c73于2022-04-28 19:55:05留言☆☆☆\n。","commentTime":"2022-04-28 21:09:44","commentOwner":"。"},{"comment":"原耽还不够你舞的吗？要来言情贩剑！\n敬告楼主，上一个这么做的，已经被读者骂的封笔跑路了。\n是真的以为bg女孩这么好欺负的吗？真是够够的。\n№99 ☆☆☆。|25a75085于2022-04-28 20:07:03留言☆☆☆\n。","commentTime":"2022-04-28 21:10:00","commentOwner":"。"},{"comment":"原耽还不够你舞的吗？要来言情贩剑！\n敬告楼主，上一个这么做的，已经被读者骂的封笔跑路了。\n是真的以为bg女孩这么好欺负的吗？真是够够的。\n№99 ☆☆☆。|25a75085于2022-04-28 20:07:03留言☆☆☆\n可能想赚钱吧，言情比耽美好出版","commentTime":"2022-04-28 21:10:44","commentOwner":"。"},{"comment":"历史引用 展开全部▼\n可能想赚钱吧，言情比耽美好出版\n№111 ☆☆☆。|de116db0于2022-04-28 21:10:44留言☆☆☆\n？我的xp就搞言情男主的受腐唯，我在原耽就不是受腐唯了","commentTime":"2022-04-28 21:29:38","commentOwner":"= ="},{"comment":"那你的女主存在的意义是什么，还是说你写第四爱","commentTime":"2022-04-28 21:40:52","commentOwner":"= ="},{"comment":"那你的女主存在的意义是什么，还是说你写第四爱\n№113 ☆☆☆= =|593c44fa于2022-04-28 21:40:52留言☆☆☆\n都说了我是女主梦女，为了梦女主呗","commentTime":"2022-04-28 22:32:15","commentOwner":"= ="},{"comment":"Yue了","commentTime":"2022-04-28 22:33:01","commentOwner":"。"},{"comment":"？？ex言情读者\n这不是暗摸摸搞tongqi吗","commentTime":"2022-04-28 22:34:11","commentOwner":"。"},{"comment":"sfw为什么要写言情\n起码也得写个gb吧","commentTime":"2022-04-28 22:35:48","commentOwner":"= ="},{"comment":"签约了吗就问，怎么一股小圈子高贵文手味儿","commentTime":"2022-04-28 22:37:24","commentOwner":"，"},{"comment":"？我是耽频的，不能理解","commentTime":"2022-04-28 22:37:39","commentOwner":"。"},{"comment":"你笔下的女主做错了什么，恶心死了，回去写你的乖乖老婆耽美吧（微笑）","commentTime":"2022-04-28 22:38:17","commentOwner":"。。"},{"comment":"可行了吧，还用梦女主来洗白，你sfw男主在你的yy里是个人就能上了，劝你正文里捂好了，写出来被读者挂有的是人给你打负分","commentTime":"2022-04-28 22:40:34","commentOwner":"……"},{"comment":"sfw为什么要写言情\n起码也得写个gb吧\n№117 ☆☆☆= =|a8ad9a30于2022-04-28 22:35:48留言☆☆☆\n楼主说她看耽美不是sfw……所以就是只当言情男主的sfw呗，好ex","commentTime":"2022-04-28 22:40:51","commentOwner":"= ="},{"comment":"历史引用 展开全部▼\n都说了我是女主梦女，为了梦女主呗\n№114 ☆☆☆= =|14b94f6e于2022-04-28 22:32:15留言☆☆☆\n我怎么没看懂，你是男主的抚慰，但你是女主梦女，为了梦女主所以当男主抚慰？？？？？你自己觉得逻辑通吗","commentTime":"2022-04-28 22:42:00","commentOwner":"= ="},{"comment":"你有毛病吧","commentTime":"2022-04-28 22:43:18","commentOwner":"。"},{"comment":"你想代入男主艹女主，又觉得男主凭什么能拥有女主所以想要抹布他？我只能这么理解","commentTime":"2022-04-28 22:43:33","commentOwner":"=="},{"comment":"你想代入男主艹女主，又觉得男主凭什么能拥有女主所以想要抹布他？我只能这么理解\n№125 ☆☆☆==|8fd6288c于2022-04-28 22:43:33留言☆☆☆\n不然无法理解你既是女主梦女又是男主sfw了","commentTime":"2022-04-28 22:44:16","commentOwner":"=="},{"comment":"…九敏，女主做错了什么","commentTime":"2022-04-28 22:46:09","commentOwner":"。"},{"comment":"这是言情耽美读者看了都膈应的程度吧。。。。我真的想问一句，这是在揍嘛呀","commentTime":"2022-04-28 22:48:15","commentOwner":"。。"},{"comment":"这是在叠buff吗\n女主梦女\n男主受抚慰\n……那我要说我是耽频受的攻抚慰（滑稽）","commentTime":"2022-04-28 22:52:05","commentOwner":"。"},{"comment":"你更像是在用是女主的梦女来当借口，给人营造出一种“我的真爱是女主”的假象，其实是拉着女主当tong那个妻","commentTime":"2022-04-28 22:55:18","commentOwner":"……"},{"comment":"额","commentTime":"2022-04-28 22:58:03","commentOwner":"。"},{"comment":"你好像那个\n前段时间bs那个rpg里的1号基友。。。","commentTime":"2022-04-28 23:02:13","commentOwner":"。"},{"comment":"意思是你病得不轻 有空去听听医生怎么说吧","commentTime":"2022-04-28 23:02:53","commentOwner":"。"},{"comment":"看过好多这种漫画……以前的杂志上的……","commentTime":"2022-04-28 23:06:29","commentOwner":"……"},{"comment":"我不理解为什么你是男主的受抚慰？？你干嘛要写言情啊？？写可以，被骂活该\n№14 ☆☆☆。|1d48d4cf于2022-04-28 19:15:22留言☆☆☆\n赞同，写言情就好好写言情不行吗，非要惨点雷","commentTime":"2022-04-28 23:09:31","commentOwner":"。"},{"comment":"请你速速gun出言情\n№27 ☆☆☆。|4cc37810于2022-04-28 19:17:05留言☆☆☆\n。","commentTime":"2022-04-28 23:10:53","commentOwner":"。"},{"comment":"看bt就想骂你了。。何必呢","commentTime":"2022-04-28 23:11:44","commentOwner":"这是小号"},{"comment":"历史引用 展开全部▼\n不是啊，我只是忍不住泥塑和抹布男主而已\n№37 ☆☆☆= =|14b94f6e于2022-04-28 19:21:17留言☆☆☆\n我x，你喜欢让女主收垃圾？！","commentTime":"2022-04-28 23:12:03","commentOwner":"。"},{"comment":"历史引用 展开全部▼\n那你写gb呗\n№41 ☆☆☆= =|7384fe2d于2022-04-28 19:22:51留言☆☆☆\n为啥gb是这种男主？","commentTime":"2022-04-28 23:12:36","commentOwner":"。"},{"comment":"我居然看不懂标题…","commentTime":"2022-04-28 23:12:37","commentOwner":"。"},{"comment":"历史引用 展开全部▼\n不然无法理解你既是女主梦女又是男主sfw了\n№126 ☆☆☆==|8fd6288c于2022-04-28 22:44:16留言☆☆☆\n是的是的，你理解力好强，好懂我","commentTime":"2022-04-28 23:13:46","commentOwner":"= ="},{"comment":"历史引用 展开全部▼\n为啥，我又没有代入女主…\n№65 ☆☆☆= =|14b94f6e于2022-04-28 19:37:31留言☆☆☆\n那你写个屁的言情，是不是还是女主视角？","commentTime":"2022-04-28 23:14:07","commentOwner":"。"},{"comment":"历史引用 展开全部▼\n？我自己就是女主控啊，我还是女主梦女呢，只不过是代入男主梦女主所以不算拆官配吧，不过我不代入男主的时候对男主就是受腐唯心态\n№83 ☆☆☆= =|14b94f6e于2022-04-28 19:53:29留言☆☆☆\n别侮辱女主控好吗","commentTime":"2022-04-28 23:15:24","commentOwner":"。"},{"comment":"历史引用 展开全部▼\n是的是的，你理解力好强，好懂我\n№141 ☆☆☆= =|14b94f6e于2022-04-28 23:13:46留言☆☆☆\n……啊这，真的假的，没有yygq我吧","commentTime":"2022-04-28 23:15:43","commentOwner":"=="},{"comment":"历史引用 展开全部▼\n那你写gb呗\n№41 ☆☆☆= =|7384fe2d于2022-04-28 19:22:51留言☆☆☆\n我也觉得楼主起错名字了，你应该是想写女上男下，男有点像受那种吧","commentTime":"2022-04-28 23:15:45","commentOwner":"。"},{"comment":"钓鱼太明显了，祝本本扑","commentTime":"2022-04-28 23:15:56","commentOwner":"。"},{"comment":"历史引用 展开全部▼\n？我的xp就搞言情男主的受腐唯，我在原耽就不是受腐唯了\n№112 ☆☆☆= =|14b94f6e于2022-04-28 21:29:38留言☆☆☆\n你和言情什么仇什么怨","commentTime":"2022-04-28 23:16:59","commentOwner":"。"},{"comment":"我竟然不知道那是个什么玩意？","commentTime":"2022-04-28 23:17:12","commentOwner":"。"},{"comment":"历史引用 展开全部▼\n……啊这，真的假的，没有yygq我吧\n№144 ☆☆☆==|8fd6288c于2022-04-28 23:15:43留言☆☆☆\n不是yygq，是真的","commentTime":"2022-04-28 23:18:00","commentOwner":"= ="},{"comment":"历史引用 展开全部▼\n楼主说她看耽美不是sfw……所以就是只当言情男主的sfw呗，好ex\n№122 ☆☆☆= =|7384fe2d于2022-04-28 22:40:51留言☆☆☆\n贩剑还装无辜的感觉","commentTime":"2022-04-28 23:18:18","commentOwner":"。"},{"comment":"钓鱼太明显了，祝本本扑\n№146 ☆☆☆。|99f16eb5于2022-04-28 23:15:56留言☆☆☆\n。","commentTime":"2022-04-28 23:20:08","commentOwner":"。"},{"comment":"我大受震撼，请标注好排雷不然我可能控制不住-2的手","commentTime":"2022-04-28 23:20:19","commentOwner":"。"},{"comment":"这是言情耽美读者看了都膈应的程度吧。。。。我真的想问一句，这是在揍嘛呀\n№128 ☆☆☆。。|cd1b45b2于2022-04-28 22:48:15留言☆☆☆\n。我不理解","commentTime":"2022-04-28 23:20:19","commentOwner":"。"},{"comment":"耽美也不要lz这种好吧，女主梦女来耽美干嘛？写灵魂大女主吗？guna","commentTime":"2022-04-28 23:20:49","commentOwner":"= ="},{"comment":"你不会是抖爱慕故意来找骂吧\n不然我不理解为什么一栋楼里能出现这么多迷惑发言\n主人的任务？","commentTime":"2022-04-28 23:20:52","commentOwner":"。"},{"comment":"咋感觉是故意钓鱼","commentTime":"2022-04-28 23:22:11","commentOwner":"。"},{"comment":"耽也不能抹布啊喂","commentTime":"2022-04-28 23:23:07","commentOwner":"喵喵喵"},{"comment":"你这不自己知道这样写会被骂吗？做攻受梦女，你真的这么想当同妻啊？真想知道你笔名，我避雷。","commentTime":"2022-04-28 23:23:17","commentOwner":"。"},{"comment":"好复杂的分类。。。。\n。那个弱弱地插一句，，，要是写男主本来喜欢个男的，被女主掰直了。。。这种写言情也会被骂吗？","commentTime":"2022-04-28 23:44:35","commentOwner":"嘟"},{"comment":"好复杂的分类。。。。\n。那个弱弱地插一句，，，要是写男主本来喜欢个男的，被女主掰直了。。。这种写言情也会被骂吗？\n№159 ☆☆☆嘟|3732650b于2022-04-28 23:44:35留言☆☆☆\n？","commentTime":"2022-04-28 23:45:31","commentOwner":"。"},{"comment":"会\n你不搞事谁看得出来\n你既然搞事那谁不排雷\n爱耽美就去写耽美别在言情区恶心自己也恶心读者","commentTime":"2022-04-28 23:48:59","commentOwner":"——"},{"comment":"你干嘛不写耽美…","commentTime":"2022-04-28 23:49:25","commentOwner":"= ="},{"comment":"滚","commentTime":"2022-04-28 23:49:25","commentOwner":"。。"},{"comment":"你好毒，耽美人看了都无语的程度","commentTime":"2022-04-28 23:50:32","commentOwner":"。"},{"comment":"历史引用 展开全部▼\n受梦女，自己带入攻，喊受老婆，想对他酱酱酿酿，我偶尔也会，但是主楼真的让人好难受\n№20 ☆☆☆。|4d588f61于2022-04-28 19:15:52留言☆☆☆\n不是\n受抚慰不等于受梦女。梦女是希望自己和他是一对，受抚慰是只吃这个角色作受的腐向cp","commentTime":"2022-04-28 23:50:32","commentOwner":"——"},{"comment":"大哥，你何必呢？直接去写耽美不行吗","commentTime":"2022-04-28 23:51:15","commentOwner":"。"},{"comment":"妈的受干嘛祸害女主？女主罪不至此！","commentTime":"2022-04-28 23:53:15","commentOwner":"。"},{"comment":"好复杂的分类。。。。\n。那个弱弱地插一句，，，要是写男主本来喜欢个男的，被女主掰直了。。。这种写言情也会被骂吗？\n№159 ☆☆☆嘟|3732650b于2022-04-28 23:44:35留言☆☆☆\n……也是晦气的程度\n弯直不了，会变成双啊\n而且这不是很同妻？？","commentTime":"2022-04-28 23:56:32","commentOwner":"= ="},{"comment":"女主梦女，然后让女主做男主同7？好家伙别祸害女主了。\n钓鱼扑街一辈子哈，但你要是没签约就没事了……","commentTime":"2022-04-28 23:57:50","commentOwner":"。"},{"comment":"除非你的意思是女a男o","commentTime":"2022-04-28 23:57:51","commentOwner":"。"},{"comment":"你是不是像十年一品温如言那个作者一样？每每想起我都ex……\n№58 ☆☆☆。|29426824于2022-04-28 19:34:28留言☆☆☆\n。","commentTime":"2022-04-29 00:00:17","commentOwner":"…"},{"comment":"这不是受腐唯吧","commentTime":"2022-04-29 00:02:58","commentOwner":"= ="},{"comment":"好复杂的分类。。。。\n。那个弱弱地插一句，，，要是写男主本来喜欢个男的，被女主掰直了。。。这种写言情也会被骂吗？\n№159 ☆☆☆嘟|3732650b于2022-04-28 23:44:35留言☆☆☆\n记得排雷，在文案上高亮。不然我这种ibg，绝对给你打负","commentTime":"2022-04-29 00:05:19","commentOwner":"。。"},{"comment":"完全看不懂了\n人类的xp千奇百怪","commentTime":"2022-04-29 00:08:12","commentOwner":"—"},{"comment":"第一次听说奇奇怪怪的","commentTime":"2022-04-29 00:09:25","commentOwner":"挨秋"},{"comment":"历史引用 展开全部▼\n……也是晦气的程度\n弯直不了，会变成双啊\n而且这不是很同妻？？\n№168 ☆☆☆= =|00f2420b于2022-04-28 23:56:32留言☆☆☆\n啊这抱歉。就是想起很多年前一本言情的古早虐文《挽香月》。。印象深刻。。。男主就是跟另一个男的。。。","commentTime":"2022-04-29 00:25:59","commentOwner":"嘟"},{"comment":"放过言情吧，老实写耽不好吗？如果非要写那就放聪明点别让读者发现看出来，否则被评论区排雷挨骂甚至挂bs出道都有可能，晋江的读者被作者恶心到了反噬起来真的是非常疯批可怕的，参考以往bs例子，这里就不做多赘述了(个人感觉，顶锅盖跑)","commentTime":"2022-04-29 17:58:12","commentOwner":"。。。。。"},{"comment":"是想k你的程度","commentTime":"2022-04-29 17:58:33","commentOwner":"。"},{"comment":"历史引用 展开全部▼\n啊这抱歉。就是想起很多年前一本言情的古早虐文《挽香月》。。印象深刻。。。男主就是跟另一个男的。。。\n№176☆☆☆嘟|3732650b于2022-04-29 00:25:59留言☆☆☆\n那本我觉得转折很正常，女主还是军j呢，发展很合理","commentTime":"2022-04-29 18:00:11","commentOwner":"ovo"},{"comment":"钓鱼太明显了，祝本本扑\n№146 ☆☆☆。|99f16eb5于2022-04-28 23:15:56留言☆☆☆\n。","commentTime":"2022-04-29 18:00:23","commentOwner":"。"},{"comment":"作者表现出严重的sfw倾向的话我会直接评论区排雷顺带骂作者嗯嗯","commentTime":"2022-04-29 18:04:31","commentOwner":"——"}]}