{"id":"1288b4b3-0d64-4651-a053-9abee21c62bf","category":"晋江论坛→网友交流区→碧水江汀 欢迎回来：53088456  退 出","postSubject":"主题：在文案排雷，说自己blx，会删评，能避免杠精和删评后回来发疯的人吗？ [16] 【搜索关键词：排雷】","postUrl":"https://bbs.jjwxc.net/showmsg.php?board=17&keyword=%C5%C5%C0%D7&id=1963059","originalPost":"。","numberOfReplies":16,"comments":[{"comment":"不能","commentTime":"2022-06-26 21:48:19","commentOwner":"——"},{"comment":"你说呢","commentTime":"2022-06-26 21:48:35","commentOwner":"。"},{"comment":"预感恶毒的还会特意刺激你，因为知道了你blx","commentTime":"2022-06-26 21:48:51","commentOwner":"。"},{"comment":"会有更多杠精盯上你","commentTime":"2022-06-26 21:48:54","commentOwner":"。"},{"comment":"没用的","commentTime":"2022-06-26 21:48:59","commentOwner":"——"},{"comment":"排雷如果有用的话，现在jj哪有这么多杠精","commentTime":"2022-06-26 21:49:13","commentOwner":"。"},{"comment":"会更多人，哈哈","commentTime":"2022-06-26 21:49:29","commentOwner":"= ="},{"comment":"文案排雷:\n以下情况会删评:\n1.排雷处已排雷，(比如列了123)，重复排雷。\n2.造谣，莫须有，拆cp评论会删。\n3.人身攻击会删。\n参考下","commentTime":"2022-06-26 21:50:30","commentOwner":"。"},{"comment":"千万别，宝儿，这样的文案就是明晃晃的靶子。","commentTime":"2022-06-26 21:53:45","commentOwner":"=="},{"comment":"不会\nblx写什么文\n作者捂嘴\n我发现了，现在的作者是会找理由，删评就删评，非说自己玻璃心，好像找个借口就不是捂嘴一样\n别问我怎么知道的\n点烟","commentTime":"2022-06-26 21:54:00","commentOwner":"=="},{"comment":"千万别，宝儿，这样的文案就是明晃晃的靶子。\n№9 ☆☆☆==|7bc96f52于2022-06-26 21:53:45留言☆☆☆\n蹭星！！","commentTime":"2022-06-26 21:54:58","commentOwner":"。"},{"comment":"不会\nblx写什么文\n作者捂嘴\n我发现了，现在的作者是会找理由，删评就删评，非说自己玻璃心，好像找个借口就不是捂嘴一样\n别问我怎么知道的\n点烟\n№10 ☆☆☆==|56c2c4be于2022-06-26 21:54:00留言☆☆☆\n。","commentTime":"2022-06-26 21:55:18","commentOwner":"=="},{"comment":"不能","commentTime":"2022-06-26 21:55:49","commentOwner":"。"},{"comment":"不会\nblx写什么文\n作者捂嘴\n我发现了，现在的作者是会找理由，删评就删评，非说自己玻璃心，好像找个借口就不是捂嘴一样\n别问我怎么知道的\n点烟\n№10☆☆☆==|56c2c4be于2022-06-26 21:54:00留言☆☆☆\n代入感太强已经开始捂嘴哭了","commentTime":"2022-06-26 21:56:11","commentOwner":"——"},{"comment":"那可以写一切辱骂反弹并加倍吗QAQ","commentTime":"2022-06-26 21:57:16","commentOwner":"。"},{"comment":"那可以写一切辱骂反弹并加倍吗QAQ\n№15 ☆☆☆。|d35952fe于2022-06-26 21:57:16留言☆☆☆\n她们会挂你戾气重（轻轻）","commentTime":"2022-06-26 21:58:29","commentOwner":"=="}]}