{"id":"746ebae0-a6e1-4fdd-9f66-2bde8ada9baf","category":"晋江论坛→网友交流区→碧水江汀 欢迎回来：53088456  退 出","postSubject":"主题：有些读者总是喜欢不看简介排雷和标签然后发现不是自己喜欢的就骂作者 [2] 【搜索关键词：排雷】","postUrl":"https://bbs.jjwxc.net/showmsg.php?board=17&keyword=%C5%C5%C0%D7&id=1960131","originalPost":"呜呜呜，同题目","numberOfReplies":2,"comments":[{"comment":"这种的一般都会有读者帮你骂回去的","commentTime":"2022-06-24 21:10:16","commentOwner":"，"},{"comment":"这种的一般都会有读者帮你骂回去的\n№1 ☆☆☆，|6d994f6e于2022-06-24 21:10:16留言☆☆☆\n。是这样的","commentTime":"2022-06-24 21:10:27","commentOwner":"= ="}]}