{"id":"6730dcc8-56b3-4309-8305-db45b3ffb531","category":"晋江论坛→网友交流区→碧水江汀 请稍候...","postSubject":"主题：我真的…真的太讨厌那些仗着自己的猜测就在评论区排雷说我是某些作者小号的了，还是瓜作者！直接赶客！ [7] 【搜索关键词：排雷】","postUrl":"https://bbs.jjwxc.net/showmsg.php?board=17&keyword=%C5%C5%C0%D7&id=1721797","originalPost":"半夜emo","numberOfReplies":7,"comments":[{"comment":"气死了气死了！！！！","commentTime":"2022-01-17 01:59:28","commentOwner":"。"},{"comment":"到底什么毛病！你要有真的怀疑你去我微博看看啊！明显两种不同的生活环境你为什么能拼到一起！就算不看微博，文风都不一样，你不能凭类型就认为我是啊！！","commentTime":"2022-01-17 02:00:32","commentOwner":"。"},{"comment":"理解，我一个签约一年的也被人怀疑过，我直接回我不是马甲","commentTime":"2022-01-17 02:03:03","commentOwner":"。"},{"comment":"早点睡，虎摸一把","commentTime":"2022-01-17 02:03:30","commentOwner":"升星！"},{"comment":"理解，我一个签约一年的也被人怀疑过，我直接回我不是马甲\n№3 ☆☆☆。|4bf3c1ff于2022-01-17 02:03:03留言☆☆☆\n我回了好几次了…然后她还怼我你敢信…明明是她冤枉人，还一上来就怼我，给我气的。","commentTime":"2022-01-17 02:03:56","commentOwner":"。"},{"comment":"历史引用 展开全部▼\n我回了好几次了…然后她还怼我你敢信…明明是她冤枉人，还一上来就怼我，给我气的。\n№5 ☆☆☆。|bcf21753于2022-01-17 02:03:56留言☆☆☆\n举报，别和他互怼，不值当，文案第一行说自己不是马甲作者","commentTime":"2022-01-17 02:04:53","commentOwner":"。"},{"comment":"历史引用 展开全部▼\n举报，别和他互怼，不值当，文案第一行说自己不是马甲作者\n№6 ☆☆☆。|4bf3c1ff于2022-01-17 02:04:53留言☆☆☆\n我怼完就去挂文案了，然后…文案被审核了，更emo了","commentTime":"2022-01-17 02:06:24","commentOwner":"。"}]}