{"id":"499ee680-2603-495e-a306-07eb5c8d7f1a","category":"晋江论坛→网友交流区→碧水江汀 欢迎回来：53088456  退 出","postSubject":"主题：排雷和负分的权限分开怎么样？ [13] 【搜索关键词：排雷】","postUrl":"https://bbs.jjwxc.net/showmsg.php?board=17&keyword=%C5%C5%C0%D7&id=1628415","originalPost":"设一个排雷专区，每章雷点集中在一个话题楼――免费章节可以排雷但不能刷负（文案排雷不可重复，重复雷点不可重复？可以有理有据地反驳？）\n负分权限只给到订阅该章节的读者\n这样，双方互相约束，也会让排雷更可信，同时不防碍不在乎雷点的读者好好看文\n顺便也可以取消作者删评权限\n其他待完善","numberOfReplies":13,"comments":[{"comment":"……读者是爹","commentTime":"2021-11-07 00:56:47","commentOwner":"。"},{"comment":"别让排雷专门化啊啊啊","commentTime":"2021-11-07 00:57:20","commentOwner":"。"},{"comment":"不怎么样。\n每次看到离谱的建议想法时，都会莫名觉得现在的还可以…","commentTime":"2021-11-07 01:00:11","commentOwner":"= ="},{"comment":"到最后，随便一个字都雷。没事睡觉吧","commentTime":"2021-11-07 01:00:29","commentOwner":"——"},{"comment":"好离谱","commentTime":"2021-11-07 01:00:49","commentOwner":"。"},{"comment":"把我杀掉吧。","commentTime":"2021-11-07 01:01:03","commentOwner":"=="},{"comment":"不要乱出馊主意……","commentTime":"2021-11-07 01:01:53","commentOwner":"阿酒"},{"comment":"睡吧晚安xdm","commentTime":"2021-11-07 01:02:52","commentOwner":"。"},{"comment":"你的雷不是我的雷，雷点不一样，最后全是雷，可怕","commentTime":"2021-11-07 01:03:13","commentOwner":"。"},{"comment":"窒息的想法\n当一个专门排雷区出现，就算这篇文没有雷读者也会挑细节去排雷","commentTime":"2021-11-07 01:03:15","commentOwner":"……"},{"comment":"不如整篇文都拿来排雷好了。最恶心的就是排雷了，雷越来越多","commentTime":"2021-11-07 01:04:17","commentOwner":"……"},{"comment":"但是反过来想，评论区就没有槽点了呀\n不叫排雷，叫吐槽专区呢？\n污七八糟为一个奇怪的点争论有时候真的很劝退","commentTime":"2021-11-07 01:05:30","commentOwner":"。"},{"comment":"我能忍受偶尔的负分+排雷 不能忍受专门弄个区吐槽我的文 太窒息了","commentTime":"2021-11-07 01:14:13","commentOwner":"。"}]}