{"id":"0fafcde6-5d11-4b21-8c62-489bfeb712bf","category":"晋江论坛→网友交流区→碧水江汀 欢迎回来：53088456  退 出","postSubject":"主题：hzc，完结后有必要在第一章专门开条评论解释一下之前被贷款排雷和造谣式排雷的剧情内容吗 [4] 【搜索关键词：排雷】","postUrl":"https://bbs.jjwxc.net/showmsg.php?board=17&keyword=%C5%C5%C0%D7&id=1922012","originalPost":"rbt","numberOfReplies":4,"comments":[{"comment":"没必要自己立靶场……\n可以文案上简单补充下排雷解释内容。","commentTime":"2022-05-30 09:51:55","commentOwner":"= ="},{"comment":"没必要自己立靶场……\n可以文案上简单补充下排雷解释内容。\n№1 ☆☆☆= =|73134efb于2022-05-30 09:51:55留言☆☆☆\n。","commentTime":"2022-05-30 09:52:41","commentOwner":"。"},{"comment":"排雷的目的是排作者，小说写什么都是次要的","commentTime":"2022-05-30 09:53:43","commentOwner":"= ="},{"comment":"没必要自己立靶场……\n可以文案上简单补充下排雷解释内容。\n№1 ☆☆☆= =|73134efb于2022-05-30 09:51:55留言☆☆☆\n好……\n鼓起勇气翻了下前面的评论还是被气到心梗，哎","commentTime":"2022-05-30 09:54:18","commentOwner":"= ="}]}