{"id":"e0b42d83-9764-4d66-8a36-470ab59e0a23","category":"晋江论坛→网友交流区→碧水江汀 欢迎回来：53088456  退 出","postSubject":"主题：Pbc树洞 不看排雷还喜欢打负分的人真恶心，有雷点为什么连文案排雷都不看？ [1] 【搜索关键词：排雷】","postUrl":"https://bbs.jjwxc.net/showmsg.php?board=17&keyword=%C5%C5%C0%D7&id=1811484","originalPost":"文案强调过了，第一章作话也强调过了，看了几章搁那恍然大悟打负分，是瞎还是脑子有问题？","numberOfReplies":1,"comments":[{"comment":"大概是生活不如意来找存在感吧。","commentTime":"2022-03-21 20:13:13","commentOwner":"……"}]}