{"id":"f276d48a-f9b8-40d9-b2b6-c784e5027560","category":"晋江论坛→网友交流区→碧水江汀 请稍候...","postSubject":"主题：树洞，现在想起来都觉得生气，之前某一天突然出现很多零订阅的差评，突然想到这事，去读者区搜了一下，果然看到排雷 [4] 【搜索关键词：排雷】","postUrl":"https://bbs.jjwxc.net/showmsg.php?board=17&keyword=%C5%C5%C0%D7&id=1692453","originalPost":"自己在论坛排雷就算了，跑我文下哔哔干啥","numberOfReplies":4,"comments":[{"comment":"摸摸","commentTime":"2021-12-26 15:32:27","commentOwner":"云中孤梦"},{"comment":"有一类人，只要占据了三观高地，就会指点江山。","commentTime":"2021-12-26 15:32:39","commentOwner":"。"},{"comment":"有一类人，只要占据了三观高地，就会指点江山。\n№2 ☆☆☆。|ca6ec33a于2021-12-26 15:32:39留言☆☆☆\n我感觉是自以为占了三观高地","commentTime":"2021-12-26 15:33:26","commentOwner":"……"},{"comment":"自从隔壁区出来后，智商盆地这个名号就从鸽区转移了","commentTime":"2021-12-26 15:41:23","commentOwner":"……"}]}