{"id":"9ccd8ae8-a2c5-4e44-963d-759e45f7efb1","category":"晋江论坛→网友交流区→碧水江汀 欢迎回来：53088456  退 出","postSubject":"主题：隔壁区都有人涛了，根本没有排雷的事 [93] 【搜索关键词：排雷】","postUrl":"https://bbs.jjwxc.net/showmsg.php?board=17&keyword=%C5%C5%C0%D7&id=1798916","originalPost":"o……？","numberOfReplies":93,"comments":[{"comment":"1230002","commentTime":"2022-03-13 02:50:38","commentOwner":"=="},{"comment":"1230002\n№1☆☆☆==|d6d54a14于2022-03-13 02:50:38留言☆☆☆\n错了，123002，建议说没排雷这回事的都去看看。\n就在隔壁说没有排雷这回事的帖子下面几个的位置：）","commentTime":"2022-03-13 02:51:46","commentOwner":"=="},{"comment":"历史引用 展开全部▼\n错了，123002，建议说没排雷这回事的都去看看。\n就在隔壁说没有排雷这回事的帖子下面几个的位置：）\n№2 ☆☆☆==|d6d54a14于2022-03-13 02:51:46留言☆☆☆\n解析错误，介意贴图吗？","commentTime":"2022-03-13 02:52:36","commentOwner":"= ="},{"comment":"你再看看原来的帖子，有人看见那个排雷贴了，现在在怀疑是不是自导自演。","commentTime":"2022-03-13 02:52:47","commentOwner":"ddd"},{"comment":"","commentTime":"2022-03-13 02:53:56","commentOwner":"=="},{"comment":"历史引用 展开全部▼\n解析错误，介意贴图吗？\n№3 ☆☆☆= =|6d2a1224于2022-03-13 02:52:36留言☆☆☆\n你能看到的话打码作者名字贴个图呗？我这显示解析错误","commentTime":"2022-03-13 02:54:07","commentOwner":"= ="},{"comment":"№5 ☆☆☆==|d6d54a14于2022-03-13 02:53:56留言☆☆☆\n。。。?","commentTime":"2022-03-13 02:54:35","commentOwner":"..."},{"comment":"№5☆☆☆==|d6d54a14于2022-03-13 02:53:56留言☆☆☆\n这个怎么了？","commentTime":"2022-03-13 02:54:57","commentOwner":"= ="},{"comment":"№5 ☆☆☆==|d6d54a14于2022-03-13 02:53:56留言☆☆☆\n哈？？？这个是涛这个的好吗？","commentTime":"2022-03-13 02:55:05","commentOwner":"=="},{"comment":"？\n我大大的问号","commentTime":"2022-03-13 02:55:26","commentOwner":"= ="},{"comment":"№5 ☆☆☆==|d6d54a14于2022-03-13 02:53:56留言☆☆☆\n？看看时间呢，咋隔壁区修炼了时间操控大法？","commentTime":"2022-03-13 02:55:36","commentOwner":"= ="},{"comment":"这个帖在那个gk帖后面开的OK？？？","commentTime":"2022-03-13 02:55:37","commentOwner":"=="},{"comment":"№5 ☆☆☆==|d6d54a14于2022-03-13 02:53:56留言☆☆☆\n有人带作者名排雷了？","commentTime":"2022-03-13 02:55:49","commentOwner":"= ="},{"comment":"……我的天啊，汉语很难懂吗","commentTime":"2022-03-13 02:55:51","commentOwner":"= ="},{"comment":"这个帖在那个gk帖后面开的OK？？？\n№12 ☆☆☆==|645a4f3a于2022-03-13 02:55:37留言☆☆☆\n。","commentTime":"2022-03-13 02:56:08","commentOwner":"..."},{"comment":"你在干嘛?","commentTime":"2022-03-13 02:56:30","commentOwner":"..."},{"comment":"我现在相信了\nrzgk是真的（\n（不会要打我sk吧嘤嘤嘤","commentTime":"2022-03-13 02:56:32","commentOwner":"= ="},{"comment":"？？？","commentTime":"2022-03-13 02:57:01","commentOwner":"ddd"},{"comment":"№5 ☆☆☆==|d6d54a14于2022-03-13 02:53:56留言☆☆☆\n人家说啥了要被你跨区挂","commentTime":"2022-03-13 02:57:20","commentOwner":"= ="},{"comment":"历史引用 展开全部▼\n？看看时间呢，咋隔壁区修炼了时间操控大法？\n№11 ☆☆☆= =|1edd1dcc于2022-03-13 02:55:36留言☆☆☆\n你才是没看清楚时间吧","commentTime":"2022-03-13 02:57:21","commentOwner":"= ="},{"comment":"历史引用 展开全部▼\n你才是没看清楚时间吧\n№20 ☆☆☆= =|ed7f147d于2022-03-13 02:57:21留言☆☆☆\n吃点溜溜梅","commentTime":"2022-03-13 02:58:25","commentOwner":"= ="},{"comment":"其实我有一点不懂，看虫族文就是gk吗（迷茫）我是真杂食男频后宫文都看过好几本，看隔壁那个评论看的我迷茫","commentTime":"2022-03-13 02:58:26","commentOwner":"ovo哦波"},{"comment":"我好懵一直不知道你们聊啥，看这帖子才反应过来我把gksk设置pbc了。","commentTime":"2022-03-13 02:58:27","commentOwner":"= ="},{"comment":"作者号和读者号还是分开比较好\n。|0faeb42f☆\n№0  2022-03-13 00:34:40\n刚发现我被隔壁排雷了，说我是gk，理由是我给虫族文投雷。\n所以有没有早于0点34的排雷贴？","commentTime":"2022-03-13 02:58:39","commentOwner":"= ="},{"comment":"其实我有一点不懂，看虫族文就是gk吗（迷茫）我是真杂食男频后宫文都看过好几本，看隔壁那个评论看的我迷茫\n№22☆☆☆ovo哦波|50ecf8fb于2022-03-13 02:58:26留言☆☆☆\n不啊\n现在是在说那个lz自导自演","commentTime":"2022-03-13 02:59:13","commentOwner":"= ="},{"comment":"你再看看原来的帖子，有人看见那个排雷贴了，现在在怀疑是不是自导自演。\n№4☆☆☆ddd|654eade7于2022-03-13 02:52:47留言☆☆☆\n没看清楚时间，不好意思，给大家鞠躬道歉。","commentTime":"2022-03-13 02:59:52","commentOwner":"=="},{"comment":"我都不知道这个楼主想表达啥","commentTime":"2022-03-13 03:00:09","commentOwner":"ddd"},{"comment":"我都不知道这个楼主想表达啥\n№27☆☆☆ddd|654eade7于2022-03-13 03:00:09留言☆☆☆\n主楼是so……？\ns被吞了","commentTime":"2022-03-13 03:00:55","commentOwner":"= ="},{"comment":"我都不知道这个楼主想表达啥\n№27☆☆☆ddd|654eade7于2022-03-13 03:00:09留言☆☆☆\n我在传达隔壁区以及怀疑自导自演\n这很难懂吗","commentTime":"2022-03-13 03:01:33","commentOwner":"= ="},{"comment":"我是不明白隔壁突然说自导自演的点在哪里，不就吐槽了下作者号读者号最好分开，不然可能会因为看过的书排雷吗（？？）","commentTime":"2022-03-13 03:03:20","commentOwner":"=="},{"comment":"历史引用 展开全部▼\n我在传达隔壁区以及怀疑自导自演\n这很难懂吗\n№29 ☆☆☆= =|5b9911e5于2022-03-13 03:01:33留言☆☆☆\n我是说你们贴了一堆图，然后你几个问号，我不知道你是想对那图表达什么意思，我没看懂","commentTime":"2022-03-13 03:03:29","commentOwner":"ddd"},{"comment":"我是不明白隔壁突然说自导自演的点在哪里，不就吐槽了下作者号读者号最好分开，不然可能会因为看过的书排雷吗（？？）\n№30 ☆☆☆==|69e5791d于2022-03-13 03:03:20留言☆☆☆\n因为没人见过这个排雷啊。","commentTime":"2022-03-13 03:03:44","commentOwner":"= ="},{"comment":"历史引用 展开全部▼\n我是说你们贴了一堆图，然后你几个问号，我不知道你是想对那图表达什么意思，我没看懂\n№31 ☆☆☆ddd|654eade7于2022-03-13 03:03:29留言☆☆☆\n因为那个图不是所谓的排雷帖","commentTime":"2022-03-13 03:04:21","commentOwner":"。"},{"comment":"我是不明白隔壁突然说自导自演的点在哪里，不就吐槽了下作者号读者号最好分开，不然可能会因为看过的书排雷吗（？？）\n№30 ☆☆☆==|69e5791d于2022-03-13 03:03:20留言☆☆☆\n为了让你们打读者，为了让你们打受控，之前不是有人说受控极端，读者区戾气重的吗？很难理解吗？攻控的想法就是这样诡异","commentTime":"2022-03-13 03:04:45","commentOwner":"。"},{"comment":"我是不明白隔壁突然说自导自演的点在哪里，不就吐槽了下作者号读者号最好分开，不然可能会因为看过的书排雷吗（？？）\n№30 ☆☆☆==|69e5791d于2022-03-13 03:03:20留言☆☆☆\n事实上有这个因为因为给虫族文投雷被排雷的贴吗?为什么找不到呢，没有这个贴的话为什么要吐槽呢?","commentTime":"2022-03-13 03:04:51","commentOwner":"= ="},{"comment":"我是不明白隔壁突然说自导自演的点在哪里，不就吐槽了下作者号读者号最好分开，不然可能会因为看过的书排雷吗（？？）\n№30 ☆☆☆==|69e5791d于2022-03-13 03:03:20留言☆☆☆\n因为没有这个排雷帖啊","commentTime":"2022-03-13 03:05:04","commentOwner":"。"},{"comment":"我的天，讲话好累","commentTime":"2022-03-13 03:06:16","commentOwner":"= ="},{"comment":"历史引用 展开全部▼\n因为没有这个排雷帖啊\n№36 ☆☆☆。|645a4f3a于2022-03-13 03:05:04留言☆☆☆\n有人说看见了，就不能说一定没有啊","commentTime":"2022-03-13 03:06:17","commentOwner":"ddd"},{"comment":"历史引用 展开全部▼\n我是说你们贴了一堆图，然后你几个问号，我不知道你是想对那图表达什么意思，我没看懂\n№31☆☆☆ddd|654eade7于2022-03-13 03:03:29留言☆☆☆\n你不看前面吗\n那根本不是排雷贴啊\n所以我打问号","commentTime":"2022-03-13 03:06:39","commentOwner":"= ="},{"comment":"历史引用 展开全部▼\n事实上有这个因为因为给虫族文投雷被排雷的贴吗?为什么找不到呢，没有这个贴的话为什么要吐槽呢?\n№35 ☆☆☆= =|9e41adc5于2022-03-13 03:04:51留言☆☆☆\n有人说看见了，但不知是真是假","commentTime":"2022-03-13 03:06:51","commentOwner":"ddd"},{"comment":"历史引用 展开全部▼\n有人说看见了，就不能说一定没有啊\n№38 ☆☆☆ddd|654eade7于2022-03-13 03:06:17留言☆☆☆\n不管有没有都是自导自演了，那个说看到的不也在怀疑自导自演吗？","commentTime":"2022-03-13 03:06:56","commentOwner":"。"},{"comment":"历史引用 展开全部▼\n有人说看见了，就不能说一定没有啊\n№38☆☆☆ddd|654eade7于2022-03-13 03:06:17留言☆☆☆\n那你倒是搜出来看看","commentTime":"2022-03-13 03:06:58","commentOwner":"= ="},{"comment":"历史引用 展开全部▼\n有人说看见了，就不能说一定没有啊\n№38 ☆☆☆ddd|654eade7于2022-03-13 03:06:17留言☆☆☆\n看见的人就一个，还拿不出浏览记录，而且也觉得是自导自演呢，人家后半截话你怎么不看","commentTime":"2022-03-13 03:07:25","commentOwner":"= ="},{"comment":"历史引用 展开全部▼\n有人说看见了，但不知是真是假\n№40 ☆☆☆ddd|654eade7于2022-03-13 03:06:51留言☆☆☆\n那个人还说两个贴几乎是同时发的呢","commentTime":"2022-03-13 03:07:44","commentOwner":"= ="},{"comment":"历史引用 展开全部▼\n那你倒是搜出来看看\n№42 ☆☆☆= =|5b9911e5于2022-03-13 03:06:58留言☆☆☆\n等红大衣来查吧，我怎么知道那人说的是真是假","commentTime":"2022-03-13 03:07:50","commentOwner":"ddd"},{"comment":"这是lz小号进楼了吗（","commentTime":"2022-03-13 03:07:52","commentOwner":"= ="},{"comment":"历史引用 展开全部▼\n有人说看见了，就不能说一定没有啊\n№38 ☆☆☆ddd|654eade7于2022-03-13 03:06:17留言☆☆☆\n隔壁说看见那个说看了太多找不到了那个贴，她说看到那个的时间跟隔壁发帖时间差不多，所以意思是隔壁lz看到那个排雷贴以后马上就跑来bs发帖了感觉太巧合了吗","commentTime":"2022-03-13 03:08:51","commentOwner":"=="},{"comment":"历史引用 展开全部▼\n等红大衣来查吧，我怎么知道那人说的是真是假\n№45 ☆☆☆ddd|654eade7于2022-03-13 03:07:50留言☆☆☆\n一边说着等大衣一边忍不住歪屁股呢@大衣快来查啊","commentTime":"2022-03-13 03:08:52","commentOwner":"= ="},{"comment":"历史引用 展开全部▼\n等红大衣来查吧，我怎么知道那人说的是真是假\n№45 ☆☆☆ddd|654eade7于2022-03-13 03:07:50留言☆☆☆\n那个人说的是假的，说明隔壁楼主是自导自演，那个说的是真的，也说明楼主是自导自演，所以你想说啥？","commentTime":"2022-03-13 03:08:58","commentOwner":"。"},{"comment":"历史引用 展开全部▼\n看见的人就一个，还拿不出浏览记录，而且也觉得是自导自演呢，人家后半截话你怎么不看\n№43 ☆☆☆= =|9e41adc5于2022-03-13 03:07:25留言☆☆☆\n我看了啊，我只是反驳说没有这个贴，就算那个楼主自导自演，她发了这个贴就不能说没有吧","commentTime":"2022-03-13 03:09:42","commentOwner":"ddd"},{"comment":"历史引用 展开全部▼\n有人说看见了，就不能说一定没有啊\n№38 ☆☆☆ddd|654eade7于2022-03-13 03:06:17留言☆☆☆\n你好，绿帖的人经常说自己不是绿呢\n之前那个三星lz不是也一直说自己是三星好多人也站他，结果还是绿","commentTime":"2022-03-13 03:09:47","commentOwner":"。"},{"comment":"历史引用 展开全部▼\n你好，绿帖的人经常说自己不是绿呢\n之前那个三星lz不是也一直说自己是三星好多人也站他，结果还是绿\n№51 ☆☆☆。|645a4f3a于2022-03-13 03:09:47留言☆☆☆\n就是说不是所以人说的都是真话","commentTime":"2022-03-13 03:10:51","commentOwner":"。"},{"comment":"历史引用 展开全部▼\n那个人说的是假的，说明隔壁楼主是自导自演，那个说的是真的，也说明楼主是自导自演，所以你想说啥？\n№49 ☆☆☆。|b4a51ef0于2022-03-13 03:08:58留言☆☆☆\n带带我自己","commentTime":"2022-03-13 03:11:10","commentOwner":"。"},{"comment":"历史引用 展开全部▼\n一边说着等大衣一边忍不住歪屁股呢@大衣快来查啊\n№48 ☆☆☆= =|9e41adc5于2022-03-13 03:08:52留言☆☆☆\n我歪在哪了，我也没说假话吧，等人来查又怎么了","commentTime":"2022-03-13 03:11:16","commentOwner":"ddd"},{"comment":"历史引用 展开全部▼\n我歪在哪了，我也没说假话吧，等人来查又怎么了\n№54 ☆☆☆ddd|654eade7于2022-03-13 03:11:16留言☆☆☆\n怎么听不懂人说话，不管有没有那个人说的帖子，那个楼主都自导自演实锤了","commentTime":"2022-03-13 03:12:36","commentOwner":"。"},{"comment":"历史引用 展开全部▼\n那个人说的是假的，说明隔壁楼主是自导自演，那个说的是真的，也说明楼主是自导自演，所以你想说啥？\n№49 ☆☆☆。|b4a51ef0于2022-03-13 03:08:58留言☆☆☆\n因为还有一种可能是那个楼主真的是恰好看到了那个帖子就来吐槽了，我一向会把人往好处想。","commentTime":"2022-03-13 03:12:50","commentOwner":"ddd"},{"comment":"历史引用 展开全部▼\n我歪在哪了，我也没说假话吧，等人来查又怎么了\n№54 ☆☆☆ddd|654eade7于2022-03-13 03:11:16留言☆☆☆\n没怎么呀，不是在喊大衣吗","commentTime":"2022-03-13 03:12:52","commentOwner":"= ="},{"comment":"历史引用 展开全部▼\n因为还有一种可能是那个楼主真的是恰好看到了那个帖子就来吐槽了，我一向会把人往好处想。\n№56 ☆☆☆ddd|654eade7于2022-03-13 03:12:50留言☆☆☆\nxs，才几个评论的帖子那么多人都没看见，这个作者刚好就看见了","commentTime":"2022-03-13 03:13:47","commentOwner":"。"},{"comment":"历史引用 展开全部▼\n因为还有一种可能是那个楼主真的是恰好看到了那个帖子就来吐槽了，我一向会把人往好处想。\n№56 ☆☆☆ddd|654eade7于2022-03-13 03:12:50留言☆☆☆\n你把我逗笑了，别犟了","commentTime":"2022-03-13 03:14:22","commentOwner":"= ="},{"comment":"历史引用 展开全部▼\n因为还有一种可能是那个楼主真的是恰好看到了那个帖子就来吐槽了，我一向会把人往好处想。\n№56☆☆☆ddd|654eade7于2022-03-13 03:12:50留言☆☆☆\n啊？","commentTime":"2022-03-13 03:15:03","commentOwner":"= ="},{"comment":"我笑了，你们呢","commentTime":"2022-03-13 03:15:32","commentOwner":"= ="},{"comment":"历史引用 展开全部▼\n因为还有一种可能是那个楼主真的是恰好看到了那个帖子就来吐槽了，我一向会把人往好处想。\n№56 ☆☆☆ddd|654eade7于2022-03-13 03:12:50留言☆☆☆\n那你怎么不为那楼里被虚空打靶了200多楼的读者想想，真无语","commentTime":"2022-03-13 03:15:56","commentOwner":"= ="},{"comment":"反复确认是我理解能力出错还是这个人的脑子真的有问题","commentTime":"2022-03-13 03:16:17","commentOwner":"= ="},{"comment":"历史引用 展开全部▼\n那你怎么不为那楼里被虚空打靶了200多楼的读者想想，真无语\n№62 ☆☆☆= =|4b07ac32于2022-03-13 03:15:56留言☆☆☆\n她开贴就是带着恶意的，还往好处想，别搞笑了","commentTime":"2022-03-13 03:16:52","commentOwner":"= ="},{"comment":"反复确认是我理解能力出错还是这个人的脑子真的有问题\n№63 ☆☆☆= =|bc47314f于2022-03-13 03:16:17留言☆☆☆\n我把人往好处想还有错吗","commentTime":"2022-03-13 03:17:25","commentOwner":"ddd"},{"comment":"我笑了，你们呢\n№61 ☆☆☆= =|5b9911e5于2022-03-13 03:15:32留言☆☆☆\nlz惨，她甚至看不懂你说话","commentTime":"2022-03-13 03:18:14","commentOwner":"= ="},{"comment":"历史引用 展开全部▼\n我把人往好处想还有错吗\n№65 ☆☆☆ddd|654eade7于2022-03-13 03:17:25留言☆☆☆\n你怎么不把那些可怜的读者想好点，读者不是人呗","commentTime":"2022-03-13 03:18:14","commentOwner":"。"},{"comment":"历史引用 展开全部▼\n我把人往好处想还有错吗\n№65 ☆☆☆ddd|654eade7于2022-03-13 03:17:25留言☆☆☆\n你屁股这么歪还是别说话了，你那是往屁股想好吧","commentTime":"2022-03-13 03:18:50","commentOwner":"= ="},{"comment":"历史引用 展开全部▼\n我把人往好处想还有错吗\n№65 ☆☆☆ddd|654eade7于2022-03-13 03:17:25留言☆☆☆\n你为什么不把那个lz说的排雷的读者往好处想，她只是在读者区排雷啊，为什么不能容忍个人的一些雷点啊","commentTime":"2022-03-13 03:20:41","commentOwner":"。"},{"comment":"历史引用 展开全部▼\n我把人往好处想还有错吗\n№65 ☆☆☆ddd|654eade7于2022-03-13 03:17:25留言☆☆☆\n你戏真多","commentTime":"2022-03-13 03:20:42","commentOwner":"= ="},{"comment":"我晒干了沉默","commentTime":"2022-03-13 03:27:03","commentOwner":"= ="},{"comment":"我晒干了沉默\n№71☆☆☆= =|ed6e22fb于2022-03-13 03:27:03留言☆☆☆\n悔得很冲动，就算这是做错，也只是怕错过哦~","commentTime":"2022-03-13 03:46:15","commentOwner":"。"},{"comment":"大衣能查一下吗","commentTime":"2022-03-13 09:43:56","commentOwner":"= ="},{"comment":"额","commentTime":"2022-03-13 09:48:48","commentOwner":"= ="},{"comment":"虽然但是\n楼主你哪怕在读者区用：虫族 投雷 跟帖内容搜一下呢\n我确实搜到了\n2021-04-21的帖子，排雷是7月\n带了那个作者大名所以我不上图了\n现在，你会去隔壁楼道歉吗","commentTime":"2022-03-13 12:01:07","commentOwner":"= ="},{"comment":"虽然但是\n楼主你哪怕在读者区用：虫族 投雷 跟帖内容搜一下呢\n我确实搜到了\n2021-04-21的帖子，排雷是7月\n带了那个作者大名所以我不上图了\n现在，你会去隔壁楼道歉吗\n№75 ☆☆☆= =|2abadcfa于2022-03-13 12:01:07留言☆☆☆\n你直接上楼号啊，没找到","commentTime":"2022-03-13 12:42:35","commentOwner":"= ="},{"comment":"虽然但是\n楼主你哪怕在读者区用：虫族 投雷 跟帖内容搜一下呢\n我确实搜到了\n2021-04-21的帖子，排雷是7月\n带了那个作者大名所以我不上图了\n现在，你会去隔壁楼道歉吗\n№75 ☆☆☆= =|2abadcfa于2022-03-13 12:01:07留言☆☆☆\n没搜到哦。你编的？不然帖子id总能报吧","commentTime":"2022-03-13 12:44:03","commentOwner":"= ="},{"comment":"虽然但是\n楼主你哪怕在读者区用：虫族 投雷 跟帖内容搜一下呢\n我确实搜到了\n2021-04-21的帖子，排雷是7月\n带了那个作者大名所以我不上图了\n现在，你会去隔壁楼道歉吗\n№75 ☆☆☆= =|2abadcfa于2022-03-13 12:01:07留言☆☆☆\n我没搜到啊，你怎么搜到的","commentTime":"2022-03-13 12:44:19","commentOwner":"= ="},{"comment":"","commentTime":"2022-03-13 12:45:21","commentOwner":"= ="},{"comment":"刚刚图吞了，再放","commentTime":"2022-03-13 12:51:18","commentOwner":"= ="},{"comment":"虽然但是\n楼主你哪怕在读者区用：虫族 投雷 跟帖内容搜一下呢\n我确实搜到了\n2021-04-21的帖子，排雷是7月\n带了那个作者大名所以我不上图了\n现在，你会去隔壁楼道歉吗\n№75☆☆☆= =|2abadcfa于2022-03-13 12:01:07留言☆☆☆\n我也没搜到，带\n虫族\n关键词作为主题，根本没有21。4。21发的帖子","commentTime":"2022-03-13 12:51:53","commentOwner":"= ="},{"comment":"2aba可能还要打补丁说是xq，我再上一张xq的图","commentTime":"2022-03-13 12:53:12","commentOwner":"= ="},{"comment":"历史引用 展开全部▼\n我也没搜到，带\n虫族\n关键词作为主题，根本没有21。4。21发的帖子\n№81☆☆☆= =|aeacc706于2022-03-13 12:51:53留言☆☆☆\n跟帖也没有","commentTime":"2022-03-13 12:53:31","commentOwner":"= ="},{"comment":"历史引用 展开全部▼\n你直接上楼号啊，没找到\n№76 ☆☆☆= =|ed6e22fb于2022-03-13 12:42:35留言☆☆☆\n|06c430a7????№81??2021-07-12 19:53:04\nxxx，xx也是gk（给虫族文投雷）。再给你个建议，可以看看作者订阅了什么文，翻评论看有没有投雷，就知道了\n一个个人求避雷贴，前面好多还在质疑楼主求的避雷类型","commentTime":"2022-03-13 12:53:42","commentOwner":"= ="},{"comment":"这是xq","commentTime":"2022-03-13 12:54:03","commentOwner":"= ="},{"comment":"我为什么要道歉\n我前面说了\n别人读者自己排的雷\n有什么不可以？\n不想给写主受的潜在gk作者送钱不行吗","commentTime":"2022-03-13 12:55:55","commentOwner":"= ="},{"comment":"历史引用 展开全部▼\n我也没搜到，带\n虫族\n关键词作为主题，根本没有21。4。21发的帖子\n№81 ☆☆☆= =|aeacc706于2022-03-13 12:51:53留言☆☆☆\n我去搜了，虫族 投雷两个关键词一起，最下面一个","commentTime":"2022-03-13 12:56:57","commentOwner":"= ="},{"comment":"历史引用 展开全部▼\n我去搜了，虫族 投雷两个关键词一起，最下面一个\n№87☆☆☆=  =|eaf2d7fb于2022-03-13 12:56:57留言☆☆☆\n找到了\n47300","commentTime":"2022-03-13 12:58:14","commentOwner":"= ="},{"comment":"是那个楼主定义偏攻求排雷hc攻救赎受受身份地位低在攻面前地位低的贴吗？","commentTime":"2022-03-13 12:58:36","commentOwner":"= ="},{"comment":"点只看楼主 看楼主发言 令人窒息","commentTime":"2022-03-13 13:00:43","commentOwner":"。"},{"comment":"点只看楼主 看楼主发言 令人窒息\n№90☆☆☆。|e1aabf24于2022-03-13 13:00:43留言☆☆☆\n嗯嗯读者区的衍生帖都是我小号\n都窒息","commentTime":"2022-03-13 13:02:08","commentOwner":"= ="},{"comment":"人lz都说了个人向，没毛病啊：\n【雷点氢气，不代表其他读者。\n本人真的非常讨厌男主控和攻控，今天又看到了bs有人说自己的存稿主攻换头了主受，有丶恶心。来求个排雷。\n= =|1a6ad84d???\n№1   2021-04-21 19:37:27\n之所以标题这么界定是防止有人提名了底下又有人说xx不是男主控orgk\n我不在乎她是不是，我只希望不要和擦边人沾边】","commentTime":"2022-03-13 13:03:33","commentOwner":"= ="},{"comment":"rzgk有功夫演戏不如去给作者砸俩雷省得被主攻收定比气跑","commentTime":"2022-03-13 13:05:15","commentOwner":"= ="}]}