{"id":"4a3d39e5-f643-4e4f-a418-fffa260d6d41","category":"晋江论坛→网友交流区→碧水江汀 欢迎回来：53088456  退 出","postSubject":"主题：疑问：写了lt连夜改文就不算lt，那么写了抄袭连夜改文就不算抄袭了吗？今日夹三作者柒神写lt擦边球，灰溜溜对着排雷改文还反过来怪排雷 [2] 【搜索关键词：排雷】","postUrl":"https://bbs.jjwxc.net/showmsg.php?board=17&keyword=%C5%C5%C0%D7&id=1822780","originalPost":"？","numberOfReplies":2,"comments":[{"comment":"好骚操作这位","commentTime":"2022-03-29 12:50:21","commentOwner":"有妮即可"},{"comment":"这算什么？","commentTime":"2022-03-29 12:51:07","commentOwner":"。"}]}