{"id":"191da76e-bb1e-4583-99b3-9c6c115cbec0","category":"晋江论坛→网友交流区→碧水江汀 欢迎回来：53088456  退 出","postSubject":"主题：无语了，我总算见到张口就来的排雷啥样了。 [13] 【搜索关键词：排雷】","postUrl":"https://bbs.jjwxc.net/showmsg.php?board=17&keyword=%C5%C5%C0%D7&id=1897864","originalPost":"我女主穿书，恋爱都没谈过，直接说我女主现实有好多男朋友，还睡小鲜肉。","numberOfReplies":13,"comments":[{"comment":"然后我就删评了。","commentTime":"2022-05-15 09:20:58","commentOwner":"。"},{"comment":"…这种人乱编剧情，图什么","commentTime":"2022-05-15 09:59:39","commentOwner":"。"},{"comment":"不懂，我的女主好好一个千金大小姐，又没死，因为意外穿到了一个负债很多的人身上，抱怨两句都不行。\n就变成了女主占了原主的身体，还嫌弃原主，品行不行。","commentTime":"2022-05-15 10:08:49","commentOwner":"。。"},{"comment":"给我排雷有女性角色死亡…\n我写的无限流啊！！无限流能不死人吗？？就是说虽然我写的女主视角，但肯定有男炮灰就要有女炮灰的啊？不能只炮灰一个性别吧？？","commentTime":"2022-05-15 10:11:54","commentOwner":"。"},{"comment":"给我排雷有女性角色死亡…\n我写的无限流啊！！无限流能不死人吗？？就是说虽然我写的女主视角，但肯定有男炮灰就要有女炮灰的啊？不能只炮灰一个性别吧？？\n№4☆☆☆。|36909dbe于2022-05-15 10:11:54留言☆☆☆\n？？那这样什么都可以排了\n“排雷：这文有男炮灰”“排雷：这文有人类/非人类死亡”“排雷：这文反派有女人”“排雷：这文正派有男人”…………………","commentTime":"2022-05-15 10:15:29","commentOwner":"。"},{"comment":"谢邀，我见过最离谱的排雷是文里心理活动爱用【】框起来\n读者痛骂我写作习惯差必定是九年义务教育漏网之鱼，十个负分收得莫名其妙的","commentTime":"2022-05-15 10:17:23","commentOwner":"咕咕"},{"comment":"还有直接说‘排雷，我只看了文案没看文，作者这么写blabla就是厌女，一定会blabla这么写’几百字小论文脑补我压根就没写过的剧情来空口排雷，像个sjb，戏多得一批","commentTime":"2022-05-15 10:17:46","commentOwner":"=="},{"comment":"我的文案：双c，均没有前任没有喜欢过别人\n下面评论：真的双c吗有没有真实一点的排雷，看文案不像啊\n（文案某个容易让人误会形容男主的词我特意加了双引号）\n干嘛我是作者我亲自写的排雷你还不相信吗！","commentTime":"2022-05-15 10:19:56","commentOwner":"。"},{"comment":"我的文案：双c，均没有前任没有喜欢过别人\n下面评论：真的双c吗有没有真实一点的排雷，看文案不像啊\n（文案某个容易让人误会形容男主的词我特意加了双引号）\n干嘛我是作者我亲自写的排雷你还不相信吗！\n№8 ☆☆☆。|f8348e36于2022-05-15 10:19:56留言☆☆☆\n真的绝了，怎么会有这种人，","commentTime":"2022-05-15 16:13:32","commentOwner":"。"},{"comment":"…这种人乱编剧情，图什么\n№2 ☆☆☆。|f74036c7于2022-05-15 09:59:39留言☆☆☆\n我也不懂，我发誓我每个字都明明白白写清楚女主没有恋爱经历，文案也说了双c，结果还能张口就来，","commentTime":"2022-05-15 16:14:40","commentOwner":"。"},{"comment":"不懂，我的女主好好一个千金大小姐，又没死，因为意外穿到了一个负债很多的人身上，抱怨两句都不行。\n就变成了女主占了原主的身体，还嫌弃原主，品行不行。\n№3 ☆☆☆。。|a43eaa85于2022-05-15 10:08:49留言☆☆☆\n摸摸。","commentTime":"2022-05-15 16:15:24","commentOwner":"。"},{"comment":"谢邀，我见过最离谱的排雷是文里心理活动爱用【】框起来\n读者痛骂我写作习惯差必定是九年义务教育漏网之鱼，十个负分收得莫名其妙的\n№6 ☆☆☆咕咕|f93cb22e于2022-05-15 10:17:23留言☆☆☆\n太惨了。","commentTime":"2022-05-15 16:15:43","commentOwner":"。"},{"comment":"历史引用 展开全部▼\n？？那这样什么都可以排了\n“排雷：这文有男炮灰”“排雷：这文有人类/非人类死亡”“排雷：这文反派有女人”“排雷：这文正派有男人”…………………\n№5 ☆☆☆。|f74036c7☆于2022-05-15 10:15:29留言☆☆☆\n以前我还笑西方的zzzq，好家伙这一看都传染到国内了","commentTime":"2022-05-15 16:17:02","commentOwner":"。"}]}