{"id":"f6fdb70d-76a8-4ba0-9e5f-aa3845ac3071","category":"晋江论坛→网友交流区→碧水江汀 欢迎回来：53088456  退 出","postSubject":"主题：@冰心，督促一下，读者区给规则吧，随便排雷组团刷负的高楼了哦 [31] 【搜索关键词：排雷】","postUrl":"https://bbs.jjwxc.net/showmsg.php?board=17&keyword=%C5%C5%C0%D7&id=1961594","originalPost":"报团狙人怎么算？随便挂人怎么算呢？","numberOfReplies":12,"comments":[{"comment":"同意","commentTime":"2022-06-25 20:44:02","commentOwner":"。"},{"comment":"组团刷负是哪个贴","commentTime":"2022-06-25 20:46:05","commentOwner":"。"},{"comment":"组团刷负是哪个贴\n№6 ☆☆☆。|75e2adcb于2022-06-25 20:46:05留言☆☆☆\n。","commentTime":"2022-06-25 20:46:18","commentOwner":"。"},{"comment":"lz看看我，能告诉我组团刷负是哪个贴吗","commentTime":"2022-06-25 20:48:23","commentOwner":"。"},{"comment":"所以组团刷负是那个帖？","commentTime":"2022-06-25 20:50:18","commentOwner":"一心看文"},{"comment":"dd","commentTime":"2022-06-25 20:50:37","commentOwner":"。"},{"comment":"有咕咕知道是哪个贴吗？","commentTime":"2022-06-25 20:52:15","commentOwner":"。"},{"comment":"哇，还没作者告一拨吗？","commentTime":"2022-06-25 20:52:21","commentOwner":"。"},{"comment":"啊这，把我图片抽掉了","commentTime":"2022-06-25 20:52:22","commentOwner":"= ="},{"comment":"你凭什么管读者？\n读者花钱了，骂人还不能随意吗？\n№2 ☆☆☆==|8b1946e0于2022-06-25 20:44:39留言☆☆☆\n联系方式给我，给你转五百，我骂你一天，快点","commentTime":"2022-06-25 20:53:39","commentOwner":"。"},{"comment":"jj是在养蛊吧，花一点钱甚至不花钱，就能“指导”“教育”别人，被骂就是作者活该，那我多花一点钱是不是能上天","commentTime":"2022-06-25 20:54:38","commentOwner":"。"},{"comment":"jj是在养蛊吧，花一点钱甚至不花钱，就能“指导”“教育”别人，被骂就是作者活该，那我多花一点钱是不是能上天\n№28☆☆☆。|96c0ed0a于2022-06-25 20:54:38留言☆☆☆\n大部分作者也不靠这个过活，读者作者一起反噬的那天谁倒霉谁知道","commentTime":"2022-06-25 20:55:42","commentOwner":"。"}]}