{"id":"6e704d1d-81c9-44a4-aaa7-7fd3b0b7bc6b","category":"晋江论坛→网友交流区→碧水江汀 欢迎回来：53088456  退 出","postSubject":"主题：Pbc吐黑泥，我其实也挺想写主攻的，但是看到超话排雷我还是破防了 [4] 【搜索关键词：排雷】","postUrl":"https://bbs.jjwxc.net/showmsg.php?board=17&keyword=%C5%C5%C0%D7&id=1957320","originalPost":"……哎，就真的这么恨我吗","numberOfReplies":3,"comments":[{"comment":"写完这本就停一停吧，本来这本写得就非常艰难，经常通宵，现在想想，有点不值得","commentTime":"2022-06-23 06:52:19","commentOwner":"= ="},{"comment":"摸摸你，我懂……","commentTime":"2022-06-23 08:04:53","commentOwner":"。"},{"comment":"摸摸你","commentTime":"2022-06-23 08:11:34","commentOwner":"加油"}]}