{"id":"696f531a-0237-44a2-9d85-821c9e334982","category":"晋江论坛→网友交流区→碧水江汀 请稍候...","postSubject":"主题：头顶喵喵 存稿未发，咕咕们觉得这个需要排雷吗？ [6] 【搜索关键词：排雷】","postUrl":"https://bbs.jjwxc.net/showmsg.php?board=17&keyword=%C5%C5%C0%D7&id=1700841","originalPost":"古穿今，现代身体男女主双处。但是女主前世家道中落流落青楼，非c。男主后面也会知道这事。\n有点犹豫这个到时候发文的时候需要排雷吗？\n咕咕们觉得排好还是不排好呢？","numberOfReplies":6,"comments":[{"comment":"古穿今，现代身体男女主双处。但是女主前世家道中落流落青楼，非c。男主后面也会知道这事。\n有点犹豫这个到时候发文的时候需要排雷吗？\n咕咕们觉得排好还是不排好呢？\n№0 ☆☆☆马上滚去码字|1bd9a244于2022-01-01 20:11:48留言☆☆☆\n防PB","commentTime":"2022-01-01 20:12:13","commentOwner":"马上滚去码字"},{"comment":"排","commentTime":"2022-01-01 20:12:16","commentOwner":"。"},{"comment":"排了总不会错","commentTime":"2022-01-01 20:12:42","commentOwner":"。"},{"comment":"排","commentTime":"2022-01-01 20:12:49","commentOwner":"。"},{"comment":"排吧……就我个人口味来说不太理解为什么舍得给女鹅设置这样的身世otz跪，流落青楼真的很惨啊","commentTime":"2022-01-01 20:13:17","commentOwner":"。"},{"comment":"好的，谢谢楼上咕咕!那我还是排吧！回楼上咕咕:关于身世涉及到幕后黑手剧情，改不了。emmm～其实一般不那么设计的（轻轻）","commentTime":"2022-01-01 20:17:55","commentOwner":"马上滚去码字"}]}