{"id":"bcc5ff77-9a27-4b71-a1a5-e3c4d04d2244","category":"晋江论坛→网友交流区→碧水江汀 欢迎回来：53088456  退 出","postSubject":"主题：李涛，如果你在夹子当天因为写了没有违反网站规定的雷点遇到大面积刷负排雷，应该怎么做比较好？ [42] 【搜索关键词：排雷】","postUrl":"https://bbs.jjwxc.net/showmsg.php?board=17&keyword=%C5%C5%C0%D7&id=1922998","originalPost":"与任何人事物无关，不要瞎代入","numberOfReplies":41,"comments":[{"comment":"关闭评论区赚钱","commentTime":"2022-05-30 21:48:14","commentOwner":"。"},{"comment":"不看评论区","commentTime":"2022-05-30 21:48:20","commentOwner":"。"},{"comment":"躺平数钱。","commentTime":"2022-05-30 21:48:30","commentOwner":"。"},{"comment":"关闭评论区赚钱\n№1☆☆☆。|882167e5于2022-05-30 21:48:14留言☆☆☆\n关评论区会影响追文的读者吧","commentTime":"2022-05-30 21:48:46","commentOwner":"。"},{"comment":"关评论区。","commentTime":"2022-05-30 21:48:58","commentOwner":"。"},{"comment":"不要关闭评论区，千万别\n夹子当天排雷的是根本不看你这个题材的读者，但关闭评论区会把看这个题材的读者也赶跑\n当天躺平，什么也没管，等下夹子以后该删除删除该压评压评","commentTime":"2022-05-30 21:50:17","commentOwner":"= ="},{"comment":"历史引用 展开全部▼\n关评论区会影响追文的读者吧\n№4☆☆☆。|6e19ebd5于2022-05-30 21:48:46留言☆☆☆\n而且还会波及自己别的文章，总不能本本都关吧","commentTime":"2022-05-30 21:50:20","commentOwner":"。"},{"comment":"我的钱还在吗？还在我就可以无视评论区。","commentTime":"2022-05-30 21:50:34","commentOwner":"= ="},{"comment":"不要关闭评论区，千万别\n夹子当天排雷的是根本不看你这个题材的读者，但关闭评论区会把看这个题材的读者也赶跑\n当天躺平，什么也没管，等下夹子以后该删除删除该压评压评\n№6☆☆☆= =|96e59158于2022-05-30 21:50:17留言☆☆☆\n。","commentTime":"2022-05-30 21:50:49","commentOwner":"= ="},{"comment":"经历过的人差点emo死，钱也没有，被刷负刷到哭了，唉。","commentTime":"2022-05-30 21:51:41","commentOwner":"哈哈哈"},{"comment":"经历过的人差点emo死，钱也没有，被刷负刷到哭了，唉。\n№10☆☆☆哈哈哈|bcc3d038于2022-05-30 21:51:41留言☆☆☆\n抱抱，就当渡劫了，锻炼心脏","commentTime":"2022-05-30 21:52:10","commentOwner":"。"},{"comment":"不要关闭评论区，千万别\n夹子当天排雷的是根本不看你这个题材的读者，但关闭评论区会把看这个题材的读者也赶跑\n当天躺平，什么也没管，等下夹子以后该删除删除该压评压评\n№6 ☆☆☆= =|96e59158于2022-05-30 21:50:17留言☆☆☆\n夹子当天千万不要拱火，真受不了找基友吐槽，但别拱火\n等下夹就好了","commentTime":"2022-05-30 21:53:17","commentOwner":"= ="},{"comment":"读者区也有一个这种探讨贴，可以看看隔壁读者的想法","commentTime":"2022-05-30 21:53:53","commentOwner":"。"},{"comment":"不关评论区，继续写完。\n坚持住，一般下了夹子几天后就没事了。夹子这波肯定少不了hyb带节奏，过了今天就会好很多。","commentTime":"2022-05-30 21:53:56","commentOwner":"。"},{"comment":"咱就是说，晋江能不能把这个关闭评论区改一下。就是你有三次关闭评论区，并且可以选择打开的机会。第四次就不能关闭了。一把子关了，万一后面后悔咋办","commentTime":"2022-05-30 21:55:11","commentOwner":"=="},{"comment":"读者区也有一个这种探讨贴，可以看看隔壁读者的想法\n№13 ☆☆☆。|96d86150于2022-05-30 21:53:53留言☆☆☆\nid154985“李涛，如果剧情出现争议情节，部分读者开始刷屏排雷，作者应该如何处理才合适？","commentTime":"2022-05-30 21:55:27","commentOwner":"。"},{"comment":"打不过就加入，跟他们一起刷负排雷","commentTime":"2022-05-30 21:56:38","commentOwner":"。"},{"comment":"亲身经历的表示别管，我基友那天陪了我一天，跟我说话听我吐槽，一直鼓励我劝解我，真的受不了一定要找朋友基友倾诉，有个人陪你和你说话真的会缓解很多。","commentTime":"2022-05-30 21:58:35","commentOwner":"……"},{"comment":"这楼吞的好厉害，id154985，再发一次，隔壁的讨论贴，关于这个问题","commentTime":"2022-05-30 21:59:50","commentOwner":"。"},{"comment":"说实话，真没什么办法，你说不去看评论区吧，但是又忍不住，看了又难受。。所以我心态崩了又崩，我还没遇见大面积，只是时不时有长篇大论攻击情节，都难受的不行。","commentTime":"2022-05-30 21:59:55","commentOwner":"。"},{"comment":"卸载jj，她们骂她们的，反正钱我挣到手了","commentTime":"2022-05-30 22:00:41","commentOwner":"。"},{"comment":"躺平，不要跟人辩论，没用。跟风打负骂人的太多了，其实你的文那些人一个字都没看，全是现实不怎么如意在网络上发泄负面情绪的，不要把时间浪费在这种人身上，过一天再投诉删评，不耽误你赚钱","commentTime":"2022-05-30 22:01:47","commentOwner":"= ="},{"comment":"特别恐怖……知道应该躺平应该数钱，下夹之后删，但是……真的很难，下夹好长一段时间了，每天码字头皮都在发麻………看到有人评论都心惊肉跳……","commentTime":"2022-05-30 22:05:31","commentOwner":"………"},{"comment":"躺平，不要跟人辩论，没用。跟风打负骂人的太多了，其实你的文那些人一个字都没看，全是现实不怎么如意在网络上发泄负面情绪的，不要把时间浪费在这种人身上，过一天再投诉删评，不耽误你赚钱\n№22 ☆☆☆= =|04164ac9于2022-05-30 22:01:47留言☆☆☆\n。","commentTime":"2022-05-30 22:05:36","commentOwner":"。"},{"comment":"这一整栋楼好像都没有讨论到实际问题\n其实我个人来说根本不在乎这些答复的人，只要我能赚到钱就好，但是另一个角度讲，新进来的读者会看到这些排雷，夹子收益会影响的相当恶劣，比如说你本来能涨一万收，最后可能就三四千，这是非常直观的影响\n№23☆☆☆。|f0c5c590于2022-05-30 22:05:26留言☆☆☆\n是的。","commentTime":"2022-05-30 22:07:03","commentOwner":"。。"},{"comment":"这一整栋楼好像都没有讨论到实际问题\n其实我个人来说根本不在乎这些答复的人，只要我能赚到钱就好，但是另一个角度讲，新进来的读者会看到这些排雷，夹子收益会影响的相当恶劣，比如说你本来能涨一万收，最后可能就三四千，这是非常直观的影响\n№23☆☆☆。|f0c5c590于2022-05-30 22:05:26留言☆☆☆\n是的","commentTime":"2022-05-30 22:07:44","commentOwner":"。"},{"comment":"关闭评论区，不过收入还可以的话，还是别关了，不看和关闭一个意思","commentTime":"2022-05-30 22:07:59","commentOwner":"。"},{"comment":"这一整栋楼好像都没有讨论到实际问题\n其实我个人来说根本不在乎这些答复的人，只要我能赚到钱就好，但是另一个角度讲，新进来的读者会看到这些排雷，夹子收益会影响的相当恶劣，比如说你本来能涨一万收，最后可能就三四千，这是非常直观的影响\n№23 ☆☆☆。|f0c5c590★★于2022-05-30 22:05:26留言☆☆☆\n所以其实晋江直接做个评论区默认折叠的功能就好了\n现在影响收益主要是因为一点开文就能看到乌烟瘴气的评论区，如果默认折叠需要读者自己去找，那么那些乱七八糟的排雷刷负其实根本没什么影响，毕竟第一眼看不到","commentTime":"2022-05-30 22:08:53","commentOwner":"= ="},{"comment":"直接找律师，录屏一个一个告","commentTime":"2022-05-30 22:08:55","commentOwner":"=="},{"comment":"都说不要理会，但哪个正常人能停过一整天不间歇的辱骂呢？难道作者不回复，那些人的网暴就会停止吗？我倾向于到这个地步，直接关闭评论区，只吸纳想看自己这种题材的读者，减轻对自己精神造成的伤害和损失吧。","commentTime":"2022-05-30 22:09:03","commentOwner":"=="},{"comment":"找律师 学上次那个鲜艳作者 让他们挨个给我道歉","commentTime":"2022-05-30 22:09:45","commentOwner":"- -"},{"comment":"不要关闭评论区，千万别\n夹子当天排雷的是根本不看你这个题材的读者，但关闭评论区会把看这个题材的读者也赶跑\n当天躺平，什么也没管，等下夹子以后该删除删除该压评压评\n№6 ☆☆☆= =|96e59158于2022-05-30 21:50:17留言☆☆☆\n。","commentTime":"2022-05-30 22:11:06","commentOwner":"。"},{"comment":"不要躺平，该压评的要压，评论区一堆脏东西会赶走正常读者，为收益考虑不要关评论区，但要适当压评。","commentTime":"2022-05-30 22:14:36","commentOwner":"……"},{"comment":"啥也不看，偶尔让基友帮我瞅两眼评论区，还在骂就不看","commentTime":"2022-05-30 22:15:43","commentOwner":"。"},{"comment":"躺下睡觉","commentTime":"2022-05-30 22:16:12","commentOwner":"= ="},{"comment":"我会哭，哭完收益，高就不哭了，低就破防","commentTime":"2022-05-30 22:16:20","commentOwner":"= ="},{"comment":"历史引用 展开全部▼\n。\n№33☆☆☆。|910d63bc于2022-05-30 22:11:06留言☆☆☆\n其实就是这样要么杠要么别搭理\n反正当天骂的也不是你的受众群","commentTime":"2022-05-30 22:16:24","commentOwner":"- -"},{"comment":"啥也不看，偶尔让基友帮我瞅两眼评论区，还在骂就不看\n№35 ☆☆☆。|a304866b于2022-05-30 22:15:43留言☆☆☆\n只要收益没问题，我两眼一闭读者还能顺着网线来骂我?","commentTime":"2022-05-30 22:16:36","commentOwner":"。"},{"comment":"学学你们钦定的大众雷点，躺平任嘲，归来仍是顶流","commentTime":"2022-05-30 22:18:51","commentOwner":"。"},{"comment":"历史引用 展开全部▼\n只要收益没问题，我两眼一闭读者还能顺着网线来骂我?\n№39☆☆☆。|a304866b于2022-05-30 22:16:36留言☆☆☆\n也不太好说如果遇到个神经病就是要各种举报你\n瘌□□不咬人它膈应人……","commentTime":"2022-05-30 22:21:55","commentOwner":"- -"},{"comment":"特别恐怖……知道应该躺平应该数钱，下夹之后删，但是……真的很难，下夹好长一段时间了，每天码字头皮都在发麻………看到有人评论都心惊肉跳……\n№24 ☆☆☆………|107643f6于2022-05-30 22:05:31留言☆☆☆\n是真的，晚上做梦都会梦到长篇大论","commentTime":"2022-05-30 22:24:24","commentOwner":"，。"}]}