{"id":"6aa24164-318b-493d-8858-6b94546365aa","category":"晋江论坛→网友交流区→碧水江汀 请稍候...","postSubject":"主题：我去，我真是整天踩雷，刚才心血来潮去隔壁区看了一眼排雷作者名单，再一对照我的书单，卧槽，真是步步惊雷啊！我可真是个扫雷达人，踩雷小能手！ [44] 【搜索关键词：排雷】","postUrl":"https://bbs.jjwxc.net/showmsg.php?board=17&keyword=%C5%C5%C0%D7&id=1637948","originalPost":"就……心情复杂？","numberOfReplies":44,"comments":[{"comment":"啊，她们的排雷，你不觉得有点过分吗","commentTime":"2021-11-15 02:30:19","commentOwner":"=="},{"comment":"我也是","commentTime":"2021-11-15 02:30:23","commentOwner":"……"},{"comment":"也要看他们的雷点事不是你的雷点啊","commentTime":"2021-11-15 02:31:00","commentOwner":"。"},{"comment":"按隔壁，火文全都能排雷","commentTime":"2021-11-15 02:31:33","commentOwner":"= ="},{"comment":"，隔壁区雷点不千奇百怪……？","commentTime":"2021-11-15 02:31:46","commentOwner":"，"},{"comment":"也对！我活过来了，爬起来重新去对照一下","commentTime":"2021-11-15 02:32:57","commentOwner":"。"},{"comment":"有些雷点千奇百怪的，自己看着就好","commentTime":"2021-11-15 02:34:18","commentOwner":"。"},{"comment":"你的雷区跟他们一样？","commentTime":"2021-11-15 02:39:33","commentOwner":"……"},{"comment":"隔壁有些雷点我有点无法理解，有些还是我的萌点","commentTime":"2021-11-15 02:42:47","commentOwner":"，"},{"comment":"别去隔壁，写啥都能给你排雷。","commentTime":"2021-11-15 02:44:03","commentOwner":"=="},{"comment":"别听别人排雷。咱们是写作者，书是我们追求的核心，别人的雷点未必是我们的雷点，况且隔了一支排雷者的笔杆子，鬼知道她会说的有多离谱","commentTime":"2021-11-15 02:47:01","commentOwner":"。。"},{"comment":"你……至少要先点进去看看人家排的“雷”是什么吧？\n很多内容就是萝卜青菜，不是你雷点的直接无视就好了呀","commentTime":"2021-11-15 02:48:52","commentOwner":"。"},{"comment":"别管她们的雷点，没戳你雷就继续看。你看的是文又不是作者。","commentTime":"2021-11-15 03:06:40","commentOwner":"大*****"},{"comment":"当然我也有我的雷点【抄袭倒打一耙虾文里喂shit】但是其他就算了","commentTime":"2021-11-15 03:07:16","commentOwner":"大*****"},{"comment":"别听别人排雷。咱们是写作者，书是我们追求的核心，别人的雷点未必是我们的雷点，况且隔了一支排雷者的笔杆子，鬼知道她会说的有多离谱\n№11☆☆☆。。|27c7d1a0于2021-11-15 02:47:01留言☆☆☆\n？？我刚刚从隔壁一个排雷作者的帖子出来，里面一半虾和毛，剩下的都是碧水有瓜的，都是骚操作出名的人啊？","commentTime":"2021-11-15 03:33:41","commentOwner":"。"},{"comment":"历史引用 展开全部▼\n？？我刚刚从隔壁一个排雷作者的帖子出来，里面一半虾和毛，剩下的都是碧水有瓜的，都是骚操作出名的人啊？\n№15 ☆☆☆。|2019d21b于2021-11-15 03:33:41留言☆☆☆\n现在的瓜和所谓骚操作\n一多半都是文字狱","commentTime":"2021-11-15 03:45:20","commentOwner":"呀咩呀"},{"comment":"历史引用 展开全部▼\n现在的瓜和所谓骚操作\n一多半都是文字狱\n№16 ☆☆☆呀咩呀|26912903于2021-11-15 03:45:20留言☆☆☆\n倒也不至于 我去那个帖子看了眼 还真不是 至少我看到的大部分不是 什么sn xc mrg yw  fdld之流 这也算文字yu吗","commentTime":"2021-11-15 03:51:13","commentOwner":"。"},{"comment":"历史引用 展开全部▼\n现在的瓜和所谓骚操作\n一多半都是文字狱\n№16 ☆☆☆呀咩呀|26912903于2021-11-15 03:45:20留言☆☆☆\ntui","commentTime":"2021-11-15 03:55:41","commentOwner":"= ="},{"comment":"隔壁总结的都是碧水有名的高楼排雷户","commentTime":"2021-11-15 04:01:07","commentOwner":"——"},{"comment":"纯读者也受不了啊，直接加上排雷pbc，一片清静。","commentTime":"2021-11-15 04:02:08","commentOwner":"。"},{"comment":"按照自己的雷点去避就可以，无法接受的就避雷，觉得可以接受的就忽视，每个人都有自己的雷点嘛","commentTime":"2021-11-15 04:51:53","commentOwner":"。"},{"comment":"历史引用 展开全部▼\n？？我刚刚从隔壁一个排雷作者的帖子出来，里面一半虾和毛，剩下的都是碧水有瓜的，都是骚操作出名的人啊？\n№15☆☆☆。|2019d21b于2021-11-15 03:33:41留言☆☆☆\n你才看了一栋，多看几栋","commentTime":"2021-11-15 06:39:45","commentOwner":"= ="},{"comment":"隔壁这风气就是如此，之前最混乱的时候，首页一大半都是吵架撕逼贴","commentTime":"2021-11-15 07:25:34","commentOwner":"。"},{"comment":"隔壁这风气就是如此，之前最混乱的时候，首页一大半都是吵架撕逼贴\n№23 ☆☆☆。|df0a1564于2021-11-15 07:25:34留言☆☆☆\n这个打那个，带作者大名，什么都能骂","commentTime":"2021-11-15 07:25:58","commentOwner":"。"},{"comment":"隔壁区真的离谱 每次看都想写文有什么出路\n回来这里\n我好了我好了！这就冲","commentTime":"2021-11-15 07:30:27","commentOwner":"。"},{"comment":"啊这，隔壁我也经常去围观，排雷的都是虾毛cx的，其他的都是卡v等骚操作。\n除了这些排雷，剩下的排雷都是排雷文，不排雷作者。\n虽然有的排雷文让我也迷惑，但排雷作者的好像都是有依据的吧。","commentTime":"2021-11-15 07:37:36","commentOwner":"。"},{"comment":"啊这，隔壁我也经常去围观，排雷的都是虾毛cx的，其他的都是卡v等骚操作。\n除了这些排雷，剩下的排雷都是排雷文，不排雷作者。\n虽然有的排雷文让我也迷惑，但排雷作者的好像都是有依据的吧。\n№26 ☆☆☆。|5b6f9568于2021-11-15 07:37:36留言☆☆☆\n有时候一些有骚操作的大神在bs都很多人护，在隔壁都是一水的嘲……摊手","commentTime":"2021-11-15 07:39:31","commentOwner":"。"},{"comment":"心得区排雷作者原因:毛、虾、龟、蚝，卡v等等骚操作。\n排雷文也需要贴图，上证据啊，还要上订阅记录和原文具体雷点的地方，如果贴不出或者贴错了，就会被群嘲和骂啊。","commentTime":"2021-11-15 07:50:01","commentOwner":"锦绣佳期"},{"comment":"心得区排雷作者原因:毛、虾、龟、蚝，卡v等等骚操作。\n排雷文也需要贴图，上证据啊，还要上订阅记录和原文具体雷点的地方，如果贴不出或者贴错了，就会被群嘲和骂啊。\n№28 ☆☆☆锦绣佳期|e7dbec57于2021-11-15 07:50:01留言☆☆☆\n而且一般来讲是排雷给有需要的，觉得不雷的可以出楼，不看。","commentTime":"2021-11-15 07:50:38","commentOwner":"锦绣佳期"},{"comment":"隔壁就算了吧，不是特别过分的最好别信","commentTime":"2021-11-15 07:53:09","commentOwner":"……"},{"comment":"隔壁排雷作者多是虾龟毛cx卡V还有莫女神诈骗一刀这类的吧，排雷文要订阅截图和原文截图，不雷这口的就没什么问题。\n以及，无自证无原文无骚操作截图，统一视为虚假排雷。","commentTime":"2021-11-15 07:57:29","commentOwner":"松果银行土拨鼠"},{"comment":"我的雷点只有两个其实\n1，抄袭\n2，有原型","commentTime":"2021-11-15 07:59:25","commentOwner":"。"},{"comment":"我的雷点就两：舔男、恨国。","commentTime":"2021-11-15 08:01:58","commentOwner":"。。。"},{"comment":"可是虾毛……大部分都是在没出事情之前看过文或者粉过明星，出事后表明立场了，还是被冲","commentTime":"2021-11-15 08:04:04","commentOwner":"。"},{"comment":"可是虾毛……大部分都是在没出事情之前看过文或者粉过明星，出事后表明立场了，还是被冲\n№34 ☆☆☆。|ab99f020于2021-11-15 08:04:04留言☆☆☆\n不，是看时间线的。227以后，【】女士骚操作爆出来后，还粉的，直接当虾毛。之前粉过但后来表示脱粉的，不算虾毛。","commentTime":"2021-11-15 08:13:03","commentOwner":"锦绣佳期"},{"comment":"我感觉，不排雷的人不会去隔壁","commentTime":"2021-11-15 08:19:14","commentOwner":"。"},{"comment":"历史引用 展开全部▼\n不，是看时间线的。227以后，【】女士骚操作爆出来后，还粉的，直接当虾毛。之前粉过但后来表示脱粉的，不算虾毛。\n№35 ☆☆☆锦绣佳期|e7dbec57于2021-11-15 08:13:03留言☆☆☆\n我记错了吗，前几天有个大佬上夹子被冲，我基友说那个已经解释了自己不粉，可论坛还是把她打为虾，大部分排雷的人根本不care解释，或者说是没有了解后续就排了","commentTime":"2021-11-15 08:25:32","commentOwner":"。"},{"comment":"历史引用 展开全部▼\n我记错了吗，前几天有个大佬上夹子被冲，我基友说那个已经解释了自己不粉，可论坛还是把她打为虾，大部分排雷的人根本不care解释，或者说是没有了解后续就排了\n№37 ☆☆☆。|ab99f020于2021-11-15 08:25:32留言☆☆☆\n哦哦我明白你的意思是，是说出了事情之后还在粉的人，解释了也像是迫于压力解释的，这个的确有可能。","commentTime":"2021-11-15 08:27:47","commentOwner":"。"},{"comment":"隔壁排雷十八代祖坟都得给你刨出来","commentTime":"2021-11-15 08:37:38","commentOwner":"= ="},{"comment":"楼主也是别人眼里的雷呢，要么把你文名交出来，让大家评评，你敢吗？","commentTime":"2021-11-15 08:43:40","commentOwner":"……"},{"comment":"看文还是要有自己的主意吧……如果按现代的雷点，别说网文，就是世界名著大家作品都没法看了。看文不仅仅是看三观，更多的是看人性复杂啊。","commentTime":"2021-11-15 08:54:20","commentOwner":"。"},{"comment":"历史引用 展开全部▼\n我记错了吗，前几天有个大佬上夹子被冲，我基友说那个已经解释了自己不粉，可论坛还是把她打为虾，大部分排雷的人根本不care解释，或者说是没有了解后续就排了\n№37 ☆☆☆。|ab99f020于2021-11-15 08:25:32留言☆☆☆\n你说的是lty吗？她们说她出事了vb还在和【】互关啊","commentTime":"2021-11-15 09:01:06","commentOwner":"= ="},{"comment":"我很担心，我几年前刚开始看网文的时候订阅过她的书，这要是能看到作者号订阅，我也要被打成毛了，就很害怕","commentTime":"2021-11-15 09:15:21","commentOwner":"= ="},{"comment":"我很担心，我几年前刚开始看网文的时候订阅过她的书，这要是能看到作者号订阅，我也要被打成毛了，就很害怕\n№43 ☆☆☆= =|9d296767于2021-11-15 09:15:21留言☆☆☆\n出事之后的才算，别总代入","commentTime":"2021-11-15 09:16:14","commentOwner":"= ="}]}