{"id":"f3179901-6a4d-45dd-82e4-c656102046b8","category":"晋江论坛→网友交流区→碧水江汀 请稍候...","postSubject":"主题：pbc衍生，文里写的明明白白的内容，文案排雷清清楚楚 [4] 【搜索关键词：排雷】","postUrl":"https://bbs.jjwxc.net/showmsg.php?board=17&keyword=%C5%C5%C0%D7&id=1788397","originalPost":"就像没看见一样，还问你这是怎么回事？说这不合理那不合理，为什么这么写，真的是心累了\n\n评论里又给你解释，还是像看不见，继续问……","numberOfReplies":4,"comments":[{"comment":"所谓杠精，就是明知如此偏要杠你","commentTime":"2022-03-05 15:42:41","commentOwner":"。"},{"comment":"然后点进去要么全是杠，要么有空口鉴抄，但更多的是“我还是个作者”","commentTime":"2022-03-05 15:48:09","commentOwner":"ovo"},{"comment":"我也见过。一个太太雷也排了、谜团在后文和v章逐渐展开和解释。但有个人总在第一章说第一章的情节这不对那不对，还不止一两次，三天两头看到这个人出现，每次都在第一章，也没什么人理她……说实话看到杠精有点下头","commentTime":"2022-03-05 15:49:38","commentOwner":"= ="},{"comment":"好想删评啊！","commentTime":"2022-03-05 16:03:30","commentOwner":"ovo"}]}