{"id":"42c2947f-3f9c-4250-a3dd-2dab94d198c1","category":"晋江论坛→网友交流区→碧水江汀 欢迎回来：53088456  退 出","postSubject":"主题：求助咕咕们，可以推荐一些住宿条件比较好的大学吗？或者排排雷也可以。祝进来的咕咕本本金榜！ [22] 【搜索关键词：排雷】","postUrl":"https://bbs.jjwxc.net/showmsg.php?board=17&keyword=%C5%C5%C0%D7&id=1961137","originalPost":"希望是211及以下，孩子翻知乎翻不过来了。\n谢谢咕咕（鞠躬）","numberOfReplies":22,"comments":[{"comment":"顶","commentTime":"2022-06-25 15:40:34","commentOwner":"。"},{"comment":"汕头大学好","commentTime":"2022-06-25 15:41:43","commentOwner":"。"},{"comment":"杭师大，电梯楼四人间有微博炉洗衣机，宿舍好看柜子超多","commentTime":"2022-06-25 15:44:58","commentOwner":"。"},{"comment":"汕头大学好\n№2☆☆☆。|31c2167d于2022-06-25 15:41:43留言☆☆☆\n几人间呐？","commentTime":"2022-06-25 15:45:03","commentOwner":"。"},{"comment":"地区和排名方便说吗？我给你找找","commentTime":"2022-06-25 15:45:33","commentOwner":"=="},{"comment":"北京一些老校区的住宿条件特差，浅浅题名一下北师大","commentTime":"2022-06-25 15:45:48","commentOwner":"。"},{"comment":"可以看好学校，关注学校公众号，因为有些学校虽然有那个专业，但可能不对省外招生，比如我校对省外只招机械那些，不大适合女孩子","commentTime":"2022-06-25 15:46:39","commentOwner":"=="},{"comment":"我是湖北的，省排一万七","commentTime":"2022-06-25 15:47:42","commentOwner":"。"},{"comment":"啊这，还是先挑学校然后搜搜宿舍条件吧，大学最重要的还是给你文凭啊，住宿再好也不能用来找工作","commentTime":"2022-06-25 15:50:34","commentOwner":"kaso"},{"comment":"啊这，还是先挑学校然后搜搜宿舍条件吧，大学最重要的还是给你文凭啊，住宿再好也不能用来找工作\n№9☆☆☆kaso|150e02f1于2022-06-25 15:50:34留言☆☆☆\n对，但是我身体很招虫，所以希望宿舍不要太潮湿嘿嘿谢谢","commentTime":"2022-06-25 15:52:57","commentOwner":"。"},{"comment":"Szu不行我先说 网上找到的所有彩虹屁都给你看最好的 但你可能会住最差的","commentTime":"2022-06-25 15:54:04","commentOwner":"。"},{"comment":"别来天津","commentTime":"2022-06-25 15:54:45","commentOwner":"= ="},{"comment":"Szu不行我先说 网上找到的所有彩虹屁都给你看最好的 但你可能会住最差的\n№11☆☆☆。|e1784a6e于2022-06-25 15:54:04留言☆☆☆\n是不是一般新生的宿舍比较差啊？好像研究生最好？","commentTime":"2022-06-25 15:55:38","commentOwner":"。"},{"comment":"江西师大，四人间独立卫浴有空调微波炉什么的","commentTime":"2022-06-25 15:55:49","commentOwner":"。"},{"comment":"郑州大学上床下桌，可以选宿舍类型。\n青岛大学六人间独卫，但是不能洗澡。\n上海财经大学上床下桌。","commentTime":"2022-06-25 15:58:27","commentOwner":"=="},{"comment":"历史引用 展开全部▼\n是不是一般新生的宿舍比较差啊？好像研究生最好？\n№13 ☆☆☆。|682a8c65于2022-06-25 15:55:38留言☆☆☆\n这个学校的话，研究生，博士都有住得不好的，而且不少。分到哪里住纯看运气。学校最绝的就是每隔一到两年你就要搬一次宿舍。而且不是坏的往好的吧搬，根据前几届的反馈来说，大部分时候都是在好的往坏的搬。","commentTime":"2022-06-25 15:58:49","commentOwner":"。"},{"comment":"广州的大学，选新校区的都还可以","commentTime":"2022-06-25 15:59:40","commentOwner":"，"},{"comment":"中国科学院大学研究生宿舍单人间（不是所有人，要看运气","commentTime":"2022-06-25 15:59:43","commentOwner":"=="},{"comment":"辽宁师范大学西山校区住宿很好，上床下桌的","commentTime":"2022-06-25 16:01:00","commentOwner":"啦啦啦"},{"comment":"历史引用 展开全部▼\n这个学校的话，研究生，博士都有住得不好的，而且不少。分到哪里住纯看运气。学校最绝的就是每隔一到两年你就要搬一次宿舍。而且不是坏的往好的吧搬，根据前几届的反馈来说，大部分时候都是在好的往坏的搬。\n№16☆☆☆。|e1784a6e于2022-06-25 15:58:49留言☆☆☆\n原来如此","commentTime":"2022-06-25 16:01:06","commentOwner":"。"},{"comment":"可以搜一下各种地方的帖子，看看有没有新建宿舍或者翻修的。（我当初就是这么挑学校的哈哈哈","commentTime":"2022-06-25 16:02:53","commentOwner":"，"},{"comment":"总体来说，去南方的大学","commentTime":"2022-06-25 16:10:02","commentOwner":"。。。"}]}