{"id":"98c7974a-18f8-4cf4-9dbe-a5466f42d6ec","category":"晋江论坛→网友交流区→碧水江汀 欢迎回来：53088456  退 出","postSubject":"主题：有时候有些读者的评论比排雷还可怕 [1] 【搜索关键词：排雷】","postUrl":"https://bbs.jjwxc.net/showmsg.php?board=17&keyword=%C5%C5%C0%D7&id=1908630","originalPost":"她随口一说，我在好榜流量瞬间停了\n这个评论之前我每小时+5+6，她评论后我+1+2","numberOfReplies":1,"comments":[{"comment":"对对对，我也遇到过这种，然后我悄悄把她评论删了，涨幅又回来了","commentTime":"2022-05-21 19:39:16","commentOwner":"= ="}]}