{"id":"2f97bf9e-699a-422a-9532-6a46cf0be8d0","category":"晋江论坛→网友交流区→碧水江汀 请稍候...","postSubject":"主题：总有盗文狗排雷说文笔差乱七八糟 [2] 【搜索关键词：排雷】","postUrl":"https://bbs.jjwxc.net/showmsg.php?board=17&keyword=%C5%C5%C0%D7&id=1754980","originalPost":"笑死。\n你白嫖看文还叽叽歪歪","numberOfReplies":2,"comments":[{"comment":"被说文笔差乱七八糟看不下去的的那本我直接升星了.jpg","commentTime":"2022-02-09 22:18:03","commentOwner":"。"},{"comment":"不要点开推文评论区\n会心梗.jpg","commentTime":"2022-02-09 22:21:26","commentOwner":"。"}]}