{"id":"2f7b7779-2de7-4d39-9a22-835248a21cba","category":"晋江论坛→网友交流区→碧水江汀 欢迎回来：53088456  退 出","postSubject":"主题：建议贴自己被恶意排雷的图，这样好对战。 [13] 【搜索关键词：排雷】","postUrl":"https://bbs.jjwxc.net/showmsg.php?board=17&keyword=%C5%C5%C0%D7&id=1960078","originalPost":"rt","numberOfReplies":13,"comments":[{"comment":"没必要，匿名论坛没必要做这些可能会掉马的事情","commentTime":"2022-06-24 20:47:09","commentOwner":"。"},{"comment":"dd","commentTime":"2022-06-24 20:47:29","commentOwner":"。"},{"comment":"nsdd","commentTime":"2022-06-24 20:47:30","commentOwner":"。"},{"comment":"读者贴不会掉马\n作者可能会","commentTime":"2022-06-24 20:47:39","commentOwner":"。"},{"comment":"你以为那些人不知道吗，只不过不在乎罢了，毕竟刀子不是扎在自己身上","commentTime":"2022-06-24 20:48:03","commentOwner":"。"},{"comment":"本来就被撺掇得够对立了，掉马了更容易被w暴","commentTime":"2022-06-24 20:48:17","commentOwner":"。"},{"comment":"。怎么有人天天被迫害妄想，大多数看到不太正面的评论都是找机油或者用自己小号压压评吧。本身pc就能看评论怎么被删除的，现在app也同步显示就踩了某些blx的尾巴了？","commentTime":"2022-06-24 20:50:42","commentOwner":"。"},{"comment":"。怎么有人天天被迫害妄想，大多数看到不太正面的评论都是找机油或者用自己小号压压评吧。本身pc就能看评论怎么被删除的，现在app也同步显示就踩了某些blx的尾巴了？\n№7 ☆☆☆。|f379fb2c♥♥♥于2022-06-24 20:50:42留言☆☆☆\n怎么玻璃心该死吗？那你报警吧。","commentTime":"2022-06-24 20:52:03","commentOwner":"。"},{"comment":"没必要，匿名论坛没必要做这些可能会掉马的事情\n№1☆☆☆。|e117766f于2022-06-24 20:47:09留言☆☆☆\n。","commentTime":"2022-06-24 20:52:29","commentOwner":"。"},{"comment":"历史引用 展开全部▼\n怎么玻璃心该死吗？那你报警吧。\n№8 ☆☆☆。|7ae26c8b于2022-06-24 20:52:03留言☆☆☆\n我又不急，不如你报警吧","commentTime":"2022-06-24 20:53:33","commentOwner":"= ="},{"comment":"。怎么有人天天被迫害妄想，大多数看到不太正面的评论都是找机油或者用自己小号压压评吧。本身pc就能看评论怎么被删除的，现在app也同步显示就踩了某些blx的尾巴了？\n№7 ☆☆☆。|f379fb2c于2022-06-24 20:50:42留言☆☆☆\n几个帖子都看到你在跳了，要不你让晋江把玻璃心作者都赶出去吧","commentTime":"2022-06-24 20:53:39","commentOwner":"。"},{"comment":"想啥呢？为什么要给眼神？还对战，你可以先贴个自己被恶意排雷截图，等着看看被解码了会不会被挂被冲就知道了","commentTime":"2022-06-24 20:57:58","commentOwner":"。"},{"comment":"历史引用 展开全部▼\n几个帖子都看到你在跳了，要不你让晋江把玻璃心作者都赶出去吧\n№11 ☆☆☆。|c3a130d0于2022-06-24 20:53:39留言☆☆☆\n不好意思啊作者就是blx，容易共情，不然怎么写文啊嘻嘻","commentTime":"2022-06-24 21:00:27","commentOwner":"写不出"}]}