{"id":"9af62ba5-a43e-4673-a5b4-20988f9a1b05","category":"晋江论坛→网友交流区→碧水江汀 请稍候...","postSubject":"主题：很难不无语，推文区有人排雷“太清水了”，最后慢慢演变成—— [13] 【搜索关键词：排雷】","postUrl":"https://bbs.jjwxc.net/showmsg.php?board=17&keyword=%C5%C5%C0%D7&id=1635170","originalPost":"层主：排雷，太清水了，男女主别说接吻，手都没牵过几次\n\n回复1：亲都不亲，立马萎了\n回复2：什么玩意儿，手都不牵\n回复4：我也是，根本看不下去，别说接吻牵手了拥抱都没有\n回复3：谢谢排雷！！！差点就去了\n\n我：？？？？？？这是我的小说？？？？？谁说我的男女主没亲过没牵过手没拥抱过？？？？？给我整吐了","numberOfReplies":13,"comments":[{"comment":"太真实了","commentTime":"2021-11-12 18:45:02","commentOwner":"。"},{"comment":"。。。我就是没亲过没抱过没牵手过，这是我扑街的原因吗","commentTime":"2021-11-12 18:45:48","commentOwner":"。。"},{"comment":"那还能上来就咔咔干啊……","commentTime":"2021-11-12 18:46:48","commentOwner":"。"},{"comment":"。。。我就是没亲过没抱过没牵手过，这是我扑街的原因吗\n№2☆☆☆。。|025cc3fc于2021-11-12 18:45:48留言☆☆☆\n剧情流的话不必在意\n我感情流，比较清水但这不是排雷演变成这样的理由","commentTime":"2021-11-12 18:46:55","commentOwner":"=="},{"comment":"其实如果真的写的好，没亲亲啥的，都想看。之前看过一个文，清水到全篇只有一个亲脸，但是好好看看完了全本，而且觉得很暖。","commentTime":"2021-11-12 18:47:00","commentOwner":"。"},{"comment":"那还能上来就咔咔干啊……\n№3☆☆☆ 。|0bb229d4于2021-11-12 18:46:48留言☆☆☆\n哈哈哈哈哈哈哈哈哈哈戳我笑点上了","commentTime":"2021-11-12 18:47:18","commentOwner":"=="},{"comment":"想到我基友的文。\n暴君口头威胁：我要扒你的皮（当时的受是动物形态且攻不知道）\n——\n某个排雷楼：攻扬言要扒受的皮\n楼里：攻虐杀受\n楼里：这还能he？作者三观有问题！","commentTime":"2021-11-12 18:47:24","commentOwner":"小酋皇"},{"comment":"才发现3和4标反了\n我太气愤了！","commentTime":"2021-11-12 18:48:26","commentOwner":"=="},{"comment":"想到我基友的文。\n暴君口头威胁：我要扒你的皮（当时的受是动物形态且攻不知道）\n——\n某个排雷楼：攻扬言要扒受的皮\n楼里：攻虐杀受\n楼里：这还能he？作者三观有问题！\n№7 ☆☆☆小酋皇|1df86077于2021-11-12 18:47:24留言☆☆☆\n好家伙","commentTime":"2021-11-12 18:49:03","commentOwner":"。"},{"comment":"想到我基友的文。\n暴君口头威胁：我要扒你的皮（当时的受是动物形态且攻不知道）\n——\n某个排雷楼：攻扬言要扒受的皮\n楼里：攻虐杀受\n楼里：这还能he？作者三观有问题！\n№7 ☆☆☆小酋皇|1df86077于2021-11-12 18:47:24留言☆☆☆\n对不起我笑出了声哈哈哈哈哈哈哈哈，这个发展太怪了哈哈哈哈哈哈这就是谣言的传播吗绝了","commentTime":"2021-11-12 18:53:22","commentOwner":"兔兔秃菟"},{"comment":"？？？我每本书最多就到接吻，还只亲一次\n我感觉最吸引人的点不在这些上面吧啊啊啊读者难道和我想的不一样吗","commentTime":"2021-11-12 18:54:14","commentOwner":"。"},{"comment":"太真实了，每次看到排雷内容就会疑惑，这真是我写过的情节？我怎么都不知道？他们是不是走错片场了呜呜","commentTime":"2021-11-12 18:58:10","commentOwner":"。"},{"comment":"太真实了","commentTime":"2021-11-12 18:58:54","commentOwner":"咕咕"}]}