{"id":"e59bcea7-dda7-4f04-87c8-7ff5dbe3cb98","category":"晋江论坛→网友交流区→碧水江汀 欢迎回来：53088456  退 出","postSubject":"主题：没说不让评论吧？意思不是不能恶意评论恶意排雷吗 [5] 【搜索关键词：排雷】","postUrl":"https://bbs.jjwxc.net/showmsg.php?board=17&keyword=%C5%C5%C0%D7&id=1986289","originalPost":"。","numberOfReplies":5,"comments":[{"comment":"。","commentTime":"2022-07-13 00:40:05","commentOwner":"。"},{"comment":"符合正当诉求的评论还是可以该评评的啊，bx不是这个意思吗","commentTime":"2022-07-13 00:40:24","commentOwner":"。"},{"comment":"偷换概念罢了，要看看话术总结吗，1985422","commentTime":"2022-07-13 00:40:50","commentOwner":"。"},{"comment":"放大矛盾，搞对立罢了","commentTime":"2022-07-13 00:41:56","commentOwner":"。"},{"comment":"【广告】\n（6）作品内容文字或截图：VIP章节内容文字或截图，违规内容文字或截图\n【妨碍创作阅读环境】\n（1）空口鉴：无证据鉴抄、鉴刷、鉴原型等\n（2）引战：发表常见热点引战话题如男女、地域、狗肉等\n【闹版】\n娱乐圈:任何娱乐圈相关、粉圈相关、明星相关内容，以及其他与娱乐圈联动的内容\n好了你可以排雷了，请问我用火盆当原型写文，你要怎么在读者区排雷？请问我融梗了，你要怎么在读者区排雷？","commentTime":"2022-07-13 00:50:55","commentOwner":"。"}]}