{"id":"9bd5c757-b9ff-467a-801d-acc44317806f","category":"晋江论坛→网友交流区→碧水江汀 请稍候...","postSubject":"主题：被排雷，然后排雷评论都是赞我没有，气死了！ [5] 【搜索关键词：排雷】","postUrl":"https://bbs.jjwxc.net/showmsg.php?board=17&keyword=%C5%C5%C0%D7&id=1687935","originalPost":"就很尴尬，排雷的好多赞，我解释回复的一个没有呜呜呜","numberOfReplies":5,"comments":[{"comment":"拿小号给自己点上！","commentTime":"2021-12-22 21:23:57","commentOwner":"= ="},{"comment":"拿小号给自己点上！\n№1 ☆☆☆= =|594573be于2021-12-22 21:23:57留言☆☆☆\n还有基友啥的，都叫上，咱要比过他们","commentTime":"2021-12-22 21:24:19","commentOwner":"= ="},{"comment":"拿小号给自己点上！\n№1☆☆☆= =|594573be于2021-12-22 21:23:57留言☆☆☆\n哈哈哈哈哈可以！","commentTime":"2021-12-22 21:24:23","commentOwner":"。"},{"comment":"历史引用 展开全部▼\n还有基友啥的，都叫上，咱要比过他们\n№2 ☆☆☆= =|594573be于2021-12-22 21:24:19留言☆☆☆\n我这就去！","commentTime":"2021-12-22 21:24:45","commentOwner":"。"},{"comment":"虚假排雷了？","commentTime":"2021-12-22 21:30:30","commentOwner":"。"}]}