{"id":"1093294a-4c4f-4d4b-bff4-7e659c0ddf35","category":"晋江论坛→网友交流区→碧水江汀 请稍候...","postSubject":"主题：看担心出海题材的，你说以后会不会有跨国排雷？ [20] 【搜索关键词：排雷】","postUrl":"https://bbs.jjwxc.net/showmsg.php?board=17&keyword=%C5%C5%C0%D7&id=1727122","originalPost":"好多说要单本授权，不适合的题材不出。真这样以后国外没准有跨国排雷业务，该作者在国内写过xxxxxxx。\n想想就刺激","numberOfReplies":20,"comments":[{"comment":"笑死，到时候真的就有太平洋警察了","commentTime":"2022-01-20 13:21:53","commentOwner":"。"},{"comment":"草","commentTime":"2022-01-20 13:22:35","commentOwner":"。"},{"comment":"就我所观\n俄国和英美（其他地方不知道，没去过）\n根本没有小警察排雷这种东西\n人连ky的概念都没有\nAB的手书下来一句“我要看AC”\n都没人管你","commentTime":"2022-01-20 13:23:46","commentOwner":"。"},{"comment":"就我所观\n俄国和英美（其他地方不知道，没去过）\n根本没有小警察排雷这种东西\n人连ky的概念都没有\nAB的手书下来一句“我要看AC”\n都没人管你\n№3 ☆☆☆。|8b17b825于2022-01-20 13:23:46留言☆☆☆\n但有zzzq boycott","commentTime":"2022-01-20 13:24:26","commentOwner":"。"},{"comment":"历史引用 展开全部▼\n但有zzzq boycott\n№4 ☆☆☆。|00f7215c于2022-01-20 13:24:26留言☆☆☆\n确 实","commentTime":"2022-01-20 13:24:58","commentOwner":"。"},{"comment":"就海外起点那种呗\n根本搞不起来","commentTime":"2022-01-20 13:25:08","commentOwner":"不授权p事没有"},{"comment":"就海外起点那种呗\n根本搞不起来\n№6 ☆☆☆不授权p事没有|c01c6f60于2022-01-20 13:25:08留言☆☆☆\n来了来了\n八字还没一撇就跑过来的消极主义者（看戏）","commentTime":"2022-01-20 13:25:35","commentOwner":"。"},{"comment":"欧美东南亚很开放的，日本历史甚至是选修，感觉只有韩国会排雷，那里很多战狼。这些是我看选秀发现的，只有韩国观众排zgr，日本粉圈不在乎这些。","commentTime":"2022-01-20 13:26:55","commentOwner":"= ="},{"comment":"泰国好爱狗血剧情！虐心的！","commentTime":"2022-01-20 13:28:12","commentOwner":"= ="},{"comment":"不要jj即世界呀，据我所知jj真的是读者最严格的地方了，这也排雷那也排雷，国外当场蟹脚都拍手叫好的","commentTime":"2022-01-20 13:38:34","commentOwner":"。"},{"comment":"去泰国呀！","commentTime":"2022-01-20 13:42:24","commentOwner":"=="},{"comment":"反正我也看不懂，排吧","commentTime":"2022-01-20 13:43:25","commentOwner":"……"},{"comment":"就我所观\n俄国和英美（其他地方不知道，没去过）\n根本没有小警察排雷这种东西\n人连ky的概念都没有\nAB的手书下来一句“我要看AC”\n都没人管你\n№3☆☆☆。|8b17b825于2022-01-20 13:23:46留言☆☆☆\n但是他们有比排雷更可怕的东西","commentTime":"2022-01-20 13:44:32","commentOwner":"=="},{"comment":"历史引用 展开全部▼\n确 实\n№5 ☆☆☆。|8b17b825于2022-01-20 13:24:58留言☆☆☆\n确实，以后写文不仅要考虑晋江读者的雷点，还看考虑哪些情节那些话会不会让她们嗯……","commentTime":"2022-01-20 13:47:30","commentOwner":"。"},{"comment":"楼上的，人家是不在乎宗教不在乎XP狗血虐心，但人在乎族裔，谁知道有哪些作者行文调侃过偷国调侃过猴子调侃过小日子过的不错的日本人？这样的内容翻出去砸得不是晋江的锅？\n人家雷的可能是你根本就没在乎过的东西，外网写个黑人摘棉花都是种族歧视，欧美不提他泰那边大概跨性别者或其支持者也很多，真的不能全部输出我说倦了","commentTime":"2022-01-20 13:48:14","commentOwner":"。"},{"comment":"历史引用 展开全部▼\n确实，以后写文不仅要考虑晋江读者的雷点，还看考虑哪些情节那些话会不会让她们嗯……\n№14 ☆☆☆。|d6f8e285于2022-01-20 13:47:30留言☆☆☆\n很好解决，单本授权，能出海的设定/情节出海，不能出海的就待在国内","commentTime":"2022-01-20 13:50:01","commentOwner":"。"},{"comment":"国外有zzzq那套哈，想想罗琳","commentTime":"2022-01-20 13:50:21","commentOwner":"，"},{"comment":"历史引用 展开全部▼\n很好解决，单本授权，能出海的设定/情节出海，不能出海的就待在国内\n№16 ☆☆☆。|28381832于2022-01-20 13:50:01留言☆☆☆\n我首楼说的就是单本授权后的跨国排雷业务啊","commentTime":"2022-01-20 13:50:29","commentOwner":"。"},{"comment":"zzzq怎么办啊……","commentTime":"2022-01-20 13:50:54","commentOwner":"= ="},{"comment":"历史引用 展开全部▼\n很好解决，单本授权，能出海的设定/情节出海，不能出海的就待在国内\n№16 ☆☆☆。|28381832于2022-01-20 13:50:01留言☆☆☆\n但是你能确定吗，反正我每次上夹子前我是不知道杠精会从什么方面入手骂我","commentTime":"2022-01-20 13:59:37","commentOwner":"。"}]}