{"id":"25a7ae24-b892-4959-b90a-3ce1a8f9bfbc","category":"晋江论坛→网友交流区→碧水江汀 请稍候...","postSubject":"主题：【约稿排雷】希望姑姑们不要再遇上高贵画手 [82] 【搜索关键词：排雷】","postUrl":"https://bbs.jjwxc.net/showmsg.php?board=17&keyword=%C5%C5%C0%D7&id=1634720","originalPost":"自从晋江越来越流行人设风，打着商用x2x3x5还有x15的高贵画手越来越多，作品没有达到商用精度张嘴就要商用价格，真是给他们脸了吗？就是欺负咕咕脾气软文。\n一个个这么爱耍大牌倒是直接把不约晋江稿放在首页，省得每次排完队才发现价格飙涨。还有些脾气大得不行，那么贵的越高费改一下都有意见，专业画院的都没他们目中无人。\n\n以后再遇到这些玩意儿就发到这个帖子 给大家专业排雷。","numberOfReplies":82,"comments":[{"comment":"bd","commentTime":"2021-11-12 11:59:00","commentOwner":"。。。。"},{"comment":"x15也太离谱了吧","commentTime":"2021-11-12 11:59:35","commentOwner":"。"},{"comment":"x15真的假的","commentTime":"2021-11-12 11:59:55","commentOwner":"。。"},{"comment":"x15?挂他丫的","commentTime":"2021-11-12 12:00:01","commentOwner":"。"},{"comment":"首先是今天的新爆雷。\n半次元画手【丰狐自害】\n咕咕被帖子安利去约稿，发了蹲单却被画手亲人骂sb，画手将【亲友骂人sb】称为【拒绝】，为【亲友拒绝】道歉，一丘之貉，素质极差。","commentTime":"2021-11-12 12:01:50","commentOwner":"。"},{"comment":"x15?挂他丫的\n№4 ☆☆☆。|cc2735a5于2021-11-12 12:00:01留言☆☆☆\n真的，之前有人发过不错没有爆出来，以后我遇到了都会把名字发到这里给大家避雷","commentTime":"2021-11-12 12:02:19","commentOwner":"。"},{"comment":"晋江咕咕脾气太好了出事也就默默吃亏都不挂出来，而且你们给得太多了，让那些画手真以为水平有那么高。一个个狮子开大口","commentTime":"2021-11-12 12:05:13","commentOwner":"。"},{"comment":"同意同意，这种风气就不能助长，大不了不约啊，受什么气，还去群里各种蹲蹲蹲，好卑微啊！","commentTime":"2021-11-12 12:07:14","commentOwner":"=="},{"comment":"养成良好习惯，我们碧水咕不是软柿子\n别当卑微甲方\n以后画手nt就直接挂出来，她们光脚的不怕穿鞋的，难道我们不能抱团？\n躺平随便欺负？","commentTime":"2021-11-12 12:07:54","commentOwner":"。"},{"comment":"所有把晋江封面当商稿报价的小画家都值得一个排雷","commentTime":"2021-11-12 12:08:20","commentOwner":"= ="},{"comment":"是这个理","commentTime":"2021-11-12 12:08:27","commentOwner":"。"},{"comment":"不能助长这种风气，不要惯毛病，不好就直接挂，挂完之后我第一个去她们评论区下面教做人\n作者害怕得罪人之后自己评论区被刷负，那么咱们也教教他们做人","commentTime":"2021-11-12 12:08:58","commentOwner":"。"},{"comment":"养成良好习惯，我们碧水咕不是软柿子\n别当卑微甲方\n以后画手nt就直接挂出来，她们光脚的不怕穿鞋的，难道我们不能抱团？\n躺平随便欺负？\n№9 ☆☆☆。|e97d9669于2021-11-12 12:07:54留言☆☆☆\n对，都挂这帖子里！就没见过给钱的还要做孙子的！","commentTime":"2021-11-12 12:09:15","commentOwner":"。"},{"comment":"收藏了，以后长期来帖子里逛逛","commentTime":"2021-11-12 12:09:33","commentOwner":"……"},{"comment":"同意啊","commentTime":"2021-11-12 12:09:37","commentOwner":"。"},{"comment":"x15？想钱想疯了吧！","commentTime":"2021-11-12 12:09:41","commentOwner":"= ="},{"comment":"不要哄抬价格","commentTime":"2021-11-12 12:09:45","commentOwner":"＝＝"},{"comment":"咕咕是甲方！坚决不惯他们","commentTime":"2021-11-12 12:10:03","commentOwner":"。"},{"comment":"统一纯排…","commentTime":"2021-11-12 12:10:43","commentOwner":"。"},{"comment":"画圈没有市场价格监管，价格都开的很乱。想起之前一个新闻，未成年花几万块钱买人设画......","commentTime":"2021-11-12 12:11:12","commentOwner":"= ="},{"comment":"必须排雷。\n要牢记我们是出钱的甲方，网上五彩斑斓的黑的段子都忘了？\n我们不那么刁难乙方，但是也绝不能卑微！","commentTime":"2021-11-12 12:11:22","commentOwner":"喵大王"},{"comment":"画圈没有市场价格监管，价格都开的很乱。想起之前一个新闻，未成年花几万块钱买人设画......\n№20☆☆☆= =|2818feff于2021-11-12 12:11:12留言☆☆☆\n几万块我宁愿去找我从很小就很喜欢的那些插画师太太们而不是找这些名不见经传的...","commentTime":"2021-11-12 12:11:53","commentOwner":"= ="},{"comment":"踢踢","commentTime":"2021-11-12 12:12:16","commentOwner":"= ="},{"comment":"不能助长这种风气，不要惯毛病，不好就直接挂，挂完之后我第一个去她们评论区下面教做人\n作者害怕得罪人之后自己评论区被刷负，那么咱们也教教他们做人\n№12 ☆☆☆。|e97d9669于2021-11-12 12:08:58留言☆☆☆\n。","commentTime":"2021-11-12 12:12:22","commentOwner":"瓜"},{"comment":"必须排雷。\n要牢记我们是出钱的甲方，网上五彩斑斓的黑的段子都忘了？\n我们不那么刁难乙方，但是也绝不能卑微！\n№21☆☆☆喵大王|ecf9ee28于2021-11-12 12:11:22留言☆☆☆\n对，既然我是商用，还给了溢价，那就要改到满意","commentTime":"2021-11-12 12:12:23","commentOwner":"。"},{"comment":"。","commentTime":"2021-11-12 12:12:33","commentOwner":"。"},{"comment":"真的是这样，前段时间我想约，下了个半次元看看，里面大部分都要x2要么炖蛋还要去群里，排队几个月……头都看大了，还不如纯排或者自己画","commentTime":"2021-11-12 12:13:32","commentOwner":"。"},{"comment":"就是，我们是甲方，支棱起来！！","commentTime":"2021-11-12 12:13:58","commentOwner":"。"},{"comment":"到税务那里举报他们没□□不交税。","commentTime":"2021-11-12 12:14:35","commentOwner":"。。。"},{"comment":"到税务那里举报他们没□□不交税。\n№29 ☆☆☆。。。|036a27b2??于2021-11-12 12:14:35留言☆☆☆\n发pia....o","commentTime":"2021-11-12 12:15:02","commentOwner":"。。。"},{"comment":"蹲蹲","commentTime":"2021-11-12 12:15:22","commentOwner":"。"},{"comment":"历史引用 展开全部▼\n发pia....o\n№30 ☆☆☆。。。|036a27b2于2021-11-12 12:15:02留言☆☆☆\n。","commentTime":"2021-11-12 12:15:55","commentOwner":"。"},{"comment":"所有把晋江封面当商稿报价的小画家都值得一个排雷\n№10 ☆☆☆= =|8293ce4b于2021-11-12 12:08:20留言☆☆☆\n。","commentTime":"2021-11-12 12:17:02","commentOwner":"。"},{"comment":"到税务那里举报他们没□□不交税。\n№29 ☆☆☆。。。|036a27b2于2021-11-12 12:14:35留言☆☆☆\n。","commentTime":"2021-11-12 12:17:32","commentOwner":"。"},{"comment":"好帖子！dd","commentTime":"2021-11-12 12:17:40","commentOwner":"。"},{"comment":"历史引用 展开全部▼\n对，既然我是商用，还给了溢价，那就要改到满意\n№25 ☆☆☆ 。|71ba37a2于2021-11-12 12:12:23留言☆☆☆\n带","commentTime":"2021-11-12 12:17:54","commentOwner":"。"},{"comment":"既然想收商稿价格就老老实实签合同，交shui，给我商稿的精度，商稿能来回打回去五六次小画家行么？","commentTime":"2021-11-12 12:18:17","commentOwner":"。"},{"comment":"蹲","commentTime":"2021-11-12 12:18:19","commentOwner":"。"},{"comment":"也希望大家不要盲目吃烂白菜","commentTime":"2021-11-12 12:19:19","commentOwner":"= ="},{"comment":"蹲蹲","commentTime":"2021-11-12 12:20:07","commentOwner":"＝ ＝"},{"comment":"希望广大受害咕咕也积极在帖子发出避雷画手，大家共建健康约稿氛围。说实话很多人设封好不如纯排好看，能让读者留下来的靠的不是封面而是文，大家真的不需要这么卑微。","commentTime":"2021-11-12 12:21:46","commentOwner":"。"},{"comment":"从隔壁拿来咕咕的【丰狐自害】的约稿群，【102＋178-96=64】，群名目前为【偷狗大队】","commentTime":"2021-11-12 12:25:09","commentOwner":"。"},{"comment":"现在网上有的小画家可真有意思，收着比美协会员更贵的价格，画着精细度屎一样的稿子，加急商用x2x3x15，合同都不签还张口闭口施舍一样给你一次修改机会，姿态拽的像头驴，完事还要对金主指指点点，都是给惯的，张口要钱倒是有脸了，一问税额——0哦。","commentTime":"2021-11-12 12:25:43","commentOwner":"……"},{"comment":"从隔壁拿来咕咕的【丰狐自害】的约稿群，【102＋178-96=64】，群名目前为【偷狗大队】\n№42 ☆☆☆。|525781fe于2021-11-12 12:25:09留言☆☆☆\n带，八百人约稿群，高贵画手咱们不配去约，避雷","commentTime":"2021-11-12 12:26:07","commentOwner":"。"},{"comment":"既然想收商稿价格就老老实实签合同，交shui，给我商稿的精度，商稿能来回打回去五六次小画家行么？\n№37☆☆☆。|e03ca0fb于2021-11-12 12:18:17留言☆☆☆\n五六次对于商稿来说也太宽松了，不满意的话更多也很合理","commentTime":"2021-11-12 12:26:13","commentOwner":"。"},{"comment":"从隔壁拿来咕咕的【丰狐自害】的约稿群，【102＋178-96=64】，群名目前为【偷狗大队】\n№42 ☆☆☆。|525781fe于2021-11-12 12:25:09留言☆☆☆\nwhobe小画家报团笑死人了","commentTime":"2021-11-12 12:27:15","commentOwner":"= ="},{"comment":"收藏这个帖子了，等有避雷画手就放进来","commentTime":"2021-11-12 12:27:51","commentOwner":"。"},{"comment":"说实话这个也得看情况，感觉bs的咕咕怎么都挺容易踩雷的，大部分画手应该都还是挺友好的，可以去画世界逛逛，里面的小画手收的钱一般便宜还好看。\n而且文字设很多画手也是不愿意接的，因为自身也是绘圈的，也有太太过来约稿，结果一开头就是不知道什么原因语气感觉也不是很好，很多咕咕可能以为画封面就直接脑绘（救命其实不是的）一般的话还是需要带人设图的。如果是文字设的话，不要光说一个白发，然后笑得很可爱，什么之类的，一定要说具体的细节，是长发还是短发，然后眼睛的颜色以及身上的一些非常重要的装饰物。（最好是有具体的参考）\n其实我觉得原来晋江的封面还是还是挺有特色。\n以前挺多那个熊猫的表情包的。\n总体来说双方都要好好沟通吧。\n约那种名气特别大的小画家人家主要是也不差这一个单子，然后加上要求比较多可能沟通也不讨好。\n可以想想办法去捡白菜。\n有些画手听到要求比较多的话，可能也会比较暴躁。当时有一个咕咕。要求我改一张图，然后改了15次，就一直模模糊糊的说那种感觉，救命，我当时真的要爆炸了，真的要哭了。最后画了7八个小时才给十几块钱（当时第一次接人设稿也没有价位）\n当然这样的咕咕只是个例，当时两人都不太了解\n约稿流程（狗头保命）我遇见的另一位就特别好\n说话，总体来说，碧水的咕咕如果是想约稿的。可以多看看一些软件上面的画师，然后找找符合自己心意的，瞄准目光再戳，实在不行的话，其实还有模板捏人。\n    ","commentTime":"2021-11-12 12:28:00","commentOwner":"zzz"},{"comment":"所以我都自己做封面","commentTime":"2021-11-12 12:28:52","commentOwner":"。"},{"comment":"说实话这个也得看情况，感觉bs的咕咕怎么都挺容易踩雷的，大部分画手应该都还是挺友好的，可以去画世界逛逛，里面的小画手收的钱一般便宜还好看。\n而且文字设很多画手也是不愿意接的，因为自身也是绘圈的，也有太太过来约稿，结果一开头就是不知道什么原因语气感觉也不是很好，很多咕咕可能以为画封面就直接脑绘（救命其实不是的）一般的话还是需要带人设图的。如果是文字设的话，不要光说一个白发，然后笑得很可爱，什么之类的，一定要说具体的细节，是长发还是短发，然后眼睛的颜色以及身上的一些非常重要的装饰物。（最好是有具体的参考）\n其实我觉得原来晋江的封面还是还是挺有特色。\n以前挺多那个熊猫的表情包的。\n总体来说双方都要好好沟通吧。\n约那种名气特别大的小画家人家主要是也不差这一个单子，然后加上要求比较多可能沟通也不讨好。\n可以想想办法去捡白菜。\n有些画手听到要求比较多的话，可能也会比较暴躁。当时有一个咕咕。要求我改一张图，然后改了15次，就一直模模糊糊的说那种感觉，救命，我当时真的要爆炸了，真的要哭了。最后画了7八个小时才给十几块钱（当时第一次接人设稿也没有价位）\n当然这样的咕咕只是个例，当时两人都不太了解\n约稿流程（狗头保命）我遇见的另一位就特别好\n说话，总体来说，碧水的咕咕如果是想约稿的。可以多看看一些软件上面的画师，然后找找符合自己心意的，瞄准目光再戳，实在不行的话，其实还有模板捏人。\n????\n№48 ☆☆☆zzz|ec9a6e72于2021-11-12 12:28:00留言☆☆☆\n这个楼就是排雷贴，你跟我说要好好沟通互相体谅，我是甲方我给钱了。三次元哪个乙方这么多要求？我能让广告公司给我换10个ae。而且能到排雷的根本不是你说的这种情况。","commentTime":"2021-11-12 12:33:32","commentOwner":"。"},{"comment":"挂吧，新注册号帮冲评论区，嘻嘻","commentTime":"2021-11-12 12:34:26","commentOwner":"= ="},{"comment":"历史引用 展开全部▼\n。\n№34☆☆☆。|4d01a44b于2021-11-12 12:17:32留言☆☆☆\n排","commentTime":"2021-11-12 12:35:13","commentOwner":"= ="},{"comment":"拜托不要来我这个帖子做理中客，要说自己出去开贴。晋江咕咕以前还不够软吗？我这个贴就是要硬起来，一句话，我是甲方爸爸我给钱了，之前跟他们好好说话的结果有目共睹，希望大家不要再歪楼。","commentTime":"2021-11-12 12:36:39","commentOwner":"。"},{"comment":"我跟你们讲不少来bs说找到画手，找到白菜，但是一问就给联xfs的，十有□□都是广告，也就傻咕咕们真信","commentTime":"2021-11-12 12:50:29","commentOwner":"。"},{"comment":"我跟你们讲不少来bs说找到画手，找到白菜，但是一问就给联xfs的，十有□□都是广告，也就傻咕咕们真信\n№54 ☆☆☆。|fe7322aa于2021-11-12 12:50:29留言☆☆☆\n就是赚咕咕们的钱还要把自己放在最高的位置，呵","commentTime":"2021-11-12 12:56:55","commentOwner":"。"},{"comment":"x3已经有点过分了，x15是什么鬼","commentTime":"2021-11-12 12:58:07","commentOwner":"。"},{"comment":"我跟你们讲不少来bs说找到画手，找到白菜，但是一问就给联xfs的，十有□□都是广告，也就傻咕咕们真信\n№54 ☆☆☆。|fe7322aa于2021-11-12 12:50:29留言☆☆☆\n排，老有人推谁谁，说很好，又不放自己约稿结果的，一般都是广告。\n正常咕咕都是放自己约的稿子，有些人不放稿子只推人，就是广告。","commentTime":"2021-11-12 12:59:29","commentOwner":"。"},{"comment":"咕咕们来看看这个帖子啊，不要再这么卑微了，我之前约个单，说好两个星期，足足拖了两个月，对方态度好我也懒得说什么，但有些画手真的没有职业素养，价格还高，我还不如用纯排","commentTime":"2021-11-12 13:05:27","commentOwner":""},{"comment":"加一点，不要去群里约稿！！！","commentTime":"2021-11-12 13:05:34","commentOwner":"。"},{"comment":"带一个隔壁说的\n|490eb961????\n№566  2021-11-12 12:54:44\n在这位画手这里约过稿，白菜是白菜，但是几百人的群真的不建议大家约。\n蹲上几个月抢到了（几百个人抢几个号），再等上一阵拖延到最后开始画，说话必须小心翼翼，很容易叫人撤单。\n几十块钱耗费几个月，无数心力，真的不值得不值得。\n进过这个画手群之后再也不敢找有群的画手美工了","commentTime":"2021-11-12 13:08:57","commentOwner":"。"},{"comment":"我遇到*3的，但是本来就很便宜15\n块钱买断，听说是封面*3  45块钱买了","commentTime":"2021-11-12 13:19:08","commentOwner":"。。。"},{"comment":"嗐，才发现我之前加过丰狐群，刚才又去群里看了一眼，正在骂呢………","commentTime":"2021-11-12 13:32:58","commentOwner":"汪汪汪"},{"comment":"蹲名单","commentTime":"2021-11-12 13:38:00","commentOwner":"。。"},{"comment":"嗐，才发现我之前加过丰狐群，刚才又去群里看了一眼，正在骂呢………\n№62 ☆☆☆汪汪汪|c30607b0于2021-11-12 13:32:58留言☆☆☆\n骂谁，骂约稿的吗","commentTime":"2021-11-12 13:44:39","commentOwner":"。"},{"comment":"×2看画师能力，但×3×5×15太离谱了","commentTime":"2021-11-12 13:45:37","commentOwner":"。"},{"comment":"历史引用 展开全部▼\n骂谁，骂约稿的吗\n№64 ☆☆☆。|21927ffc于2021-11-12 13:44:39留言☆☆☆\n……？？希望是骂管理，但是明显不大可能。","commentTime":"2021-11-12 13:45:42","commentOwner":"。"},{"comment":"排，不要跪着约稿","commentTime":"2021-11-12 13:46:45","commentOwner":"= ="},{"comment":"就是jj的咕咕都太好说话了，有些画手把客气当卑微，给了他们错觉以为求着他们画，然后价格水涨船高","commentTime":"2021-11-12 13:49:52","commentOwner":"= ="},{"comment":"现在网上有的小画家可真有意思，收着比美协会员更贵的价格，画着精细度屎一样的稿子，加急商用x2x3x15，合同都不签还张口闭口施舍一样给你一次修改机会，姿态拽的像头驴，完事还要对金主指指点点，都是给惯的，张口要钱倒是有脸了，一问税额——0哦。\n№43 ☆☆☆……|ab53db26于2021-11-12 12:25:43留言☆☆☆\n。","commentTime":"2021-11-12 13:50:06","commentOwner":"。"},{"comment":"对，几个月不回信息，有时候都纳闷，花钱找罪受？","commentTime":"2021-11-12 13:51:35","commentOwner":"点点"},{"comment":"晋江作者的钱是真的好赚，收费贵的要死，真正的商稿也没那么漫天要价","commentTime":"2021-11-12 13:53:35","commentOwner":"……"},{"comment":"历史引用 展开全部▼\n……？？希望是骂管理，但是明显不大可能。\n№66 ☆☆☆。|b48ddc53于2021-11-12 13:45:42留言☆☆☆\n骂管理吗？","commentTime":"2021-11-12 13:53:47","commentOwner":"。"},{"comment":"不接受网络小说封面算商用","commentTime":"2021-11-12 13:54:03","commentOwner":"。"},{"comment":"不接受网络小说封面算商用\n№73 ☆☆☆。   |f45913b6于2021-11-12 13:54:03留言☆☆☆\n。","commentTime":"2021-11-12 13:54:21","commentOwner":"= ="},{"comment":"历史引用 展开全部▼\n骂管理吗？\n№72☆☆☆。|739aba79于2021-11-12 13:53:47留言☆☆☆\n还用问吗小画家的群肯定是捧着小画家啊","commentTime":"2021-11-12 13:55:07","commentOwner":"= ="},{"comment":"从隔壁拿来咕咕的【丰狐自害】的约稿群，【102＋178-96=64】，群名目前为【偷狗大队】\n№42 ☆☆☆。|525781fe于2021-11-12 12:25:09留言☆☆☆\n带这层，隔壁贴有约过的人说\n【\n在这位画手这里约过稿，白菜是白菜，但是几百人的群真的不建议大家约。\n蹲上几个月抢到了（几百个人抢几个号），再等上一阵拖延到最后开始画，说话必须小心翼翼，很容易叫人撤单。\n几十块钱耗费几个月，无数心力，真的不值得不值得。\n进过这个画手群之后再也不敢找有群的画手美工了。】\n——————","commentTime":"2021-11-12 15:37:18","commentOwner":"。"},{"comment":"历史引用 展开全部▼\n带这层，隔壁贴有约过的人说\n【\n在这位画手这里约过稿，白菜是白菜，但是几百人的群真的不建议大家约。\n蹲上几个月抢到了（几百个人抢几个号），再等上一阵拖延到最后开始画，说话必须小心翼翼，很容易叫人撤单。\n几十块钱耗费几个月，无数心力，真的不值得不值得。\n进过这个画手群之后再也不敢找有群的画手美工了。】\n——————\n№76 ☆☆☆。|21927ffc于2021-11-12 15:37:18留言☆☆☆\n对比，画手说回应：\n【在挂我的帖子里看到了一些单主发言，首先谢谢你看得起我来约稿，但是约稿这个东西，你给我几十块钱别想当我爹，同样的我也没兴趣当你爹，有话直说只要不是什么逆天发言我不会骂你，当面不说完了你去和别人说你跟我约稿小心翼翼怕说错话\n我拖稿老问题了我不会不承认，很多约我的我都让你做好心理准备，当面不提要求事后说画手架子大，还有给某些窥屏的，看不上你可以拉黑，看我一张画就能看出我素质感人的你也是个高人\n该说的在帖子里都说完了，之后不会再做任何评价，就这样】\n————\n“我就是爱拖，大家都知道，别花几十块就想当我爹，别当面对我态度客气，背后就不客气了”\n总结，护着骂人者，人品有问题。故意拖延毫不在意，职业道德有问题。","commentTime":"2021-11-12 15:37:36","commentOwner":"。"},{"comment":"历史引用 展开全部▼\n对比，画手说回应：\n【在挂我的帖子里看到了一些单主发言，首先谢谢你看得起我来约稿，但是约稿这个东西，你给我几十块钱别想当我爹，同样的我也没兴趣当你爹，有话直说只要不是什么逆天发言我不会骂你，当面不说完了你去和别人说你跟我约稿小心翼翼怕说错话\n我拖稿老问题了我不会不承认，很多约我的我都让你做好心理准备，当面不提要求事后说画手架子大，还有给某些窥屏的，看不上你可以拉黑，看我一张画就能看出我素质感人的你也是个高人\n该说的在帖子里都说完了，之后不会再做任何评价，就这样】\n————\n“我就是爱拖，大家都知道，别花几十块就想当我爹，别当面对我态度客气，背后就不客气了”\n总结，护着骂人者，人品有问题。故意拖延毫不在意，职业道德有问题。\n№77 ☆☆☆。|21927ffc于2021-11-12 15:37:36留言☆☆☆\n要不是被示众，画手这群人会道歉吗？还有人觉得，他们骂了人道歉委屈呢！\n爱当奴才自己当去，需要的自行避雷","commentTime":"2021-11-12 15:39:48","commentOwner":"。"},{"comment":"好家伙","commentTime":"2022-02-07 12:59:57","commentOwner":"。"},{"comment":"dd","commentTime":"2022-02-07 13:06:46","commentOwner":"。"},{"comment":"dd","commentTime":"2022-02-07 13:09:34","commentOwner":"。。"},{"comment":"约稿最烦的就是我这种自己会画一点的人。我就是自己没时间画才去约的结果花费一大堆精力，拖到我自己的事情都忙完了，出来的图还不满意一看就是敷衍，最后还是要自己改。","commentTime":"2022-02-07 13:34:29","commentOwner":"。"}]}