{"id":"fe1117be-f643-4e6c-a0a3-91554973acfc","category":"晋江论坛→网友交流区→碧水江汀 请稍候...","postSubject":"主题：人间疾苦，崩心态一个月没看评论，这段时间回去看，发现我的小天使变成了一个黑化杠精，在评论区疯狂yygq，她变成这样的原因是因为她的分析排雷被我删了 [33] 【搜索关键词：排雷】","postUrl":"https://bbs.jjwxc.net/showmsg.php?board=17&keyword=%C5%C5%C0%D7&id=1826576","originalPost":"我:？？？","numberOfReplies":33,"comments":[{"comment":"@_@","commentTime":"2022-03-31 20:42:13","commentOwner":"！"},{"comment":"我:？？？\n№0 ☆☆☆。|e56e6d16于2022-03-31 20:41:44留言☆☆☆\n我一个月没看评论，我啥时候干这事了，我怎么不知道？\n她以前真的为我说话我记得名字那种，靠，真的人间疾苦","commentTime":"2022-03-31 20:42:23","commentOwner":"。"},{"comment":"！！！！！我发现最可怕的不是杠精，而是粉转黑。","commentTime":"2022-03-31 20:42:25","commentOwner":"。"},{"comment":"！！！！！我发现最可怕的不是杠精，而是粉转黑。\n№3☆☆☆。|88b6797e于2022-03-31 20:42:25留言☆☆☆\n。","commentTime":"2022-03-31 20:43:00","commentOwner":"。"},{"comment":"历史引用 展开全部▼\n。\n№4 ☆☆☆。|b8d46464于2022-03-31 20:43:00留言☆☆☆\n是的……","commentTime":"2022-03-31 20:43:25","commentOwner":"。"},{"comment":"病的不清","commentTime":"2022-03-31 20:43:42","commentOwner":"。"},{"comment":"粉转黑，非常的了解你，又由爱生恨，这可比路人刺激","commentTime":"2022-03-31 20:44:01","commentOwner":"。"},{"comment":"应该是被举报删除吧，你可以回复pc可以看是不是作者删除的，我没有删除\n可以澄清一下\n当然，不理也可以","commentTime":"2022-03-31 20:44:14","commentOwner":"。"},{"comment":"反向分析回去。又不是花大价钱定制剧情，笔在我手里，用不着指指点点。","commentTime":"2022-03-31 20:44:18","commentOwner":"哎呀呀"},{"comment":"你可以回她上PC端看，PC端能看到是作者删除的还是管理员删除的。\n虽然已经黑化了，但是这删除评论的锅不能扣在你头上吧","commentTime":"2022-03-31 20:44:37","commentOwner":"= ="},{"comment":"应该是被举报删除吧，你可以回复pc可以看是不是作者删除的，我没有删除\n可以澄清一下\n当然，不理也可以\n№8 ☆☆☆。|6f079ef4于2022-03-31 20:44:14留言☆☆☆\n不过她都阴阳怪气了，一下子就怀疑了，值不值得澄清是个问题","commentTime":"2022-03-31 20:44:47","commentOwner":"。"},{"comment":"！！！！！我发现最可怕的不是杠精，而是粉转黑。\n№3 ☆☆☆。|88b6797e于2022-03-31 20:42:25留言☆☆☆\n。","commentTime":"2022-03-31 20:45:29","commentOwner":"=="},{"comment":"在我不看评论的时间里，她已经骂了我很久了，看起来已经很疯了，不太能交流的样子","commentTime":"2022-03-31 20:45:40","commentOwner":"。"},{"comment":"你和她解释一下？说应该是被别人jb了。因为代入我自己的话，如果真情实感喜欢过一个大大我还是愿意相信她的解释的，就怕她什么都不说。或者她就在等你一句解释呢。","commentTime":"2022-03-31 20:45:48","commentOwner":"。"},{"comment":"在我不看评论的时间里，她已经骂了我很久了，看起来已经很疯了，不太能交流的样子\n№13☆☆☆。|e56e6d16于2022-03-31 20:45:40留言☆☆☆\n啊没看到这层，那还是算了别解释了","commentTime":"2022-03-31 20:46:25","commentOwner":"。"},{"comment":"有病啊这种人","commentTime":"2022-03-31 20:46:47","commentOwner":"。"},{"comment":"本来就不是小天使吧，小天使会排雷吗？","commentTime":"2022-03-31 20:47:13","commentOwner":"。"},{"comment":"你和她解释一下？说应该是被别人jb了。因为代入我自己的话，如果真情实感喜欢过一个大大我还是愿意相信她的解释的，就怕她什么都不说。或者她就在等你一句解释呢。\n№14 ☆☆☆。|20c5ff18于2022-03-31 20:45:48留言☆☆☆\n我连战场和她第一次骂我在啥时候都不知道，一脸懵……她现在评论区开口就是yygq我，就，逮谁骂谁","commentTime":"2022-03-31 20:47:29","commentOwner":"。"},{"comment":"解释还是要解释的，主要是让其他读者知道你不是会看不爽就删评论的类型（免得以后还有同类事件发生）","commentTime":"2022-03-31 20:47:54","commentOwner":"。"},{"comment":"历史引用 展开全部▼\n我连战场和她第一次骂我在啥时候都不知道，一脸懵……她现在评论区开口就是yygq我，就，逮谁骂谁\n№18 ☆☆☆。|e56e6d16于2022-03-31 20:47:29留言☆☆☆\n这个可以当做给别的读者解释","commentTime":"2022-03-31 20:48:12","commentOwner":"。"},{"comment":"她现在就是yygq我，然后把我打一顿(？\n我是翻以前发言翻出来她说我删评的，已经很久被压下去了，在犹豫要不要把她翻出来解释还是当没看见算了。\n主要她现在语气yygq挺过分的。。。","commentTime":"2022-03-31 20:51:22","commentOwner":"。"},{"comment":"……这读者是不是年纪不大","commentTime":"2022-03-31 20:53:20","commentOwner":"= ="},{"comment":"楼主，只能说一句，读者对作者恨比爱长久","commentTime":"2022-03-31 20:55:36","commentOwner":"= ="},{"comment":"她现在就是yygq我，然后把我打一顿(？\n我是翻以前发言翻出来她说我删评的，已经很久被压下去了，在犹豫要不要把她翻出来解释还是当没看见算了。\n主要她现在语气yygq挺过分的。。。\n№21 ☆☆☆。|e56e6d16于2022-03-31 20:51:22留言☆☆☆\n你可以解释一下开头，毕竟误会还是解开比较好。甚至可以轻微错愕的卖个惨勾起一下她从前的爱意和悔意（这个比较看几率）。卖不了就算了，后面冷处理吧。显得比较有格调珍惜羽毛。毕竟你还是需要挣钱。\n感觉她这做的确实有点不体面。","commentTime":"2022-03-31 20:56:06","commentOwner":"。"},{"comment":"我的话会举报删除她所有yygq的评论。。\n这种太可怕了。就算这次解释清楚了，下次一个不好又招惹到怎么办？反正不能影响其他读者观感","commentTime":"2022-03-31 20:56:32","commentOwner":"。"},{"comment":"虽然但是 这种非常喜欢谁谁谁然后突然黑化的巨恐怖 可以黑很久","commentTime":"2022-03-31 20:57:17","commentOwner":"半夜造反"},{"comment":"我的话会举报删除她所有yygq的评论。。\n这种太可怕了。就算这次解释清楚了，下次一个不好又招惹到怎么办？反正不能影响其他读者观感\n№25 ☆☆☆。|2fc24342于2022-03-31 20:56:32留言☆☆☆\n这种看见自己被删除的评论然后黑化发疯的读者，肯定是会回顾自己评论的。楼上这个办法有可能会造成更重的刺激影响。","commentTime":"2022-03-31 20:57:27","commentOwner":"。"},{"comment":"解释还是要解释的，主要是让其他读者知道你不是会看不爽就删评论的类型（免得以后还有同类事件发生）\n№19☆☆☆。|bf094427于2022-03-31 20:47:54留言☆☆☆\n。","commentTime":"2022-03-31 20:57:29","commentOwner":"。"},{"comment":"叫什么 脱坑回踩","commentTime":"2022-03-31 20:57:37","commentOwner":"半夜造反"},{"comment":"e…删评论会导致这么恐怖的事情？","commentTime":"2022-03-31 21:00:48","commentOwner":"。"},{"comment":"e…删评论会导致这么恐怖的事情？\n№30 ☆☆☆。|4407d4f1于2022-03-31 21:00:48留言☆☆☆\n我的不是说楼主，我是说删评论的结果","commentTime":"2022-03-31 21:01:26","commentOwner":"。"},{"comment":"历史引用 展开全部▼\n这种看见自己被删除的评论然后黑化发疯的读者，肯定是会回顾自己评论的。楼上这个办法有可能会造成更重的刺激影响。\n№27 ☆☆☆。|c426f66b于2022-03-31 20:57:27留言☆☆☆\n我只是说我的做法，这种读者我是不想惯着的","commentTime":"2022-03-31 21:01:42","commentOwner":"。"},{"comment":"！！！！！我发现最可怕的不是杠精，而是粉转黑。\n№3☆☆☆。|88b6797e于2022-03-31 20:42:25留言☆☆☆\n。\n粉转黑太吓人了，可能年纪小，爱恨都比较强烈","commentTime":"2022-03-31 21:05:56","commentOwner":"= ="}]}