{"id":"c79e331a-b988-411a-b2c4-862f4c46b8d4","category":"晋江论坛→网友交流区→碧水江汀 请稍候...","postSubject":"主题：受不了了，想给我自己刷负排雷一条龙 [25] 【搜索关键词：排雷】","postUrl":"https://bbs.jjwxc.net/showmsg.php?board=17&keyword=%C5%C5%C0%D7&id=1635005","originalPost":"rt","numberOfReplies":25,"comments":[{"comment":"又疯了一个，抬走","commentTime":"2021-11-12 16:25:30","commentOwner":"= ="},{"comment":"为啥？因为杠精多吗？如果是因为这个原因建议不要，容易引起杠精团建","commentTime":"2021-11-12 16:25:32","commentOwner":"。"},{"comment":"冷静啦，是突然没自信吗，不要钻牛角尖，过段时间回头看会还不错的","commentTime":"2021-11-12 16:25:49","commentOwner":"= ="},{"comment":"来人啊 上鸡血！！","commentTime":"2021-11-12 16:26:10","commentOwner":"晋江精神科主任"},{"comment":"冷静！","commentTime":"2021-11-12 16:26:34","commentOwner":"。"},{"comment":"我又来吐槽自己以前写的小说。今天看到一篇，讲真我都忘了写的啥，看得还挺投入，结果结局毒得要死。","commentTime":"2021-11-12 16:27:03","commentOwner":"。"},{"comment":"女反派（也能算女二了）一直深爱的恋人，吻了男主，说自己一直深爱男主。","commentTime":"2021-11-12 16:27:21","commentOwner":"。"},{"comment":"刷负大可不必。…孩子只想断更","commentTime":"2021-11-12 16:27:43","commentOwner":"。"},{"comment":"来人啊 上鸡血！！\n№4 ☆☆☆晋江精神科主任|6d2efd94于2021-11-12 16:26:10留言☆☆☆\n💉\n鸡血来了主任，打哪里","commentTime":"2021-11-12 16:28:31","commentOwner":"。"},{"comment":"xs不是我连载文被骂，是我重温自己少女时期的虐心大作，被我自己写的毒到了","commentTime":"2021-11-12 16:29:42","commentOwner":"。"},{"comment":"历史引用 展开全部▼\n💉\n鸡血来了主任，打哪里\n№9 ☆☆☆。|6e45e4a4于2021-11-12 16:28:31留言☆☆☆\n楼下鸽子","commentTime":"2021-11-12 16:30:16","commentOwner":"厉害了"},{"comment":"女反派（也能算女二了）一直深爱的恋人，吻了男主，说自己一直深爱男主。\n№7☆☆☆。|90acce85于2021-11-12 16:27:21留言☆☆☆\n最后女反派的恋人为了保护他深爱的男主，把很美很飒很悲惨的女反派鲨了呜呜呜呜","commentTime":"2021-11-12 16:30:54","commentOwner":"。"},{"comment":"笑死","commentTime":"2021-11-12 16:31:40","commentOwner":"。"},{"comment":"女反派一直很悲惨，认为唯一对自己好可信任的就是自己的恋人，结果被恋人背刺，我真的一口老血","commentTime":"2021-11-12 16:32:54","commentOwner":"。"},{"comment":"这不重新开文，来一本女反派重生文？","commentTime":"2021-11-12 16:33:45","commentOwner":"。"},{"comment":"好家伙，翻了几页女主也死了……","commentTime":"2021-11-12 16:33:56","commentOwner":"。"},{"comment":"草了，女反派的恋人背刺女反派后，抱起男主（的尸体）说，我们一起走吧，不要让女反派一个人","commentTime":"2021-11-12 16:35:32","commentOwner":"。"},{"comment":"哈哈哈哈不懂当年的自己在想什么很正常x","commentTime":"2021-11-12 16:35:37","commentOwner":"。"},{"comment":"💉","commentTime":"2021-11-12 16:36:33","commentOwner":"。。。"},{"comment":"好家伙，一转眼团灭了，就活了男二。我应该夹带了私货，因为男二到现在都是我喜欢的类型","commentTime":"2021-11-12 16:37:31","commentOwner":"。"},{"comment":"历史引用 展开全部▼\n💉\n鸡血来了主任，打哪里\n№9 ☆☆☆。|6e45e4a4于2021-11-12 16:28:31留言☆☆☆\n救命哈哈哈哈","commentTime":"2021-11-12 16:37:42","commentOwner":"。"},{"comment":"噗哈哈哈哈哈哈，看着你的吐槽莫名好笑哈哈哈哈","commentTime":"2021-11-12 16:39:32","commentOwner":"。。。。。"},{"comment":"历史引用 展开全部▼\n💉\n鸡血来了主任，打哪里\n№9☆☆☆。|6e45e4a4于2021-11-12 16:28:31留言☆☆☆\n打鸽屁股！","commentTime":"2021-11-12 16:41:38","commentOwner":"晋江精神科主任"},{"comment":"正常正常，今年的我就认为去年的我很sb，相信明年的我也会这么看待今年的我。\n真咕咕从不回头看自己产的粮","commentTime":"2021-11-12 16:46:56","commentOwner":"= ="},{"comment":"哈哈哈哈赶紧开一本穿书 就穿你以前这本 还能搞个联动！x","commentTime":"2021-11-12 16:52:49","commentOwner":"布咕布咕"}]}