{"id":"d72323dd-3048-4817-8200-4722aff3c1b6","category":"晋江论坛→网友交流区→碧水江汀 欢迎回来：53088456  退 出","postSubject":"主题：咕咕们见过的最奇葩的排雷是什么？ [17] 【搜索关键词：排雷】","postUrl":"https://bbs.jjwxc.net/showmsg.php?board=17&keyword=%C5%C5%C0%D7&id=1795538","originalPost":"rt","numberOfReplies":17,"comments":[{"comment":"（双向暗恋文）排雷理由：受居然先喜欢攻！","commentTime":"2022-03-10 18:33:13","commentOwner":"。"},{"comment":"在我看来恨不能扒着大纲说我没有想写大众雷点的排雷都挺奇葩的，又奇葩又可怜","commentTime":"2022-03-10 18:35:27","commentOwner":"zwz"},{"comment":"女主170，长这么高干嘛，好雷。\n男主被女配扯了一下袖子，男主不洁，弃了","commentTime":"2022-03-10 18:36:08","commentOwner":"金毛鸽王"},{"comment":"这个作者（耽美)的马甲写言情","commentTime":"2022-03-10 18:36:22","commentOwner":"。"},{"comment":"因为有写中蛊情节，文肯定不好看","commentTime":"2022-03-10 18:37:10","commentOwner":"。"},{"comment":"文案上着重写了无逻辑小甜文介意勿入，但还是一堆人盯着逻辑排雷，我第一章作话还写了，斤还挺烦的","commentTime":"2022-03-10 18:37:56","commentOwner":"qwq"},{"comment":"“大家快走，女主好sao”\n实际上，我文女主母胎单身，连话都很少。","commentTime":"2022-03-10 18:38:29","commentOwner":"。"},{"comment":"“大家快走，女主好sao”\n实际上，我文女主母胎单身，连话都很少。\n№7☆☆☆。|604322ff于2022-03-10 18:38:29留言☆☆☆\n就很无语。","commentTime":"2022-03-10 18:39:07","commentOwner":"。"},{"comment":"看见有在排雷里写：作者三观正常。。。","commentTime":"2022-03-10 18:40:05","commentOwner":"一只忙碌的小鸽子"},{"comment":"主角竟然不是反派，她该不会还想拯救世界吧？恶心","commentTime":"2022-03-10 18:41:31","commentOwner":"。"},{"comment":"沙雕文，说她看完了并没有看到惊天反转，女主从头到尾就是一个沙雕，让大家快跑……","commentTime":"2022-03-10 18:41:54","commentOwner":"。"},{"comment":"排雷：这是校园文","commentTime":"2022-03-10 18:42:18","commentOwner":"。"},{"comment":"女主竟然喝牛奶，一点也不女强。。。","commentTime":"2022-03-10 18:42:24","commentOwner":"。"},{"comment":"古代文，女主上街去找男主玩，然后排雷，说女主一点都不守女德","commentTime":"2022-03-10 18:43:24","commentOwner":"。"},{"comment":"曾经在耽美文下看到这种排雷：竟然两个男人谈恋爱，恶心！","commentTime":"2022-03-10 18:45:53","commentOwner":"= ="},{"comment":"女主居然不杀了那条蛇？（文案就写了，那条蛇是男主我他喵……杀了，我们看无cp吗）","commentTime":"2022-03-10 18:51:51","commentOwner":"。"},{"comment":"排雷，这本我好像看过，不好看。","commentTime":"2022-03-10 19:17:37","commentOwner":"。"}]}