{"id":"294f2cc6-9c8f-48c5-99be-5efdb8d14f6d","category":"晋江论坛→网友交流区→碧水江汀 请稍候...","postSubject":"主题：请问各位咕咕，虚假排雷的负分该怎么举报呀？ [10] 【搜索关键词：排雷】","postUrl":"https://bbs.jjwxc.net/showmsg.php?board=17&keyword=%C5%C5%C0%D7&id=1644525","originalPost":"我记得之前有个咕咕说还要写投诉理由来着……","numberOfReplies":10,"comments":[{"comment":"我一般举报就是说虚假排雷，误导新读者，然后就删了","commentTime":"2021-11-20 17:01:57","commentOwner":"啾小花"},{"comment":"长按举报我记得有个排雷的那个？没了吗","commentTime":"2021-11-20 17:02:42","commentOwner":"= =."},{"comment":"长按举报我记得有个排雷的那个？没了吗\n№2 ☆☆☆= =.|7911a90f于2021-11-20 17:02:42留言☆☆☆\n长按评论有个投诉，然后一共有七个选项，没有和排雷有关的呀？","commentTime":"2021-11-20 17:04:44","commentOwner":"。"},{"comment":"历史引用 展开全部▼\n长按评论有个投诉，然后一共有七个选项，没有和排雷有关的呀？\n№3 ☆☆☆。|c030bf52于2021-11-20 17:04:44留言☆☆☆\n只有七个吗？你往下拉试试看","commentTime":"2021-11-20 17:05:18","commentOwner":"。"},{"comment":"楼主用电脑端投诉吧。投诉的时候，是顺便说上理由。","commentTime":"2021-11-20 17:05:21","commentOwner":"=="},{"comment":"历史引用 展开全部▼\n长按评论有个投诉，然后一共有七个选项，没有和排雷有关的呀？\n№3 ☆☆☆。|c030bf52于2021-11-20 17:04:44留言☆☆☆\n可以滑动的，最下面是违规排雷或要求作者排雷，可以滑动，底下还有","commentTime":"2021-11-20 17:05:23","commentOwner":"= =."},{"comment":"历史引用 展开全部▼\n只有七个吗？你往下拉试试看\n№4 ☆☆☆。|c4911a09于2021-11-20 17:05:18留言☆☆☆\n啊啊啊啊啊居然是可以拉动的！我才知道，谢谢咕咕！！","commentTime":"2021-11-20 17:05:51","commentOwner":"。"},{"comment":"历史引用 展开全部▼\n只有七个吗？你往下拉试试看\n№4 ☆☆☆。|c4911a09于2021-11-20 17:05:18留言☆☆☆\n我去数了有十三个，你下滑","commentTime":"2021-11-20 17:06:00","commentOwner":"。"},{"comment":"历史引用 展开全部▼\n我去数了有十三个，你下滑\n№8 ☆☆☆。|c4911a09于2021-11-20 17:06:00留言☆☆☆\n居然可以下滑，我看了一下，理由好多啊！","commentTime":"2021-11-20 17:06:40","commentOwner":"=="},{"comment":"楼主用电脑端投诉吧。投诉的时候，是顺便说上理由。\n№5 ☆☆☆==|3d8945fb于2021-11-20 17:05:21留言☆☆☆\n咕咕，请问电脑端那个输入理由的地方是不可以输入的嘛？为什么我打不上字呀？","commentTime":"2021-11-20 17:19:09","commentOwner":"。"}]}