{"id":"098723c1-f1e8-44fd-9768-963eb6cb7282","category":"晋江论坛→网友交流区→碧水江汀 欢迎回来：53088456  退 出","postSubject":"主题：pbc吐黑泥 刚发现隔三差五给我打负伪排雷的是前师父 [158] 【搜索关键词：排雷】","postUrl":"https://bbs.jjwxc.net/showmsg.php?board=17&keyword=%C5%C5%C0%D7&id=1842155","originalPost":"暴言！寡王才是飞升正道！","numberOfReplies":157,"comments":[{"comment":"qswl！！！","commentTime":"2022-04-10 11:17:41","commentOwner":"大冤种"},{"comment":"啊这","commentTime":"2022-04-10 11:17:47","commentOwner":"啦啦啦"},{"comment":"我轻轻放个耳朵在这里","commentTime":"2022-04-10 11:17:53","commentOwner":"。"},{"comment":"摸摸 展开讲讲","commentTime":"2022-04-10 11:18:44","commentOwner":"。"},{"comment":"啊，这……","commentTime":"2022-04-10 11:19:05","commentOwner":"铃"},{"comment":"卧槽，好ex","commentTime":"2022-04-10 11:19:09","commentOwner":"。"},{"comment":"卧槽这……","commentTime":"2022-04-10 11:19:33","commentOwner":"。"},{"comment":"说我给你买的东西不如师姐的贵，然后就开始对我爱答不理，发红包又说不要不图这点钱，看见bs师徒闹掰帖就发给我看说我跟里面的野马没区别","commentTime":"2022-04-10 11:20:24","commentOwner":"大冤种"},{"comment":"咋发现的，师父会来对线吗","commentTime":"2022-04-10 11:21:22","commentOwner":"。"},{"comment":"前排出售瓜子花生矿泉水","commentTime":"2022-04-10 11:22:27","commentOwner":"。"},{"comment":"前排出售瓜子花生矿泉水\n№10 ☆☆☆。|380e9d77于2022-04-10 11:22:27留言☆☆☆\n来包瓜子","commentTime":"2022-04-10 11:23:49","commentOwner":"。"},{"comment":"放个耳朵","commentTime":"2022-04-10 11:23:53","commentOwner":"……"},{"comment":"万万没想到我开开心心给人挑礼物最后被人说因为比别人便宜所以我是野马，您那么介意干脆直接点明要什么不就行了？\n我又不认识我什么师姐，我又不知道她买的什么？两三百的口红也不是什么送不出手的东西吧？为什么你说得好像我拿路边五元店的东西恶心你一样啊？","commentTime":"2022-04-10 11:24:05","commentOwner":"大冤种"},{"comment":"啊这","commentTime":"2022-04-10 11:24:19","commentOwner":"就要贴贴就要贴贴"},{"comment":"前排蹲","commentTime":"2022-04-10 11:25:40","commentOwner":"。"},{"comment":"前排蹲","commentTime":"2022-04-10 11:26:28","commentOwner":"——"},{"comment":"赶上直播了，等个聊天记录和另一个当事人","commentTime":"2022-04-10 11:27:00","commentOwner":"= ="},{"comment":"死师徒就死师徒吧，你也不明说。我找你你装失踪，送东西你照收，我属atm的吗？","commentTime":"2022-04-10 11:27:29","commentOwner":"大冤种"},{"comment":"蹲","commentTime":"2022-04-10 11:27:33","commentOwner":"。"},{"comment":"啊这两三百的口红还想咋滴啊","commentTime":"2022-04-10 11:27:59","commentOwner":"。"},{"comment":"蹲","commentTime":"2022-04-10 11:29:30","commentOwner":"…"},{"comment":"蹲","commentTime":"2022-04-10 11:29:51","commentOwner":"。"},{"comment":"蹲","commentTime":"2022-04-10 11:30:42","commentOwner":"=="},{"comment":"我直接屁股蹲","commentTime":"2022-04-10 11:31:50","commentOwner":"。"},{"comment":"蹲","commentTime":"2022-04-10 11:32:09","commentOwner":"。"},{"comment":"蹲蹲","commentTime":"2022-04-10 11:33:10","commentOwner":"- -"},{"comment":"蹲","commentTime":"2022-04-10 11:34:19","commentOwner":"卷咩呀咩"},{"comment":"蹲","commentTime":"2022-04-10 11:34:43","commentOwner":"。。"},{"comment":"两三百的口红还不行吗……","commentTime":"2022-04-10 11:34:44","commentOwner":"。"},{"comment":"挂出来挂出来~","commentTime":"2022-04-10 11:35:38","commentOwner":"，"},{"comment":"吃瓜咕轻轻蹲下","commentTime":"2022-04-10 11:35:43","commentOwner":"亚亚"},{"comment":"好像屏蔽了一段","commentTime":"2022-04-10 11:36:28","commentOwner":"。"},{"comment":"聊天截图，id 一个都不能少","commentTime":"2022-04-10 11:36:29","commentOwner":"。"},{"comment":"过于离谱以至于我觉得像绿。来点图来点图打起来打起来","commentTime":"2022-04-10 11:36:35","commentOwner":"。"},{"comment":"蹲","commentTime":"2022-04-10 11:36:57","commentOwner":"喵喵"},{"comment":"啊对我确实是傻，到今天才发现，您哪儿给我打负排雷呢，我这因为死师徒了给你买礼物道歉","commentTime":"2022-04-10 11:37:54","commentOwner":"大冤种"},{"comment":"？？你师父对你帮助很大吗？大到几百元礼物都看不起？","commentTime":"2022-04-10 11:38:20","commentOwner":"。"},{"comment":"蹲","commentTime":"2022-04-10 11:38:50","commentOwner":"夜默咕"},{"comment":"吃瓜","commentTime":"2022-04-10 11:38:54","commentOwner":"。"},{"comment":"收藏了，蹲个结局","commentTime":"2022-04-10 11:39:16","commentOwner":"。"},{"comment":"上个锤","commentTime":"2022-04-10 11:39:20","commentOwner":"= ="},{"comment":"为什么都这样了还要吞我的楼啊！！！！！！","commentTime":"2022-04-10 11:39:33","commentOwner":"大冤种"},{"comment":"怎么发现的？","commentTime":"2022-04-10 11:39:49","commentOwner":"想升星星星星星"},{"comment":"蹲蹲","commentTime":"2022-04-10 11:39:56","commentOwner":"=="},{"comment":"打起来打起来（嗑瓜子","commentTime":"2022-04-10 11:40:35","commentOwner":"。"},{"comment":"打起来打起来！（抬起码字的手","commentTime":"2022-04-10 11:41:04","commentOwner":"。"},{"comment":"咕咕，你解释怎么发现的那一楼被吞了。","commentTime":"2022-04-10 11:41:12","commentOwner":"。。"},{"comment":"上聊天记录看看","commentTime":"2022-04-10 11:41:32","commentOwner":"。"},{"comment":"？？或许离谱蹲蹲看","commentTime":"2022-04-10 11:41:55","commentOwner":"。"},{"comment":"鉴个绿先（轻轻）","commentTime":"2022-04-10 11:42:11","commentOwner":"……"},{"comment":"蹲一个","commentTime":"2022-04-10 11:42:38","commentOwner":"。"},{"comment":"d?d","commentTime":"2022-04-10 11:43:39","commentOwner":"水蜜桃不错"},{"comment":"是看着标题感觉是绿贴的程度。要是真的，我只能说，世界无奇不有","commentTime":"2022-04-10 11:43:45","commentOwner":"。"},{"comment":"？","commentTime":"2022-04-10 11:44:01","commentOwner":"。"},{"comment":"等个聊天记录","commentTime":"2022-04-10 11:44:18","commentOwner":"。"},{"comment":"我感觉也绿","commentTime":"2022-04-10 11:45:04","commentOwner":"。"},{"comment":"好像被屏蔽了图？坐等","commentTime":"2022-04-10 11:47:06","commentOwner":"。"},{"comment":"赶上直播了，等个聊天记录和另一个当事人\n№17 ☆☆☆=  =|90ac4335于2022-04-10 11:27:00留言☆☆☆\n我可以等到聊天记录吗","commentTime":"2022-04-10 11:47:41","commentOwner":"= ="},{"comment":"蹲一个打起来！","commentTime":"2022-04-10 11:48:10","commentOwner":"。"},{"comment":"等个图","commentTime":"2022-04-10 11:48:37","commentOwner":"。"},{"comment":"蹲","commentTime":"2022-04-10 11:50:44","commentOwner":"。"},{"comment":"轻轻蹲下","commentTime":"2022-04-10 11:52:29","commentOwner":"。"},{"comment":"我蹲","commentTime":"2022-04-10 11:53:04","commentOwner":"。"},{"comment":"蹲","commentTime":"2022-04-10 11:53:06","commentOwner":"。"},{"comment":"蹲","commentTime":"2022-04-10 11:53:22","commentOwner":"=="},{"comment":"吃瓜蹲下","commentTime":"2022-04-10 11:53:32","commentOwner":"=="},{"comment":"蹲","commentTime":"2022-04-10 11:55:16","commentOwner":"。"},{"comment":"蹲蹲","commentTime":"2022-04-10 11:55:25","commentOwner":"= ="},{"comment":"蹲蹲","commentTime":"2022-04-10 11:56:16","commentOwner":"。"},{"comment":"蹲","commentTime":"2022-04-10 11:58:24","commentOwner":"宝塔镇河妖"},{"comment":"蹲","commentTime":"2022-04-10 11:58:57","commentOwner":"。"},{"comment":"顿","commentTime":"2022-04-10 11:59:09","commentOwner":"。"},{"comment":"蹲","commentTime":"2022-04-10 11:59:55","commentOwner":"。"},{"comment":"后续呢？？？","commentTime":"2022-04-10 12:00:31","commentOwner":"。"},{"comment":"闻到了瓜的味道","commentTime":"2022-04-10 12:01:31","commentOwner":"。"},{"comment":"蹲","commentTime":"2022-04-10 12:02:28","commentOwner":"。"},{"comment":"放个屁股","commentTime":"2022-04-10 12:02:59","commentOwner":"过"},{"comment":"蹲","commentTime":"2022-04-10 12:06:22","commentOwner":"= ="},{"comment":"精彩","commentTime":"2022-04-10 12:06:47","commentOwner":"在逃野马"},{"comment":"蹲","commentTime":"2022-04-10 12:07:19","commentOwner":"。。。"},{"comment":"蹲","commentTime":"2022-04-10 12:07:54","commentOwner":"。"},{"comment":"啊这就吵起来了吗","commentTime":"2022-04-10 12:08:56","commentOwner":"。"},{"comment":"趁我被关之前，蹲蹲","commentTime":"2022-04-10 12:08:59","commentOwner":"。"},{"comment":"蹲一个","commentTime":"2022-04-10 12:11:11","commentOwner":"。"},{"comment":"曝光吧，受不了这委屈","commentTime":"2022-04-10 12:13:05","commentOwner":"。"},{"comment":"蹲","commentTime":"2022-04-10 12:13:16","commentOwner":"。"},{"comment":"蹲","commentTime":"2022-04-10 12:14:06","commentOwner":"热爱高数"},{"comment":"蹲","commentTime":"2022-04-10 12:16:06","commentOwner":"。"},{"comment":"天哪，还真有这样的事？","commentTime":"2022-04-10 12:18:13","commentOwner":"。"},{"comment":"重重置臀","commentTime":"2022-04-10 12:18:21","commentOwner":"！！"},{"comment":"放个翘臀","commentTime":"2022-04-10 12:20:39","commentOwner":"瓜瓜"},{"comment":"蹲蹲","commentTime":"2022-04-10 12:20:47","commentOwner":"。"},{"comment":"图好像被吞了","commentTime":"2022-04-10 12:21:23","commentOwner":"。"},{"comment":"蹲","commentTime":"2022-04-10 12:22:46","commentOwner":"= ="},{"comment":"楼主人呢","commentTime":"2022-04-10 12:23:36","commentOwner":"。"},{"comment":"试试。","commentTime":"2022-04-10 12:23:51","commentOwner":"。"},{"comment":"试试。\n\n№97 ☆☆☆。|2a6601b5于2022-04-10 12:23:51留言☆☆☆\n这也看不到啊，楼主确定发了图吗QAQ。","commentTime":"2022-04-10 12:24:08","commentOwner":"。"},{"comment":"没发图","commentTime":"2022-04-10 12:25:01","commentOwner":"。。。。"},{"comment":"轻轻置臀","commentTime":"2022-04-10 12:25:59","commentOwner":"﹦w﹦"},{"comment":"后续呢","commentTime":"2022-04-10 12:26:15","commentOwner":"。"},{"comment":"蹲一下","commentTime":"2022-04-10 12:26:23","commentOwner":"。"},{"comment":"吃瓜","commentTime":"2022-04-10 12:26:25","commentOwner":"不需要努力的黑猫"},{"comment":"没了吗？？？","commentTime":"2022-04-10 12:26:43","commentOwner":"。"},{"comment":"蹲","commentTime":"2022-04-10 12:26:46","commentOwner":"。。。"},{"comment":"蹲","commentTime":"2022-04-10 12:27:10","commentOwner":"。"},{"comment":"图被吞了？","commentTime":"2022-04-10 12:27:17","commentOwner":"狗叠生了"},{"comment":"蹲","commentTime":"2022-04-10 12:27:22","commentOwner":"。"},{"comment":"不要啊，我今天还得日万，可是我好想吃瓜呜呜呜呜呜","commentTime":"2022-04-10 12:27:47","commentOwner":"。。"},{"comment":"放个屁股","commentTime":"2022-04-10 12:27:59","commentOwner":"。。"},{"comment":"速更","commentTime":"2022-04-10 12:29:36","commentOwner":"。"},{"comment":"死师徒就死师徒吧，你也不明说。我找你你装失踪，送东西你照收，我属atm的吗？\n№18 ☆☆☆大冤种|0b65c7ff于2022-04-10 11:27:29留言☆☆☆\n歪个脖子，明知道字母缩写不是那意思，但还是第一反应奥特曼(手动狗头)","commentTime":"2022-04-10 12:31:11","commentOwner":"。"},{"comment":"这师父行为……过分到我觉得帖绿的程度……","commentTime":"2022-04-10 12:33:48","commentOwner":"= ="},{"comment":"是看着标题感觉是绿贴的程度。要是真的，我只能说，世界无奇不有\n№54☆☆☆。|0403319a于2022-04-10 11:43:45留言☆☆☆\n绿是啥意思","commentTime":"2022-04-10 12:38:12","commentOwner":"= ="},{"comment":"没有后续吗呜呜","commentTime":"2022-04-10 12:51:51","commentOwner":"就要贴贴就要贴贴"},{"comment":"蹲蹲","commentTime":"2022-04-10 12:52:28","commentOwner":"= ="},{"comment":"如果是真的，这师父真的人品好差啊","commentTime":"2022-04-10 12:53:50","commentOwner":"。"},{"comment":"楼主跑了？","commentTime":"2022-04-10 13:20:43","commentOwner":"= ="},{"comment":"吃瓜吃瓜","commentTime":"2022-04-10 13:24:54","commentOwner":"蹲"},{"comment":"咋没了，蹲了半个小时了","commentTime":"2022-04-10 14:09:41","commentOwner":"蹲"},{"comment":"？没后续了嘛？","commentTime":"2022-04-10 14:26:15","commentOwner":"亚亚"},{"comment":"蹲","commentTime":"2022-04-10 14:27:23","commentOwner":"。"},{"comment":"聊天记录也没发啊，图里就两张一样的表情包","commentTime":"2022-04-10 14:29:03","commentOwner":"，"},{"comment":"蹲","commentTime":"2022-04-10 14:30:03","commentOwner":"。"},{"comment":"聊天记录也没发啊，图里就两张一样的表情包\n№123 ☆☆☆，|f4204bf9于2022-04-10 14:29:03留言☆☆☆\n确实没发，我是看楼上说吞了，我才信以为真发图想看，结果发现看不到。也不知道是被吞了还是压根没发","commentTime":"2022-04-10 14:30:44","commentOwner":"。"},{"comment":"后续呢？我都不困了，让我吃个全瓜啊！！！","commentTime":"2022-04-10 14:34:20","commentOwner":"I'm"},{"comment":"蹲瓜啊字都码不下去了","commentTime":"2022-04-10 14:36:56","commentOwner":"蹲瓜"},{"comment":"蹲蹲瓜","commentTime":"2022-04-10 14:37:21","commentOwner":"……"},{"comment":"绿贴了估计，一说发图就跑了","commentTime":"2022-04-10 14:39:31","commentOwner":"。"},{"comment":"蹲点锤，看着真的好离谱","commentTime":"2022-04-10 14:39:42","commentOwner":"。"},{"comment":"真绿，楼主没发图，跑了。","commentTime":"2022-04-10 14:41:07","commentOwner":"……"},{"comment":"放个耳朵，万一楼主又回来了呢","commentTime":"2022-04-10 14:45:33","commentOwner":"（）"},{"comment":"蹲个瓜","commentTime":"2022-04-10 14:51:09","commentOwner":"。"},{"comment":"放个屁股","commentTime":"2022-04-10 15:22:24","commentOwner":"占个座"},{"comment":"M","commentTime":"2022-04-10 15:24:55","commentOwner":"。"},{"comment":"啊这。。。我徒弟沙币到每个人听见都会说离谱的程度，我也没那闲心去给她打负排雷，浪费我时间。你这师父要么绿要么扑得蛋疼……","commentTime":"2022-04-10 15:37:16","commentOwner":"。"},{"comment":"蹲蹲瓜","commentTime":"2022-04-10 15:39:05","commentOwner":"。"},{"comment":"踢一脚","commentTime":"2022-04-10 15:43:54","commentOwner":"。"},{"comment":"啊这两三百的口红还想咋滴啊\n№20 ☆☆☆。|013df0b0于2022-04-10 11:27:59留言☆☆☆\n？？？两三百……那够我一个学期的零花钱了啊","commentTime":"2022-04-10 15:46:02","commentOwner":"。"},{"comment":"等我有钱了我一定要找个放瓜放全套还码字快会上图的LZ","commentTime":"2022-04-10 15:47:22","commentOwner":"- -"},{"comment":"楼主没了？","commentTime":"2022-04-10 15:47:24","commentOwner":"。"},{"comment":"假瓜吗，收藏一下，等","commentTime":"2022-04-10 15:47:50","commentOwner":"。"},{"comment":"几个小时过去了……一击脱离，啧啧咕咕们还是太单纯了。","commentTime":"2022-04-10 15:49:55","commentOwner":"。"},{"comment":"本来以为能吃瓜的...楼主放点料啊","commentTime":"2022-04-10 15:54:25","commentOwner":"一般路过少女"},{"comment":"dd","commentTime":"2022-04-10 15:59:51","commentOwner":"。"},{"comment":"dd\n№145 ☆☆☆。|63848155于2022-04-10 15:59:51留言☆☆☆\nomg我好（。）","commentTime":"2022-04-10 16:00:17","commentOwner":"。"},{"comment":"还没瓜吗？","commentTime":"2022-04-11 02:03:28","commentOwner":"……"},{"comment":"嗯？我养完帖子回来 啥也没有？？","commentTime":"2022-04-11 02:09:55","commentOwner":"。"},{"comment":"lz出来放瓜啊","commentTime":"2022-04-11 02:13:43","commentOwner":"。"},{"comment":"收藏","commentTime":"2022-04-11 02:16:22","commentOwner":"测试中的小赛博"},{"comment":"要是我睡醒还没看到瓜我会失望的","commentTime":"2022-04-11 02:20:18","commentOwner":"。"},{"comment":"更完回首，还没图啊","commentTime":"2022-04-11 02:40:27","commentOwner":"。"},{"comment":"希望醒来有后续","commentTime":"2022-04-11 02:55:57","commentOwner":"。"},{"comment":"想起了那句古老短句，无图无真相","commentTime":"2022-04-11 03:00:26","commentOwner":"阿巴阿巴"},{"comment":"？？？瓜呢","commentTime":"2022-04-11 03:37:01","commentOwner":"。"},{"comment":"假的吧，散了散了","commentTime":"2022-04-11 03:39:06","commentOwner":"23132"},{"comment":"没后续，差评","commentTime":"2022-04-11 12:09:45","commentOwner":"测试中的小赛博"},{"comment":"绿的吧，没图没真相","commentTime":"2022-04-11 12:12:20","commentOwner":"。"}]}