{"id":"93dfa1e6-39bf-4ee8-97a4-d351d385c850","category":"晋江论坛→网友交流区→碧水江汀 请稍候...","postSubject":"主题：问下各位咕咕，排雷在文案最前会不会影响点击 [4] 【搜索关键词：排雷】","postUrl":"https://bbs.jjwxc.net/showmsg.php?board=17&keyword=%C5%C5%C0%D7&id=1652475","originalPost":"前几天被举报了，编辑让把排雷写在最前。\n这两天好榜，同榜都飞了我……现在+19\n是我文丑，还是排雷文案的问题\n如果是排雷文案，我现在也不敢改啊哭了","numberOfReplies":4,"comments":[{"comment":"2楼防屏蔽\n前几天被举报了，编辑让把排雷写在最前。\n这两天好榜，同榜都飞了我……现在+19\n是我文丑，还是排雷文案的问题\n如果是排雷文案，我现在也不敢改啊哭了","commentTime":"2021-11-26 20:46:54","commentOwner":"呱唧呱唧"},{"comment":"这个会影响的，不过影响也不大","commentTime":"2021-11-26 20:47:12","commentOwner":"。"},{"comment":"这个会影响的，不过影响也不大\n№2 ☆☆☆。|1372b4cd☆于2021-11-26 20:47:12留言☆☆☆\n那就是文丑 我懂了","commentTime":"2021-11-26 20:47:47","commentOwner":"呱唧呱唧"},{"comment":"佛系躺平","commentTime":"2021-11-26 20:50:04","commentOwner":"呱唧呱唧"}]}