{"id":"9510acba-c870-416b-a944-1e66c5bef2c0","category":"晋江论坛→网友交流区→碧水江汀 请稍候...","postSubject":"主题：咕咕们我这种情况需要排雷吗，每隔几天就有人杠 [9] 【搜索关键词：排雷】","postUrl":"https://bbs.jjwxc.net/showmsg.php?board=17&keyword=%C5%C5%C0%D7&id=1837829","originalPost":"攻是古代人穿到现在，古代那个世界因为身份和能力她帮助了很多人，有时候为了保护一些人就把她们称为妻子（非强迫），其实既没举办仪式也没有谈过恋爱，她甚至已经打算和爱情绝缘了（因为是直女\n这个解释后面一章会详细说，但是不时就有人在第一二章开始骂觉得攻思想不正确，啊可是她是古代人思想确实有局限性啊……\n要不要在文案上说x章会解释？前头其实已经在作话里说攻很纯情了，但凡再往后多看一点，唉","numberOfReplies":9,"comments":[{"comment":"dd，就这样下去我觉得夹子那天会更惨烈","commentTime":"2022-04-07 18:26:53","commentOwner":"。"},{"comment":"我不看百合，但耽美的话我很需要！","commentTime":"2022-04-07 18:27:34","commentOwner":"= ="},{"comment":"最好在文案里解释一下","commentTime":"2022-04-07 18:28:16","commentOwner":"≡￣﹏￣≡"},{"comment":"反正我不看，感觉这种人很圣母，拧不清那种","commentTime":"2022-04-07 18:28:28","commentOwner":"——"},{"comment":"加油","commentTime":"2022-04-07 18:28:43","commentOwner":"JJ小萌新"},{"comment":"排","commentTime":"2022-04-07 18:29:09","commentOwner":"。"},{"comment":"反正我不看，感觉这种人很圣母，拧不清那种\n№4☆☆☆——|ba930dc7于2022-04-07 18:28:28留言☆☆☆\n其实她也没想过能和女的谈恋爱，又是古代，也没见过别人谈hhh","commentTime":"2022-04-07 18:30:57","commentOwner":"。"},{"comment":"有些读者你跟她们说不清的，想骂就骂，根本不听解释，根本不会考虑时代局限性","commentTime":"2022-04-07 18:33:28","commentOwner":"= ="},{"comment":"历史引用 展开全部▼\n其实她也没想过能和女的谈恋爱，又是古代，也没见过别人谈hhh\n№7 ☆☆☆。|b855ff6a于2022-04-07 18:30:57留言☆☆☆\n反正百合文，她肯定是要和女主谈恋爱的。\n很多读者不是没看到你作话提醒，而是压根讨厌这个设定，所以根本不管你怎么解释，毕竟你设定就是这样的。\n如果这个设定很重要，你非要这样写，也不用管读者说啥了。\n如果这个设定不是必要，你还有这样写，那只能说你闲着没事膈应人……←_←","commentTime":"2022-04-07 18:35:41","commentOwner":"——"}]}