{"id":"2352d4a9-db00-4b23-905c-15e2132ad092","category":"晋江论坛→网友交流区→碧水江汀 请稍候...","postSubject":"主题：就是说明明文案写的那么清楚了的排雷还会有人在评论区一直说说说说 [4] 【搜索关键词：排雷】","postUrl":"https://bbs.jjwxc.net/showmsg.php?board=17&keyword=%C5%C5%C0%D7&id=1826969","originalPost":"rt。","numberOfReplies":4,"comments":[{"comment":"因为要杠不需要理由，而且很多人也不看排雷。","commentTime":"2022-04-01 00:19:12","commentOwner":"。"},{"comment":"对不起，＞人＜，楼主是个第一次发帖的憨憨，把名字框框当成了帖子题目框框orz","commentTime":"2022-04-01 00:20:19","commentOwner":"lz"},{"comment":"是这样的orz","commentTime":"2022-04-01 00:21:00","commentOwner":"qwq"},{"comment":"事情大概是上周完结了，更新中途也因为自己的问题被读者指出来应该排雷（比如给主角开了金手指这种类似的），所以我一边更新一边添加各种新的排雷，完结以后我以为不会再有什么事了也一直没看评论区……结果刚才点开看了眼，差点把我梗到原地去世。\n就是，文案排雷已经写出来的，评论区接连刷了好多条……心累ing","commentTime":"2022-04-01 00:23:18","commentOwner":"lz"}]}