{"id":"747955a0-a343-40a9-93ae-580d25a9ab74","category":"晋江论坛→网友交流区→碧水江汀 欢迎回来：53088456  退 出","postSubject":"主题：有人摸到我15年写的文，排雷说古早风，用词特别尬 [1] 【搜索关键词：排雷】","postUrl":"https://bbs.jjwxc.net/showmsg.php?board=17&keyword=%C5%C5%C0%D7&id=1960513","originalPost":"有没有可能，你看的就是古早文……","numberOfReplies":1,"comments":[{"comment":"我正打算启用一个古早专栏，最后一篇是15年的。\n如果以后有读者摸过去可新鲜的，那里的一排完结树全是和读者对着干的心情日记小说","commentTime":"2022-06-25 01:44:46","commentOwner":"pp"}]}