{"id":"0ac3cae1-1dc8-4233-8423-806b9705136c","category":"晋江论坛→网友交流区→碧水江汀 欢迎回来：53088456  退 出","postSubject":"主题：看到隔壁那个跟谁姓的贴，想起我有本文男主叔叔两个儿子，其中一个和去世的妻子姓，有读者排雷骂男主叔叔恶心，孩子跟情人姓 [1] 【搜索关键词：排雷】","postUrl":"https://bbs.jjwxc.net/showmsg.php?board=17&keyword=%C5%C5%C0%D7&id=1764630","originalPost":"男主叔叔老婆在文中没有出现，开篇人就没了，叔叔是深情人设，老婆走了没娶妻没找其他女人，因为小儿子和老婆姓，被一个读者小论文排雷说我对深情人设有误解，男主叔叔不仅和情 人生下孩子还让孩子跟情人姓，这得是真爱了，后面情 人肯定上位blablabl\n\n我当时看了这个排雷，就是一脸……？……？……？","numberOfReplies":1,"comments":[{"comment":"男主叔叔老婆在文中没有出现，开篇人就没了，叔叔是深情人设，老婆走了没娶妻没找其他女人，因为小儿子和老婆姓，被一个读者小论文排雷说我对深情人设有误解，男主叔叔不仅和情 人生下孩子还让孩子跟情人姓，这得是真爱了，后面情 人肯定上位blablabl\n我当时看了这个排雷，就是一脸……？……？……？\n№0☆☆☆。|933b4f14于2022-02-16 09:03:48留言☆☆☆\nfpb","commentTime":"2022-02-16 09:03:59","commentOwner":"。"}]}