{"id":"953e6216-b56f-4b33-8db5-b34e0766b485","category":"晋江论坛→网友交流区→碧水江汀 欢迎回来：53088456  退 出","postSubject":"主题：那个，我举报删除了文下的恶意排雷，在读者眼里算黑点吗？ [4] 【搜索关键词：排雷】","postUrl":"https://bbs.jjwxc.net/showmsg.php?board=17&keyword=%C5%C5%C0%D7&id=1856278","originalPost":"rt","numberOfReplies":4,"comments":[{"comment":"有个读者追着我骂了快30个小时了吧，被搞到头秃且一动不敢动","commentTime":"2022-04-19 02:31:32","commentOwner":"zz"},{"comment":"你为啥不直接删","commentTime":"2022-04-19 02:31:54","commentOwner":"。"},{"comment":"你为啥不直接删\n№2☆☆☆。|7b2005a2于2022-04-19 02:31:54留言☆☆☆\n是负分。\n但是无论怎么样的删除办法，对读者来说我就是删了她的评论。","commentTime":"2022-04-19 02:35:51","commentOwner":"zz"},{"comment":"回他，管理员删的，有问题找JJ\n再发疯你就默默继续举报","commentTime":"2022-04-19 02:36:42","commentOwner":"。"}]}