{"id":"ea364260-86ec-4435-a209-144d668f273f","category":"晋江论坛→网友交流区→碧水江汀 请稍候...","postSubject":"主题：写了好几本文，第一次收到排雷的评论 [9] 【搜索关键词：排雷】","postUrl":"https://bbs.jjwxc.net/showmsg.php?board=17&keyword=%C5%C5%C0%D7&id=1651662","originalPost":"难受，我觉得我没写多过分啊 为什么有人这么恶意啊","numberOfReplies":9,"comments":[{"comment":"就还在评论底下给其他人排雷T^T","commentTime":"2021-11-26 08:23:27","commentOwner":"。。"},{"comment":"终于体会到了这种心情","commentTime":"2021-11-26 08:23:53","commentOwner":"。。"},{"comment":"我现在应该去压一下评论吗，不然肯定会影响涨收的","commentTime":"2021-11-26 08:24:57","commentOwner":"。。"},{"comment":"以前还遇到了盗文读者在wb排雷，点烟","commentTime":"2021-11-26 08:26:40","commentOwner":"。"},{"comment":"小号压评叭不用管，有些排雷的甚至没看完前三章","commentTime":"2021-11-26 08:27:26","commentOwner":"。"},{"comment":"以前还遇到了盗文读者在wb排雷，点烟\n№4 ☆☆☆。|e0b6d3ef于2021-11-26 08:26:40留言☆☆☆\n我马上要v了，而且我看了那个排雷的读者，花的钱不多……现在就很难受","commentTime":"2021-11-26 08:27:37","commentOwner":"。。"},{"comment":"小号压评叭不用管，有些排雷的甚至没看完前三章\n№5 ☆☆☆。|77de21a6于2021-11-26 08:27:26留言☆☆☆\n我就是这种被误解的心情，后面还有好多没写呢，她就这么下了定论","commentTime":"2021-11-26 08:28:22","commentOwner":"。。"},{"comment":"想开点，说明你要火了，来hyb了","commentTime":"2021-11-26 08:36:39","commentOwner":"= ="},{"comment":"想开点，说明你要火了，来hyb了\n№8 ☆☆☆= =|618b08bc于2021-11-26 08:36:39留言☆☆☆\n不是，可能是第一次写火葬场，其实到现在为止，男主并不是特别过分，可能读者要求比较高","commentTime":"2021-11-26 08:50:45","commentOwner":"。。"}]}