{"id":"28cffa03-d3b1-4a41-b0af-91e0b00d36de","category":"晋江论坛→网友交流区→碧水江汀 请稍候...","postSubject":"主题：我被扫文组排雷的理由是…… [7] 【搜索关键词：排雷】","postUrl":"https://bbs.jjwxc.net/showmsg.php?board=17&keyword=%C5%C5%C0%D7&id=1641765","originalPost":"v前v后水平差距过大，怀疑代笔。","numberOfReplies":7,"comments":[{"comment":"笑不活了","commentTime":"2021-11-18 13:26:46","commentOwner":"。"},{"comment":"我？？？因为v后我日万了，明不明白！","commentTime":"2021-11-18 13:26:53","commentOwner":"。"},{"comment":"哈哈哈哈哈哈哈哈哈哈","commentTime":"2021-11-18 13:26:59","commentOwner":"咸鱼都无聊鸭"},{"comment":"……无语","commentTime":"2021-11-18 13:27:03","commentOwner":"。"},{"comment":"哈哈哈哈哈","commentTime":"2021-11-18 13:27:06","commentOwner":"不收徒"},{"comment":"哈哈哈哈哈","commentTime":"2021-11-18 13:27:57","commentOwner":"。"},{"comment":"哈哈哈哈仿佛被排的是我","commentTime":"2021-11-18 13:29:19","commentOwner":"。"}]}