{"id":"2dec86c3-36b5-46ea-93bc-c9f2b564efc0","category":"晋江论坛→网友交流区→碧水江汀 欢迎回来：53088456  退 出","postSubject":"主题：空间里看到一个刷完晋江年度榜单前五十的评价加排雷，点进图片一看，全是TXT文包。 [30] 【搜索关键词：排雷】","postUrl":"https://bbs.jjwxc.net/showmsg.php?board=17&keyword=%C5%C5%C0%D7&id=1932028","originalPost":"不知道是从晋江下载的还是dw，我截图贴上来看看。","numberOfReplies":28,"comments":[{"comment":"去三千","commentTime":"2022-06-06 11:16:01","commentOwner":"。。"},{"comment":"去三千\n№1 ☆☆☆。。|766a39a5于2022-06-06 11:16:01留言☆☆☆\n那里私密一点","commentTime":"2022-06-06 11:16:18","commentOwner":"。。"},{"comment":"每次都说去三千，三千又没什么活人","commentTime":"2022-06-06 11:17:54","commentOwner":"。"},{"comment":"看了看楼上不知道这个贴里还发不发","commentTime":"2022-06-06 11:19:15","commentOwner":"。"},{"comment":"","commentTime":"2022-06-06 11:22:32","commentOwner":"dd"},{"comment":"晋江好像只有作者本人花月石才能下载自己的文，读者不可能从晋江下载的，百分百盗文狗","commentTime":"2022-06-06 11:25:51","commentOwner":"。"},{"comment":"看了看楼上不知道这个贴里还发不发\n№4 ☆☆☆。|bd74bc84于2022-06-06 11:19:15留言☆☆☆\nbs一堆挂dwg的，别理那个人，不知道她故意这样说是什么心态","commentTime":"2022-06-06 11:27:39","commentOwner":"。"},{"comment":"历史引用 展开全部▼\nbs一堆挂dwg的，别理那个人，不知道她故意这样说是什么心态\n№7 ☆☆☆。|75aede1f于2022-06-06 11:27:39留言☆☆☆\n？","commentTime":"2022-06-06 11:33:39","commentOwner":"。。"},{"comment":"发呗… 可以当我楼上那条不存在 我举报一下","commentTime":"2022-06-06 11:34:59","commentOwner":"。。"},{"comment":"我看她的界面是文包，但不知道是自己下的整合的还是dw","commentTime":"2022-06-06 11:36:47","commentOwner":"。"},{"comment":"(显示全部)","commentTime":"2022-06-06 11:45:51","commentOwner":"。"},{"comment":"border=\"0\">\n(显示全部)","commentTime":"2022-06-06 11:46:31","commentOwner":"。"},{"comment":"大草，里面有好几本我超爱的文","commentTime":"2022-06-06 11:47:23","commentOwner":"。"},{"comment":"大草，里面有好几本我超爱的文\n№14 ☆☆☆。|98dba684于2022-06-06 11:47:23留言☆☆☆\n看见不知所谓的评价真的血压上升了，已经想和她大战三百回合了-_-||","commentTime":"2022-06-06 11:49:10","commentOwner":"。"},{"comment":"这是个gk吗……","commentTime":"2022-06-06 11:49:24","commentOwner":"。"},{"comment":"吞了，等吐吧，我觉得这种事情很没有道理，但就是又说不出来具体的逻辑点，有点憋火，又说不出来问题的根源……","commentTime":"2022-06-06 11:52:04","commentOwner":"。"},{"comment":"历史引用 展开全部▼\n看见不知所谓的评价真的血压上升了，已经想和她大战三百回合了-_-||\n№15 ☆☆☆。|98dba684于2022-06-06 11:49:10留言☆☆☆\n越想越气，还拿小说来换脸代餐，感觉就跟一些影视up一样，为了吐槽而吐槽","commentTime":"2022-06-06 11:53:14","commentOwner":"。"},{"comment":"这个是吗\n\n№19☆☆☆。|c08031e2于2022-06-06 11:55:58留言☆☆☆\n原po还特别有自知之明的关掉了空间权限，什么成分大家都懂了","commentTime":"2022-06-06 11:56:42","commentOwner":"。"},{"comment":"这个是吗\n\n№19☆☆☆。|c08031e2于2022-06-06 11:55:58留言☆☆☆\n她列出来的文里有很多是剧情流，但她却只看感情线，是什么成分不用说了","commentTime":"2022-06-06 11:58:11","commentOwner":"。"},{"comment":"我和我列表都猜她只看了开头就写所谓的评语，很多评语一看就是没看过那本文的","commentTime":"2022-06-06 11:59:09","commentOwner":"。"},{"comment":"想笑 她算什么","commentTime":"2022-06-06 12:00:09","commentOwner":"。"},{"comment":"啊这……dw吧。","commentTime":"2022-06-06 12:01:01","commentOwner":"过"},{"comment":"想笑 她算什么\n№23☆☆☆。|10e42457于2022-06-06 12:00:09留言☆☆☆\n她还特意关闭了□□权限，显然是有点数的","commentTime":"2022-06-06 12:01:10","commentOwner":"。"},{"comment":"主要是她这种行为在很多路人眼里看起来是在做善事，让人觉得很气，又不知道该如何反驳","commentTime":"2022-06-06 12:04:08","commentOwner":"。"},{"comment":"出来了","commentTime":"2022-06-06 17:44:35","commentOwner":"。"},{"comment":"看了觉得她有病。。","commentTime":"2022-06-06 18:34:51","commentOwner":"。"},{"comment":"糙，她有病？无语八字","commentTime":"2022-06-06 18:38:16","commentOwner":"又是一个"},{"comment":"这个包，我知道。我室友也有，她是从一个倒卖的微信号买的。","commentTime":"2022-06-06 18:43:33","commentOwner":"啊啊"}]}