{"id":"d0fa16ea-6c27-4379-ac4a-599a69ab960c","category":"晋江论坛→网友交流区→碧水江汀 请稍候...","postSubject":"主题：dw，虚假排雷、刷负、恶意举报，我的文究竟给她带去了多大的伤害。 [2] 【搜索关键词：排雷】","postUrl":"https://bbs.jjwxc.net/showmsg.php?board=17&keyword=%C5%C5%C0%D7&id=1723828","originalPost":"点烟","numberOfReplies":2,"comments":[{"comment":"啊这","commentTime":"2022-01-18 15:57:44","commentOwner":"嘤"},{"comment":"太惨了吧咕咕","commentTime":"2022-01-18 15:58:23","commentOwner":"好耶！"}]}