{"id":"c9ad8083-9a42-454d-9f15-d96353e9d59f","category":"晋江论坛→网友交流区→碧水江汀 欢迎回来：53088456  退 出","postSubject":"主题：暴躁，读者能不能看排雷看排雷！！！这个东西搞起来不就是为了让你们不要踩雷吗？一身雷点的人为啥不看排雷啊！！！ [6] 【搜索关键词：排雷】","postUrl":"https://bbs.jjwxc.net/showmsg.php?board=17&keyword=%C5%C5%C0%D7&id=1630257","originalPost":"文案排雷写的清清楚楚有什么用，总有人看完以后踩雷了还要质问你为什么这么写，orz","numberOfReplies":6,"comments":[{"comment":"哎","commentTime":"2021-11-08 19:23:17","commentOwner":"。。"},{"comment":"排雷写了控控党别来她们非来。\n是不是控控而不自知啊？","commentTime":"2021-11-08 19:26:52","commentOwner":"= ="},{"comment":"故意的\n又要看又要骂\n其实自己明明真香只是不承认而已\n看完了反过来踩一脚以维护自己高高在上的道德卫士形象","commentTime":"2021-11-08 19:26:58","commentOwner":"= ="},{"comment":"现在很多人就是这样，而且你排雷她不看，她还臆想一堆情节自己排一遍雷","commentTime":"2021-11-08 19:30:58","commentOwner":"。"},{"comment":"故意找茬的，这种很多","commentTime":"2021-11-08 19:35:28","commentOwner":"——"},{"comment":"见过跑到耽美文下骂耽美作者和读者腐癌的","commentTime":"2021-11-08 19:43:29","commentOwner":"。"}]}