{"id":"7d069f11-bb89-4e23-b2e8-f0296f8f2558","category":"晋江论坛→网友交流区→碧水江汀 请稍候...","postSubject":"主题：我太窒息了，我都要完结了，遇到一个盗文读者找茬抬杠，杠我文案上的排雷，自以为是打了一千字长评还一直回复，跳的老高一看订阅0 [9] 【搜索关键词：排雷】","postUrl":"https://bbs.jjwxc.net/showmsg.php?board=17&keyword=%C5%C5%C0%D7&id=1792210","originalPost":"我直接下场和他吵了","numberOfReplies":9,"comments":[{"comment":"气死了气死了气死了我，我气死了","commentTime":"2022-03-08 10:53:47","commentOwner":"。"},{"comment":"举报盗文评论试试呢？","commentTime":"2022-03-08 10:54:07","commentOwner":"。"},{"comment":"这不是为了杠来杠吗？他杠的内容和文章没有一毛钱关系，是在他想象当中的发展","commentTime":"2022-03-08 10:54:24","commentOwner":"。"},{"comment":"他杠了一大堆，不知道从哪里找出来的理由，说文章表面上看上去可以，仔细一想有点奇怪，哪里奇怪说不上来，姐妹们能接受就算了，不能就避雷吧？？？","commentTime":"2022-03-08 10:55:43","commentOwner":"。"},{"comment":"直接戳破他看盗版还要来正版面前叫嚣的嘴脸","commentTime":"2022-03-08 10:55:57","commentOwner":"。"},{"comment":"哪里奇怪你都说不上来，你说什么呢？","commentTime":"2022-03-08 10:56:04","commentOwner":"。"},{"comment":"问她订阅0是怎么做到凭空捏造后文发展的呢？","commentTime":"2022-03-08 10:56:12","commentOwner":"。"},{"comment":"直接戳破他看盗版还要来正版面前叫嚣的嘴脸\n№5 ☆☆☆。|8c43a47a于2022-03-08 10:55:57留言☆☆☆\n我直接贴了这位老大哥订阅率0，对方毫无改变继续排雷？","commentTime":"2022-03-08 10:56:38","commentOwner":"。"},{"comment":"我好气好气，要怎么怼他才能变得开心一点？我都没有码字了","commentTime":"2022-03-08 11:02:20","commentOwner":"。"}]}