{"id":"0ee1089f-b1ff-4496-8989-cf3d9810e4ca","category":"晋江论坛→网友交流区→碧水江汀 请稍候...","postSubject":"主题：bg文有很隐晦的百合线，需要排雷吗 [5] 【搜索关键词：排雷】","postUrl":"https://bbs.jjwxc.net/showmsg.php?board=17&keyword=%C5%C5%C0%D7&id=1724877","originalPost":"rt，百合线很隐晦，需要在文案说明吗","numberOfReplies":5,"comments":[{"comment":"有位大佬排过，也没人说不好。我建议排一下，读者对插百合比插耽美接受度高","commentTime":"2022-01-19 10:29:35","commentOwner":"。"},{"comment":"有位大佬排过，也没人说不好。我建议排一下，读者对插百合比插耽美接受度高\n№1 ☆☆☆。|a33a6523于2022-01-19 10:29:35留言☆☆☆\n好的，谢谢咕咕！","commentTime":"2022-01-19 10:30:09","commentOwner":"。"},{"comment":"主楼被pb了不懂写了什么，如果真的非常隐晦我其实觉得不用，喜欢磕的人磕不喜欢的人大概也不会注意到","commentTime":"2022-01-19 10:31:12","commentOwner":"。"},{"comment":"需要","commentTime":"2022-01-19 10:31:17","commentOwner":"= ="},{"comment":"排一下会好些，只要不是主角的话，排雷清楚读者应该不会有大问题~","commentTime":"2022-01-19 10:32:08","commentOwner":"，"}]}