{"id":"00af2107-1db9-4ac5-9ed8-6d031270a3e5","category":"晋江论坛→网友交流区→碧水江汀 请稍候...","postSubject":"主题：给衍生二言的姐妹们一个温馨提示，看到排雷先别生气，看看对方的读者号评论内容，谁知道是不是职业杠精（？），回复生气就是浪费情绪 [6] 【搜索关键词：排雷】","postUrl":"https://bbs.jjwxc.net/showmsg.php?board=17&keyword=%C5%C5%C0%D7&id=1716435","originalPost":"rt\n第一次被读者排雷，心情复杂ing，关键是被排雷的原因是因为原著角色所做的（基本上是按照原著走向，不过我最近添油加醋？了点）让该读者不满意了www","numberOfReplies":6,"comments":[{"comment":"去看人家读者号的评论，只要是衍生－言情，基本上（也有不是）就是在杠，骂女主各种迷惑行为（已经开始同情这些作者了）","commentTime":"2022-01-13 14:29:11","commentOwner":"。"},{"comment":"本来二言比起原创又赚不到几个钱，理它们干啥，不管，写自己想写的就完了。","commentTime":"2022-01-13 14:29:21","commentOwner":"。"},{"comment":"?，写自己想写的，别被评论影响，实在不想写就跑，原创欢迎大家www","commentTime":"2022-01-13 14:30:24","commentOwner":"。"},{"comment":"？→对","commentTime":"2022-01-13 14:30:46","commentOwner":"。"},{"comment":"我也遇到过，然后我发现那人不管啥文都杠，然后我就不管她了，删评解决问题。她杠的点我后面都有解释，自己没看就在那大放厥词。","commentTime":"2022-01-13 14:31:17","commentOwner":"。"},{"comment":"对，有几个职业杠精经常在各个衍生文下面发表恶评","commentTime":"2022-01-13 14:31:50","commentOwner":"。"}]}