{"id":"16abe4f7-658f-4b56-b184-93304bfbc3e0","category":"晋江论坛→网友交流区→碧水江汀 欢迎回来：53088456  退 出","postSubject":"主题：李涛。恶意排雷是不是大部分都是同行红眼病？大佬是不是就很少遇到？ [20] 【搜索关键词：排雷】","postUrl":"https://bbs.jjwxc.net/showmsg.php?board=17&keyword=%C5%C5%C0%D7&id=1987618","originalPost":"如题","numberOfReplies":20,"comments":[{"comment":"搞得都是小作者啦","commentTime":"2022-07-13 23:20:46","commentOwner":"……"},{"comment":"不知道，刚刚看隔壁说有作者晒了他收到的上千条负分，震撼","commentTime":"2022-07-13 23:21:18","commentOwner":"。"},{"comment":"有hyb也有不太正常的偏激读者，反正都有点sjb","commentTime":"2022-07-13 23:21:40","commentOwner":"= ="},{"comment":"也不是。我看见过金榜文虚假排雷","commentTime":"2022-07-13 23:21:54","commentOwner":"。"},{"comment":"只知道这群人有群","commentTime":"2022-07-13 23:22:14","commentOwner":"啦啦啦"},{"comment":"不是，大佬也会遇到，bjbc不就因为文名被搞了一整天，非说她蹭耽美热度……","commentTime":"2022-07-13 23:23:26","commentOwner":"。"},{"comment":"你想太多，同行hyb搞小作者也有，但是更多的是想要屠神见不得别人好的人，看着大神掉落神坛难道不让人心动吗？普通小作者有瓜在隔壁根本顶不起来几层楼，但是如果是大神，呵呵。本区也一样。想想那些挂xc融梗的贴，挂小作者飞快沉没，挂大神，分分钟hot。\n就是经济下行，很多人觉得作者这么轻松赚得太多了不打你打谁，发泄戾气罢了。","commentTime":"2022-07-13 23:25:12","commentOwner":"。。"},{"comment":"不，以及写小众xp的题材作者也会被人恶意追着排雷举报到下本书，别问我怎么知道的，心累。\n我这成绩肯定没有红眼病，就是戳到了一群sjb的不喜欢，他们就要搞掉我。","commentTime":"2022-07-13 23:26:59","commentOwner":"= ="},{"comment":"不，以及写小众xp的题材作者也会被人恶意追着排雷举报到下本书，别问我怎么知道的，心累。\n我这成绩肯定没有红眼病，就是戳到了一群sjb的不喜欢，他们就要搞掉我。\n№8☆☆☆= =|faf72461于2022-07-13 23:26:59留言☆☆☆\n我开新文根本无关上本书，有人就暗戳戳在bs挂我的新文，说我恶心，我完结了又开始恶意举报我","commentTime":"2022-07-13 23:28:40","commentOwner":"= ="},{"comment":"我完全也可以晒我收到的千条负分辱骂人身攻击","commentTime":"2022-07-13 23:29:22","commentOwner":"= ="},{"comment":"不，以及写小众xp的题材作者也会被人恶意追着排雷举报到下本书，别问我怎么知道的，心累。\n我这成绩肯定没有红眼病，就是戳到了一群sjb的不喜欢，他们就要搞掉我。\n№8 ☆☆☆= =|faf72461于2022-07-13 23:26:59留言☆☆☆\n抱抱。写个文真累","commentTime":"2022-07-13 23:30:50","commentOwner":"。"},{"comment":"反正我抓到的几个搞我的都是作者，还都是利益相关的同榜作者","commentTime":"2022-07-13 23:32:00","commentOwner":"。"},{"comment":"别忽略了gksk","commentTime":"2022-07-13 23:34:29","commentOwner":"= ="},{"comment":"不知道，刚刚看隔壁说有作者晒了他收到的上千条负分，震撼\n№2 ☆☆☆。|d6aca286于2022-07-13 23:21:18留言☆☆☆\n不知道是不是基友分享给我的那个作者，wb晒负分，然而她之前好像是污蔑另一个作者抄袭导致对方退圈。。。。我持保留意见先。。","commentTime":"2022-07-13 23:34:40","commentOwner":"深海毛巾卷"},{"comment":"也不全是吧，见过因为删评，压评疯狂逆反的读者\n有些读者可能你不删她发泄了就可以了\n有些读者看到你把她评论压了，或者读者评论的时候压了，也会觉得不爽是在捂嘴\n大佬也有，我见过","commentTime":"2022-07-13 23:35:20","commentOwner":"= ="},{"comment":"其实呢，如果能赚很多钱，就算有人骂我我也能接受，问题是小作者赚的不多，还被揪着一直骂，换作谁都不好受吧。这个情况放现实生活同样适用，如果老板愿意雇我每个月一万听他骂我，我上赶着去","commentTime":"2022-07-14 00:20:37","commentOwner":"，"},{"comment":"我觉得都有。反正成分复杂，没安好心","commentTime":"2022-07-14 00:22:40","commentOwner":"。"},{"comment":"大佬有粉丝，就算有恶评也不明显","commentTime":"2022-07-14 00:24:12","commentOwner":"= ="},{"comment":"是吧= =反正我抓到的是同期，就很无语，但后来看到她后续成绩比我差我就开心了","commentTime":"2022-07-14 00:25:43","commentOwner":"。"},{"comment":"大佬也能遇到吧，只不过底下会有读者帮忙解释","commentTime":"2022-07-14 00:26:31","commentOwner":"。"}]}