{"id":"7edb5244-0a6b-4825-8488-df8b9aad7980","category":"晋江论坛→网友交流区→碧水江汀 欢迎回来：53088456  退 出","postSubject":"主题：男主前期对女配有好感，需要排雷吗？ [11] 【搜索关键词：排雷】","postUrl":"https://bbs.jjwxc.net/showmsg.php?board=17&keyword=%C5%C5%C0%D7&id=1802080","originalPost":"而且为女配受过伤","numberOfReplies":11,"comments":[{"comment":"感情流里面 雷 除非是偏现实向","commentTime":"2022-03-15 12:02:08","commentOwner":"、"},{"comment":"如果你求生欲很强的话，需要……","commentTime":"2022-03-15 12:02:23","commentOwner":"。。"},{"comment":"火葬场就不用","commentTime":"2022-03-15 12:04:30","commentOwner":"=="},{"comment":"谁还没喜欢过人呢，但你非得从男主对女配有好感这块儿写吗，从他俩已经决裂那块还能接受点，不然就是那种为了别的女人对女主虐身虐心，图啥呢，那肯定会被骂的","commentTime":"2022-03-15 12:04:38","commentOwner":"。。。"},{"comment":"懂了，谢谢楼上的咕咕","commentTime":"2022-03-15 12:30:35","commentOwner":"。"},{"comment":"现在好像确实很雷","commentTime":"2022-03-15 12:33:53","commentOwner":"。"},{"comment":"雷啊，很雷","commentTime":"2022-03-15 12:36:46","commentOwner":"。"},{"comment":"不能接受，我是女主控，喜欢全程1v1，如果有这种剧情最好标一下吧","commentTime":"2022-03-15 12:38:26","commentOwner":"。"},{"comment":"我不喜欢，不拍雷看到可能控制不住生气的情绪说点不好听的话","commentTime":"2022-03-15 12:41:27","commentOwner":"——"},{"comment":"救命，我好像写了这个情节，还是无大纲突发奇想加上的，写完收藏刷刷刷地掉","commentTime":"2022-03-15 12:42:59","commentOwner":"。"},{"comment":"那个黑月光就是呀，编个理由就可以了","commentTime":"2022-03-15 12:59:20","commentOwner":"。"}]}