{"id":"edf97c43-22eb-4043-8de0-67a2df05f0fd","category":"晋江论坛→网友交流区→碧水江汀 请稍候...","postSubject":"主题：有点理解为啥排雷会让一部分读者不舒服了 [19] 【搜索关键词：排雷】","postUrl":"https://bbs.jjwxc.net/showmsg.php?board=17&keyword=%C5%C5%C0%D7&id=1735133","originalPost":"就是看到一篇文觉得很好，会有那种做梦的感觉，排雷会把梦打碎，很下头\n梦有时候会有很离谱的部分的","numberOfReplies":19,"comments":[{"comment":"虽然但是hhhh 要是踩雷了是不是更下头？hhhhh\n就感觉可能主要问题还是文里有雷","commentTime":"2022-01-25 23:14:26","commentOwner":"。"},{"comment":"你喜欢一个东西，旁边有人非说不好，你是不是想打人？","commentTime":"2022-01-25 23:16:09","commentOwner":"=="},{"comment":"踩雷了我会更不舒服","commentTime":"2022-01-25 23:18:13","commentOwner":"。"},{"comment":"踩雷了我会更不舒服\n№3 ☆☆☆。|cf1754d7于2022-01-25 23:18:13留言☆☆☆\n。相当于喂shit","commentTime":"2022-01-25 23:19:34","commentOwner":"。"},{"comment":"你喜欢一个东西，旁边有人非说不好，你是不是想打人？\n№2 ☆☆☆==|e7f48cb8于2022-01-25 23:16:09留言☆☆☆\n。","commentTime":"2022-01-25 23:26:37","commentOwner":"耽频半边天"},{"comment":"所以别看评论区别看评论区别看评论区","commentTime":"2022-01-25 23:26:54","commentOwner":"耽频半边天"},{"comment":"不会啊\n不触及自己的雷无所谓，触及就提前离开，无所谓的\n除非是虚假排雷，那是很讨厌的","commentTime":"2022-01-25 23:28:01","commentOwner":"——"},{"comment":"你喜欢一个东西，旁边有人非说不好，你是不是想打人？\n№2 ☆☆☆==|e7f48cb8于2022-01-25 23:16:09留言☆☆☆\n。","commentTime":"2022-01-25 23:28:56","commentOwner":"。"},{"comment":"我要么先看书再看评论，要么先看评论再看书。\n具体情况具体分析，hhh","commentTime":"2022-01-25 23:30:43","commentOwner":"。"},{"comment":"+1\n兴致冲冲买了炸鸡汉堡，张嘴准备吃的时候，旁边一个人冲过来咆哮：“油炸东西，垃圾食品，垃圾。”\n就想给一拳。","commentTime":"2022-01-25 23:41:52","commentOwner":"0.0"},{"comment":"+1\n兴致冲冲买了炸鸡汉堡，张嘴准备吃的时候，旁边一个人冲过来咆哮：“油炸东西，垃圾食品，垃圾。”\n就想给一拳。\n№10 ☆☆☆0.0|aad5610a???于2022-01-25 23:41:52留言☆☆☆\n比你吃到一半发现里面塞了你吃了会过敏的东西好吧","commentTime":"2022-01-25 23:43:18","commentOwner":"= ="},{"comment":"+1\n兴致冲冲买了炸鸡汉堡，张嘴准备吃的时候，旁边一个人冲过来咆哮：“油炸东西，垃圾食品，垃圾。”\n就想给一拳。\n№10 ☆☆☆0.0|aad5610a???于2022-01-25 23:41:52留言☆☆☆\n排雷只是告诉你这是油炸的\n有人吃不了油炸的，就自己走了\n后面两句属于rs攻击，不在正常排雷范围内","commentTime":"2022-01-25 23:47:04","commentOwner":"。"},{"comment":"看文案你已经这么反感了\n如果不排雷就会直接出现在正文里，甚至有可能是在订阅了很久才出现，脾气好一点的读者踩雷点X就出去了，脾气差一点的能在评论区把作者吊起来打\n还是文案排雷好，再怎么破防你都没点开这一篇文，你还没开始看，再痛也不会有你已经投入时间精力金钱后踩雷更痛","commentTime":"2022-01-25 23:47:22","commentOwner":"= ="},{"comment":"因为败兴啊","commentTime":"2022-01-25 23:48:08","commentOwner":"=="},{"comment":"踩雷了我会更不舒服\n№3 ☆☆☆。|cf1754d7于2022-01-25 23:18:13留言☆☆☆\n。","commentTime":"2022-01-25 23:48:09","commentOwner":"。"},{"comment":"对文案排雷无感，但反感评论区字数多看起来一小段的那种排雷，会很败兴。而且我累点很少，排的雷对我一般无所谓，主要就是败兴，哪怕我不雷也不会点进去了","commentTime":"2022-01-25 23:59:32","commentOwner":"。"},{"comment":"排雷无所谓，看看就过了。想看就看，不看算了，没啥感觉","commentTime":"2022-01-26 00:03:33","commentOwner":"。。"},{"comment":"评论区排雷不地图炮到我都无所谓","commentTime":"2022-01-26 00:14:55","commentOwner":"西瓜啵啵"},{"comment":"很多排雷都是臆想式排雷","commentTime":"2022-01-26 00:29:03","commentOwner":"。"}]}