{"id":"65c523ed-2e16-4d1d-b95a-e9b93d69e6fb","category":"晋江论坛→网友交流区→碧水江汀 欢迎回来：53088456  退 出","postSubject":"主题：这又是什么bug？一条虚假排雷的评论怎么也压不下去 [7] 【搜索关键词：排雷】","postUrl":"https://bbs.jjwxc.net/showmsg.php?board=17&keyword=%C5%C5%C0%D7&id=1995256","originalPost":"搞笑呢吧","numberOfReplies":7,"comments":[{"comment":"无论发几条评论，那条都在最上面，有毒？？？举报给管理，处理得好慢","commentTime":"2022-09-12 20:41:35","commentOwner":"修吾"},{"comment":"你先举报，然后删了啊，后面审核删除会只显示审核删除","commentTime":"2022-09-12 20:42:30","commentOwner":"fjks"},{"comment":"你先举报，然后删了啊，后面审核删除会只显示审核删除\n№2☆☆☆fjks|220cbdeb于2022-09-12 20:42:30留言☆☆☆\n我删评权限被禁了，不然早删了","commentTime":"2022-09-12 20:43:25","commentOwner":"修吾"},{"comment":"历史引用 展开全部▼\n我删评权限被禁了，不然早删了\n№3 ☆☆☆修吾|249a0442于2022-09-12 20:43:25留言☆☆☆\n？为什么会被禁止啊","commentTime":"2022-09-12 20:44:05","commentOwner":"汤汁拌饭蘑菇酱"},{"comment":"历史引用 展开全部▼\n？为什么会被禁止啊\n№4☆☆☆汤汁拌饭蘑菇酱|25592f27于2022-09-12 20:44:05留言☆☆☆\n有读者投诉我删评，投诉成功，我就被禁权限了","commentTime":"2022-09-12 20:44:54","commentOwner":"修吾"},{"comment":"历史引用 展开全部▼\n有读者投诉我删评，投诉成功，我就被禁权限了\n№5 ☆☆☆修吾|249a0442于2022-09-12 20:44:54留言☆☆☆\n啊我去……这玩意还能被投诉……那我删了好多也没被投诉幸运了","commentTime":"2022-09-12 20:46:32","commentOwner":"汤汁拌饭蘑菇酱"},{"comment":"全订吗","commentTime":"2022-09-12 20:53:44","commentOwner":"呜呜呜今天上班"}]}