{"id":"c4e1cb5c-c790-47f4-8ce2-75f55d2cdb4c","category":"晋江论坛→网友交流区→碧水江汀 欢迎回来：53088456  退 出","postSubject":"主题：我排雷写了二十条就为了防杠精，直接折叠了不好吧？@管理员 [14] 【搜索关键词：排雷】","postUrl":"https://bbs.jjwxc.net/showmsg.php?board=17&keyword=%C5%C5%C0%D7&id=2012502","originalPost":"rt\n就算折叠也留五六行行不，只留两行算什么啊","numberOfReplies":13,"comments":[{"comment":"dd","commentTime":"2022-12-23 09:13:59","commentOwner":"momo1"},{"comment":"d","commentTime":"2022-12-23 09:16:30","commentOwner":"takaramono"},{"comment":"dd昨天还没被折叠，今天就被折叠了，要是嫌读者评论太长了，再出个置顶消息禁止评论就行，这折叠来折叠去的出这个功能也没意思。","commentTime":"2022-12-23 09:19:10","commentOwner":"我想升二星"},{"comment":"dd昨天还没被折叠，今天就被折叠了，要是嫌读者评论太长了，再出个置顶消息禁止评论就行，这折叠来折叠去的出这个功能也没意思。\n№3☆☆☆我想升二星|5a0289e2于2022-12-23 09:19:10留言☆☆☆\nddddddd","commentTime":"2022-12-23 09:55:01","commentOwner":"momo1"},{"comment":"ddd","commentTime":"2022-12-23 10:17:44","commentOwner":"momo1"},{"comment":"dd","commentTime":"2022-12-23 11:04:48","commentOwner":"momo1"},{"comment":"dddd","commentTime":"2022-12-23 11:17:43","commentOwner":"我可以飞升吗"},{"comment":"顶顶顶，今天夹子，我写了一张串，作用何在，呜呜呜呜，怎么这么倒霉","commentTime":"2022-12-23 13:07:45","commentOwner":"是这样解决的吗"},{"comment":"我置顶才四行也给我折叠，不好吧，蛮无语的","commentTime":"2022-12-23 13:08:26","commentOwner":"Wwwwwind"},{"comment":"dd","commentTime":"2022-12-23 13:43:16","commentOwner":"风来"},{"comment":"ddddd","commentTime":"2022-12-23 15:32:10","commentOwner":"momo1"},{"comment":"dd","commentTime":"2022-12-23 15:54:47","commentOwner":"该起啥昵称"},{"comment":"您好，您反馈的情况已收到，后续也会不断优化调整，感谢您的支持。","commentTime":"2022-12-23 16:06:17","commentOwner":""}]}