{"id":"23372845-97fc-4a54-a278-22d46503721a","category":"晋江论坛→网友交流区→碧水江汀 请稍候...","postSubject":"主题：真无语，有些读者为什么要靠脑补排雷啊，无语死了无语死了 [5] 【搜索关键词：排雷】","postUrl":"https://bbs.jjwxc.net/showmsg.php?board=17&keyword=%C5%C5%C0%D7&id=1833852","originalPost":"大清早就给我看这么一个评论，晦气","numberOfReplies":4,"comments":[{"comment":"因为她晦气","commentTime":"2022-04-05 11:20:35","commentOwner":"。。。"},{"comment":"因为她晦气\n№1 ☆☆☆。。。|6cc86fd3于2022-04-05 11:20:35留言☆☆☆\n呜呜呜呜","commentTime":"2022-04-05 12:26:09","commentOwner":"。"},{"comment":"没事，摸摸","commentTime":"2022-04-05 12:41:15","commentOwner":"你真美"},{"comment":"摸摸","commentTime":"2022-04-05 12:42:55","commentOwner":"。"}]}