{"id":"0c2abcf7-d86b-4fcd-9c84-31881ce681bf","category":"晋江论坛→网友交流区→碧水江汀 欢迎回来：53088456  退 出","postSubject":"主题：如果大部分情节发生在主角的梦里，梦里主角死了，然后梦醒he，这个要排雷吗 [2] 【搜索关键词：排雷】","postUrl":"https://bbs.jjwxc.net/showmsg.php?board=17&keyword=%C5%C5%C0%D7&id=2004894","originalPost":"。","numberOfReplies":2,"comments":[{"comment":"不用，这都算雷，读者别看文了","commentTime":"2022-11-08 23:04:59","commentOwner":"家有小兔叫啾啾"},{"comment":"赞同楼上咕咕的话","commentTime":"2022-11-08 23:11:18","commentOwner":"我的昵称已经被其他人"}]}