{"id":"bf5f6628-a21b-4bf6-b704-794ba1098f4d","category":"晋江论坛→网友交流区→碧水江汀 请稍候...","postSubject":"主题：越想越气，开个排雷帖！不要信dy之类推荐说什么最让人期待恐怖电影，不要看《哭悲》！！！ [19] 【搜索关键词：排雷】","postUrl":"https://bbs.jjwxc.net/showmsg.php?board=17&keyword=%C5%C5%C0%D7&id=1845578","originalPost":"根本不恐怖！不要因为想看恐怖片过去看！真的全程血月星，暴//力/，还有一些无法言说的场面。\n被推荐奔着恐怖片去看的，被ex到想起来就想吐。\n没有夸大其词！\n这个电影会是我有史以来最被ex的电影。\n如果接受能力max，就爱看极度血那个月星，可以去，想看恐怖的不要看！！！！！！","numberOfReplies":18,"comments":[{"comment":"前面还好，也能接受，后面那简直是恨不得穿越删除记忆的那种。","commentTime":"2022-04-12 12:57:05","commentOwner":"。"},{"comment":"真的很恶心啊，没什么情节，而且还夹带私货","commentTime":"2022-04-12 12:57:56","commentOwner":"。"},{"comment":"这就是一个普通无聊猎奇片，包含大量厌♀情节，猎奇和cult片子看多了我倒是没太大感觉，恐怖手法一点都不高明，纯恶心人而已","commentTime":"2022-04-12 12:58:43","commentOwner":"。"},{"comment":"这就是一个普通无聊猎奇片，包含大量厌♀情节，猎奇和cult片子看多了我倒是没太大感觉，恐怖手法一点都不高明，纯恶心人而已\n№3 ☆☆☆。|cb4b6bf3于2022-04-12 12:58:43留言☆☆☆\n而且被以黑深残猎奇为时髦的一撮人吹得太过了，要我说这个片能夸的只剩下特效","commentTime":"2022-04-12 12:59:39","commentOwner":"。"},{"comment":"td看个屁","commentTime":"2022-04-12 13:00:55","commentOwner":"。"},{"comment":"谢谢，只是看一个博主吐槽一段剧情我就深深的把这个片子拉入了我的黑名单","commentTime":"2022-04-12 13:02:21","commentOwner":"= ="},{"comment":"主楼竟然屏蔽了。总结就是，没有恐怖，除了恐怖意外的啥都有！","commentTime":"2022-04-12 13:03:08","commentOwner":"。"},{"comment":"历史引用 展开全部▼\n而且被以黑深残猎奇为时髦的一撮人吹得太过了，要我说这个片能夸的只剩下特效\n№4 ☆☆☆。|cb4b6bf3于2022-04-12 12:59:39留言☆☆☆\n对。不知道为什么要冠上那么多次吸引人看。。没一个对得上的，麻了。真的谁看谁后悔。","commentTime":"2022-04-12 13:03:50","commentOwner":"。"},{"comment":"从开篇说女人等着被gc那一段我就关闭了。","commentTime":"2022-04-12 13:05:59","commentOwner":"。"},{"comment":"恐怖电影我期待的是台湾那个民俗恐怖片《咒》，貌似取材现实的集体附生事件，看了预告片就觉得很期待，特别中式恐怖的味。\n现在在上映，估计过段时间应该就可以看到全片了。","commentTime":"2022-04-12 13:09:02","commentOwner":"。"},{"comment":"重金求一双没看过哭悲和灵媒的眼睛","commentTime":"2022-04-12 13:09:28","commentOwner":"蒨"},{"comment":"看了半个小时实在太无聊了就弃了。。这种东西的看点只有猎奇了吧","commentTime":"2022-04-12 13:13:07","commentOwner":"= ="},{"comment":"就。。我都不觉得恐怖，毕竟真正要拍出恐怖需要很多高级的技巧，这个片子真的很无聊，纯xue腥而已","commentTime":"2022-04-12 13:14:26","commentOwner":"= ="},{"comment":"朋友看了给我截图我就只想说：看点别的电影不行吗","commentTime":"2022-04-12 13:14:42","commentOwner":"。"},{"comment":"想看的咕咕先去看b站up解说一下，友情提醒，有十八禁，【真·日眼】警告，快跑！！！！","commentTime":"2022-04-12 13:20:47","commentOwner":"=="},{"comment":"完全不恐怖，纯血腥","commentTime":"2022-04-12 13:22:04","commentOwner":"啊是小号"},{"comment":"除了血腥……和不尊重女性词汇较多……我真的……再见吧","commentTime":"2022-04-12 13:23:11","commentOwner":"……"},{"comment":"是不是丧尸来着……","commentTime":"2022-04-12 13:23:58","commentOwner":"。"}]}