{"id":"39cf55f6-f6d9-4a62-a6eb-ccfca1c2d0e8","category":"晋江论坛→网友交流区→碧水江汀 欢迎回来：53088456  退 出","postSubject":"主题：很平常的小甜饼一大早上醒来看到造谣式排雷，把我写过的和她自己臆想的情节都骂骂咧咧说了一遍盖起话题楼，我真的无语 [0] 【搜索关键词：排雷】","postUrl":"https://bbs.jjwxc.net/showmsg.php?board=17&keyword=%C5%C5%C0%D7&id=1880268","originalPost":"杠精是不睡觉的吗","numberOfReplies":0,"comments":[]}