{"id":"d7b60b31-125f-4532-a4fb-9283736b2054","category":"晋江论坛→网友交流区→碧水江汀 欢迎回来：53088456  退 出","postSubject":"主题：本人以后开文，绝不排雷，如果有过激辱骂，咱们就斗到底！！！ [120] 【搜索关键词：排雷】","postUrl":"https://bbs.jjwxc.net/showmsg.php?board=17&keyword=%C5%C5%C0%D7&id=1985355","originalPost":"说到做到！！！","numberOfReplies":117,"comments":[{"comment":"附议","commentTime":"2022-07-12 14:33:34","commentOwner":"。"},{"comment":"是的，我以后也不排雷。\n文案加一句需要排雷者勿入。","commentTime":"2022-07-12 14:33:54","commentOwner":"。"},{"comment":"同意，我脾气不好，谁要是骂我，我一定会忍不住骂回去的","commentTime":"2022-07-12 14:34:07","commentOwner":"。"},{"comment":"是的\n读者可以论坛排雷\n作者凭什么？","commentTime":"2022-07-12 14:34:25","commentOwner":"。"},{"comment":"！！！！！对","commentTime":"2022-07-12 14:35:40","commentOwner":"。"},{"comment":"支持 我现在也没排 写了个sc he 没了 爱怎么怎么吧","commentTime":"2022-07-12 14:36:10","commentOwner":"。"},{"comment":"我也","commentTime":"2022-07-12 14:36:35","commentOwner":"。。"},{"comment":"说实话，作者排雷的文我都不看\n一本好文都是多样性的，为啥要排雷，不喜欢不看就是","commentTime":"2022-07-12 14:36:36","commentOwner":"。"},{"comment":"我也！本来真的排的！我现在逆反了！","commentTime":"2022-07-12 14:36:49","commentOwner":"。"},{"comment":"支持","commentTime":"2022-07-12 14:36:58","commentOwner":"= ="},{"comment":"不妨碍啊，读者排雷跟作者排雷本来就是两回事","commentTime":"2022-07-12 14:37:06","commentOwner":"= ="},{"comment":"附议！绝不排雷","commentTime":"2022-07-12 14:37:08","commentOwner":"。"},{"comment":"是的，我以后也不排雷。\n文案加一句需要排雷者勿入。\n№2☆☆☆。|8cfca4b1于2022-07-12 14:33:54留言☆☆☆\n！","commentTime":"2022-07-12 14:37:11","commentOwner":"。"},{"comment":"支持 我现在也没排 写了个sc he 没了 爱怎么怎么吧\n№6 ☆☆☆。|5d57b208于2022-07-12 14:36:10留言☆☆☆\n我是sc党，但我连sc也不想再加了。真是惯的。","commentTime":"2022-07-12 14:37:17","commentOwner":"。"},{"comment":"虽然我只是个小铺街，但我确实一直没有排雷…也没什么读者说过这点","commentTime":"2022-07-12 14:37:35","commentOwner":"。"},{"comment":"历史引用 展开全部▼\n我是sc党，但我连sc也不想再加了。真是惯的。\n№14 ☆☆☆。|8cfca4b1于2022-07-12 14:37:17留言☆☆☆\n就喜欢看抹布，不要加，很封建","commentTime":"2022-07-12 14:38:33","commentOwner":"。"},{"comment":"附议","commentTime":"2022-07-12 14:38:50","commentOwner":"啊"},{"comment":"逆反了，以后绝不排雷！！","commentTime":"2022-07-12 14:39:17","commentOwner":"。"},{"comment":"历史引用 展开全部▼\n我是sc党，但我连sc也不想再加了。真是惯的。\n№14☆☆☆。|8cfca4b1于2022-07-12 14:37:17留言☆☆☆\n刚开文 已经有一波人问我 双处双洁双初恋了 我就笑得 我文案写了sc 自己不会看吗","commentTime":"2022-07-12 14:39:20","commentOwner":"。"},{"comment":"我从不排雷","commentTime":"2022-07-12 14:40:04","commentOwner":"阿喵的阿喵"},{"comment":"排雷也没用，好些文文案排了雷还有评论骂，那既然都要骂，那还排个啥","commentTime":"2022-07-12 14:40:05","commentOwner":"。。"},{"comment":"从不排雷","commentTime":"2022-07-12 14:40:21","commentOwner":"。。。"},{"comment":"所有不排雷的作者，如果我看到评论区有人骂还恶意排雷的，我去给你们压评砸雷\n我实在不想看到一眼就能望到头到小说了，那些雷一排，我连小说走向都一清二楚","commentTime":"2022-07-12 14:41:07","commentOwner":"。"},{"comment":"附议","commentTime":"2022-07-12 14:42:46","commentOwner":"。"},{"comment":"历史引用 展开全部▼\n刚开文 已经有一波人问我 双处双洁双初恋了 我就笑得 我文案写了sc 自己不会看吗\n№19 ☆☆☆。|5d57b208于2022-07-12 14:39:20留言☆☆☆\n根本就不用文案排雷，反而招惹大部分读者厌恶，总是追着作者文问的就那么几个人而已","commentTime":"2022-07-12 14:43:03","commentOwner":"。"},{"comment":"+1 骂我我就骂回去 我爱写什么写什么","commentTime":"2022-07-12 14:48:06","commentOwner":"=="},{"comment":"我从来没排雷过，我写的都是我喜欢的，我是真心不觉得雷","commentTime":"2022-07-12 14:48:53","commentOwner":"=="},{"comment":"带我一个","commentTime":"2022-07-12 14:50:02","commentOwner":"。"},{"comment":"d","commentTime":"2022-07-12 14:51:08","commentOwner":"。"},{"comment":"从不排雷，出了jj也没听说过这规矩","commentTime":"2022-07-12 14:53:07","commentOwner":"123kk"},{"comment":"除了生子这种，其他的我也不排了","commentTime":"2022-07-12 14:56:14","commentOwner":"cicc"},{"comment":"我从来不文案排雷，因为不知道有人雷啥","commentTime":"2022-07-12 14:56:42","commentOwner":"哈"},{"comment":"+1，排个锤子，本来入V前免费试读就给个思考订阅期了，不排不排。就好像吃完了说不好吃然后以为可以退钱？那一千个哈姆雷特一千个雷我都要排一遍那写个什么玩意儿？","commentTime":"2022-07-12 15:00:23","commentOwner":"。"},{"comment":"排雷也没用，排雷照样骂，那还不如不排雷","commentTime":"2022-07-12 15:00:58","commentOwner":"。"},{"comment":"排雷也没用，排雷照样骂，那还不如不排雷\n№35 ☆☆☆。|f09ae7b8于2022-07-12 15:00:58留言☆☆☆\n。","commentTime":"2022-07-12 15:01:28","commentOwner":"= ="},{"comment":"我也不排雷！坚决不排雷！免费章就是给读者试读，不满意不喜欢直接退，不排雷！受够了这排雷那排雷！","commentTime":"2022-07-12 15:04:04","commentOwner":"。。"},{"comment":"支持！绝不排雷","commentTime":"2022-07-12 15:12:53","commentOwner":"过儿"},{"comment":"本来文案上排了几条，后来一个读者说不用看了，排雷都剧透完了，我立马把排雷全删了，从那之后坚决不排雷。排雷不排雷都会有读者跑，还不如不排，越是在乎排雷的越是杠精","commentTime":"2022-07-12 15:24:32","commentOwner":"随便"},{"comment":"从来不排雷，因为一本好文，本来就应该带有不完美性。\n喜欢就看，不喜欢花了钱退你便是，大家好聚好散。","commentTime":"2022-07-12 15:26:51","commentOwner":"。"},{"comment":"写言情的，除了be，虐女主，我都不排雷。","commentTime":"2022-07-12 15:27:32","commentOwner":"。"},{"comment":"讲道理，排了雷，依旧拦不住挑刺刷负分读者，就像我","commentTime":"2022-07-12 15:27:38","commentOwner":"呜呜"},{"comment":"讲道理，排了雷，依旧拦不住挑刺刷负分读者，就像我\n№42 ☆☆☆呜呜|c79b0097于2022-07-12 15:27:38留言☆☆☆\n我排了几遍雷，该骂我的还是骂","commentTime":"2022-07-12 15:28:39","commentOwner":"呜呜"},{"comment":"同意，排雷被骂不排也被骂，同样是被骂我干嘛还要浪费那个力气","commentTime":"2022-07-12 15:38:18","commentOwner":"。"},{"comment":"好！！！不看了！","commentTime":"2022-07-12 15:39:14","commentOwner":"= ="},{"comment":"好！！！不看了！\n№45 ☆☆☆= =|8cc37419于2022-07-12 15:39:14留言☆☆☆\n那就不看！！","commentTime":"2022-07-12 15:45:55","commentOwner":"哟呵"},{"comment":"你们在拱什么火啊，不理解，明明是极端读者惹出来的事，大多数读者得罪你们了吗？","commentTime":"2022-07-12 15:46:34","commentOwner":"= ="},{"comment":"拒绝排雷！！！","commentTime":"2022-07-12 15:47:49","commentOwner":"。"},{"comment":"你们在拱什么火啊，不理解，明明是极端读者惹出来的事，大多数读者得罪你们了吗？\n№47 ☆☆☆= =|06c70b79于2022-07-12 15:46:34留言☆☆☆\n赞成","commentTime":"2022-07-12 15:48:11","commentOwner":"。"},{"comment":"你们在拱什么火啊，不理解，明明是极端读者惹出来的事，大多数读者得罪你们了吗？\n№47☆☆☆= =|06c70b79于2022-07-12 15:46:34留言☆☆☆\n我感觉大多数读者不需要作者排雷几十条捏，要求排雷的不是本来就是跳的得高的少数么","commentTime":"2022-07-12 15:50:20","commentOwner":"= ="},{"comment":"你们在拱什么火啊，不理解，明明是极端读者惹出来的事，大多数读者得罪你们了吗？\n№47 ☆☆☆= =|06c70b79于2022-07-12 15:46:34留言☆☆☆\n大多数读者看到不喜欢的会自己不看\n极端读者看见排雷也会骂\n由此可见，排雷毫无意义［爱心］","commentTime":"2022-07-12 15:50:23","commentOwner":"。"},{"comment":"一定要说到做到啊，那我就以后不用扫文了，只挑熟悉的作者看看，多余的时间正好逼着自己学点东西考点证","commentTime":"2022-07-12 15:52:39","commentOwner":"= ="},{"comment":"dd","commentTime":"2022-07-12 15:59:15","commentOwner":"。"},{"comment":"一定要说到做到啊，那我就以后不用扫文了，只挑熟悉的作者看看，多余的时间正好逼着自己学点东西考点证\n№52 ☆☆☆= =|63632fdc于2022-07-12 15:52:39留言☆☆☆\n无人在意","commentTime":"2022-07-12 15:59:52","commentOwner":"。"},{"comment":"排个屁的雷，我写了你不看的，你划走不就得了，烦得要死","commentTime":"2022-07-12 16:00:01","commentOwner":"云树泛舟"},{"comment":"一定要说到做到啊，那我就以后不用扫文了，只挑熟悉的作者看看，多余的时间正好逼着自己学点东西考点证\n№52 ☆☆☆= =|63632fdc于2022-07-12 15:52:39留言☆☆☆\n呃，谁管你啊？\n学点习不是挺好的","commentTime":"2022-07-12 16:00:15","commentOwner":"。"},{"comment":"你们在拱什么火啊，不理解，明明是极端读者惹出来的事，大多数读者得罪你们了吗？\n№47 ☆☆☆= =|06c70b79于2022-07-12 15:46:34留言☆☆☆\n看标题好吗，针对有过激辱骂的那些人你为什么把大多数读者拉出来？","commentTime":"2022-07-12 16:02:12","commentOwner":"kkkkkklm"},{"comment":"你们在拱什么火啊，不理解，明明是极端读者惹出来的事，大多数读者得罪你们了吗？\n№47 ☆☆☆= =|06c70b79于2022-07-12 15:46:34留言☆☆☆\n排，排雷本身不是很正常嘛？恶心的是不正常的读者，关我们这种想筛选一下文的正常读者什么事啊。","commentTime":"2022-07-12 16:06:18","commentOwner":"。"},{"comment":"啊，以前只有实体书的时候那些读者怎么办，谁给排雷啊……本来就很难理解为什么要排雷，读到自己不喜欢的直接弃文就好，为什么要听别人说，万一这个是你雷点但作者写的好自己又很喜欢呢？这玩意儿谁说得准。就觉得排雷这个东西就很离谱","commentTime":"2022-07-12 16:09:04","commentOwner":"。"},{"comment":"我从来没排过雷，以后也不打算排。红楼梦还有我不喜欢的片段呢，我也没去疯狂辱骂曹雪芹啊。","commentTime":"2022-07-12 16:10:36","commentOwner":"= ="},{"comment":"ddddd！","commentTime":"2022-07-12 16:11:13","commentOwner":"。"},{"comment":"我说实话，我当读者从来不评论，大概是我没什么雷点吧哈哈哈哈，我觉得像我一样沉默的大多数，所以我从不排雷，当然更主要的是我不知道到底啥是雷点。","commentTime":"2022-07-12 16:12:50","commentOwner":"。"},{"comment":"挺好的，支持，反正我只看自己熟悉的作者，影响不到我","commentTime":"2022-07-12 16:15:24","commentOwner":"。"},{"comment":"这么糊，个实星也没有呢，发表什么宣言啊？","commentTime":"2022-07-12 16:17:53","commentOwner":"= ="},{"comment":"这么糊，个实星也没有呢，发表什么宣言啊？\n№64 ☆☆☆= =|dbd6c45a♥♥♥于2022-07-12 16:17:53留言☆☆☆\n啊，你们这些人不是最反封建吗？现在怎么又在这里分阶级了？怎么？空星没人权，不能反抗是吧？","commentTime":"2022-07-12 16:21:31","commentOwner":"111"},{"comment":"历史引用 展开全部▼\n啊，你们这些人不是最反封建吗？现在怎么又在这里分阶级了？怎么？空星没人权，不能反抗是吧？\n№65 ☆☆☆111|a8241ffc于2022-07-12 16:21:31留言☆☆☆\n真不知道怎么混到3星的，是拱火读者有一手吗？\n要发表宣言，连个作者名都不敢压上去，要怎么被看得起呢？\n嘴上nmq喊喊谁不会呢，您说是吧","commentTime":"2022-07-12 16:25:15","commentOwner":"= ="},{"comment":"我喜欢笔下角色sc，喜欢he，但刚才就连这都删除了","commentTime":"2022-07-12 16:25:56","commentOwner":"。"},{"comment":"这么糊，个实星也没有呢，发表什么宣言啊？\n№64☆☆☆= =|dbd6c45a于2022-07-12 16:17:53留言☆☆☆\n你是个啥啊轮得到你来捂嘴？","commentTime":"2022-07-12 16:27:57","commentOwner":"= ="},{"comment":"除了会标he和双c，还有啥需要排吗？","commentTime":"2022-07-12 16:29:59","commentOwner":"。。"},{"comment":"那可能有部分人只看别人推的文了，或者只看排名靠前的有讨论度的","commentTime":"2022-07-12 16:31:09","commentOwner":"。。"},{"comment":"d","commentTime":"2022-07-12 16:32:37","commentOwner":"。"},{"comment":"dddd\n我也不排了。ps阅读tip这种算排雷方式吗","commentTime":"2022-07-12 16:36:02","commentOwner":"。"},{"comment":"这么糊，个实星也没有呢，发表什么宣言啊？\n№64 ☆☆☆= =|dbd6c45a于2022-07-12 16:17:53留言☆☆☆\n啊？你在说什么啊？","commentTime":"2022-07-12 16:36:49","commentOwner":"0 0"},{"comment":"这么糊，个实星也没有呢，发表什么宣言啊？\n№64☆☆☆= =|dbd6c45a于2022-07-12 16:17:53留言☆☆☆\n啊？","commentTime":"2022-07-12 16:38:06","commentOwner":"= ="},{"comment":"所有作者站起来\n带读者走出舒适圈！\n你看个文咋还那么脆弱呢？\n这个雷那个雷！\n读者就应该虚心接受作者的每一次尝试\n不想尝试就默默走开 免费章不够你“试用”的？\n放下碗就骂娘\n咋不去看马列文选！","commentTime":"2022-07-12 16:40:38","commentOwner":"=="},{"comment":"我无所谓，但希望可以标个he，生活太苦，看不了beQAQ，不过我也可以养肥看完结","commentTime":"2022-07-12 16:40:59","commentOwner":"。"},{"comment":"那可能有部分人只看别人推的文了，或者只看排名靠前的有讨论度的\n№70 ☆☆☆。。|150aedfd于2022-07-12 16:31:09留言☆☆☆\n那就让他们去","commentTime":"2022-07-12 16:42:11","commentOwner":"cicc"},{"comment":"我看到排雷这两个字就生理恶心。\n旧文写的女非男c，女主有前任，我没排雷，因为文案描述就能看出女主是成熟有经验的人设，我以为就够了。\n结果有些人点进来，一边说“有前任也可以是c”，一边说“作者诈骗，因为作者没排雷女主不洁”。\n我琢磨我又没标双c双洁，我只是什么都没标而已，写个非c女主就诈骗啦，什么时候不排雷=诈骗了。\n以后都不排雷，雷死你们。","commentTime":"2022-07-12 16:43:31","commentOwner":"。。。"},{"comment":"所有作者站起来\n带读者走出舒适圈！\n你看个文咋还那么脆弱呢？\n这个雷那个雷！\n读者就应该虚心接受作者的每一次尝试\n不想尝试就默默走开 免费章不够你“试用”的？\n放下碗就骂娘\n咋不去看马列文选！\n№75☆☆☆==|2c8c8696于2022-07-12 16:40:38留言☆☆☆\n读者\n虚心\n接受\n是人话吗？","commentTime":"2022-07-12 16:46:43","commentOwner":"= ="},{"comment":"排雷也没用，好些文文案排了雷还有评论骂，那既然都要骂，那还排个啥\n№21 ☆☆☆。。|25255f4c于2022-07-12 14:40:05留言☆☆☆\n。","commentTime":"2022-07-12 16:46:46","commentOwner":"。"},{"comment":"挺好，另一种意义上的相互选择，微妙啊，其他就算了这楼里的部分作者真是跟正版读者成仇人了","commentTime":"2022-07-12 16:47:38","commentOwner":"=="},{"comment":"啊，以前只有实体书的时候那些读者怎么办，谁给排雷啊……本来就很难理解为什么要排雷，读到自己不喜欢的直接弃文就好，为什么要听别人说，万一这个是你雷点但作者写的好自己又很喜欢呢？这玩意儿谁说得准。就觉得排雷这个东西就很离谱\n№59 ☆☆☆。|637e3be1于2022-07-12 16:09:04留言☆☆☆\n。","commentTime":"2022-07-12 16:48:25","commentOwner":"。"},{"comment":"挺好，另一种意义上的相互选择，微妙啊，其他就算了这楼里的部分作者真是跟正版读者成仇人了\n№81 ☆☆☆==|ee1c86a2于2022-07-12 16:47:38留言☆☆☆\n这就是仇人了？仇人真好当","commentTime":"2022-07-12 16:48:38","commentOwner":"。。"},{"comment":"历史引用 展开全部▼\n排，排雷本身不是很正常嘛？恶心的是不正常的读者，关我们这种想筛选一下文的正常读者什么事啊。\n№58 ☆☆☆。|79875c9c于2022-07-12 16:06:18留言☆☆☆\n排，排雷是正常了？\n太可悲了真的，你还挂着作者号\n作者是写文的，不是拆弹专家","commentTime":"2022-07-12 16:49:38","commentOwner":"。，。"},{"comment":"挺好，另一种意义上的相互选择，微妙啊，其他就算了这楼里的部分作者真是跟正版读者成仇人了\n№81 ☆☆☆==|ee1c86a2于2022-07-12 16:47:38留言☆☆☆\n是挺好的，你这样的出了拉黑系统我也得拉黑 还不如一开始就不留","commentTime":"2022-07-12 16:51:14","commentOwner":"。"},{"comment":"你不排就不排，还号召大家都不排啊？那我们以后怎么知道哪本书是HE啊。\n只想看HE……","commentTime":"2022-07-12 16:51:30","commentOwner":"。"},{"comment":"这么糊，个实星也没有呢，发表什么宣言啊？\n№64☆☆☆= =|dbd6c45a于2022-07-12 16:17:53留言☆☆☆\n？","commentTime":"2022-07-12 16:53:03","commentOwner":"= ="},{"comment":"dd","commentTime":"2022-07-12 16:53:29","commentOwner":"。"},{"comment":"历史引用 展开全部▼\n是挺好的，你这样的出了拉黑系统我也得拉黑 还不如一开始就不留\n№85☆☆☆。|9443497a于2022-07-12 16:51:14留言☆☆☆\n怎么说呢，我是纯读者啊，就是，楼主这种已经直接相对极端的处理方式我觉得除了挺好的好像也没啥可争论的。作为读者这种作者天然就把我筛掉了也不会遇到了","commentTime":"2022-07-12 16:53:44","commentOwner":"=="},{"comment":"作者不排雷，读者看dw，你们都有光明的未来\n№90 ☆☆☆= =|fc9b8a3c于2022-07-12 16:53:55留言☆☆☆\n来了来了，dw警告来了","commentTime":"2022-07-12 16:55:42","commentOwner":"= ="},{"comment":"历史引用 展开全部▼\n这就是仇人了？仇人真好当\n№83☆☆☆。。|4837bad9于2022-07-12 16:48:38留言☆☆☆\n我觉得一般只有仇视对方并认为对方仇视自己才会试图提前伤害对方以防御自身，所以说这楼里部分作者仇视读者理论上应该没毛病吧","commentTime":"2022-07-12 16:56:24","commentOwner":"=="},{"comment":"支持，作者排雷太主观，避重就轻，看了会先入为主，还得自己扫","commentTime":"2022-07-12 16:57:24","commentOwner":"=="},{"comment":"作者不排雷，读者看dw，你们都有光明的未来\n№90 ☆☆☆= =|fc9b8a3c于2022-07-12 16:53:55留言☆☆☆\n我寻思着正版还有评论能看看正文走向，dw连评论都没，为啥每次一说排雷问题就要去看dw呢？看正版是给会排雷的作者的恩爱吗？【疑惑】，真有点骨气不知道不看啊，谁吃相难看啊到底","commentTime":"2022-07-12 16:58:28","commentOwner":"。"},{"comment":"从来不排。其实肯花钱的读者反而没有那么多事，小天使很多。dwg才喜欢免费章叽歪。","commentTime":"2022-07-12 16:58:34","commentOwner":"= ="},{"comment":"历史引用 展开全部▼\n我寻思着正版还有评论能看看正文走向，dw连评论都没，为啥每次一说排雷问题就要去看dw呢？看正版是给会排雷的作者的恩爱吗？【疑惑】，真有点骨气不知道不看啊，谁吃相难看啊到底\n№94 ☆☆☆。|2bd927c4于2022-07-12 16:58:28留言☆☆☆\n因为dw不花钱就看个乐子，正版花钱了肯定有心理预期需求","commentTime":"2022-07-12 17:00:42","commentOwner":"= ="},{"comment":"从来不排。其实肯花钱的读者反而没有那么多事，小天使很多。dwg才喜欢免费章叽歪。\n№95 ☆☆☆= =|6b7aedfc于2022-07-12 16:58:34留言☆☆☆\n是的，dwg真的很爱拿排雷给自己挽尊……我遇到雷的作者直接不会去看，，订阅也是一章章订，遇到雷的不喜欢的就不看了，恶心还要去吃dw屎不知道脑子里装的是什么","commentTime":"2022-07-12 17:00:43","commentOwner":"。"},{"comment":"历史引用 展开全部▼\n我觉得一般只有仇视对方并认为对方仇视自己才会试图提前伤害对方以防御自身，所以说这楼里部分作者仇视读者理论上应该没毛病吧\n№92 ☆☆☆==|ee1c86a2于2022-07-12 16:56:24留言☆☆☆\n排雷什么时候跟dw扯上关系了？？","commentTime":"2022-07-12 17:01:35","commentOwner":"zaitian"},{"comment":"历史引用 展开全部▼\n因为dw不花钱就看个乐子，正版花钱了肯定有心理预期需求\n№96 ☆☆☆= =|fc9b8a3c于2022-07-12 17:00:42留言☆☆☆\n乐子……乐子人还知道看正版呢，说找乐子去看dw的还是算了吧，穷扣小偷就不要说那么好听了，当成乐子的谁会那么看重排雷啊笑死","commentTime":"2022-07-12 17:04:17","commentOwner":"。"},{"comment":"历史引用 展开全部▼\n排雷什么时候跟dw扯上关系了？？\n№98☆☆☆zaitian|405d952d于2022-07-12 17:01:35留言☆☆☆\n啊？没说dw啊","commentTime":"2022-07-12 17:04:59","commentOwner":"=="},{"comment":"历史引用 展开全部▼\n乐子……乐子人还知道看正版呢，说找乐子去看dw的还是算了吧，穷扣小偷就不要说那么好听了，当成乐子的谁会那么看重排雷啊笑死\n№99 ☆☆☆。|2bd927c4于2022-07-12 17:04:17留言☆☆☆\n事实上看dw的就是比看正版的多得多，你要是不想承认这种想法的存在也随便你。另外我三心，现在就是很后悔当初没看dw，花钱看了那么多早知道作者倒贴我钱也不会看的烂文","commentTime":"2022-07-12 17:10:50","commentOwner":"= ="},{"comment":"我希望作者清清楚楚在文案第一行写“有雷点的读者勿进”。这样彼此不会互相伤害","commentTime":"2022-07-12 17:11:42","commentOwner":"吃瓜的龙套"},{"comment":"我写了七八本也从来不排雷，是不是双J我也不写","commentTime":"2022-07-12 17:13:02","commentOwner":"= ="},{"comment":"我写了七八本也从来不排雷，是不是双J我也不写\n№103☆☆☆= =|9167aac2于2022-07-12 17:13:02留言☆☆☆\n哇塞该不会有人说我写这么多也就是个一星扑街写什么宣言吧","commentTime":"2022-07-12 17:14:39","commentOwner":"= ="},{"comment":"唉，我最开始写没排过雷，收订比很好。然后，自从为了顾及读者感受排雷后……组团刷负的有了，正常读者进来走了，最后收订比那叫一个惨。\n不排雷后，收订比又回升了。只能说，有一群人真的就是柿子挑软的捏，你在顾及正常读者的想法，它们就拿你当乐子发泄戾气。","commentTime":"2022-07-12 17:16:32","commentOwner":"。"},{"comment":"我希望作者清清楚楚在文案第一行写“有雷点的读者勿进”。这样彼此不会互相伤害\n№102 ☆☆☆吃瓜的龙套|ede4af92♥♥♥于2022-07-12 17:11:42留言☆☆☆\n我见过这样的排雷，并没有用，依然有人因为自己被雷到而开骂（不是诈骗，也不是什么违规情节，就是单纯的不喜欢作者的某些设定而已）","commentTime":"2022-07-12 17:16:38","commentOwner":"。。。"},{"comment":"历史引用 展开全部▼\n事实上看dw的就是比看正版的多得多，你要是不想承认这种想法的存在也随便你。另外我三心，现在就是很后悔当初没看dw，花钱看了那么多早知道作者倒贴我钱也不会看的烂文\n№101 ☆☆☆= =|fc9b8a3c于2022-07-12 17:10:50留言☆☆☆\n事实上不在意排雷的正文读者远大于整天要排雷整天闹腾评论区的读者，倒是有不少读者被乌烟瘴气的评论区劝退不看正版了，你不想承认这个现象数据就在那放着，另外看了三心的文觉得全都是烂文不配花钱，你不该怪自己吗？","commentTime":"2022-07-12 17:17:39","commentOwner":"。"},{"comment":"说实话我看文只看文案，不看排雷。","commentTime":"2022-07-12 17:17:51","commentOwner":"。"},{"comment":"d","commentTime":"2022-07-12 17:24:17","commentOwner":"。"},{"comment":"行\n以后不排了","commentTime":"2022-07-12 17:24:20","commentOwner":"= ="},{"comment":"所有作者站起来\n带读者走出舒适圈！\n你看个文咋还那么脆弱呢？\n这个雷那个雷！\n读者就应该虚心接受作者的每一次尝试\n不想尝试就默默走开 免费章不够你“试用”的？\n放下碗就骂娘\n咋不去看马列文选！\n№75 ☆☆☆==|2c8c8696于2022-07-12 16:40:38留言☆☆☆\n。","commentTime":"2022-07-12 17:24:26","commentOwner":"。"},{"comment":"我写了好几本了，文案上从来不写……最多写一个番外有无生子，可能我的文本身就在安全区吧，双洁攻宠受甜文，就算之前章节被负分，也是剧情没写好，但是读者们也没大规模建话题楼说我剧情写得毒","commentTime":"2022-07-12 17:25:31","commentOwner":"0.0"},{"comment":"我也这么决定了，以后绝对不排雷","commentTime":"2022-07-12 17:30:07","commentOwner":"= ="},{"comment":"我就没排雷！文案写的很清楚，排什么雷！\n有本二婚文都生孩子了排雷不是c反而招惹一堆只看文案排雷就进来骂的人，气的我删了排雷天下太平！排雷反而给他们借口了","commentTime":"2022-07-12 17:37:48","commentOwner":"。"},{"comment":"。","commentTime":"2022-07-12 17:38:07","commentOwner":"。"},{"comment":"从没排过雷，几本文下一直很太平，当然也可能是我扑……","commentTime":"2022-07-12 17:40:02","commentOwner":"。"},{"comment":"历史引用 展开全部▼\n我寻思着正版还有评论能看看正文走向，dw连评论都没，为啥每次一说排雷问题就要去看dw呢？看正版是给会排雷的作者的恩爱吗？【疑惑】，真有点骨气不知道不看啊，谁吃相难看啊到底\n№94☆☆☆。|2bd927c4于2022-07-12 16:58:28留言☆☆☆\n。","commentTime":"2022-07-12 18:18:41","commentOwner":"= ="},{"comment":"历史引用 展开全部▼\n乐子……乐子人还知道看正版呢，说找乐子去看dw的还是算了吧，穷扣小偷就不要说那么好听了，当成乐子的谁会那么看重排雷啊笑死\n№99☆☆☆。|2bd927c4于2022-07-12 17:04:17留言☆☆☆\n1","commentTime":"2022-07-12 18:19:19","commentOwner":"= ="},{"comment":"反正排不排就要被骂，排个锤子","commentTime":"2022-07-12 18:52:24","commentOwner":"0_0"}]}