{"id":"976803fb-9dce-4aa3-a1f1-229c6e591dd7","category":"晋江论坛→网友交流区→碧水江汀 欢迎回来：53088456  退 出","postSubject":"主题：你们有没有遇到过那种 排雷排到帮你捏造雷点的人 然后下面一帮人跟她说谢谢排雷 [4] 【搜索关键词：排雷】","postUrl":"https://bbs.jjwxc.net/showmsg.php?board=17&keyword=%C5%C5%C0%D7&id=1916245","originalPost":"无语死了","numberOfReplies":4,"comments":[{"comment":"有啊 两天没看评论区，发现收益砍半，回去看了一眼好家伙虚假排雷满口喷脏，大几百个点赞，底下回复全都是感谢排雷，从它评论完之后我评论区直接停滞了","commentTime":"2022-05-26 17:16:12","commentOwner":"。"},{"comment":"有啊 两天没看评论区，发现收益砍半，回去看了一眼好家伙虚假排雷满口喷脏，大几百个点赞，底下回复全都是感谢排雷，从它评论完之后我评论区直接停滞了\n№1☆☆☆。|9d04db21于2022-05-26 17:16:12留言☆☆☆\n真的会无语","commentTime":"2022-05-26 17:57:55","commentOwner":"= ="},{"comment":"这种可以算造谣了，砍去的收益可以让它赔偿吗？胡乱捏造，侵犯作者权益了吧，严重点可能会避雷这个作者，这能告吗","commentTime":"2022-05-26 18:18:39","commentOwner":"。"},{"comment":"有，古言女主16岁，说我写恋童","commentTime":"2022-05-26 18:25:13","commentOwner":"=="}]}