{"id":"ef313625-14d8-474f-828b-98b21fcef5a0","category":"晋江论坛→网友交流区→碧水江汀 请稍候...","postSubject":"主题：pbc李涛 出一个禁止排雷的盲盒标签会怎么样？ [7] 【搜索关键词：排雷】","postUrl":"https://bbs.jjwxc.net/showmsg.php?board=17&keyword=%C5%C5%C0%D7&id=1757845","originalPost":"rt，纯讨论，纯想象结果，纯问问","numberOfReplies":7,"comments":[{"comment":"不符合标签规则就当我没问","commentTime":"2022-02-11 16:30:39","commentOwner":"。"},{"comment":"bd","commentTime":"2022-02-11 16:31:37","commentOwner":"。"},{"comment":"p用没有，而且读者会带上所有晋江作者一起骂","commentTime":"2022-02-11 16:31:46","commentOwner":"。"},{"comment":"会被骂死…","commentTime":"2022-02-11 16:31:47","commentOwner":"= ="},{"comment":"该骂还骂，甚至会被骂的更惨","commentTime":"2022-02-11 16:32:18","commentOwner":"。"},{"comment":"会让所有标签和性向都变得没有意义，以后读者再也不相信晋江的频道划分和标签","commentTime":"2022-02-11 16:32:24","commentOwner":"——"},{"comment":"玩大点就是jj一起陪葬","commentTime":"2022-02-11 16:32:43","commentOwner":"= ="}]}