{"id":"ee527a07-f3ac-4d0e-90ab-7477ab2cdc9a","category":"晋江论坛→网友交流区→碧水江汀 请稍候...","postSubject":"主题：我想到一个梗，我知道我写了一定会收藏收益狂掉，说不定还会被排雷避雷 [2] 【搜索关键词：排雷】","postUrl":"https://bbs.jjwxc.net/showmsg.php?board=17&keyword=%C5%C5%C0%D7&id=1705228","originalPost":"但是这个剧情属于女主黑化，变成疯批变态后的重要剧情！也是这篇文的核心梗\n真的很难抉择哇","numberOfReplies":2,"comments":[{"comment":"不知道写到八万多字文案排雷还来不来得及。","commentTime":"2022-01-04 23:53:19","commentOwner":"。"},{"comment":"啥梗……","commentTime":"2022-01-04 23:56:36","commentOwner":"法外狂徒张总"}]}