{"id":"30ee6d92-a814-4e1d-9954-eb340d399da0","category":"晋江论坛→网友交流区→碧水江汀 请稍候...","postSubject":"主题：我收到了传说中的0订阅负分，负分理由还是我文案作话反复排雷过的。 [9] 【搜索关键词：排雷】","postUrl":"https://bbs.jjwxc.net/showmsg.php?board=17&keyword=%C5%C5%C0%D7&id=1663409","originalPost":"祝您生活不愉快。\n毕竟您也让我不愉快了。","numberOfReplies":9,"comments":[{"comment":"投诉点提交还没反应，唉。","commentTime":"2021-12-05 02:18:35","commentOwner":"。。"},{"comment":"抱抱你 惨惨","commentTime":"2021-12-05 02:20:16","commentOwner":"=="},{"comment":"其实也不算这本书带来最糟糕的影响了。\n甚至被人追到wb私信骂过。\n你不喜欢的东西就不允许存在呗。","commentTime":"2021-12-05 02:21:44","commentOwner":"。。"},{"comment":"抱抱咕，我也收到了，而且还是反复打负，它们生活一定很凄惨吧才会网上找存在","commentTime":"2021-12-05 02:22:09","commentOwner":"。"},{"comment":"抱抱咕，我也收到了，而且还是反复打负，它们生活一定很凄惨吧才会网上找存在\n№4 ☆☆☆。|d99c1183于2021-12-05 02:22:09留言☆☆☆\n这么一想倒也确实是，自己过得不好就盼望别人也和它们一样。","commentTime":"2021-12-05 02:23:48","commentOwner":"。。"},{"comment":"我也碰到过0分第一章0订阅排雷，说我虐受，受控快逃\n但首先我从来没有自称受控文来文案欺诈，其次我也真的没写过虐受情节，我是打脸爽文+主角控，而且看盗文还来瞎排雷，真的挺不要脸的……","commentTime":"2021-12-05 02:35:28","commentOwner":"= ="},{"comment":"耶，删掉了。","commentTime":"2021-12-05 13:06:19","commentOwner":"。。"},{"comment":"摸摸楼主。可以看看读者专栏，见过所有留言都在喷（且明显都是在第一章）的生物，常凌晨出没，本质多半阴沟里见不得光的hyb罢了。\n投诉删了就好，然后忘掉！\n这种不值得你再多花费哪怕0.1秒的生命，它配不上。","commentTime":"2021-12-05 13:18:02","commentOwner":"——"},{"comment":"摸摸楼主。可以看看读者专栏，见过所有留言都在喷（且明显都是在第一章）的生物，常凌晨出没，本质多半阴沟里见不得光的hyb罢了。\n投诉删了就好，然后忘掉！\n这种不值得你再多花费哪怕0.1秒的生命，它配不上。\n№8 ☆☆☆——|eebd34db于2021-12-05 13:18:02留言☆☆☆\n蹭蹭太太!已经投诉删掉了!!!!","commentTime":"2021-12-05 13:18:44","commentOwner":"。。"}]}