{"id":"762a7add-da27-4420-84de-8203d81efe23","category":"晋江论坛→网友交流区→碧水江汀 请稍候...","postSubject":"主题：现言咕请进，女主是c但交往过很多男友，这种设定应该怎么排雷？算非洁吗？ [63] 【搜索关键词：排雷】","postUrl":"https://bbs.jjwxc.net/showmsg.php?board=17&keyword=%C5%C5%C0%D7&id=1643789","originalPost":"不要吵架！\n不要吵架！\n不要吵架！\n我只是真的不知道该怎么排雷这个设定，女主是真海王，真渣女，没和别人发生关系不是因为不想，而是因为单纯嫌脏。\n男主是男德班优秀学员，清纯大学生（？）不用排雷。\n有木有咕咕可以指点一下，这种设定应该怎么在文案标注呀o.o\n万分感谢。","numberOfReplies":62,"comments":[{"comment":"dd自己","commentTime":"2021-11-19 23:12:03","commentOwner":"。"},{"comment":"这个设定都可以是处？！太强了","commentTime":"2021-11-19 23:12:08","commentOwner":"。"},{"comment":"这个设定都可以是处？！太强了\n№2 ☆☆☆。|60010083于2021-11-19 23:12:08留言☆☆☆\n对不起，没有其他意思，单纯觉得神奇","commentTime":"2021-11-19 23:12:24","commentOwner":"。"},{"comment":"历史引用 展开全部▼\n对不起，没有其他意思，单纯觉得神奇\n№3 ☆☆☆。|60010083★★于2021-11-19 23:12:24留言☆☆☆\n一样哈哈哈哈哈","commentTime":"2021-11-19 23:13:25","commentOwner":"big"},{"comment":"就是那种玩一下性质的恋爱呗，现实确实有，有个朋友谈了四五个，经常甩人，但是还是c，而且有的连接吻都没，都是大学生","commentTime":"2021-11-19 23:13:30","commentOwner":"。"},{"comment":"我女主就是这样的。。。反正我没排雷，一开始读者以为是非，后来发现是c，她们还讨论谁会是她第一个男人","commentTime":"2021-11-19 23:13:33","commentOwner":"。"},{"comment":"说女主喜欢养鱼？","commentTime":"2021-11-19 23:13:36","commentOwner":"。"},{"comment":"读者的要求好像是不能有感情经历吧","commentTime":"2021-11-19 23:13:52","commentOwner":"。"},{"comment":"就是那种玩一下性质的恋爱呗，现实确实有，有个朋友谈了四五个，经常甩人，但是还是c，而且有的连接吻都没，都是大学生\n№5 ☆☆☆。|fbd93622于2021-11-19 23:13:30留言☆☆☆\n对对对就是这种设定.....","commentTime":"2021-11-19 23:13:55","commentOwner":"。"},{"comment":"这个设定都可以是处？！太强了\n№2 ☆☆☆。|60010083于2021-11-19 23:12:08留言☆☆☆\n处对象又不代表一定要做……海王也是可以单纯享受精神快感的吧……","commentTime":"2021-11-19 23:14:10","commentOwner":"。"},{"comment":"这个设定都可以是处？！太强了\n№2 ☆☆☆。|60010083于2021-11-19 23:12:08留言☆☆☆\n可以的，就是玩。\n（亲身经历）","commentTime":"2021-11-19 23:14:15","commentOwner":"岁月忽已晚"},{"comment":"直接写女主海王，但没到最后一步？\n不过这种程度都要排雷吗，我男女主都有过前任，男女主分手期间女主还谈了男朋友，我没在文案排雷，但读者也没说啥。。。","commentTime":"2021-11-19 23:14:26","commentOwner":"。。。"},{"comment":"就排雷女主c但是有前男友 这样？","commentTime":"2021-11-19 23:14:29","commentOwner":"可自证"},{"comment":"按照洁党的要求，算\n我的影帝男主拍过吻戏都被算非c","commentTime":"2021-11-19 23:14:54","commentOwner":"——"},{"comment":"历史引用 展开全部▼\n可以的，就是玩。\n（亲身经历）\n№11 ☆☆☆岁月忽已晚|fb593e14于2021-11-19 23:14:15留言☆☆☆\n了解了\n这么一说，好像还挺有海王渣女特质感","commentTime":"2021-11-19 23:15:00","commentOwner":"。"},{"comment":"历史引用 展开全部▼\n对对对就是这种设定.....\n№9 ☆☆☆。|239ea944于2021-11-19 23:13:55留言☆☆☆\n这个我不知道怎么标注，但是现实我确实见过","commentTime":"2021-11-19 23:15:10","commentOwner":"。"},{"comment":"直接说结党慎入","commentTime":"2021-11-19 23:15:13","commentOwner":"。"},{"comment":"排雷【本文强行处：女主交往多任男友但仍是处，雷者勿入】\n这样就可以了","commentTime":"2021-11-19 23:16:07","commentOwner":"= ="},{"comment":"楼主如果怕被骂的话，可以写\n女主精神海王。\n应该就够了。","commentTime":"2021-11-19 23:16:17","commentOwner":"岁月忽已晚"},{"comment":"相亲十几次，最长两月，最短四天，算感情经历多么，小说排雷的话，写有过感情经历就行了吧[望天]","commentTime":"2021-11-19 23:16:43","commentOwner":"。"},{"comment":"我就是……七个前男友，暧昧很多人，但是个c……","commentTime":"2021-11-19 23:17:01","commentOwner":"，"},{"comment":"男主是处吗？是的话就可以女主海王，但是双c，如果男主不是处，就可以：女主海王c，男非c","commentTime":"2021-11-19 23:17:04","commentOwner":"。"},{"comment":"问下男主是不是c，\n是处的话，可以直接标双c，但女主有过很多前男友，问题不大。\n如果男主不是c，而女主这样情况下依旧是c的话，你标什么都会被骂。","commentTime":"2021-11-19 23:17:45","commentOwner":"……"},{"comment":"男主是c就还好吧，大部分雷的是男非女强行处，你这个两个都是c没毛病","commentTime":"2021-11-19 23:17:56","commentOwner":"= ="},{"comment":"啊，lz首楼被屏蔽了，她说男主是男德班的清纯大学生，是c","commentTime":"2021-11-19 23:18:43","commentOwner":"= ="},{"comment":"男主是处吗？是的话就可以女主海王，但是双c，如果男主不是处，就可以：女主海王c，男非c\n№22 ☆☆☆。|57543945于2021-11-19 23:17:04留言☆☆☆\n标女主海王c，男主非c，你想直接送作者在隔壁读者区和db出道吗？\n如果真标了海王c，作者每本都会因为这个被刷负你信不信。","commentTime":"2021-11-19 23:19:57","commentOwner":"……"},{"comment":"这种情况下女主c很容易被骂强行c的吧\n干脆改非c算了（个人建议 没有恶意 也没有教lz做事的意思","commentTime":"2021-11-19 23:20:46","commentOwner":"= ="},{"comment":"历史引用 展开全部▼\n标女主海王c，男主非c，你想直接送作者在隔壁读者区和db出道吗？\n如果真标了海王c，作者每本都会因为这个被刷负你信不信。\n№26 ☆☆☆……|c4633232于2021-11-19 23:19:57留言☆☆☆\n不标这么写更惨","commentTime":"2021-11-19 23:20:52","commentOwner":"。"},{"comment":"据我吃瓜吃出来的经验：女生有很多前男友，但是是处，男主却非处，那咕咕们会被喷得怀疑人生，各大平台都有排雷你们的踪影。","commentTime":"2021-11-19 23:22:53","commentOwner":"。"},{"comment":"这种情况下女主c很容易被骂强行c的吧\n干脆改非c算了（个人建议 没有恶意 也没有教lz做事的意思\n№27 ☆☆☆= =|6c27012c于2021-11-19 23:20:46留言☆☆☆\n其实标双c，排雷前男友众多比较方便，只要不是女c男非，一般都不会被骂强行c的……就算被说也只会有少数读者抱怨，不会太严重。","commentTime":"2021-11-19 23:23:25","commentOwner":"……"},{"comment":"其实这种情况排雷可以排长一点。\n就……可能可以这样：\n女主海王，是c。\n作者个人理解，女主海王是因为之前女主接触到的人，都是喜欢的，但因为感情没到，女主不爱得太快，所以没有到能滚床单的程度，因此双c。如果不接受，欢迎下本书再来，我们有缘再见。","commentTime":"2021-11-19 23:23:27","commentOwner":"岁月忽已晚"},{"comment":"说强行c的一定还没到相亲的年纪……","commentTime":"2021-11-19 23:24:05","commentOwner":"——"},{"comment":"谈过很多男友是处很奇怪？？？\n我不理解（。）\n不过按读者的来应该不算洁了这个，有的要求精神也是……","commentTime":"2021-11-19 23:24:06","commentOwner":"。"},{"comment":"其实只要等你开文，有第一个跳出来排雷的读者，你看看它怎么排雷，你就用上？读者更了解读者？","commentTime":"2021-11-19 23:26:00","commentOwner":"。"},{"comment":"怎么说呢，交了很多男友，首先会排掉喜欢男非女处的读者，交了很多男友以后女主还是处，会排除掉喜欢男处女非的读者……你不然还是别标吧，有人问的话你解释下，不然估计敏感的读者看到文案先给你打负","commentTime":"2021-11-19 23:26:24","commentOwner":"= ="},{"comment":"为什么不可以是处？现实中很常见吧","commentTime":"2021-11-19 23:26:38","commentOwner":"努力成神呀"},{"comment":"历史引用 展开全部▼\n不标这么写更惨\n№28 ☆☆☆。|57543945于2021-11-19 23:20:52留言☆☆☆\n不标会被骂，标了骂得更凶，而且会骂的更集中很难听，你信不信。\n光海王c，这个词，都能被嘲笑三天三夜，不看文的读者都能被吸引过来刷负，\n不标或者直接标女c男非，还能温和一点挨骂。","commentTime":"2021-11-19 23:26:58","commentOwner":"……"},{"comment":"糊的话不排雷可能也没什么人骂，但如果火了，排雷了也有人骂","commentTime":"2021-11-19 23:27:21","commentOwner":"。"},{"comment":"谈过很多男友是处很奇怪？？？\n我不理解（。）\n不过按读者的来应该不算洁了这个，有的要求精神也是……\n№33         ☆☆☆。|e0a2b7c7☆于2021-11-19 23:24:06留言        ☆☆☆\n不奇怪，但是男主如果非c，读者一看就会排雷这个作者让女主强行c，大清都亡了还要给女主立牌坊","commentTime":"2021-11-19 23:28:46","commentOwner":"= ="},{"comment":"双c，但女主有前男友（不止一个）","commentTime":"2021-11-19 23:29:42","commentOwner":"。"},{"comment":"双c，但女主有前男友（不止一个）\n№40 ☆☆☆。|e299cb76于2021-11-19 23:29:42留言☆☆☆\n河狸","commentTime":"2021-11-19 23:30:00","commentOwner":"。"},{"comment":"啊，lz首楼被屏蔽了，她说男主是男德班的清纯大学生，是c\n№25 ☆☆☆= =|4795cd21于2021-11-19 23:18:43留言☆☆☆\n哎，我带带我自己","commentTime":"2021-11-19 23:30:20","commentOwner":"= ="},{"comment":"双c，但女主有前男友（不止一个）\n№40 ☆☆☆。|e299cb76于2021-11-19 23:29:42留言☆☆☆\n其实如果是文案直接写海王渣女的话，有很多前男友不应该已经体现了？\n只需要标双处就可以了吧？","commentTime":"2021-11-19 23:31:18","commentOwner":"。"},{"comment":"双c，但女主有前男友（不止一个）\n№40         ☆☆☆。|e299cb76★于2021-11-19 23:29:42留言        ☆☆☆\n对 这个排雷看上去比较安全","commentTime":"2021-11-19 23:31:40","commentOwner":"= ="},{"comment":"谈过很多男友是处很奇怪？？？\n我不理解（。）\n不过按读者的来应该不算洁了这个，有的要求精神也是……\n№33???????? ☆☆☆。|e0a2b7c7☆于2021-11-19 23:24:06留言????????☆☆☆\n不奇怪，但是男主如果非c，读者一看就会排雷这个作者让女主强行c，大清都亡了还要给女主立牌坊\n№39 ☆☆☆= =|a41□□27于2021-11-19 23:28:46留言☆☆☆\n楼里不是说男主清纯处男吗？而且我只是对楼里嘲海王处女这件事感到疑惑，能海的应该感情还没深到那一步吧……（没有说不是处不好的意思，两种都很正常）","commentTime":"2021-11-19 23:33:02","commentOwner":"。"},{"comment":"历史引用 展开全部▼\n不标会被骂，标了骂得更凶，而且会骂的更集中很难听，你信不信。\n光海王c，这个词，都能被嘲笑三天三夜，不看文的读者都能被吸引过来刷负，\n不标或者直接标女c男非，还能温和一点挨骂。\n№37 ☆☆☆……|c4633232于2021-11-19 23:26:58留言☆☆☆\n标了最多被骂牌坊，不标还会被骂骗钱，诈骗，每天夹子隔壁都会挂很多，中下层也被挂过","commentTime":"2021-11-19 23:33:51","commentOwner":"。"},{"comment":"双c，但女主有前男友（不止一个）\n№40???????? ☆☆☆。|e299cb76★于2021-11-19 23:29:42留言????????☆☆☆\n对 这个排雷看上去比较安全\n№44 ☆☆☆= =|6c27012c于2021-11-19 23:31:40留言☆☆☆\n感谢！！就用这个了！\n也感谢其他提建议的咕咕！\n我恨审核！屏蔽了我主楼描述，男主是c。\n问题已解决。感谢大家！","commentTime":"2021-11-19 23:35:11","commentOwner":"。"},{"comment":"历史引用 展开全部▼\n不标会被骂，标了骂得更凶，而且会骂的更集中很难听，你信不信。\n光海王c，这个词，都能被嘲笑三天三夜，不看文的读者都能被吸引过来刷负，\n不标或者直接标女c男非，还能温和一点挨骂。\n№37 ☆☆☆……|c4633232♥♥♥于2021-11-19 23:26:58留言☆☆☆\n我也感觉会有这个风险","commentTime":"2021-11-19 23:35:22","commentOwner":"big"},{"comment":"===假装封个楼","commentTime":"2021-11-19 23:35:28","commentOwner":"。"},{"comment":"历史引用 展开全部▼\n标了最多被骂牌坊，不标还会被骂骗钱，诈骗，每天夹子隔壁都会挂很多，中下层也被挂过\n№46 ☆☆☆。|57543945于2021-11-19 23:33:51留言☆☆☆\n没让你不标啊（崩溃）\n换个词都行啊，男主不洁，女c男处，洁党慎入。\n但是用女主海王处这个词这个词，你是真的想在读者区和db出道吗？抓狂。\n相信我朋友，你敢标这个词，不管你多糊，明天你就能直接出道，到处都是（骂）你的词。\n绝对比你标女c男非，骂你狠得多，","commentTime":"2021-11-19 23:39:34","commentOwner":"……"},{"comment":"有些跑题地说一句，以前见识过一种心机技术c设定。交往过十几个有钱冤大头的女配，为了用c身作噱头钓更大的鱼。总是能用高超的kou技和shou技让冤大头提前she。所以她历经千帆，仍是c，可惜作为女配没能钓到最大的鱼——男主。\n不过c不c是否合理还是看文章内容，像台剧《微笑百事达》里面的搞笑设定，女主号称交往过十几个男朋友，可是没一个能挺过三个月，初吻都没送出去过。当初看的时候也没觉得什么。\n但还是想吐槽一句，现在看文写文都要这么纠结男女c不c的问题吗？现言只要不是校园文，都市成年男女谈恋爱，情到浓时干柴烈火云雨一番不行吗？我有时候会错觉是不是婚前性行为在某些人那里已经等同于lanjiao？\n№51 ☆☆☆啊啊啊啊啊啊啊啊|e657a9ef于2021-11-19 23:54:49留言☆☆☆\n脑壳疼……这么说吧，骂男主非c的基本针对的事男非女c这种设定。\n我\n从来，\n没有\n见过，\n男非女非的被挂起来骂，\n让读者避雷。\n抓清楚重点，挨骂的通通是男非女c，女非男c，双非，从来没被人挂过。\n从来，\n没有，\n绝对，\n没有\n把讨厌男非女c的人，等同于觉得啪了就是lanjiao，你是想怎么样？","commentTime":"2021-11-20 00:02:34","commentOwner":"……"},{"comment":"历史引用 展开全部▼\n没让你不标啊（崩溃）\n换个词都行啊，男主不洁，女c男处，洁党慎入。\n但是用女主海王处这个词这个词，你是真的想在读者区和db出道吗？抓狂。\n相信我朋友，你敢标这个词，不管你多糊，明天你就能直接出道，到处都是（骂）你的词。\n绝对比你标女c男非，骂你狠得多，\n№50 ☆☆☆……|c4633232于2021-11-19 23:39:34留言☆☆☆\n没有直接让楼主按我的来，我只是随便选了个形容词，这个形容词咋替换都可以","commentTime":"2021-11-20 00:03:47","commentOwner":"。"},{"comment":"历史引用 展开全部▼\n没有直接让楼主按我的来，我只是随便选了个形容词，这个形容词咋替换都可以\n№53 ☆☆☆。|57543945于2021-11-20 00:03:47留言☆☆☆\n行吧，回头一看，我们对话脑回路没在一条线上。\n不过说真的，绝对不要用这种词，作者被读者网bao也不是不可能……","commentTime":"2021-11-20 00:13:46","commentOwner":"……"},{"comment":"历史引用 展开全部▼\n没有直接让楼主按我的来，我只是随便选了个形容词，这个形容词咋替换都可以\n№53 ☆☆☆。|57543945于2021-11-20 00:03:47留言☆☆☆\n行吧，回头一看，我们对话脑回路没在一条线上。\n不过说真的，绝对不要用这种词，这年头作者被读者网bao也不是不可能……","commentTime":"2021-11-20 00:14:45","commentOwner":"……"},{"comment":"男主是处吗？是的话就可以女主海王，但是双c，如果男主不是处，就可以：女主海王c，男非c\n№22 ☆☆☆。|57543945于2021-11-19 23:17:04留言☆☆☆\n好毒，吐血身亡","commentTime":"2021-11-20 00:46:27","commentOwner":"糖果儿"},{"comment":"还不如直接女非男c，都不用排雷，直接写","commentTime":"2021-11-20 01:24:56","commentOwner":"。"},{"comment":"还不如直接女非男c，都不用排雷，直接写","commentTime":"2021-11-20 01:25:15","commentOwner":"，。"},{"comment":"男主是处的话你标个女主海王就行。\n不是处的话……对不起希望我不会看到你的文。\n不然我忍不住刷负的手，这简直是牌坊成精了啊。","commentTime":"2021-11-20 01:32:50","commentOwner":"。。"},{"comment":"直接洁党勿入不就好了\n只有洁党p事多","commentTime":"2021-11-20 01:40:56","commentOwner":"＝ ＝"},{"comment":"直接洁党勿入不就好了\n只有洁党p事多\n№60 ☆☆☆＝ ＝|8cc10cc4于2021-11-20 01:40:56留言☆☆☆\n什么叫洁党屁事多，牌坊精被拿洁党给自己当遮羞布成吗？","commentTime":"2021-11-20 02:00:28","commentOwner":"。。"},{"comment":"直接洁党勿入不就好了\n只有洁党p事多\n№60 ☆☆☆＝ ＝|8cc10cc4于2021-11-20 01:40:56留言☆☆☆\n怎么男非爱好者每次都要靠骂洁党挽尊，\n有本事直接点艹男洁or讨厌男非女c读者。","commentTime":"2021-11-20 12:20:16","commentOwner":"……"},{"comment":"虽不愿承认，但部分人真的就是在意那层膜，仅仅是膜。\n对那部分人来说，膜就是衣服，精神可以浪，衣服得穿好，就比非c更能接受。","commentTime":"2021-11-20 12:27:53","commentOwner":"= ="}]}