{"id":"4e68d179-2162-4e8e-84e3-ad4d90cb4f39","category":"晋江论坛→网友交流区→碧水江汀 请稍候...","postSubject":"主题：被打负了，点进这位读者的专栏一看，到处都是求着排雷，避雷，有的文明明标了雷还要进去嚎一句有雷 [3] 【搜索关键词：排雷】","postUrl":"https://bbs.jjwxc.net/showmsg.php?board=17&keyword=%C5%C5%C0%D7&id=1707424","originalPost":"你不去xly当排雷手可惜了的","numberOfReplies":3,"comments":[{"comment":"求晋江出一个“排雷投诉”，作者没必要排雷，那么多读者，都要照顾他们的雷，那作者别写了","commentTime":"2022-01-06 14:27:24","commentOwner":"。。"},{"comment":"她扫雷一定很拿手吧","commentTime":"2022-01-06 14:27:42","commentOwner":"= ="},{"comment":"求晋江出一个“排雷投诉”，作者没必要排雷，那么多读者，都要照顾他们的雷，那作者别写了\n№1 ☆☆☆。。|0040a946于2022-01-06 14:27:24留言☆☆☆\n貌似有","commentTime":"2022-01-06 14:28:42","commentOwner":"djwjiskznn"}]}