{"id":"bd8dc1fa-29eb-4fe8-85b0-f73ebb1c68ff","category":"晋江论坛→网友交流区→碧水江汀 欢迎回来：53088456  退 出","postSubject":"主题：pbc，自用吃饭排雷帖 [0] 【搜索关键词：排雷】","postUrl":"https://bbs.jjwxc.net/showmsg.php?board=17&keyword=%C5%C5%C0%D7&id=1813452","originalPost":"饭堂\n炒猪肠粉焦糊味，好难吃，这东西都能做难吃的也是服了\n茶叶蛋不要靠近\n酸菜鱼很多刺\n鸡鸭鹅非腿不靠近\n\n外面\n馄饨一般\n超市牛肉粒\n摆摊大叔的水果\n鸭血粉丝不新鲜\n咸芝士还是啥玩意的蛋糕\n非早上的糯米鸡咸肉粽谨慎","numberOfReplies":0,"comments":[]}