{"id":"0771b324-ab02-45c1-bce0-cf74a104f83a","category":"晋江论坛→网友交流区→碧水江汀 请稍候...","postSubject":"主题：觉醒了莫名的xp，就是排雷吃瓜看到的，这本书是言情男主，下本书当了bl里的受，今天突然好想看，但是想不起文名了，求推文…… [98] 【搜索关键词：排雷】","postUrl":"https://bbs.jjwxc.net/showmsg.php?board=17&keyword=%C5%C5%C0%D7&id=1720215","originalPost":"我知道我xp是shi我先说，但我真的想看呜呜呜","numberOfReplies":97,"comments":[{"comment":"我知道我xp是shi我先说，但我真的想看呜呜呜\n№0 ☆☆☆==|1c048b3b于2022-01-15 23:17:10留言☆☆☆\n当初吃瓜的时候津津有味，现在想看却想不起文名了，我麻了……","commentTime":"2022-01-15 23:17:41","commentOwner":"=="},{"comment":"剁椒鱼头","commentTime":"2022-01-15 23:17:52","commentOwner":"。"},{"comment":"剁椒鱼头\n№2 ☆☆☆。|097ce569于2022-01-15 23:17:52留言☆☆☆\n文名吗？","commentTime":"2022-01-15 23:18:02","commentOwner":"=="},{"comment":"历史引用 展开全部▼\n文名吗？\n№3 ☆☆☆==|1c048b3b于2022-01-15 23:18:02留言☆☆☆\n？？","commentTime":"2022-01-15 23:18:18","commentOwner":"。"},{"comment":"哈哈哈笑死我了","commentTime":"2022-01-15 23:18:41","commentOwner":"= ="},{"comment":"应该不是衍生的，我记得好像是言情和原耽","commentTime":"2022-01-15 23:19:04","commentOwner":"=="},{"comment":"历史引用 展开全部▼\n？？\n№4 ☆☆☆。|097ce569于2022-01-15 23:18:18留言☆☆☆\n标题是xp不是xq，剁什么鱼头","commentTime":"2022-01-15 23:19:05","commentOwner":"。"},{"comment":"历史引用 展开全部▼\n标题是xp不是xq，剁什么鱼头\n№7 ☆☆☆。|082c1444于2022-01-15 23:19:05留言☆☆☆\n笑得","commentTime":"2022-01-15 23:19:21","commentOwner":"。"},{"comment":"你的xp真的很特别……","commentTime":"2022-01-15 23:19:30","commentOwner":"= ="},{"comment":"话说这楼一个心都没有，我差点也以为这是xq了","commentTime":"2022-01-15 23:19:34","commentOwner":"。"},{"comment":"xq哈哈哈哈哈哈","commentTime":"2022-01-15 23:19:51","commentOwner":"。"},{"comment":"历史引用 展开全部▼\n文名吗？\n№3☆☆☆==|1c048b3b于2022-01-15 23:18:02留言☆☆☆\n哈哈哈哈哈哈哈哈哈反向韦一敏","commentTime":"2022-01-15 23:20:10","commentOwner":"。"},{"comment":"啊这","commentTime":"2022-01-15 23:20:34","commentOwner":"。。"},{"comment":"我也想看，陪楼主蹲蹲","commentTime":"2022-01-15 23:20:48","commentOwner":"。"},{"comment":"楼主我记得是纸棒棒的","commentTime":"2022-01-15 23:20:50","commentOwner":"。"},{"comment":"突然我也有点想看了\n好家伙\n花市有类似的吗","commentTime":"2022-01-15 23:21:44","commentOwner":"……"},{"comment":"想看！我也蹲一个！","commentTime":"2022-01-15 23:23:14","commentOwner":"。"},{"comment":"那个弗莱的好像？","commentTime":"2022-01-15 23:23:26","commentOwner":"。"},{"comment":"哈哈哈哈楼主你这xp奇怪的……你老公在外面做零.jpg","commentTime":"2022-01-15 23:26:29","commentOwner":"。"},{"comment":"八竿子？","commentTime":"2022-01-15 23:27:35","commentOwner":"。"},{"comment":"楼主我记得是纸棒棒的\n№16 ☆☆☆。|082c1444♥♥于2022-01-15 23:20:50留言☆☆☆\n她虽然缺德，但这种事应该是没做过的","commentTime":"2022-01-15 23:29:47","commentOwner":"= ="},{"comment":"历史引用 展开全部▼\n标题是xp不是xq，剁什么鱼头\n№7 ☆☆☆。|082c1444于2022-01-15 23:19:05留言☆☆☆\n哈哈哈笑死，我都不咋去闲情，一时没想到","commentTime":"2022-01-15 23:30:07","commentOwner":"=="},{"comment":"楼主我记得是纸棒棒的\n№16 ☆☆☆。|082c1444♥♥于2022-01-15 23:20:50留言☆☆☆\n如果是耽美里的攻，跑去下本言情做男主……？","commentTime":"2022-01-15 23:30:40","commentOwner":"= ="},{"comment":"话说这楼一个心都没有，我差点也以为这是xq了\n№10 ☆☆☆。|082c1444于2022-01-15 23:19:34留言☆☆☆\n我大号被封一个月（狂吐一口黑泥！）","commentTime":"2022-01-15 23:30:45","commentOwner":"=="},{"comment":"莱弗，还把封面改成骂人的话了，文案把男主写成攻，其实正文是当受，女主惨变同qi","commentTime":"2022-01-15 23:31:19","commentOwner":"。"},{"comment":"笑死我了","commentTime":"2022-01-15 23:31:24","commentOwner":"。"},{"comment":"楼主我记得是纸棒棒的\n№16 ☆☆☆。|082c1444于2022-01-15 23:20:50留言☆☆☆\n应该不是纸棒棒吧，她也太古早了","commentTime":"2022-01-15 23:32:41","commentOwner":"=="},{"comment":"突然我也有点想看了\n好家伙\n花市有类似的吗\n№17 ☆☆☆……|4d64bdc5于2022-01-15 23:21:44留言☆☆☆\n我不晓得，我还没看到过，姐妹如果花市有的话踢踢我！","commentTime":"2022-01-15 23:33:34","commentOwner":"=="},{"comment":"焦糖冬瓜？","commentTime":"2022-01-15 23:33:37","commentOwner":"= ="},{"comment":"你的xp真的很特别……\n№9 ☆☆☆= =|1366dc99于2022-01-15 23:19:30留言☆☆☆\n是的，我知道我的xp很shi，但它呼啸而来，也许过两天它就呼啸而去了\n就今天突然很好奇","commentTime":"2022-01-15 23:34:38","commentOwner":"=="},{"comment":"小刀剌屁股 开了眼了","commentTime":"2022-01-15 23:34:47","commentOwner":"= ="},{"comment":"八竿子打着你？\n是订了一半吃瓜的痛苦程度","commentTime":"2022-01-15 23:34:57","commentOwner":"无感灰色面"},{"comment":"那个弗莱的好像？\n№19 ☆☆☆。|32cab84c于2022-01-15 23:23:26留言☆☆☆\n去她专栏翻遍了，没看到呜呜","commentTime":"2022-01-15 23:39:50","commentOwner":"=="},{"comment":"哈哈哈哈楼主你这xp奇怪的……你老公在外面做零.jpg\n№20 ☆☆☆。|c4937bff于2022-01-15 23:26:29留言☆☆☆\n今天晚上突然觉醒的xp，也许过两天它就自己消失了！！！","commentTime":"2022-01-15 23:40:45","commentOwner":"=="},{"comment":"历史引用 展开全部▼\n如果是耽美里的攻，跑去下本言情做男主……？\n№24 ☆☆☆= =|bbfbdadc于2022-01-15 23:30:40留言☆☆☆\n我好双标，当攻我不可！","commentTime":"2022-01-15 23:42:20","commentOwner":"=="},{"comment":"莱弗，还把封面改成骂人的话了，文案把男主写成攻，其实正文是当受，女主惨变同qi\n№26 ☆☆☆。|c6c361af于2022-01-15 23:31:19留言☆☆☆\n？？？没有分手吗，竟然直接就让人当同妻了？？？？？\n啊这，我突然觉醒的xp好像萎了（泪目）","commentTime":"2022-01-15 23:43:07","commentOwner":"=="},{"comment":"莱弗，还把封面改成骂人的话了，文案把男主写成攻，其实正文是当受，女主惨变同qi\n№26 ☆☆☆。|c6c361af于2022-01-15 23:31:19留言☆☆☆\n好想看","commentTime":"2022-01-15 23:43:15","commentOwner":"。"},{"comment":"作者报社写的文吗？","commentTime":"2022-01-15 23:43:17","commentOwner":"。"},{"comment":"焦糖冬瓜？\n№30 ☆☆☆= =|21a42ece于2022-01-15 23:33:37留言☆☆☆\n去她专栏翻遍了，没有看到呜呜呜","commentTime":"2022-01-15 23:44:03","commentOwner":"=="},{"comment":"莱弗吧，什么八竿子那本，我还买了，结果被背刺了，yue","commentTime":"2022-01-15 23:44:48","commentOwner":"=="},{"comment":"那啥，所以蹲到了嘛，我有时候就想看比较奇怪的东西","commentTime":"2022-01-15 23:45:47","commentOwner":"。"},{"comment":"好自由的xp哈哈哈哈哈","commentTime":"2022-01-15 23:46:12","commentOwner":"。"},{"comment":"八竿子打着你？\n是订了一半吃瓜的痛苦程度\n№33 ☆☆☆无感灰色面|29c5291f于2022-01-15 23:34:57留言☆☆☆\n我去看了，但是专栏没有纯爱的\n（而且我想看男女主分手了的那种，好难找）","commentTime":"2022-01-16 00:05:21","commentOwner":"=="},{"comment":"?脑补了作者趴在女主耳边说：你老公背着你在外面做0","commentTime":"2022-01-16 00:12:17","commentOwner":"日暮客愁新"},{"comment":"?脑补了作者趴在女主耳边说：你老公背着你在外面做0\n№45 ☆☆☆日暮客愁新|f578fe64于2022-01-16 00:12:17留言☆☆☆\n有画面了","commentTime":"2022-01-16 14:20:08","commentOwner":"=="},{"comment":"哈哈哈哈楼主你这xp奇怪的……你老公在外面做零.jpg\n№20 ☆☆☆。|c4937bff于2022-01-15 23:26:29留言☆☆☆\n其实也可以理解这种xp，现实不是还有男的有绿帽癖吗？","commentTime":"2022-01-16 14:21:39","commentOwner":"。。。"},{"comment":"那言情那本是同妻？？？","commentTime":"2022-01-16 14:23:24","commentOwner":"。"},{"comment":"这种文作者写了会被骂死的，作为读者非常厌恶这种小说？还是某些腐女真的什么都磕？","commentTime":"2022-01-16 14:28:10","commentOwner":"音乐"},{"comment":"历史引用 展开全部▼\n其实也可以理解这种xp，现实不是还有男的有绿帽癖吗？\n№47 ☆☆☆。。。|621c48ec于2022-01-16 14:21:39留言☆☆☆\n就只是一时的猎奇心起而已……","commentTime":"2022-01-16 14:32:17","commentOwner":"=="},{"comment":"那言情那本是同妻？？？\n№48 ☆☆☆。|cc9580c9于2022-01-16 14:23:24留言☆☆☆\n最好是男女主分手了的","commentTime":"2022-01-16 14:32:38","commentOwner":"=="},{"comment":"这种文作者写了会被骂死的，作为读者非常厌恶这种小说？还是某些腐女真的什么都磕？\n№49 ☆☆☆音乐|53205529于2022-01-16 14:28:10留言☆☆☆\n？？？我不是腐女啊，我特别杂食\nbg和bl还有gb都看，什么视角都看，百合也会看\n如果我说我还想看一对攻受都爱上了女主，为女主争风吃醋，你是不是又要说我bg解了","commentTime":"2022-01-16 14:34:25","commentOwner":"=="},{"comment":"?脑补了作者趴在女主耳边说：你老公背着你在外面做0\n№45 ☆☆☆日暮客愁新|f578fe64于2022-01-16 00:12:17留言☆☆☆\n啊哈哈哈","commentTime":"2022-01-16 14:34:59","commentOwner":"。。。"},{"comment":"历史引用 展开全部▼\n？？？我不是腐女啊，我特别杂食\nbg和bl还有gb都看，什么视角都看，百合也会看\n如果我说我还想看一对攻受都爱上了女主，为女主争风吃醋，你是不是又要说我bg解了\n№52 ☆☆☆==|1c048b3b于2022-01-16 14:34:25留言☆☆☆\n主要是一对攻受都爱上了女主的文我已经看过了\n男主当0的我还没看过，挺好奇挺想看","commentTime":"2022-01-16 14:36:02","commentOwner":"=="},{"comment":"这种文作者写了会被骂死的，作为读者非常厌恶这种小说？还是某些腐女真的什么都磕？\n№49☆☆☆音乐|53205529于2022-01-16 14:28:10留言☆☆☆\n几个磕的啊？大多数都毒的不行吧。请把腐女当做正常人谢谢，我们不是怪物。","commentTime":"2022-01-16 14:36:59","commentOwner":"。"},{"comment":"只看过第一本主角是受，结果作者开了第二本，主角变成攻，还换了cp，给我恶心坏了","commentTime":"2022-01-16 14:37:54","commentOwner":"。"},{"comment":"这明显是lz猎奇心理想看，能不能别什么都扯腐女。","commentTime":"2022-01-16 14:38:54","commentOwner":"= ="},{"comment":"这种文作者写了会被骂死的，作为读者非常厌恶这种小说？还是某些腐女真的什么都磕？\n№49 ☆☆☆音乐|53205529于2022-01-16 14:28:10留言☆☆☆\n开始了开始，开始打腐了，不管啥玩意只要牵扯到gay就开始打腐。大部分真正的腐女是不看言情的，望你知","commentTime":"2022-01-16 14:39:19","commentOwner":"=="},{"comment":"这不就是经典穿男频书搞原书种马主角并把主角压在身下狠狠那啥\n（咳咳）\nsrds我也想蹲蹲……（好怪）","commentTime":"2022-01-16 14:39:43","commentOwner":"。"},{"comment":"冬瓜不是，他是一本攻做过言情男配，有没有感情戏我忘了，但是问题不算太大有吵一吵余地的那种","commentTime":"2022-01-16 14:46:48","commentOwner":"。"},{"comment":"只看过第一本主角是受，结果作者开了第二本，主角变成攻，还换了cp，给我恶心坏了\n№56 ☆☆☆。|ac2b4ef8于2022-01-16 14:37:54留言☆☆☆\n草，猎奇心又起来了，快rwkk！！！","commentTime":"2022-01-16 14:51:28","commentOwner":"=="},{"comment":"这明明就是作者给bg小伙伴的喂屎操作，为啥还会想看这种样式的文啊，双插头很好吗？","commentTime":"2022-01-16 14:53:39","commentOwner":"火1"},{"comment":"这明显是lz猎奇心理想看，能不能别什么都扯腐女。\n№57 ☆☆☆= =|de990f66于2022-01-16 14:38:54留言☆☆☆\n先声明我不是腐女哈，不好意思扯到腐女身上了，抱歉\n我就有时候好奇心很重，看到大家都排雷的片段，我就想去看一眼（多数情况下是把自己也雷到了）\n但莫名觉得被雷到的那种感觉有点爽（胡言乱语）","commentTime":"2022-01-16 14:53:52","commentOwner":"=="},{"comment":"历史引用 展开全部▼\n主要是一对攻受都爱上了女主的文我已经看过了\n男主当0的我还没看过，挺好奇挺想看\n№54 ☆☆☆==|1c048b3b于2022-01-16 14:36:02留言☆☆☆\n我在婆婆看过，真的老公在外面做0,不过最后面三人行","commentTime":"2022-01-16 14:54:24","commentOwner":"。。。"},{"comment":"冬瓜不是，他是一本攻做过言情男配，有没有感情戏我忘了，但是问题不算太大有吵一吵余地的那种\n№60 ☆☆☆。|68834f0b于2022-01-16 14:46:48留言☆☆☆\n这个不够雷，没有雷焦我的感觉","commentTime":"2022-01-16 14:55:11","commentOwner":"=="},{"comment":"这明明就是作者给bg小伙伴的喂屎操作，为啥还会想看这种样式的文啊，双插头很好吗？\n№62 ☆☆☆火1|806fa0fe于2022-01-16 14:53:39留言☆☆☆\n你就当，我从来没有吃过shi，有的时候就会很好奇shi到底是个什么味道……","commentTime":"2022-01-16 14:55:51","commentOwner":"=="},{"comment":"笑死了，可惜我不知道有这种文，不然我很想推给你","commentTime":"2022-01-16 14:57:49","commentOwner":"= ="},{"comment":"理解lz，我偶尔也去翻一些大众雷点的文，包括什么攻生子/ntr/男变女女变男/性向大乱炖的……","commentTime":"2022-01-16 14:58:48","commentOwner":"。"},{"comment":"情乱\n作者：清衫\n徐莎发现自己老公出轨了，出轨对象还是个男的。\n她看着镜子里肤若凝脂，貌美如花的自己，不明白自己怎么会输给一个男的。\n等她跟对方深入接触了之后，才明白，自己输在了哪里。\n男主有两个，女主的丈夫和男主的出轨对象np\n阅读须知\n1：本文没有三观逻辑死\n2：男主b搞过男主a屁股，以后也不能避免，甚至还有男主a被女主爆菊的剧情，雷者慎入\n□□np現代□□女性向","commentTime":"2022-01-16 15:02:40","commentOwner":"。。。"},{"comment":"情乱\n作者：清衫\n徐莎发现自己老公出轨了，出轨对象还是个男的。\n她看着镜子里肤若凝脂，貌美如花的自己，不明白自己怎么会输给一个男的。\n等她跟对方深入接触了之后，才明白，自己输在了哪里。\n男主有两个，女主的丈夫和男主的出轨对象np\n阅读须知\n1：本文没有三观逻辑死\n2：男主b搞过男主a屁股，以后也不能避免，甚至还有男主a被女主爆菊的剧情，雷者慎入\n□□np現代□□女性向\n№69 ☆☆☆。。。|a5d613e4于2022-01-16 15:02:40留言☆☆☆\nfpb","commentTime":"2022-01-16 15:03:05","commentOwner":"。。。"},{"comment":"不知道这个符不符合lz","commentTime":"2022-01-16 15:03:34","commentOwner":"。。。"},{"comment":"想看猎奇的，你可以看看盛世紫荆","commentTime":"2022-01-16 15:04:13","commentOwner":"火1"},{"comment":"理解lz，我偶尔也去翻一些大众雷点的文，包括什么攻生子/ntr/男变女女变男/性向大乱炖的……\n№68 ☆☆☆。|b9bd0e5f于2022-01-16 14:58:48留言☆☆☆\n看你描述的这些，我开始兴奋起来了，姐妹有没有这种的推介推介！！！","commentTime":"2022-01-16 15:07:42","commentOwner":"=="},{"comment":"想看猎奇的，你可以看看盛世紫荆\n№72 ☆☆☆火1|806fa0fe于2022-01-16 15:04:13留言☆☆☆\n我去搜一下！","commentTime":"2022-01-16 15:08:08","commentOwner":"=="},{"comment":"不知道这个符不符合lz\n№71 ☆☆☆。。。|a5d613e4于2022-01-16 15:03:34留言☆☆☆\n呜呜呜呜呜我没有看到，泪目了","commentTime":"2022-01-16 15:08:26","commentOwner":"=="},{"comment":"恶不恶心啊，呕。","commentTime":"2022-01-16 15:09:04","commentOwner":"。"},{"comment":"大白天开这种帖恶心人干什么，你这么喜欢当同妻？","commentTime":"2022-01-16 15:10:46","commentOwner":"。"},{"comment":"历史引用 展开全部▼\n？？？没有分手吗，竟然直接就让人当同妻了？？？？？\n啊这，我突然觉醒的xp好像萎了（泪目）\n№37☆☆☆==|1c048b3b于2022-01-15 23:43:07留言☆☆☆\n？？？？这……这作者是不是厌女","commentTime":"2022-01-16 15:10:52","commentOwner":"。"},{"comment":"情乱  作者：清衫\nlz可以去看看，婆婆的","commentTime":"2022-01-16 15:14:27","commentOwner":"。。。"},{"comment":"大白天开这种帖恶心人干什么，你这么喜欢当同妻？\n№77 ☆☆☆。|a7727de6于2022-01-16 15:10:46留言☆☆☆\n你爬下楼就知道我完全没这个意思……\n有时候就是很想去看那种大众都特别雷的东西，跟性向也没什么关系","commentTime":"2022-01-16 15:19:02","commentOwner":"=="},{"comment":"蜜三刀的作者","commentTime":"2022-01-16 15:19:22","commentOwner":"=="},{"comment":"情乱 ；＆ＮＢＳＰ;作者：清衫\nlz可以去看看，婆婆的\n№79 ☆☆☆。。。|a5d613e4于2022-01-16 15:14:27留言☆☆☆\n好，在哪里看呀！\n是绿江的吗，还是在别的网站的","commentTime":"2022-01-16 15:19:59","commentOwner":"=="},{"comment":"大白天开这种帖恶心人干什么，你这么喜欢当同妻？\n№77 ☆☆☆。|a7727de6于2022-01-16 15:10:46留言☆☆☆\n其实我更想看三人行，就是男主当了0以后，1和0后来全都爱上了女主，这种的最符合我暂时的xp","commentTime":"2022-01-16 15:20:16","commentOwner":"=="},{"comment":"哈哈哈哈楼主你这xp奇怪的……你老公在外面做零.jpg\n№20☆☆☆。|c4937bff于2022-01-15 23:26:29留言☆☆☆\n哈哈哈哈哈哈哈哈哈哈","commentTime":"2022-01-16 15:20:52","commentOwner":"。。"},{"comment":"只见过上本在当攻下本换了cp当受的，不过他是历史人物，所以我接受良好","commentTime":"2022-01-16 15:21:20","commentOwner":"=="},{"comment":"历史引用 展开全部▼\n其实我更想看三人行，就是男主当了0以后，1和0后来全都爱上了女主，这种的最符合我暂时的xp\n№83 ☆☆☆==|1c048b3b于2022-01-16 15:20:16留言☆☆☆\n是不是有过女主穿越到耽美文女配身上让攻受爱上自己的文来着？不过晋江应该没有三人行了。","commentTime":"2022-01-16 15:22:32","commentOwner":"= ="},{"comment":"历史引用 展开全部▼\n其实我更想看三人行，就是男主当了0以后，1和0后来全都爱上了女主，这种的最符合我暂时的xp\n№83 ☆☆☆==|1c048b3b于2022-01-16 15:20:16留言☆☆☆\n清衫的情乱","commentTime":"2022-01-16 15:23:09","commentOwner":"=="},{"comment":"我也好奇想看","commentTime":"2022-01-16 15:23:12","commentOwner":"。"},{"comment":"历史引用 展开全部▼\n好，在哪里看呀！\n是绿江的吗，还是在别的网站的\n№82 ☆☆☆==|1c048b3b于2022-01-16 15:19:59留言☆☆☆\n啊这，lz成年了吗？成年了才可以看，别的网站的","commentTime":"2022-01-16 15:23:13","commentOwner":"。。。"},{"comment":"真恶心，还要到这里开帖，语气还萌萌哒。","commentTime":"2022-01-16 15:25:05","commentOwner":"。。"},{"comment":"真恶心，还要到这里开帖，语气还萌萌哒。\n№90☆☆☆。。|9eba298c于2022-01-16 15:25:05留言☆☆☆\n。无论语气多轻松，都有被冒犯到，我是杂食，攻生子我都会看，但不能接受言情男主跑去耽美做受，直掰弯文学还不够吗，言情男主做0不是什么有趣的事","commentTime":"2022-01-16 15:29:05","commentOwner":"= ="},{"comment":"晦气到我了。\n不过有一本言情的那个叫什么《10万死士......》什么什么来着？记不清，应该挺符合楼主的xp","commentTime":"2022-01-16 15:29:17","commentOwner":"。。"},{"comment":"历史引用 展开全部▼\n文名吗？\n№3 ☆☆☆==|1c048b3b于2022-01-15 23:18:02留言☆☆☆\n韦一敏效应","commentTime":"2022-01-16 15:30:04","commentOwner":"。"},{"comment":"不知道bt是什么，但可以给lz推一推fw的《有毛病》，坏女人文学好爽","commentTime":"2022-01-16 15:33:50","commentOwner":"。"},{"comment":"不知道bt是什么，但可以给lz推一推fw的《有毛病》，坏女人文学好爽\n№94 ☆☆☆。|66b9229a于2022-01-16 15:33:50留言☆☆☆\n就是lz上面说的1和0都爱上女主","commentTime":"2022-01-16 15:35:15","commentOwner":"。"},{"comment":"看到这贴不得不说有点晦气","commentTime":"2022-01-16 15:45:37","commentOwner":"。"},{"comment":"xp自由……管人家干嘛？看到不喜欢的略过帖子不就行了，还非得点进来骂一句，吐口唾沫，什么癖好？","commentTime":"2022-01-16 15:53:11","commentOwner":"。"},{"comment":"去xq呗，今天才看到骂乙女解求乙女游戏男主被?的帖子，你的爱。\n去腐癌大本营可以不要出来吓人嘛？","commentTime":"2022-01-16 15:55:34","commentOwner":"=="}]}