{"id":"b0c05f76-f66f-4f93-9233-e819a881415c","category":"晋江论坛→网友交流区→碧水江汀 请稍候...","postSubject":"主题：突然发现有一天收益砍半是因为0分长评排雷 [22] 【搜索关键词：排雷】","postUrl":"https://bbs.jjwxc.net/showmsg.php?board=17&keyword=%C5%C5%C0%D7&id=1783510","originalPost":"……不看评论区的弊端","numberOfReplies":22,"comments":[{"comment":"半天过去了，评论投诉还没处理，好无语啊啊啊，订阅率0也好意思发长评排雷？？？","commentTime":"2022-03-02 13:08:52","commentOwner":"=="},{"comment":"好烦好烦删不掉","commentTime":"2022-03-02 13:14:28","commentOwner":"。"},{"comment":"砸雷压下去","commentTime":"2022-03-02 13:16:36","commentOwner":"。"},{"comment":"砸雷压下去\n№3 ☆☆☆。|0dd755d7☆于2022-03-02 13:16:36留言☆☆☆\n压下去了，但他发在第一章已经盖成话题楼了，一溜儿谢谢排雷，qswl","commentTime":"2022-03-02 13:18:31","commentOwner":"。"},{"comment":"啊啊啊三点半了还没处理，要等多久啊emo了","commentTime":"2022-03-02 15:20:56","commentOwner":"。"},{"comment":"没花钱的看盗文的能不能允许删除他评论啊真的无语","commentTime":"2022-03-02 15:26:47","commentOwner":"=0="},{"comment":"话题楼只有PC的看到吧？PC收益本来就低，没必要理会。APP和wap只看前五，如果人家要翻就让它翻，要实在恶心，你去第一章继续砸雷压下去。一般来说，APP一百条评论就翻不到了，翻也没有必要压这么多，无视就好了","commentTime":"2022-03-02 15:35:57","commentOwner":"。"},{"comment":"话题楼只有PC的看到吧？PC收益本来就低，没必要理会。APP和wap只看前五，如果人家要翻就让它翻，要实在恶心，你去第一章继续砸雷压下去。一般来说，APP一百条评论就翻不到了，翻也没有必要压这么多，无视就好了\n№7 ☆☆☆。|0dd755d7于2022-03-02 15:35:57留言☆☆☆\n就是很膈应……管理员的处理意见“未发现问题”，这么长的剧透还是盗文评论也不删，服了","commentTime":"2022-03-02 16:44:34","commentOwner":"。"},{"comment":"有没有咕咕教教我这种评论怎么才能投诉掉？投诉剧透没有用","commentTime":"2022-03-02 16:45:36","commentOwner":"。"},{"comment":"你投诉的时候一定要强调，影响你赚钱了！","commentTime":"2022-03-02 16:46:53","commentOwner":"。"},{"comment":"你投诉的时候一定要强调，影响你赚钱了！\n№10 ☆☆☆。|c591b1e6于2022-03-02 16:46:53留言☆☆☆\n我的作者号已经达到举报上限了（就投诉了两条评论），只能开小号投诉，这次选了违规排雷，不知道有用没有","commentTime":"2022-03-02 16:48:27","commentOwner":"。"},{"comment":"话题楼只有PC的看到吧？PC收益本来就低，没必要理会。APP和wap只看前五，如果人家要翻就让它翻，要实在恶心，你去第一章继续砸雷压下去。一般来说，APP一百条评论就翻不到了，翻也没有必要压这么多，无视就好了\n№7☆☆☆。|0dd755d7于2022-03-02 15:35:57留言☆☆☆\n全都可以看到啊","commentTime":"2022-03-02 16:49:09","commentOwner":"。"},{"comment":"真的膈应……","commentTime":"2022-03-02 16:49:31","commentOwner":"。"},{"comment":"我记得之前有个咕开楼教投诉删评来着！一个是投诉盗文评论，一个说影响作者心理健康状况，据说删评效率奇高！","commentTime":"2022-03-02 16:49:42","commentOwner":"。"},{"comment":"我记得之前有个咕开楼教投诉删评来着！一个是投诉盗文评论，一个说影响作者心理健康状况，据说删评效率奇高！\n№14 ☆☆☆。|e6e52b80☆于2022-03-02 16:49:42留言☆☆☆\n刚刚打客服电话了，客服也说选其他然后写明原因\n看今晚会不会被打回来吧qs","commentTime":"2022-03-02 17:09:54","commentOwner":"。"},{"comment":"话题楼APP也可以看到啊，我看文会顺便点一下话题楼看的，所以楼主还是尽量把排雷举报掉，不然收益堪忧啊。","commentTime":"2022-03-02 17:17:26","commentOwner":"本本金榜"},{"comment":"ddd","commentTime":"2022-03-02 17:19:24","commentOwner":"神仙涨幅"},{"comment":"话题楼APP也可以看到啊，我看文会顺便点一下话题楼看的，所以楼主还是尽量把排雷举报掉，不然收益堪忧啊。\n№16 ☆☆☆本本金榜|edf723bd☆于2022-03-02 17:17:26留言☆☆☆\n投诉剧透根本没用，好气，我写清楚了读者在第一章发v章的剧透，而且订阅0，就这样也不给删评","commentTime":"2022-03-02 17:20:10","commentOwner":"。"},{"comment":"投雷咕咕","commentTime":"2022-03-02 17:22:10","commentOwner":"。。。"},{"comment":"dd","commentTime":"2022-03-02 17:25:27","commentOwner":"。"},{"comment":"话题楼APP也可以看到啊，我看文会顺便点一下话题楼看的，所以楼主还是尽量把排雷举报掉，不然收益堪忧啊。\n№16 ☆☆☆本本金榜|edf723bd☆于2022-03-02 17:17:26留言☆☆☆\n投诉剧透根本没用，好气，我写清楚了读者在第一章发v章的剧透，而且订阅0，就这样也不给删评\n№18         ☆☆☆。|05d1ab35☆于2022-03-02 17:20:10留言        ☆☆☆\n所有的投诉渠道都试试，能删就删，不能删就压评，","commentTime":"2022-03-02 18:47:48","commentOwner":"本本金榜"},{"comment":"第二次，投诉违规排雷，还是删不掉，又被审核打回来说没有发现问题了","commentTime":"2022-03-02 19:26:41","commentOwner":"。"}]}