{"id":"5ab4b07d-f449-466b-b1d9-d28118282fd5","category":"晋江论坛→网友交流区→碧水江汀 请稍候...","postSubject":"主题：什么时候排雷也会成为投诉书评的理由了？ [25] 【搜索关键词：排雷】","postUrl":"https://bbs.jjwxc.net/showmsg.php?board=17&keyword=%C5%C5%C0%D7&id=1731631","originalPost":"就我看我以往发出过的评论，我才发现投诉书评理由往下拉竟然有一个大致意思是“自己在评论里排雷或要求作者标明排雷″的理由","numberOfReplies":25,"comments":[{"comment":"自己可以去评论后台看一下，我截的图怎么发出来呀？","commentTime":"2022-01-23 14:41:44","commentOwner":"纯阳阿胎喝可乐"},{"comment":"一直都是","commentTime":"2022-01-23 14:42:12","commentOwner":"。"},{"comment":"有些人会瞎排雷","commentTime":"2022-01-23 14:42:12","commentOwner":"第八个号"},{"comment":"而且仅代表我自己，我看见排雷就会投诉","commentTime":"2022-01-23 14:42:49","commentOwner":"。"},{"comment":"有盗文排雷，有瞎排雷，还有凭空捏造排雷，这些都是用这个删除理由的吧","commentTime":"2022-01-23 14:43:06","commentOwner":"。"},{"comment":"因为有些所谓“排雷”都是鬼扯","commentTime":"2022-01-23 14:43:33","commentOwner":"=="},{"comment":"凭啥有“排雷”这一说，你的雷点又不一定是所有人的雷点，说不定人家就喜欢这个点","commentTime":"2022-01-23 14:44:57","commentOwner":"。"},{"comment":"有些读者会根据自己的想象替作者编写内容，然后排雷……有的是看了几章想象后续，有的甚至只看了一个文案……排出来的所谓“雷”作者自己甚至都不知道哪里写过","commentTime":"2022-01-23 14:45:08","commentOwner":"=="},{"comment":"凭啥有“排雷”这一说，你的雷点又不一定是所有人的雷点，说不定人家就喜欢这个点\n№7 ☆☆☆。|1554e22e于2022-01-23 14:44:57留言☆☆☆\n。\n就是，莫名其妙死了。有的人可能雷一个姓，因为这个姓开始各种排雷，这种损失谁赔偿。","commentTime":"2022-01-23 14:49:41","commentOwner":"。"},{"comment":"历史引用 展开全部▼\n。\n就是，莫名其妙死了。有的人可能雷一个姓，因为这个姓开始各种排雷，这种损失谁赔偿。\n№9 ☆☆☆。|791ab572于2022-01-23 14:49:41留言☆☆☆\n好怪，","commentTime":"2022-01-23 14:52:34","commentOwner":"纯阳阿胎喝可乐"},{"comment":"历史引用 展开全部▼\n好怪，\n№10 ☆☆☆纯阳阿胎喝可乐|9f7c3b42于2022-01-23 14:52:34留言☆☆☆\n因为名字就开始排雷，真的好怪呀","commentTime":"2022-01-23 14:52:55","commentOwner":"纯阳阿胎喝可乐"},{"comment":"有些读者会根据自己的想象替作者编写内容，然后排雷……有的是看了几章想象后续，有的甚至只看了一个文案……排出来的所谓“雷”作者自己甚至都不知道哪里写过\n№8 ☆☆☆    ==|9d8f3006于2022-01-23 14:45:08留言☆☆☆\n。\n比较可怕的倒不是全假排雷，而是大部分真偏偏一小部分假的那种","commentTime":"2022-01-23 14:54:48","commentOwner":"=="},{"comment":"排雷有时候真的太主观\n不如平和一些，×点这一篇文，下一篇文更香","commentTime":"2022-01-23 14:55:39","commentOwner":"= ="},{"comment":"排雷就是很ex","commentTime":"2022-01-23 14:56:12","commentOwner":"。"},{"comment":"因为有的人自己不喜欢就是雷，瞎几把拍","commentTime":"2022-01-23 14:57:48","commentOwner":"…"},{"comment":"有的人把我不喜欢＝雷，你还不如大大方方评 我不喜欢 作者删不掉也投诉不掉","commentTime":"2022-01-23 15:00:50","commentOwner":"= ="},{"comment":"特别大众的，读者区或作者文案上会排，个人雷点没必要排，虚假雷点/脑补雷点坏心情","commentTime":"2022-01-23 15:01:17","commentOwner":"= ="},{"comment":"凭啥有“排雷”这一说，你的雷点又不一定是所有人的雷点，说不定人家就喜欢这个点\n№7 ☆☆☆。|1554e22e于2022-01-23 14:44:57留言☆☆☆\n排雷是排给雷的人看的，不雷的又不会在意，说不定雷点正好是对方萌点对方直接入坑了呢","commentTime":"2022-01-23 15:01:35","commentOwner":"=="},{"comment":"因为很多人就是乱排雷，我一本还没V的文，就因为有人“觉得”后期情节会怎么样给我排了雷，然后还有好多人赞同点赞排，问题是我根本都没有安排过这个情节，就是因为他觉得会有。","commentTime":"2022-01-23 15:03:14","commentOwner":"=="},{"comment":"历史引用 展开全部▼\n排雷是排给雷的人看的，不雷的又不会在意，说不定雷点正好是对方萌点对方直接入坑了呢\n№18 ☆☆☆==|01290ea1于2022-01-23 15:01:35留言☆☆☆\n笑死，排给雷的人看，大部分人根本就不雷所谓的雷点。就如楼上所说，某个人突然雷一个随便的，他大义凛然的排出来了，你觉得大家会雷吗？不会，只会觉得他yb，而且也会觉得他弄得评论区乌烟瘴气，不看这本书。","commentTime":"2022-01-23 15:03:56","commentOwner":"。"},{"comment":"我那男主和女主还没成亲，没发生关系，读者就说男主把成亲仪式当作儿戏。","commentTime":"2022-01-23 15:04:47","commentOwner":"=="},{"comment":"一直都是啊？而且投诉理由是违规排雷或者要求作者排雷，又不是只有排雷两个字","commentTime":"2022-01-23 15:05:20","commentOwner":"。"},{"comment":"因为很多排雷，读者都会加上自己的夸张式放大解读。","commentTime":"2022-01-23 15:06:53","commentOwner":"=="},{"comment":"猫饼太多了，每个人都有雷，都觉得自己没错，一人一个雷，评论区乌烟瘴气全是雷点，作者还写不写文了？花钱定制吧","commentTime":"2022-01-23 15:08:27","commentOwner":"oo"},{"comment":"因为很多排雷，读者都会加上自己的夸张式放大解读。\n№23 ☆☆☆==|f7a485ed于2022-01-23 15:06:53留言☆☆☆\n有些还是造谣排雷，根本没那些内容，或者作者文案都写了人设，他们不喜欢这种人设，就排雷：攻巴拉巴拉，受巴拉巴拉，简直无语","commentTime":"2022-01-23 15:09:23","commentOwner":"oo"}]}