{"id":"9920a2a0-9e2f-4d65-a321-735b4daf25b8","category":"晋江论坛→网友交流区→碧水江汀 请稍候...","postSubject":"主题：水，突然想起之前追得一本文，我看着这个作者成绩越来越好，然后文案排雷也越来越多 [0] 【搜索关键词：排雷】","postUrl":"https://bbs.jjwxc.net/showmsg.php?board=17&keyword=%C5%C5%C0%D7&id=1768644","originalPost":"从榜单上淘的，刚开始文案就简单的一个1v1\n然后渐渐的，排雷越来越长，几乎和文案一样长哈哈哈哈哈","numberOfReplies":0,"comments":[]}