{"id":"96ed9eba-7c5e-4133-9daf-84960af579e0","category":"晋江论坛→网友交流区→碧水江汀 请稍候...","postSubject":"主题：为什么晋江作者要忍受那么多的刷负和排雷？ [12] 【搜索关键词：排雷】","postUrl":"https://bbs.jjwxc.net/showmsg.php?board=17&keyword=%C5%C5%C0%D7&id=1633192","originalPost":"在排雷楼里，不止看到过一次类似的话，外站就算了吧，在外面我可以接受xx，xx，xxx，晋江作者如果写这个，我会刷负","numberOfReplies":12,"comments":[{"comment":"可能是默认jj作品就要好一点吧","commentTime":"2021-11-11 07:56:31","commentOwner":"。。"},{"comment":"这不是外站刷不了","commentTime":"2021-11-11 07:57:15","commentOwner":"。"},{"comment":"因为jj作者没办法管理评论区啊，而且jj是最有名的女频网站了吧…","commentTime":"2021-11-11 07:57:21","commentOwner":"。"},{"comment":"因为市场需要\n你也知道那些外站跟jj比起来流量多凉了","commentTime":"2021-11-11 07:59:44","commentOwner":"=="},{"comment":"我也想问这个\n之前怕被刷负，我能在连载期忍得跟孙子一样，现在彻底放飞自己，谁怼我我就怼回去，都是惯的","commentTime":"2021-11-11 08:01:48","commentOwner":"。"},{"comment":"我已经放弃了。不在沉默中爆发就在沉默中灭亡。所以，现在谁要是在我评论区发疯我就直接怼回去了。反正也是疯了，大家一起疯。","commentTime":"2021-11-11 08:05:05","commentOwner":"。"},{"comment":"因为晋江作者好欺负，网站还不保护作者","commentTime":"2021-11-11 08:09:36","commentOwner":"……"},{"comment":"因为晋江作者好欺负呗","commentTime":"2021-11-11 08:10:01","commentOwner":"。"},{"comment":"完结才是噩梦，无休无止的负分，走了一个又来一个\n连载遇到的反而大多是小天使，写得也比较快乐\n真希望一章有哪怕一条负分管理权限","commentTime":"2021-11-11 08:13:54","commentOwner":"…"},{"comment":"在外站他们刷不了负","commentTime":"2021-11-11 08:14:34","commentOwner":"=="},{"comment":"因为晋江默认作者百分九十九都是女的吧，女性就是容易对女性群体有一些高要求，对外不用，对内用来搞自己人，美其名曰不摆烂，实为内耗\n比如默认女性道德感强，要求女性必须有更高的道德水准，同样的事情女人做了就会被其他同性抱团割席，换成另一个性别只会团结一起烂惹","commentTime":"2021-11-11 08:15:59","commentOwner":"= ="},{"comment":"。","commentTime":"2021-12-20 22:50:40","commentOwner":"。"}]}