{"id":"b5974591-6d40-4c10-af00-7a0392fe3419","category":"晋江论坛→网友交流区→碧水江汀 请稍候...","postSubject":"主题：【树洞】永远不看文案排雷，好嘛，可以，没问题。我作话强调了三次，照样看不见一样，好嘛，没问题。我正文里都写了的，反复强调过好多次的，你就是完全不看是吗？？？？？ [2] 【搜索关键词：排雷】","postUrl":"https://bbs.jjwxc.net/showmsg.php?board=17&keyword=%C5%C5%C0%D7&id=1746735","originalPost":"。。。。。。","numberOfReplies":2,"comments":[{"comment":"摸摸","commentTime":"2022-02-03 20:51:38","commentOwner":"。"},{"comment":"拍拍背","commentTime":"2022-02-03 21:49:49","commentOwner":"倒吸一口凉皮"}]}