{"id":"a0276dcc-fb8a-4de5-a92d-6e52990b6b20","category":"晋江论坛→网友交流区→碧水江汀 请稍候...","postSubject":"主题：我的师门被放在一组排雷了 [14] 【搜索关键词：排雷】","postUrl":"https://bbs.jjwxc.net/showmsg.php?board=17&keyword=%C5%C5%C0%D7&id=1647622","originalPost":"“感情线过于尴尬，剧情不错”\n我，师父，师祖，这大概就是师门传承了吧\n我截图到群里以后，师祖痛心疾首道:我以前是甜文感情流写手\n师父:我好像也是\n我:我以前是剧情流，但是我现在正在努力成为感情流\n师祖、师父:找到原因了","numberOfReplies":14,"comments":[{"comment":"哈哈哈哈哈哈哈哈哈哈哈哈","commentTime":"2021-11-23 00:15:57","commentOwner":"。"},{"comment":"太太们考不考虑收个徒弟，把这传统传承一下","commentTime":"2021-11-23 00:17:01","commentOwner":"。"},{"comment":"hhhhhhhhh","commentTime":"2021-11-23 00:17:38","commentOwner":"。"},{"comment":"哈哈哈哈哈哈","commentTime":"2021-11-23 00:17:44","commentOwner":"。"},{"comment":"哈哈哈哈怎么那么搞笑呢","commentTime":"2021-11-23 00:17:57","commentOwner":"咕咕咕"},{"comment":"这样的师门感觉萌萌哒","commentTime":"2021-11-23 00:18:44","commentOwner":"。"},{"comment":"已出现人传人现象！","commentTime":"2021-11-23 00:19:41","commentOwner":"=="},{"comment":"哈哈哈哈哈哈哈哈呼呼呼","commentTime":"2021-11-23 00:20:15","commentOwner":"。"},{"comment":"要不要收个可爱的感情流小弟子呀，我是剧情稀烂的感情流！","commentTime":"2021-11-23 00:20:23","commentOwner":"= ="},{"comment":"哈哈哈哈哈哈哈真是稳稳的传承","commentTime":"2021-11-23 00:21:27","commentOwner":"。"},{"comment":"哈哈哈哈哈哈哈有点可爱","commentTime":"2021-11-23 00:21:56","commentOwner":"。"},{"comment":"哈哈哈哈哈哈哈哈哈哈哈哈哈哈哈哈哈哈哈哈哈哈","commentTime":"2021-11-23 00:22:11","commentOwner":"。"},{"comment":"笑死","commentTime":"2021-11-23 00:22:14","commentOwner":"。"},{"comment":"好可爱啊","commentTime":"2021-11-23 00:23:37","commentOwner":"。"}]}