{"id":"aca9919c-6ab0-4432-9112-3849ca363a71","category":"晋江论坛→网友交流区→碧水江汀 请稍候...","postSubject":"主题：非双初恋需要文案排雷吗？ [3] 【搜索关键词：排雷】","postUrl":"https://bbs.jjwxc.net/showmsg.php?board=17&keyword=%C5%C5%C0%D7&id=1709491","originalPost":"是双c","numberOfReplies":3,"comments":[{"comment":"蛮多人介意的，最好标了，不喜欢可以避雷，喜欢的会进来","commentTime":"2022-01-08 14:46:06","commentOwner":"= ="},{"comment":"非的话排雷吧，好多读者挺在意","commentTime":"2022-01-08 14:46:23","commentOwner":"。。"},{"comment":"我觉得标吧，有些人会在意","commentTime":"2022-01-08 14:48:04","commentOwner":"白渡"}]}