{"id":"5331203f-618a-4dc4-b5a9-72b853cf784f","category":"晋江论坛→网友交流区→碧水江汀 请稍候...","postSubject":"主题：作为一个读者，其实我没有雷点，写得好我就爱看，但是还是总会其他人的评论排雷吓到 [1] 【搜索关键词：排雷】","postUrl":"https://bbs.jjwxc.net/showmsg.php?board=17&keyword=%C5%C5%C0%D7&id=1729278","originalPost":"有些书看了后才发现所谓的雷点根本啥也不是\n但我看一本书之前又习惯性看看书评……","numberOfReplies":1,"comments":[{"comment":"学会不看。\n我看完电影才会去豆瓣看评论，不然可能就不看了。","commentTime":"2022-01-21 19:22:06","commentOwner":"。。"}]}