{"id":"a339a956-6312-485c-b0d4-8cf6f41913f9","category":"晋江论坛→网友交流区→碧水江汀 欢迎回来：53088456  退 出","postSubject":"主题：头一次看到有人因为女主不鲨人拉踩排雷的 [7] 【搜索关键词：排雷】","postUrl":"https://bbs.jjwxc.net/showmsg.php?board=17&keyword=%C5%C5%C0%D7&id=1824280","originalPost":"目瞪口呆","numberOfReplies":7,"comments":[{"comment":"什么都能雷\n我怀疑有些人是避雷针转世","commentTime":"2022-03-30 13:03:48","commentOwner":"。"},{"comment":"什么都能雷\n我怀疑有些人是避雷针转世\n№1 ☆☆☆。|32914b4e于2022-03-30 13:03:48留言☆☆☆\n关键是拉踩得好难听","commentTime":"2022-03-30 13:04:21","commentOwner":"。"},{"comment":"也要看作者写了啥，要是有反派把女主虐得死去活来，结果女主有机会弄死他，反而挥一挥手、佛光普照放过他，这种就比较ex人。","commentTime":"2022-03-30 13:06:38","commentOwner":"……"},{"comment":"也要看作者写了啥，要是有反派把女主虐得死去活来，结果女主有机会弄死他，反而挥一挥手、佛光普照放过他，这种就比较ex人。\n№3 ☆☆☆……|7d19a913于2022-03-30 13:06:38留言☆☆☆\n。","commentTime":"2022-03-30 13:08:21","commentOwner":"。"},{"comment":"也要看作者写了啥，要是有反派把女主虐得死去活来，结果女主有机会弄死他，反而挥一挥手、佛光普照放过他，这种就比较ex人。\n№3 ☆☆☆……|7d19a913于2022-03-30 13:06:38留言☆☆☆\n看她评论好像就是因为她刚看了一本女主主动鲨很多人的书，结果这本女主纵容了熊孩子，没把熊孩子傻雕，就排雷了……","commentTime":"2022-03-30 13:11:51","commentOwner":"。"},{"comment":"历史引用 展开全部▼\n看她评论好像就是因为她刚看了一本女主主动鲨很多人的书，结果这本女主纵容了熊孩子，没把熊孩子傻雕，就排雷了……\n№5 ☆☆☆。|f9d58ac5于2022-03-30 13:11:51留言☆☆☆\n而且是现代背景","commentTime":"2022-03-30 13:12:37","commentOwner":"。"},{"comment":"历史引用 展开全部▼\n而且是现代背景\n№6 ☆☆☆。|f9d58ac5于2022-03-30 13:12:37留言☆☆☆\n女主要是和恐怖流副本一样鲨人不就那啥了","commentTime":"2022-03-30 13:13:08","commentOwner":"。"}]}