{"id":"58aec0c4-82ec-4675-992a-195be2cc01d2","category":"晋江论坛→网友交流区→碧水江汀 请稍候...","postSubject":"主题：吐槽，又不是没排雷，说了追妻hzc，结果还要点进来看 [1] 【搜索关键词：排雷】","postUrl":"https://bbs.jjwxc.net/showmsg.php?board=17&keyword=%C5%C5%C0%D7&id=1670907","originalPost":"看完免费章又吐槽说为啥要火葬场，不流行火葬场了","numberOfReplies":1,"comments":[{"comment":"就无语","commentTime":"2021-12-10 13:16:41","commentOwner":"=="}]}