{"id":"0802fc09-721d-4226-9a0f-5c8ce7a1916a","category":"晋江论坛→网友交流区→碧水江汀 请稍候...","postSubject":"主题：看了隔壁楼突然有点懵，如果我写主角是演员，拍剧的时候有吻戏，也会被排雷吗 [35] 【搜索关键词：排雷】","postUrl":"https://bbs.jjwxc.net/showmsg.php?board=17&keyword=%C5%C5%C0%D7&id=1742856","originalPost":"非杠，就是突然不明白了（呆滞.jpg","numberOfReplies":34,"comments":[{"comment":"不太可其实（弱弱）","commentTime":"2022-01-31 12:31:04","commentOwner":"小*****"},{"comment":"你可以设定演戏的剧本没有吻戏，也可以直接略过不写，有无数种方法可以规避啊","commentTime":"2022-01-31 12:31:37","commentOwner":"。"},{"comment":"……？？太严格了吧","commentTime":"2022-01-31 12:31:39","commentOwner":"没有感情"},{"comment":"为什么非要写吻戏，看着主角和别人亲吻你会高兴吗（如果是主视角的那个我会高兴嘿嘿）","commentTime":"2022-01-31 12:32:20","commentOwner":"。"},{"comment":"只能说，主角除和cp以外的有吻戏，不是一个喜闻乐见发情节","commentTime":"2022-01-31 12:32:46","commentOwner":"。"},{"comment":"只能说，主角除和cp以外的有吻戏，不是一个喜闻乐见发情节\n№5 ☆☆☆。|088b5eda于2022-01-31 12:32:46留言☆☆☆\n。","commentTime":"2022-01-31 12:32:58","commentOwner":"=="},{"comment":"不写吻戏就行","commentTime":"2022-01-31 12:33:04","commentOwner":"。"},{"comment":"这个问题不能深究，不要钻牛角尖细写，处于一个敬业演员的大设定下一般人都能接受，但你要是特地挑出来写\n写攻和其他人拍吻戏多香艳或者写和攻拍过吻戏的人炫耀，那在甜爽文里就是毒点\n知道能接受和被怼面前细致观摩是俩概念\n狗血文当我没说","commentTime":"2022-01-31 12:33:05","commentOwner":"。。"},{"comment":"为什么非要写吻戏，看着主角和别人亲吻你会高兴吗（如果是主视角的那个我会高兴嘿嘿）\n№4 ☆☆☆。|c611a207于2022-01-31 12:32:20留言☆☆☆\n额……就是假设拍戏，","commentTime":"2022-01-31 12:33:10","commentOwner":"。"},{"comment":"会啊，蛮无语","commentTime":"2022-01-31 12:33:42","commentOwner":"= ="},{"comment":"一定要吻吗？不吻会死吗？","commentTime":"2022-01-31 12:33:42","commentOwner":"我"},{"comment":"这个问题不能深究，不要钻牛角尖细写，处于一个敬业演员的大设定下一般人都能接受，但你要是特地挑出来写\n写攻和其他人拍吻戏多香艳或者写和攻拍过吻戏的人炫耀，那在甜爽文里就是毒点\n知道能接受和被怼面前细致观摩是俩概念\n狗血文当我没说\n№8 ☆☆☆。。|4a157c5f于2022-01-31 12:33:05留言☆☆☆\n啊～！懂了","commentTime":"2022-01-31 12:33:49","commentOwner":"。"},{"comment":"不如说你为啥非要写……你写这个情节想表达什么……","commentTime":"2022-01-31 12:34:14","commentOwner":"= ="},{"comment":"我不懂你们到底有多纠结一定要写吻戏","commentTime":"2022-01-31 12:34:28","commentOwner":"= ="},{"comment":"不如说你为啥非要写……你写这个情节想表达什么……\n№13 ☆☆☆= =|05cd05a3于2022-01-31 12:34:14留言☆☆☆\n就是假设，没有要写orz","commentTime":"2022-01-31 12:34:39","commentOwner":"。"},{"comment":"我就直说了，你的文如果实在没有东西可写，以及空洞到了必须描写主角和路人如何吻戏的程度，那其实可以考虑换个题材了","commentTime":"2022-01-31 12:35:15","commentOwner":"嘟噜噜噜嘟噜噜"},{"comment":"为什么要写，我看了那么多ylq文就一个糊文写过","commentTime":"2022-01-31 12:35:18","commentOwner":"= ="},{"comment":"这就是个无效情节，除了膈应嗑cp的读者没有其他作用","commentTime":"2022-01-31 12:35:20","commentOwner":"。"},{"comment":"除了吻戏没有别的戏了吗？","commentTime":"2022-01-31 12:35:39","commentOwner":"。"},{"comment":"这个问题不能深究，不要钻牛角尖细写，处于一个敬业演员的大设定下一般人都能接受，但你要是特地挑出来写\n写攻和其他人拍吻戏多香艳或者写和攻拍过吻戏的人炫耀，那在甜爽文里就是毒点\n知道能接受和被怼面前细致观摩是俩概念\n狗血文当我没说\n№8 ☆☆☆。。|4a157c5f于2022-01-31 12:33:05留言☆☆☆\n。\n很难理解吗\n有些贴子简直跟文下杠精一个神奇脑回路","commentTime":"2022-01-31 12:35:44","commentOwner":"。"},{"comment":"分情况讨论\n剧□□业文，cp背景板：主角和别人有吻戏，可以\n剧□□业文，cp不是背景板：最好不要\n甜文：绝对不可以\n狗血文：可以","commentTime":"2022-01-31 12:35:57","commentOwner":"= ="},{"comment":"历史引用 展开全部▼\n就是假设，没有要写orz\n№15☆☆☆。|44a4fcbf于2022-01-31 12:34:39留言☆☆☆\n隔壁没写都被喷了 一群人跳脚的样子好可怕 都是gkjj吧","commentTime":"2022-01-31 12:36:03","commentOwner":"。"},{"comment":"分情况讨论\n剧□□业文，cp背景板：主角和别人有吻戏，可以\n剧□□业文，cp不是背景板：最好不要\n甜文：绝对不可以\n狗血文：可以\n№21 ☆☆☆= =|d0e2f80b于2022-01-31 12:35:57留言☆☆☆\n剧情，事业","commentTime":"2022-01-31 12:36:15","commentOwner":"= ="},{"comment":"写了最好说明，没写是我看到会立刻弃文，如果看了前面很多心梗到还会留下负分的程度","commentTime":"2022-01-31 12:37:55","commentOwner":"。"},{"comment":"啊？不要过多写这个吻造成的绮思。\n而是写一遍遍亲，秃噜皮造成的工作不顺。或者感觉自己在亲摄像头的ai爱，我都可。\n这么说呢，当成工作的我性，狗血文那种我实在不行。","commentTime":"2022-01-31 12:38:21","commentOwner":"=="},{"comment":"这……牛头人爱好者大概会喜欢？阿晋应该没有吧","commentTime":"2022-01-31 12:38:33","commentOwner":"。"},{"comment":"主要是……无效情节啊","commentTime":"2022-01-31 12:38:48","commentOwner":"。"},{"comment":"可以，但是没必要。","commentTime":"2022-01-31 12:39:40","commentOwner":"= ="},{"comment":"我懂了咕咕们，明白了，谢谢各位咕咕\n祝咕咕们除夕快乐，新年快乐！","commentTime":"2022-01-31 12:40:19","commentOwner":"。"},{"comment":"借位什么的，可以实际操作上避免的方式多的是，你非要详细描写喂shi，那也别怪读者避雷","commentTime":"2022-01-31 12:47:56","commentOwner":"= ="},{"comment":"可以，但是没必要。\n№29 ☆☆☆= =|cd4ef57b于2022-01-31 12:39:40留言☆☆☆\n。","commentTime":"2022-01-31 12:49:29","commentOwner":"= ="},{"comment":"不会借位吗？为什么一定要写出来，略过也行啊","commentTime":"2022-01-31 12:49:33","commentOwner":"= ="},{"comment":"不会借位吗？为什么一定要写出来，略过也行啊\n№33 ☆☆☆= =|c7850bed于2022-01-31 12:49:33留言☆☆☆\n我没写啊咕咕！就是假设主角拍戏有这个情节","commentTime":"2022-01-31 12:50:11","commentOwner":"。"},{"comment":"历史引用 展开全部▼\n我没写啊咕咕！就是假设主角拍戏有这个情节\n№34 ☆☆☆。|44a4fcbf于2022-01-31 12:50:11留言☆☆☆\n摸摸咕咕头，知道你是什么意思，就是看了隔壁贴然后好奇ylq文有关吻戏的问题\n实际上看小说的都不喜欢cp之外的亲密戏份，一笔带过去还好，非要写实就不行了，很多读者接受不了","commentTime":"2022-01-31 12:52:46","commentOwner":"。"}]}