{"id":"8c58b058-a55c-44d1-bcab-e9da8be2c08d","category":"晋江论坛→网友交流区→碧水江汀 请稍候...","postSubject":"主题：psxq 我好喜欢这个排雷方式:本文不适合需要预警的读者阅读。 [2] 【搜索关键词：排雷】","postUrl":"https://bbs.jjwxc.net/showmsg.php?board=17&keyword=%C5%C5%C0%D7&id=1729991","originalPost":"很适合我这种什么过激xp都吃得下的人找饭吃","numberOfReplies":2,"comments":[{"comment":"走错了（）\n游走。","commentTime":"2022-01-22 09:04:58","commentOwner":"= ="},{"comment":"好家伙，我看到直接点进去收藏（dna狠狠动了）","commentTime":"2022-01-22 09:05:17","commentOwner":"……"}]}