{"id":"fbced40e-4368-4a78-bf98-e8356b7382e9","category":"晋江论坛→网友交流区→碧水江汀 欢迎回来：53088456  退 出","postSubject":"主题：pbc吐槽，有的人看了排雷还要打负是什么心态？ [0] 【搜索关键词：排雷】","postUrl":"https://bbs.jjwxc.net/showmsg.php?board=17&keyword=%C5%C5%C0%D7&id=1627803","originalPost":"最近在追一个太太的文，刚看到下面一个读者评论。\n大概意思是：虽然看了排雷但因为好奇看到了后面，对不起实在接受不了。 打分：-2\n这是贩剑吧？","numberOfReplies":0,"comments":[]}