{"id":"0352bec0-9ad9-4eda-a0c9-c985e03a0857","category":"晋江论坛→网友交流区→碧水江汀 欢迎回来：53088456  退 出","postSubject":"主题：诶，咕咕们，我记得有一栋名著排雷楼（狗头） [4] 【搜索关键词：排雷】","postUrl":"https://bbs.jjwxc.net/showmsg.php?board=17&keyword=%C5%C5%C0%D7&id=1964545","originalPost":"顶顶，想找找","numberOfReplies":4,"comments":[{"comment":"换个号","commentTime":"2022-06-27 23:56:47","commentOwner":"。"},{"comment":"顶","commentTime":"2022-06-27 23:57:54","commentOwner":"。"},{"comment":"这个？\n1869953","commentTime":"2022-06-27 23:58:59","commentOwner":"。"},{"comment":"这个？\n1869953\n№3 ☆☆☆。|d0dfdd56于2022-06-27 23:58:59留言☆☆☆\n嗷！谢谢楼楼","commentTime":"2022-06-28 00:02:28","commentOwner":"。"}]}