{"id":"81346ddb-1850-4b79-b25b-d067c748a129","category":"晋江论坛→网友交流区→碧水江汀 请稍候...","postSubject":"主题：李涛，为什么会有读者写上百字给书排雷 [17] 【搜索关键词：排雷】","postUrl":"https://bbs.jjwxc.net/showmsg.php?board=17&keyword=%C5%C5%C0%D7&id=1670379","originalPost":"就很奇怪，说实话我之前是纯读者的时候从来没见过，打算写文才知道有而且不少。\n就不讨论是不是虚假排雷就想知道为什么？（不考虑作者忽然喂屎的情况）","numberOfReplies":17,"comments":[{"comment":"就很奇怪，说实话我之前是纯读者的时候从来没见过，打算写文才知道有而且不少。\n就不讨论是不是虚假排雷就想知道为什么？（不考虑作者忽然喂屎的情况）\n№0 ☆☆☆。|c1d42e8e于2021-12-10 00:58:10留言☆☆☆\nfpb\n顺便一提我想去隔壁也问问会不会被骂","commentTime":"2021-12-10 00:58:40","commentOwner":"。"},{"comment":"因为有的读者被雷到了真的会非常非常生气，气到排雷，甚至写了几百字，不然闲得慌干啥不好。\n当然也不排除有人看都没看，也不鉴锤，只是复制粘贴发泄戾气的。","commentTime":"2021-12-10 01:00:42","commentOwner":"。"},{"comment":"因为有的读者被雷到了真的会非常非常生气，气到排雷，甚至写了几百字，不然闲得慌干啥不好。\n当然也不排除有人看都没看，也不鉴锤，只是复制粘贴发泄戾气的。\n№2 ☆☆☆。|ffc3b855于2021-12-10 01:00:42留言☆☆☆\n。","commentTime":"2021-12-10 01:02:01","commentOwner":"。"},{"comment":"啊这，我看文被shi到了，是会大半夜睡不着给基友发上千字吐槽的。","commentTime":"2021-12-10 01:02:16","commentOwner":"= ="},{"comment":"啊这，我看文被shi到了，是会大半夜睡不着给基友发上千字吐槽的。\n№4 ☆☆☆= =|0020ee14于2021-12-10 01:02:16留言☆☆☆\n隔壁释然文学那会，别说排雷了，楼都要数百栋","commentTime":"2021-12-10 01:02:50","commentOwner":"= ="},{"comment":"我看文时候就写过白字以上排雷，因为真的真的真的被气到了……","commentTime":"2021-12-10 01:03:05","commentOwner":"。"},{"comment":"我看文时候就写过白字以上排雷，因为真的真的真的被气到了……\n№6 ☆☆☆。|ed62acd6于2021-12-10 01:03:05留言☆☆☆\n文笔不好之类的我可以自己弃文，但真的有作者是后期给屎……","commentTime":"2021-12-10 01:04:17","commentOwner":"。"},{"comment":"文案诈骗，我真的就是想看看她究竟能写的多屎买了一大半，生怕我看的不够多排的不顺畅，真心实意的写了两千字排雷，半夜三点看完的，早上七点就气醒还憋屈的哭…","commentTime":"2021-12-10 01:04:18","commentOwner":"。"},{"comment":"因为被雷到后，心态爆炸，有种想要疯狂吐槽的欲望","commentTime":"2021-12-10 01:04:18","commentOwner":"。"},{"comment":"总有人喜欢的真情实感也有人讨厌的真情实感，如果有人为我写百字拍雷，我大概会截图留念合影，并且鼓励他下次再写长一点。\n相互理解相互尊重，毕竟我码各几千字手也痛，你写个几百排雷戳戳键盘也体验一下我码字的快感也不错。","commentTime":"2021-12-10 01:04:21","commentOwner":"啾啾啾"},{"comment":"总有人喜欢的真情实感也有人讨厌的真情实感，如果有人为我写百字拍雷，我大概会截图留念合影，并且鼓励他下次再写长一点。\n相互理解相互尊重，毕竟我码各几千字手也痛，你写个几百排雷戳戳键盘也体验一下我码字的快感也不错。\n№10 ☆☆☆啾啾啾|8895ca44于2021-12-10 01:04:21留言☆☆☆\n捉虫，码个","commentTime":"2021-12-10 01:04:37","commentOwner":"啾啾啾"},{"comment":"历史引用 展开全部▼\n捉虫，码个\n№11 ☆☆☆啾啾啾|8895ca44于2021-12-10 01:04:37留言☆☆☆\n说不定写长了我还能给他揪一下“的地得”","commentTime":"2021-12-10 01:06:19","commentOwner":"啾啾啾"},{"comment":"我想知道 释然文学到底是啥啊","commentTime":"2021-12-10 01:07:19","commentOwner":"。"},{"comment":"历史引用 展开全部▼\n说不定写长了我还能给他揪一下“的地得”\n№12 ☆☆☆啾啾啾|8895ca44于2021-12-10 01:06:19留言☆☆☆\n说不定写长了我还能给她也揪一下“的地得”的用法，揪她的语序不通，揪她的逻辑问题，让她体验一把作者被排雷的痛苦，回复一句：该读者说话我不喜欢，排雷","commentTime":"2021-12-10 01:07:48","commentOwner":"啾啾啾"},{"comment":"历史引用 展开全部▼\n说不定写长了我还能给她也揪一下“的地得”的用法，揪她的语序不通，揪她的逻辑问题，让她体验一把作者被排雷的痛苦，回复一句：该读者说话我不喜欢，排雷\n№14 ☆☆☆啾啾啾|8895ca44于2021-12-10 01:07:48留言☆☆☆\n这种情况，感觉你先得被气炸而不是还有精力挑错，而且你要真这么干了，那应该就可以收获天长地久的真诚恨意了","commentTime":"2021-12-10 01:10:15","commentOwner":"=="},{"comment":"因为会被作者/主角/配角的骚操作气到\n要么剧情线疯狂崩掉要么人设疯狂崩掉\n反正就是真情实感追了n久之后给你喂……\n只是排雷没打负分已经是我最大的仁慈了","commentTime":"2021-12-10 01:11:08","commentOwner":"天咕"},{"comment":"因为真的生气，不过我一般不会文章下面评论，都是给基友半夜写小作文吐槽","commentTime":"2021-12-10 01:12:50","commentOwner":"飞鸟与自由"}]}