{"id":"1d88fc84-d6b3-442d-a820-c8d3c866a61a","category":"晋江论坛→网友交流区→碧水江汀 请稍候...","postSubject":"主题：被疯狂排雷的8号衍生咕咕进 [61] 【搜索关键词：排雷】","postUrl":"https://bbs.jjwxc.net/showmsg.php?board=17&keyword=%C5%C5%C0%D7&id=1753881","originalPost":"刚睡醒，老实说一刷论坛，就溜去评论区下看了一眼，就觉得有点渗人吧，不算同为衍生咕，反正小号确实在写，断更是断更的事儿，但并不妨碍我还看衍生。\n其一，看到长篇大论的无所谓排雷，找个小号给他压下去，这是作者都该学会的操作，不要把自己气到。\n作为路人咕我只能说勉强帮忙压下去，没法砸雷，所以看起来不太好。\n其二，不管咕咕下一本会不会跑到其他的频道，本咕总是希望你手里这本好好写，不要因为各种原因影响心态。\n我也没有看你的内容，因为我是典型的非完结不看，完结了我也不一定看的那种极其野蛮形读者，唯一能做的就是隔空给你的连在一起，加油加油加油，稳住！\n其三，忍住千万不要给杠精眼神，千万不要给他回复！\n其四，赠送咕咕一个封面\n其五，关于无封面预计上夹的作者，如果无法联系别人快速出封，可以联系我，免费的。\n最快能5分钟出一张不算很差的图，算是回馈碧水，毕竟我也在这儿看了无数干货。\n最后，希望每一个作者的幼年期都能不遇到杠精，但就算遇到了，也希望你的写作路上能遇到一个互相扶持的人，加油！","numberOfReplies":61,"comments":[{"comment":"https://s4.ax1x.com/2022/02/09/H8PB7Q.jpg","commentTime":"2022-02-09 02:50:46","commentOwner":"。"},{"comment":"[url=https://imgtu.com/i/H8PB7Q][img]https://s4.ax1x.com/2022/02/09/H8PB7Q.jpg[/img][/url]","commentTime":"2022-02-09 02:51:58","commentOwner":"。"},{"comment":"dd","commentTime":"2022-02-09 02:52:01","commentOwner":"。"},{"comment":"6666","commentTime":"2022-02-09 02:52:23","commentOwner":"= ="},{"comment":"bd\n写完这本我也溜了","commentTime":"2022-02-09 02:52:30","commentOwner":"。"},{"comment":"bd\n楼主好暖","commentTime":"2022-02-09 02:52:47","commentOwner":"。"},{"comment":"ddd","commentTime":"2022-02-09 02:53:41","commentOwner":"。"},{"comment":"2-6-4-9-8-0-9-9-7-2","commentTime":"2022-02-09 02:56:40","commentOwner":"lxfs"},{"comment":"我也不知道作者喜欢什么颜色的封的原因，所以估摸着出了一个紫色，又调了色相，出了个不知道什么色的红。\nhttps://s4.ax1x.com/2022/02/09/H8PfnU.jpg","commentTime":"2022-02-09 02:57:52","commentOwner":"lxfs"},{"comment":"另外，有需要的作者可以放心联系我，社恐也放心大胆一点，全都是免费的。\nps：不过要备注一下\npps：我设定的是男号，个签是花木兰的台词，人事女的\nppps：晚安","commentTime":"2022-02-09 02:59:33","commentOwner":"。"},{"comment":"谢谢lz咕咕，真的好暖","commentTime":"2022-02-09 03:00:10","commentOwner":"。"},{"comment":"谢谢lz咕咕，真的好暖\n№11☆☆☆。|40683163于2022-02-09 03:00:10留言☆☆☆\nbdbd","commentTime":"2022-02-09 03:00:33","commentOwner":"。"},{"comment":"。","commentTime":"2022-02-09 03:03:16","commentOwner":"。"},{"comment":"bd，楼主真的好暖","commentTime":"2022-02-09 03:04:03","commentOwner":"。"},{"comment":"bd","commentTime":"2022-02-09 03:04:46","commentOwner":"打分：-3"},{"comment":"bd","commentTime":"2022-02-09 03:05:13","commentOwner":"。"},{"comment":"bdd","commentTime":"2022-02-09 03:06:55","commentOwner":"。"},{"comment":"bd","commentTime":"2022-02-09 03:09:00","commentOwner":"！"},{"comment":"bd","commentTime":"2022-02-09 03:09:28","commentOwner":"。"},{"comment":"烦死了，看到那条排雷，我代入作者了，想骂人","commentTime":"2022-02-09 03:10:19","commentOwner":"。"},{"comment":"不缺钱的话，作者找基友在第一章砸两百个雷，就下去了","commentTime":"2022-02-09 03:10:49","commentOwner":"。"},{"comment":"bd","commentTime":"2022-02-09 03:10:52","commentOwner":"。"},{"comment":"没忍住去在第一章砸了个雷\n但我只有一个读者号，没法帮作者压评，真的太惨了…………","commentTime":"2022-02-09 03:15:25","commentOwner":"。"},{"comment":"太晚了，感觉那位咕咕已经睡了","commentTime":"2022-02-09 03:17:46","commentOwner":"。"},{"comment":"我来！！同为衍生咕，虽然是二言咕，支持咕！！！给咕咕投了两个雷","commentTime":"2022-02-09 03:18:15","commentOwner":"。"},{"comment":"Bd","commentTime":"2022-02-09 03:19:26","commentOwner":"。"},{"comment":"呜呜呜dd","commentTime":"2022-02-09 03:21:27","commentOwner":"。"},{"comment":"bd","commentTime":"2022-02-09 03:21:37","commentOwner":"。"},{"comment":"我才想起来封面是思源宋体，免费可商用的开源字体","commentTime":"2022-02-09 03:23:45","commentOwner":"。"},{"comment":"是不是不能直接在评论区贴这个贴的id啊，算违规吗（）如果不算我把id贴过去？","commentTime":"2022-02-09 03:24:08","commentOwner":"。"},{"comment":"最后一d，太困了呜","commentTime":"2022-02-09 03:27:43","commentOwner":"。"},{"comment":"dd","commentTime":"2022-02-09 03:32:21","commentOwner":"明天出家886"},{"comment":"是不是不能直接在评论区贴这个贴的id啊，算违规吗（）如果不算我把id贴过去？\n№30 ☆☆☆。|1b1324e6于2022-02-09 03:24:08留言☆☆☆\n有可能会算联动，把你号关小黑屋，就算了吧","commentTime":"2022-02-09 03:32:29","commentOwner":"。"},{"comment":"dd","commentTime":"2022-02-09 03:34:07","commentOwner":"。"},{"comment":"天使！","commentTime":"2022-02-09 03:41:15","commentOwner":"。"},{"comment":"慕名去看了下，打消写二言的念头，可怕","commentTime":"2022-02-09 03:52:11","commentOwner":"=="},{"comment":"慕名去看了下，打消写二言的念头，可怕\n№36☆☆☆==|5178d961于2022-02-09 03:52:11留言☆☆☆\n是我吃错瓜吗，我以为是纯爱那本？","commentTime":"2022-02-09 03:58:02","commentOwner":"。"},{"comment":"dd","commentTime":"2022-02-09 04:59:50","commentOwner":"。"},{"comment":"好温柔的咕","commentTime":"2022-02-09 05:22:42","commentOwner":"。"},{"comment":"发生了什么，有没有传送门","commentTime":"2022-02-09 05:33:19","commentOwner":".."},{"comment":"长评排雷，底下一堆说谢谢排雷的，太可怕了，他们甚至都不看一眼免费章，只听长评的，我夹子当天也收到长评了，不是排雷，是更敏感的话题，幸好基友通宵，及时替我压下去了，看到这个作者的情况，真的挺后怕的（事实上长评压下去后其他人看得都挺快乐的，但是没压的时候马上就有几个附和的，大多数人都是先入为主的。）","commentTime":"2022-02-09 07:14:29","commentOwner":"——"},{"comment":"早上起来去吃瓜，太吓人了一点。那个长评写作指导的读者还是一个作者啊，发了一篇未签约的小说。建议找个小号去未签约小说下面长评一下，也写作指导一下","commentTime":"2022-02-09 08:14:30","commentOwner":"。"},{"comment":"历史引用 展开全部▼\n是我吃错瓜吗，我以为是纯爱那本？\n№37 ☆☆☆。 |44e002b6于2022-02-09 03:58:02留言☆☆☆\n是昨天上夹第八名的那个衍生咕吧，我昨天看见她封面的时候还进去提醒了一下，那个封面是从动漫里截图的。不过那个排雷有点让人呃……","commentTime":"2022-02-09 08:30:12","commentOwner":"噗噗噗"},{"comment":"bd","commentTime":"2022-02-09 08:30:40","commentOwner":"OAQ"},{"comment":"早上起来去吃瓜，太吓人了一点。那个长评写作指导的读者还是一个作者啊，发了一篇未签约的小说。建议找个小号去未签约小说下面长评一下，也写作指导一下\n№42 ☆☆☆。|c6cac666于2022-02-09 08:14:30留言☆☆☆\n。","commentTime":"2022-02-09 08:30:59","commentOwner":"OAQ"},{"comment":"dd","commentTime":"2022-02-09 08:31:06","commentOwner":"，，"},{"comment":"dd","commentTime":"2022-02-09 08:53:28","commentOwner":"。"},{"comment":"这个频道也太惨了……","commentTime":"2022-02-09 08:56:33","commentOwner":"=="},{"comment":"二言有部分读者真的很，emmmmmmm","commentTime":"2022-02-09 09:03:29","commentOwner":"。"},{"comment":"吓人，看来上夹当晚最好别睡","commentTime":"2022-02-09 09:06:28","commentOwner":"。"},{"comment":"bd","commentTime":"2022-02-09 09:07:20","commentOwner":"。"},{"comment":"去看了下，真的是很无语……未签约时，写过衍生，只能说还好我没再写下去吧，太可怕了…\n帮顶一下，希望那位作者能看到～以及楼主好暖～","commentTime":"2022-02-09 09:08:15","commentOwner":"。"},{"comment":"作者可能不刷论坛？\n要不楼主你也去文下发一次？\nbd","commentTime":"2022-02-09 09:08:28","commentOwner":"。"},{"comment":"楼主好暖","commentTime":"2022-02-09 09:09:50","commentOwner":"瞎胡闹"},{"comment":"bd","commentTime":"2022-02-09 09:14:00","commentOwner":"君君"},{"comment":"d","commentTime":"2022-02-09 09:22:29","commentOwner":"。"},{"comment":"高高在上地输出一顿后，结尾来一句家境良好……","commentTime":"2022-02-09 09:26:33","commentOwner":"。"},{"comment":"bd","commentTime":"2022-02-09 09:29:28","commentOwner":"夜默咕"},{"comment":"历史引用 展开全部▼\n是昨天上夹第八名的那个衍生咕吧，我昨天看见她封面的时候还进去提醒了一下，那个封面是从动漫里截图的。不过那个排雷有点让人呃……\n№43☆☆☆噗噗噗|b1518e13于2022-02-09 08:30:12留言☆☆☆\n对的，我也是讲这本，可是这本不是纯爱吗怎么看到有人在讲二言，还以为我看错了哈哈哈哈","commentTime":"2022-02-09 09:31:10","commentOwner":"。"},{"comment":"bd","commentTime":"2022-02-09 09:51:32","commentOwner":"。"},{"comment":"谢谢你，真的很感谢。我不逛论坛的，所以没看到这个贴，谢谢你给的建议。也谢谢给我投雷的小伙伴。\n真的非常感谢大家。\n封面紫色的就很好了，我自己做的封面也是紫色的，哈哈。\n第一次碰到，若是以后我有幸再次上夹子，我一定不睡觉，哈哈。","commentTime":"2022-02-09 10:49:06","commentOwner":"小絮芊芊"}]}