{"id":"84c414e7-375b-44cd-8290-355b512fdf59","category":"晋江论坛→网友交流区→碧水江汀 请稍候...","postSubject":"主题：给咕咕们排雷个拖稿骗钱的画手 [3] 【搜索关键词：排雷】","postUrl":"https://bbs.jjwxc.net/showmsg.php?board=17&keyword=%C5%C5%C0%D7&id=1749658","originalPost":"因为是朋友的朋友，我不知道她圈名是啥，只知道wb名是秽浊猫，原名雨宫巡\n她约稿定金好像是走tb的，但是别人付了定金她拖稿不说，而且还跟人说她钱不太够能不能先把尾款给她，给了尾款东西也拿不到。\n主动找别人卖稿，结果拖了几个月摆烂退稿\n被催稿她好像还背后骂人\n反正就是个拖稿惯犯","numberOfReplies":3,"comments":[{"comment":"因为是朋友的朋友，我不知道她圈名是啥，只知道wb名是秽浊猫，原名雨宫巡\n她约稿定金好像是走tb的，但是别人付了定金她拖稿不说，而且还跟人说她钱不太够能不能先把尾款给她，给了尾款东西也拿不到。\n主动找别人卖稿，结果拖了几个月摆烂退稿\n被催稿她好像还背后骂人\n反正就是个拖稿惯犯\n№0 ☆☆☆。|add156e0??于2022-02-06 09:31:22留言☆☆☆\nfpb","commentTime":"2022-02-06 09:31:36","commentOwner":"。"},{"comment":"然后别的就是抽奖不发骂别人白嫖，经常用各种名目花朋友钱不还，借前任5w还说前任诱导她消费等私人问题，喜欢吃瓜可以去了解一下，大型瓜田","commentTime":"2022-02-06 09:34:36","commentOwner":"。"},{"comment":"哇，这真是……","commentTime":"2022-02-06 09:36:06","commentOwner":"东岸喵喵"}]}