{"id":"784c1b82-eb28-466d-b15d-0ce6125f00ca","category":"晋江论坛→网友交流区→碧水江汀 欢迎回来：53088456  退 出","postSubject":"主题：洞，文名被人挂vb排雷，理由是“雷耽m，雷恋爱，雷美貌主角” [4] 【搜索关键词：排雷】","postUrl":"https://bbs.jjwxc.net/showmsg.php?board=17&keyword=%C5%C5%C0%D7&id=1820506","originalPost":"……黑人问号，但凡你看文前抬头看看文章分类呢？我选了那么大一个“纯爱”主受分类……","numberOfReplies":4,"comments":[{"comment":"这相当于推文了，要我我就搜你来看","commentTime":"2022-03-27 21:36:27","commentOwner":"。"},{"comment":"反向推文，我直呼内行。","commentTime":"2022-03-27 21:36:47","commentOwner":"。"},{"comment":"好家伙，看到楼上两位咕咕的话我突然不生气了，毕竟这避雷理由太离谱了","commentTime":"2022-03-27 21:39:47","commentOwner":"。"},{"comment":"大概上辈子是个雷公吧","commentTime":"2022-03-27 21:40:49","commentOwner":"。"}]}