{"id":"6680f87f-a011-49f7-a438-6fe2869c0b79","category":"晋江论坛→网友交流区→碧水江汀 欢迎回来：53088456  退 出","postSubject":"主题：完全不符合她们的要求没关系，但要是有一半内容合了她们的心意，她们就开始排雷你、严重时来团建你了 [2] 【搜索关键词：排雷】","postUrl":"https://bbs.jjwxc.net/showmsg.php?board=17&keyword=%C5%C5%C0%D7&id=1946418","originalPost":"下面有请出场嘉宾：d*j","numberOfReplies":2,"comments":[{"comment":"有道理","commentTime":"2022-06-15 21:54:56","commentOwner":"。"},{"comment":"有道理。","commentTime":"2022-06-15 22:01:33","commentOwner":"。"}]}