{"id":"38cac87d-b049-4da0-9cd6-f7f516287a8b","category":"晋江论坛→网友交流区→碧水江汀 欢迎回来：53088456  退 出","postSubject":"主题：pbc吐黑泥，订阅为0，只在第一章发布误导剧情的虚假排雷评论，可以删吗 [2] 【搜索关键词：排雷】","postUrl":"https://bbs.jjwxc.net/showmsg.php?board=17&keyword=%C5%C5%C0%D7&id=1974831","originalPost":"我知道上夹子容易被集火\n但没想到我这个糊咖也能有杠精\n明明完全没写过的剧情，在第一章就开始自己瞎编（而且还是很不道德的展开，很ex）后续也没订阅，这算不算跑人家门口拉shi就跑啊\n我能删评吗\n还有在二次元不提三次元真人应该是基本原则吧\n我好好写个角色，非要cue到三次元某爱豆\n这样的评论我能删吗\n\n卑微作者要气哭了","numberOfReplies":2,"comments":[{"comment":"可以！","commentTime":"2022-07-05 11:43:01","commentOwner":"。"},{"comment":"可以！\n№1 ☆☆☆。|fccee969☆于2022-07-05 11:43:01留言☆☆☆\n抱头痛哭\n真的很怕他们看到删评站短再跑来骂我……\n那个cue三次元爱豆的，我看她ID感觉可能年纪不大，怕伤了xmm的玻璃心，删完评论我还补发了个小红包解释为什么要删（因为确实也订阅了）\n好家伙，天天贴钱写文了属于是TAT","commentTime":"2022-07-05 11:47:38","commentOwner":"--"}]}