{"id":"041946e3-d5a0-4fdc-b691-964a282500cf","category":"晋江论坛→网友交流区→碧水江汀 请稍候...","postSubject":"主题：【树洞+吐黑泥】我文案反驳虚假排雷三点，然后你跟我喜欢我上一本文不一定一直喜欢你，说感谢排雷？ [8] 【搜索关键词：排雷】","postUrl":"https://bbs.jjwxc.net/showmsg.php?board=17&keyword=%C5%C5%C0%D7&id=1690609","originalPost":"所以我文案上的字，就是打给我自己看的吧？\n所以我说被读者骚扰咒骂，被诅咒家人，你的理解是喜欢我上本文的人不一定喜欢我这本？\n你炸了个雷，通篇说了一大堆，中心意思就是我过于敏感玻璃心？\n所以你发那么一段评论是告诉我你“脱粉”了吗？\n其实你不用发给我看，因为我已经不写了。\n所以我都不写了，不碰这个题材了，说的清清楚楚明明白白，为什么，还要来装理中客，各打五十大板？\n真的受够了，刚冒着大寒风从医院回来，就看到这个评论，只让我觉得我封笔是无比正确的决定。","numberOfReplies":8,"comments":[{"comment":"所以我文案上的字，就是打给我自己看的吧？\n所以我说被读者骚扰咒骂，被诅咒家人，你的理解是喜欢我上本文的人不一定喜欢我这本？\n你炸了个雷，通篇说了一大堆，中心意思就是我过于敏感玻璃心？\n所以你发那么一段评论是告诉我你“脱粉”了吗？\n其实你不用发给我看，因为我已经不写了。\n所以我都不写了，不碰这个题材了，说的清清楚楚明明白白，为什么，还要来装理中客，各打五十大板？\n真的受够了，刚冒着大寒风从医院回来，就看到这个评论，只让我觉得我封笔是无比正确的决定。\n№0 ☆☆☆。|b22fa0df于2021-12-24 22:10:45留言☆☆☆\nfpb","commentTime":"2021-12-24 22:11:03","commentOwner":"。"},{"comment":"我脾气不好，我认了，可我不接受别人对我的污蔑，这有错？","commentTime":"2021-12-24 22:12:02","commentOwner":"。"},{"comment":"你感谢排雷到底是觉得对方说得对，还是排我脾气不好玻璃心？","commentTime":"2021-12-24 22:13:15","commentOwner":"。"},{"comment":"后者我认了，前者，我文案写的那么明明白白了，还这样发评论，是为了气死我？","commentTime":"2021-12-24 22:13:47","commentOwner":"。"},{"comment":"虽然是树洞还是忍不住想安慰你一下。\n我昨天扫文，看到一个评论是这样的\n首楼：好多雷点啊，作者想怎么写怎么写。\n一楼：谢排雷\n二楼：谢排雷\n三楼：谢排雷\n四楼：能说下雷点是什么吗？\n。。\n所以说啊，假装看不见这类读者就行了，千万别试图跟他们讲理","commentTime":"2021-12-24 22:24:10","commentOwner":"。"},{"comment":"直接关评论","commentTime":"2021-12-24 22:26:28","commentOwner":"= ="},{"comment":"虽然是树洞还是忍不住想安慰你一下。\n我昨天扫文，看到一个评论是这样的\n首楼：好多雷点啊，作者想怎么写怎么写。\n一楼：谢排雷\n二楼：谢排雷\n三楼：谢排雷\n四楼：能说下雷点是什么吗？\n。。\n所以说啊，假装看不见这类读者就行了，千万别试图跟他们讲理\n№5 ☆☆☆。|db2c70e8于2021-12-24 22:24:10留言☆☆☆\n你说得对，有时候真的不能理解，到底是我说的话那么难懂，还是她真心实意那么认为？","commentTime":"2021-12-24 23:57:24","commentOwner":"。"},{"comment":"直接关评论\n№6 ☆☆☆= =|ae1c6f21于2021-12-24 22:26:28留言☆☆☆\n号已经不用了，就是看到了这个评论，然后抬头看了眼我的文案，冒出了满脑袋问号。\n不知道她是真看不懂，还是反装忠故意气我。","commentTime":"2021-12-24 23:58:35","commentOwner":"。"}]}