{"id":"a6fe4e95-24f3-461a-adce-7394eca73f07","category":"晋江论坛→网友交流区→碧水江汀 请稍候...","postSubject":"主题：pbc树洞，给大家看个“笑话”，有个咕文案排雷，被读者问是不是挑衅 [3] 【搜索关键词：排雷】","postUrl":"https://bbs.jjwxc.net/showmsg.php?board=17&keyword=%C5%C5%C0%D7&id=1775251","originalPost":"hhh","numberOfReplies":3,"comments":[{"comment":"来呀","commentTime":"2022-02-23 21:29:06","commentOwner":"= ="},{"comment":"来吧","commentTime":"2022-02-23 21:29:41","commentOwner":"sjhbnn"},{"comment":"啊，bt已经说了，就是有个咕自己在文案排了雷\n有读者问她这么排雷是不是在挑衅","commentTime":"2022-02-23 21:30:25","commentOwner":"。"}]}