{"id":"b25dbed8-bb3f-46ec-96fc-bb59cf5e46f2","category":"晋江论坛→网友交流区→碧水江汀 欢迎回来：53088456  退 出","postSubject":"主题：出现了 虚假排雷 被误解真就是表达者的宿命 [12] 【搜索关键词：排雷】","postUrl":"https://bbs.jjwxc.net/showmsg.php?board=17&keyword=%C5%C5%C0%D7&id=1868687","originalPost":"说男二对女主情根深种，无脑喜欢她，excuse？你从哪里看出来的？","numberOfReplies":12,"comments":[{"comment":"他利用女主蹭热度，和男主抢女主只是因为他虚荣心作祟，你说他情根深种？不要侮辱这个词好吗","commentTime":"2022-04-26 18:16:19","commentOwner":"。"},{"comment":"本纯爱战士真的会吐","commentTime":"2022-04-26 18:16:36","commentOwner":"。"},{"comment":"艹这个读者真的好像那种 围观一个女生被不喜欢的男生当众表白的群众，然后大声起哄说那男的对女生是真爱","commentTime":"2022-04-26 18:18:20","commentOwner":"。"},{"comment":"草草草开始头晕好恶心","commentTime":"2022-04-26 18:19:11","commentOwner":"。"},{"comment":"我女儿和儿子天生一对，轮得着你这个丑妖怪反对？","commentTime":"2022-04-26 18:20:09","commentOwner":"。"},{"comment":"什么东西啊为什么会有这么恶心的人啊","commentTime":"2022-04-26 18:20:25","commentOwner":"。"},{"comment":"没事干找个班上吧 饿了不要来看小说 吃你老板画的大饼吧","commentTime":"2022-04-26 18:20:54","commentOwner":"。"},{"comment":"救命啊这都是什么东西啊什么妖魔鬼怪啊这人豆瓣来的吧不允许有恶毒女配 那文里面的恶毒男配你看不见吗 你选择性眼瞎吗","commentTime":"2022-04-26 18:22:29","commentOwner":"。"},{"comment":"救命啊什么傻叉啊这啊这 说不出话了 我不写男女主恋爱难道按照你的意思写男二和女主恋爱吗 会吐啊","commentTime":"2022-04-26 18:23:54","commentOwner":"。"},{"comment":"祝你被绿好吧 绿到青青草原都装不下的那种绿 恶心死了恶心死了恶心死了 纯爱人被狠狠伤到了","commentTime":"2022-04-26 18:24:48","commentOwner":"。"},{"comment":"草摸摸咕咕，别管她","commentTime":"2022-04-26 18:27:59","commentOwner":"。"},{"comment":"有些人豿眼瞎，","commentTime":"2022-04-26 18:29:57","commentOwner":"。"}]}