{"id":"27809af4-94ac-4ed3-8a43-aa2354011130","category":"晋江论坛→网友交流区→碧水江汀 请稍候...","postSubject":"主题：人外需要排雷吗？ [12] 【搜索关键词：排雷】","postUrl":"https://bbs.jjwxc.net/showmsg.php?board=17&keyword=%C5%C5%C0%D7&id=1737704","originalPost":"如题，但涉及人外的情节十分轻微，就偶尔有点侧面描写\n需要放文案排雷吗？","numberOfReplies":12,"comments":[{"comment":"人外是啥","commentTime":"2022-01-27 16:50:36","commentOwner":"。。。"},{"comment":"人外是啥\n№1 ☆☆☆。。。|1cb5c2ee于2022-01-27 16:50:36留言☆☆☆\n非人类","commentTime":"2022-01-27 16:51:05","commentOwner":"。"},{"comment":"啥是人外","commentTime":"2022-01-27 16:51:13","commentOwner":"YDD"},{"comment":"我觉得这是萌点","commentTime":"2022-01-27 16:51:16","commentOwner":"。"},{"comment":"需要吧 感觉有人接受不了 其实排雷那一排我也当萌点看","commentTime":"2022-01-27 16:51:30","commentOwner":"。。。"},{"comment":"不需要吧，但是写出来应该会吸引想看的读者","commentTime":"2022-01-27 16:51:47","commentOwner":"= ="},{"comment":"感恩，那我加上","commentTime":"2022-01-27 16:52:45","commentOwner":"——"},{"comment":"人外诶","commentTime":"2022-01-27 16:57:33","commentOwner":"。"},{"comment":"加","commentTime":"2022-01-27 17:08:03","commentOwner":"。"},{"comment":"要加","commentTime":"2022-01-27 17:09:45","commentOwner":"= ="},{"comment":"这个也要加吗，看文案不就看出来了@.@","commentTime":"2022-01-27 17:14:37","commentOwner":"。。"},{"comment":"人外我爱死！！！！","commentTime":"2022-01-27 17:15:06","commentOwner":"没有食欲咕"}]}