{"id":"a5903ffd-16e9-4ad3-b42f-54264768b069","category":"晋江论坛→网友交流区→碧水江汀 欢迎回来：53088456  退 出","postSubject":"主题：咕咕们，写自攻自受会被排雷吗？ [12] 【搜索关键词：排雷】","postUrl":"https://bbs.jjwxc.net/showmsg.php?board=17&keyword=%C5%C5%C0%D7&id=1931247","originalPost":"好想开一本受回到过去救赎自己的文！\n只有自己最了解自己，也只有自己最心疼自己。","numberOfReplies":12,"comments":[{"comment":"Dd","commentTime":"2022-06-05 19:34:03","commentOwner":"。"},{"comment":"你在文案写自攻自受不就好了","commentTime":"2022-06-05 19:35:00","commentOwner":"。"},{"comment":"可以自己在文案说自攻自受呀","commentTime":"2022-06-05 19:35:10","commentOwner":"= ="},{"comment":"有人就好这一口","commentTime":"2022-06-05 19:35:25","commentOwner":"= ="},{"comment":"先下手为强","commentTime":"2022-06-05 19:35:30","commentOwner":"。"},{"comment":"有人就好这一口\n№4 ☆☆☆=  =|be94b63b于2022-06-05 19:35:25留言☆☆☆\n喜欢自攻自受这个题材","commentTime":"2022-06-05 19:35:48","commentOwner":"= ="},{"comment":"不会啊。文案标明就行。有一阵子我记得很流行这个题材","commentTime":"2022-06-05 19:36:11","commentOwner":"。"},{"comment":"是水仙吗？\n是的话有人吃这个梗的。","commentTime":"2022-06-05 19:38:20","commentOwner":"。"},{"comment":"我可能主楼没表达清楚，文案肯定会标自攻自受。以后我写其他文，会因为写过自攻自受被排雷吗？\n这个圈大众雷吗？","commentTime":"2022-06-05 19:38:46","commentOwner":"。"},{"comment":"是水仙吗？\n是的话有人吃这个梗的。\n№8 ☆☆☆。|5272968c于2022-06-05 19:38:20留言☆☆☆\n啊我好清秀（揽镜自赏.jpg）\n我也喜欢这种剧情的！","commentTime":"2022-06-05 19:39:26","commentOwner":"。"},{"comment":"会，比如我就雷，你要排雷，不然点进去看半天发现自攻自受，会拉黑一条街。","commentTime":"2022-06-05 19:39:40","commentOwner":""},{"comment":"不是大众雷吧，文案排好不喂shi就行","commentTime":"2022-06-05 19:46:30","commentOwner":"。"}]}