{"id":"bf11b353-855b-44e5-a3f6-67d6488ca414","category":"晋江论坛→网友交流区→碧水江汀 请稍候...","postSubject":"主题：【树洞emo】认认真真完结了一本，自以为写的很有进步，但是被各种排雷，人设崩，剧情没逻辑，文笔差，不会讲故事。。。为什么会这样啊 [9] 【搜索关键词：排雷】","postUrl":"https://bbs.jjwxc.net/showmsg.php?board=17&keyword=%C5%C5%C0%D7&id=1794709","originalPost":"好了，肯定是因为我就是写的腊鸡。","numberOfReplies":9,"comments":[{"comment":"会有进步，绝对有","commentTime":"2022-03-10 08:12:55","commentOwner":"= ="},{"comment":"因为有人看才被排雷的","commentTime":"2022-03-10 08:14:23","commentOwner":"= ="},{"comment":"因为有人看才被排雷的\n№2 ☆☆☆= =|06524e4a于2022-03-10 08:14:23留言☆☆☆\n无人问津选手含泪怒排","commentTime":"2022-03-10 08:15:42","commentOwner":"。"},{"comment":"持续了一段时间，特别怀疑自己，下一本也不敢下笔了呜呜呜呜呜，不会讲故事这个点真的好伤我，我都不懂为什么会这样，因为我文笔差描述很差劲吗","commentTime":"2022-03-10 08:16:57","commentOwner":"。"},{"comment":"因为有人看才被排雷的\n№2 ☆☆☆= =|06524e4a于2022-03-10 08:14:23留言☆☆☆\n无人看选手怒排","commentTime":"2022-03-10 08:17:09","commentOwner":"。"},{"comment":"写了五年的我，没被人排雷过，因为我足够扑和糊……最高那本也就四千收，唉","commentTime":"2022-03-10 08:17:25","commentOwner":"。。。"},{"comment":"被骂就火了，我赚得最多那本骂的最多","commentTime":"2022-03-10 08:22:47","commentOwner":"=="},{"comment":"我也被骂，绝了","commentTime":"2022-03-10 08:23:49","commentOwner":"。。"},{"comment":"谢谢楼上咕咕安慰 捂脸哭","commentTime":"2022-03-10 08:31:36","commentOwner":"。"}]}