{"id":"30ad888d-2743-42a6-9388-b32afa0cbc27","category":"晋江论坛→网友交流区→碧水江汀 欢迎回来：53088456  退 出","postSubject":"主题：女扮男装科举文，是不是很凉，会被排雷吗 [12] 【搜索关键词：排雷】","postUrl":"https://bbs.jjwxc.net/showmsg.php?board=17&keyword=%C5%C5%C0%D7&id=1951128","originalPost":"因为看科举文都是男主，我挺想写无cp女扮男装科举文，架空。","numberOfReplies":12,"comments":[{"comment":"d","commentTime":"2022-06-18 22:13:03","commentOwner":"。"},{"comment":"我喜欢","commentTime":"2022-06-18 22:13:20","commentOwner":"。"},{"comment":"不是后期被大家发现后进宫当皇帝妃子的剧情，我就喜欢","commentTime":"2022-06-18 22:13:58","commentOwner":"。"},{"comment":"见过太太写，收藏不低，但那是言情，不说女扮男装科举文，女主无cp就很冷","commentTime":"2022-06-18 22:14:24","commentOwner":"= ="},{"comment":"我喜欢\n№2 ☆☆☆。|56d3dde6于2022-06-18 22:13:20留言☆☆☆\n刚看到无cp。我觉得女扮男装的一大看点就是掉马的刺激感。","commentTime":"2022-06-18 22:15:23","commentOwner":"。"},{"comment":"可以呀，但不要努力了半天最后一嫁人又全部放弃重头开始，我会炸裂","commentTime":"2022-06-18 22:15:58","commentOwner":"= ="},{"comment":"同上。。无cp的女主文确实有点。。我自己就是，我已经在想要不要转到古言去了，我完完全全可以弄一个工具人男主出来。。","commentTime":"2022-06-18 22:16:26","commentOwner":"绾绾青丝"},{"comment":"看过一本前期写得很好的，最后女主嫁人了我就很难受","commentTime":"2022-06-18 22:16:36","commentOwner":"。"},{"comment":"哭哭，无cp真的很凉啊，可是我真的很喜欢专心搞事业","commentTime":"2022-06-18 22:36:05","commentOwner":"。"},{"comment":"emmmmmmmm,自割腿肉不在乎数据不要紧，\n不然这个能被考究党冲很久....\n记得看过是哪个帖子说过就是被冲了很久直接改成了男主视角","commentTime":"2022-06-18 22:51:59","commentOwner":"。。"},{"comment":"我爱看我爱看，就爱搞事业的文","commentTime":"2022-06-18 22:53:39","commentOwner":"。"},{"comment":"emmmmmmmm,自割腿肉不在乎数据不要紧，\n不然这个能被考究党冲很久....\n记得看过是哪个帖子说过就是被冲了很久直接改成了男主视角\n№10 ☆☆☆。。|aa4ed8e8于2022-06-18 22:51:59留言☆☆☆\n可怕，就是男主文太多了，我才想写女主文","commentTime":"2022-06-18 23:12:20","commentOwner":"。"}]}