{"id":"e8d5cdad-7e25-451a-bbe9-e769db08b78f","category":"晋江论坛→网友交流区→碧水江汀 请稍候...","postSubject":"主题：pbc两天没看评论区，收益接连砍半，发现是被盗文狗第一章负分排雷 [3] 【搜索关键词：排雷】","postUrl":"https://bbs.jjwxc.net/showmsg.php?board=17&keyword=%C5%C5%C0%D7&id=1745795","originalPost":"盗文狗满嘴喷脏，问候角色和我全家，连发三条负分，盖了个高楼\n跟楼：感谢排雷\n问题的她说的那些根本不是我这本啊啊啊啊啊啊\n真的是无妄之灾，我的小钱钱啊啊啊啊","numberOfReplies":3,"comments":[{"comment":"盗文狗满嘴喷脏，问候角色和我全家，连发三条负分，盖了个高楼\n跟楼：感谢排雷\n问题的她说的那些根本不是我这本啊啊啊啊啊啊\n真的是无妄之灾，我的小钱钱啊啊啊啊\n№0 ☆☆☆= =|948e8f81于2022-02-02 23:28:01留言☆☆☆\nfpb\n200+本记录订阅率不足10%，点来专栏全是挑刺，救命 这么闲要不要找个厂子上班","commentTime":"2022-02-02 23:29:27","commentOwner":"= ="},{"comment":"。。。拳头yin了","commentTime":"2022-02-02 23:32:16","commentOwner":"= ="},{"comment":"又抽我楼！有空抽我楼怎么没空自动屏蔽dwg违规排雷评论\n毕竟我只是概括了一下她说了什么呢","commentTime":"2022-02-02 23:33:27","commentOwner":"= ="}]}