{"id":"61cd61aa-14d7-4274-9737-76d9f0c22334","category":"晋江论坛→网友交流区→碧水江汀 请稍候...","postSubject":"主题：咱就是说如果刷到说写的不好的排雷评论 [6] 【搜索关键词：排雷】","postUrl":"https://bbs.jjwxc.net/showmsg.php?board=17&keyword=%C5%C5%C0%D7&id=1831130","originalPost":"是不是不用放在心上","numberOfReplies":6,"comments":[{"comment":"是的","commentTime":"2022-04-03 16:32:52","commentOwner":"。"},{"comment":"我觉得是","commentTime":"2022-04-03 16:32:55","commentOwner":"暗夜鲨鼠"},{"comment":"毁誉参半那种\n说好的夸夸把你捧天上\n说不好的把你贬到地上","commentTime":"2022-04-03 16:33:07","commentOwner":"。"},{"comment":"既然这本能签出版了说明肯定有可取之处的对吧！！","commentTime":"2022-04-03 16:34:19","commentOwner":"。"},{"comment":"虽然觉得应该不在意但刷到还是咯噔一下","commentTime":"2022-04-03 16:34:36","commentOwner":"。"},{"comment":"是的\n№1 ☆☆☆。|4e0427d5于2022-04-03 16:32:52留言☆☆☆\n好的！！","commentTime":"2022-04-03 16:35:52","commentOwner":"。"}]}