{"id":"eb6406b0-cc80-4f8a-b942-d8fc75b5640d","category":"晋江论坛→网友交流区→碧水江汀 请稍候...","postSubject":"主题：那种跟朋友掰了之后到处跟朋友排雷，还顺着对方微博互关挨个私信不让人跟对方玩的行为 [2] 【搜索关键词：排雷】","postUrl":"https://bbs.jjwxc.net/showmsg.php?board=17&keyword=%C5%C5%C0%D7&id=1748492","originalPost":"真的好小学鸡噢","numberOfReplies":2,"comments":[{"comment":"好闲！","commentTime":"2022-02-05 11:24:00","commentOwner":"。"},{"comment":"我只排雷hyb的，其他不排雷。","commentTime":"2022-02-05 11:25:01","commentOwner":"。"}]}