{"id":"f0696d36-4c41-4f2b-a093-8aaf7acce561","category":"晋江论坛→网友交流区→碧水江汀 请稍候...","postSubject":"主题：无语，作者们要的是能管控评论区的功能，有乱排雷，红眼病的评论能删掉，而不是让我们放弃积分，放弃获取正常读者评论的机会！ [60] 【搜索关键词：排雷】","postUrl":"https://bbs.jjwxc.net/showmsg.php?board=17&keyword=%C5%C5%C0%D7&id=1684845","originalPost":"这就是懒政！不把作者当回事！！","numberOfReplies":60,"comments":[{"comment":"这就是懒政！不把作者当回事！！\n№0 ☆☆☆。。|54a28628于2021-12-20 17:32:41留言☆☆☆\n！","commentTime":"2021-12-20 17:32:58","commentOwner":"。。"},{"comment":"xs，还管理评论区，怎么，花钱连评价都不能评价？想的真美呢","commentTime":"2021-12-20 17:33:17","commentOwner":"= ="},{"comment":"？要是把管理评论区功能放开瓜人照样可以删得很开心吧，有区别吗","commentTime":"2021-12-20 17:33:40","commentOwner":"。"},{"comment":"xs，还管理评论区，怎么，花钱连评价都不能评价？想的真美呢\n№2 ☆☆☆= =|98ad026b于2021-12-20 17:33:17留言☆☆☆\n笑死，你不是正常读者？","commentTime":"2021-12-20 17:33:43","commentOwner":"。。"},{"comment":"？要是把管理评论区功能放开瓜人照样可以删得很开心吧，有区别吗\n№3 ☆☆☆。|fbfd6c06于2021-12-20 17:33:40留言☆☆☆\n。","commentTime":"2021-12-20 17:34:10","commentOwner":"= ="},{"comment":"xs，还管理评论区，怎么，花钱连评价都不能评价？想的真美呢\n№2☆☆☆= =|98ad026b于2021-12-20 17:33:17留言☆☆☆\n标题不说乱排雷红眼病吗？跟普通读者有什么关系？","commentTime":"2021-12-20 17:34:36","commentOwner":"。"},{"comment":"同意！！！","commentTime":"2021-12-20 17:34:39","commentOwner":"嗯"},{"comment":"反装忠也不装的像一点","commentTime":"2021-12-20 17:34:51","commentOwner":"苏柠檬"},{"comment":"统一！","commentTime":"2021-12-20 17:35:15","commentOwner":"。"},{"comment":"既然排雷可以投诉删除，为什么不能让作者直接管理？我想不通。","commentTime":"2021-12-20 17:35:23","commentOwner":"。"},{"comment":"历史引用 展开全部▼\n标题不说乱排雷红眼病吗？跟普通读者有什么关系？\n№6 ☆☆☆。|9e12d774于2021-12-20 17:34:36留言☆☆☆\n关键是有瓜作者看评论区，看什么都是排雷，红眼病。\n要是能自己掌控评论区，那空瓶就更容易了。可千万别。","commentTime":"2021-12-20 17:35:43","commentOwner":"。"},{"comment":"既然排雷可以投诉删除，为什么不能让作者直接管理？我想不通。\n№10 ☆☆☆。|c□□2749于2021-12-20 17:35:23留言☆☆☆\n。","commentTime":"2021-12-20 17:35:59","commentOwner":"。"},{"comment":"谁区分是不是乱排雷？黑历史作者看谁都是乱排雷","commentTime":"2021-12-20 17:36:55","commentOwner":"= ="},{"comment":"谁区分是不是乱排雷？黑历史作者看谁都是乱排雷\n№13 ☆☆☆= =|bdeb7db6于2021-12-20 17:36:55留言☆☆☆\n。","commentTime":"2021-12-20 17:37:17","commentOwner":"= ="},{"comment":"谁区分是不是乱排雷？黑历史作者看谁都是乱排雷\n№13 ☆☆☆= =|bdeb7db6于2021-12-20 17:36:55留言☆☆☆\n。","commentTime":"2021-12-20 17:37:36","commentOwner":"。"},{"comment":"你这属于想得美 当然对作者来说都是好的，但是对那些有瓜的作者来说，更是大大的好","commentTime":"2021-12-20 17:38:03","commentOwner":"。"},{"comment":"此贴在网友评审中被判定为不通过，专审人员正在进行复审，暂时屏蔽，请稍候！\n№0 ☆☆☆。。|54a28628于2021-12-20 17:32:41留言☆☆☆\n所以现在有瓜的直接关评论区了，现在这种情况对作者来说更好是吗？一刀切关闭评论区比管控评论区更好是吗？","commentTime":"2021-12-20 17:38:15","commentOwner":"。。"},{"comment":"作者管理评论区权限放开跟现在不让评论有什么区别，不都是捂嘴吗？区别在于一个对作者没影响一个让你放弃积分？排除深受乱排雷和hyb刷负其害的作者，又想控评又不想对文有影响，天底下没有这么好的事","commentTime":"2021-12-20 17:38:19","commentOwner":"。"},{"comment":"那么红眼病评论和正常读者评论由谁来区分呢？作者吗？","commentTime":"2021-12-20 17:38:57","commentOwner":"=="},{"comment":"你这更是做梦，作者想删评就删评，tb评论区都不带这么美的","commentTime":"2021-12-20 17:39:14","commentOwner":"= ="},{"comment":"作者本身都有亲妈眼，你个提反对意见的读者能给你啥好眼色？想捂嘴就想捂嘴，找那么多理由干吗？","commentTime":"2021-12-20 17:39:42","commentOwner":"。"},{"comment":"我觉得你这样只想要好处不太好","commentTime":"2021-12-20 17:40:57","commentOwner":"=="},{"comment":"哈哈哈哈哈","commentTime":"2021-12-20 17:41:37","commentOwner":"。"},{"comment":"关评论区的默认有瓜不就行了，这功能对正常作者没啥用吧。","commentTime":"2021-12-20 17:47:43","commentOwner":"小号。"},{"comment":"作者本身都有亲妈眼，你个提反对意见的读者能给你啥好眼色？想捂嘴就想捂嘴，找那么多理由干吗？\n№21 ☆☆☆。|c9dcb869于2021-12-20 17:39:42留言☆☆☆\n。","commentTime":"2021-12-20 17:48:17","commentOwner":"=="},{"comment":"你这更是做梦，作者想删评就删评，tb评论区都不带这么美的\n№20 ☆☆☆= =|a540b88f于2021-12-20 17:39:14留言☆☆☆\nqd就可以，笑了怎么就美了？晋江是对你们太好了","commentTime":"2021-12-20 17:49:04","commentOwner":"。"},{"comment":"历史引用 展开全部▼\nqd就可以，笑了怎么就美了？晋江是对你们太好了\n№26 ☆☆☆。|74419b5c于2021-12-20 17:49:04留言☆☆☆\n可以去外站写呀，外站欢迎你","commentTime":"2021-12-20 17:49:38","commentOwner":"= ="},{"comment":"历史引用 展开全部▼\nqd就可以，笑了怎么就美了？晋江是对你们太好了\n№26 ☆☆☆。|74419b5c于2021-12-20 17:49:04留言☆☆☆\n。","commentTime":"2021-12-20 17:49:40","commentOwner":"。。"},{"comment":"你这更是做梦，作者想删评就删评，tb评论区都不带这么美的\n№20 ☆☆☆= =|a540b88f于2021-12-20 17:39:14留言☆☆☆\ntb评论区不是买了才能评论吗","commentTime":"2021-12-20 17:50:23","commentOwner":"。"},{"comment":"历史引用 展开全部▼\nqd就可以，笑了怎么就美了？晋江是对你们太好了\n№26 ☆☆☆。|74419b5c??于2021-12-20 17:49:04留言☆☆☆\n欢迎去qd","commentTime":"2021-12-20 17:50:53","commentOwner":"= ="},{"comment":"历史引用 展开全部▼\n可以去外站写呀，外站欢迎你\n№27 ☆☆☆= =|bdeb7db6于2021-12-20 17:49:38留言☆☆☆\n等我们拥有了后你们也可以去外站看，我们就要评论区管理权，笑","commentTime":"2021-12-20 17:51:02","commentOwner":"。"},{"comment":"历史引用 展开全部▼\ntb评论区不是买了才能评论吗\n№29 ☆☆☆。|c□□2749于2021-12-20 17:50:23留言☆☆☆\n。","commentTime":"2021-12-20 17:51:19","commentOwner":"。"},{"comment":"那么谁来定义哪些是真实排雷哪些是乱排雷呢","commentTime":"2021-12-20 17:51:29","commentOwner":"=="},{"comment":"历史引用 展开全部▼\n等我们拥有了后你们也可以去外站看，我们就要评论区管理权，笑\n№31 ☆☆☆。|74419b5c于2021-12-20 17:51:02留言☆☆☆\n排","commentTime":"2021-12-20 17:51:31","commentOwner":"。。"},{"comment":"历史引用 展开全部▼\ntb评论区不是买了才能评论吗\n№29 ☆☆☆。|c□□2749于2021-12-20 17:50:23留言☆☆☆\n别把免费章管理评论权限和全部章节评论管理权限混为一谈哈，这楼里可没说只要免费章的","commentTime":"2021-12-20 17:51:36","commentOwner":"= ="},{"comment":"历史引用 展开全部▼\n等我们拥有了后你们也可以去外站看，我们就要评论区管理权，笑\n№31 ☆☆☆。|74419b5c??于2021-12-20 17:51:02留言☆☆☆\n哦，那我觉得还是你从现在去qd奋斗要来的更实际","commentTime":"2021-12-20 17:51:40","commentOwner":"= ="},{"comment":"历史引用 展开全部▼\n等我们拥有了后你们也可以去外站看，我们就要评论区管理权，笑\n№31 ☆☆☆。|74419b5c于2021-12-20 17:51:02留言☆☆☆\n但是现在没有，所以你可以丨了","commentTime":"2021-12-20 17:52:01","commentOwner":"= ="},{"comment":"历史引用 展开全部▼\n。\n№32 ☆☆☆。|74419b5c??于2021-12-20 17:51:19留言☆☆☆\n这楼主说了只要免费章节的了吗","commentTime":"2021-12-20 17:52:02","commentOwner":"= ="},{"comment":"历史引用 展开全部▼\n别把免费章管理评论权限和全部章节评论管理权限混为一谈哈，这楼里可没说只要免费章的\n№35 ☆☆☆= =|bdeb7db6于2021-12-20 17:51:36留言☆☆☆\n那没事了，继续","commentTime":"2021-12-20 17:52:09","commentOwner":"。"},{"comment":"历史引用 展开全部▼\n这楼主说了只要免费章节的了吗\n№38 ☆☆☆= =|a540b88f于2021-12-20 17:52:02留言☆☆☆\n那我补充一下，就要免费章的管控权限，免费请你试吃，还tm口出恶言的滚","commentTime":"2021-12-20 18:01:12","commentOwner":"。。"},{"comment":"作者本身都有亲妈眼，你个提反对意见的读者能给你啥好眼色？想捂嘴就想捂嘴，找那么多理由干吗？\n№21 ☆☆☆。|c9dcb869♥♥♥于2021-12-20 17:39:42留言☆☆☆\n然而正常喜欢看热闹的读者并不喜欢评论区乌烟瘴气全是小作文。下头。","commentTime":"2021-12-20 18:05:03","commentOwner":"无语"},{"comment":"说得太对了，一把子支持","commentTime":"2021-12-20 18:05:41","commentOwner":"……"},{"comment":"历史引用 展开全部▼\n那没事了，继续\n№39 ☆☆☆。|c□□2749于2021-12-20 17:52:09留言☆☆☆\n补充，就要免费章管控权限，免费试吃还口出恶言的滚，看了盗文跑来免费章舞的滚！","commentTime":"2021-12-20 18:05:42","commentOwner":"。。吞我楼！"},{"comment":"dd","commentTime":"2021-12-20 18:06:06","commentOwner":"啃啃肉骨头"},{"comment":"历史引用 展开全部▼\nqd就可以，笑了怎么就美了？晋江是对你们太好了\n№26 ☆☆☆。|74419b5c于2021-12-20 17:49:04留言☆☆☆\n你去qd呀，看那边骂起来狠不狠","commentTime":"2021-12-20 18:06:12","commentOwner":"。"},{"comment":"历史引用 展开全部▼\n你去qd呀，看那边骂起来狠不狠\n№45 ☆☆☆。|dee9d16c于2021-12-20 18:06:12留言☆☆☆\n我们就在晋江，你管的着吗？跟你要权限了？","commentTime":"2021-12-20 18:06:49","commentOwner":"。。"},{"comment":"所以……可不可以把v前和v后的管理评论权限分开？","commentTime":"2021-12-20 18:08:26","commentOwner":"。"},{"comment":"所以……可不可以把v前和v后的管理评论权限分开？\n№47 ☆☆☆。|24965764于2021-12-20 18:08:26留言☆☆☆\n我对！！！红大衣看看我！！","commentTime":"2021-12-20 18:08:44","commentOwner":"。"},{"comment":"所以……可不可以把v前和v后的管理评论权限分开？\n№47 ☆☆☆。|24965764于2021-12-20 18:08:26留言☆☆☆\n很难不支持","commentTime":"2021-12-20 18:09:19","commentOwner":"。"},{"comment":"所以……可不可以把v前和v后的管理评论权限分开？\n№47 ☆☆☆。|24965764于2021-12-20 18:08:26留言☆☆☆\n支持，这样就可以删掉那些只看了免费章还舞的欢的杠精以及看了盗文还有脸跑回来留评的人了","commentTime":"2021-12-20 18:11:36","commentOwner":"。。"},{"comment":"历史引用 展开全部▼\n我们就在晋江，你管的着吗？跟你要权限了？\n№46 ☆☆☆。。|54a28628于2021-12-20 18:06:49留言☆☆☆\n我是管不着，这不是上面对标qd就可以吗？？觉得qd能删评去啊？但凡看看就知道几个网站评论区氛围相对最好的是jj吧？真希望所有觉得qd能删评就意味着不会被骂的人麻利去那边看看","commentTime":"2021-12-20 18:11:56","commentOwner":"。"},{"comment":"历史引用 展开全部▼\n我是管不着，这不是上面对标qd就可以吗？？觉得qd能删评去啊？但凡看看就知道几个网站评论区氛围相对最好的是jj吧？真希望所有觉得qd能删评就意味着不会被骂的人麻利去那边看看\n№51 ☆☆☆。|dee9d16c于2021-12-20 18:11:56留言☆☆☆\ngnps","commentTime":"2021-12-20 18:12:19","commentOwner":"。。"},{"comment":"历史引用 展开全部▼\n支持，这样就可以删掉那些只看了免费章还舞的欢的杠精以及看了盗文还有脸跑回来留评的人了\n№50 ☆☆☆。。|54a28628于2021-12-20 18:11:36留言☆☆☆\n。","commentTime":"2021-12-20 18:12:54","commentOwner":"。。"},{"comment":"既然排雷可以投诉删除，为什么不能让作者直接管理？我想不通。\n№10 ☆☆☆。|c□□2749于2021-12-20 17:35:23留言☆☆☆\n关键是投诉举报晋江百分之八十都没有受理！","commentTime":"2021-12-20 18:14:15","commentOwner":"。"},{"comment":"历史引用 展开全部▼\n关键是投诉举报晋江百分之八十都没有受理！\n№54 ☆☆☆。|a475c6fd于2021-12-20 18:14:15留言☆☆☆\n。","commentTime":"2021-12-20 18:14:45","commentOwner":"。。"},{"comment":"免费章看完还要回来骂一句，确实离谱，而且盗文和修正版正文有出入，莫名被骂还被打负分就挺呕血","commentTime":"2021-12-20 18:15:33","commentOwner":"。"},{"comment":"免费章看完还要回来骂一句，确实离谱，而且盗文和修正版正文有出入，莫名被骂还被打负分就挺呕血\n№56 ☆☆☆。|c□□2749于2021-12-20 18:15:33留言☆☆☆\n。","commentTime":"2021-12-20 18:16:55","commentOwner":"。。"},{"comment":"看了一圈看服了，关评论区你想关就关不想关就不关啊！怎么搞的好像谁逼迫一定要关一样，只是有这个功能，至于有瓜的，bs还不够你们发挥吗？","commentTime":"2021-12-20 18:21:07","commentOwner":"。"},{"comment":"历史引用 展开全部▼\n。\n№15 ☆☆☆。|dee9d16c于2021-12-20 17:37:36留言☆☆☆\n。","commentTime":"2021-12-20 18:21:28","commentOwner":"。"},{"comment":"免费章看完还要回来骂一句，确实离谱，而且盗文和修正版正文有出入，莫名被骂还被打负分就挺呕血\n№56 ☆☆☆。|c□□2749于2021-12-20 18:15:33留言☆☆☆\n。","commentTime":"2021-12-20 18:22:04","commentOwner":"。。"}]}