{"id":"d8941397-23e9-4a39-b9f7-57c36163c493","category":"晋江论坛→网友交流区→碧水江汀 请稍候...","postSubject":"主题：看到读者排雷我：没有因为读者的呼吁改男主，太固执 [5] 【搜索关键词：排雷】","postUrl":"https://bbs.jjwxc.net/showmsg.php?board=17&keyword=%C5%C5%C0%D7&id=1824767","originalPost":"猫猫满头问号\npps是男主背景板的大女主文，他们非要男二上位，我没搭理（）\n因为男二比起男主不过是颜色不一样的背景板罢了","numberOfReplies":5,"comments":[{"comment":"原来大女主文被要求换男主是正常的对吧？","commentTime":"2022-03-30 19:32:26","commentOwner":"= ="},{"comment":"原来大女主文被要求换男主是正常的对吧？\n№1 ☆☆☆= =|c07a1b71于2022-03-30 19:32:26留言☆☆☆\n大女主文在下面被喊无cp也是正常的……正常的ky，所以可以骂回去","commentTime":"2022-03-30 19:47:23","commentOwner":"。"},{"comment":"猫猫满头问号\npps是男主背景板的大女主文，他们非要男二上位，我没搭理（）\n因为男二比起男主不过是颜色不一样的背景板罢了\n№0 ☆☆☆。|6a91ebaa于2022-03-30 19:25:26留言☆☆☆\n哈哈哈哈哈哈哈哈哈哈哈哈哈哈哈","commentTime":"2022-03-30 19:47:53","commentOwner":"=="},{"comment":"别理他\n换了也会被排雷：作者居然因为评论区就换男主，没有主见","commentTime":"2022-03-30 19:49:17","commentOwner":"= ="},{"comment":"我的大女主文只有读者问男主是谁","commentTime":"2022-03-30 19:52:08","commentOwner":"。"}]}