{"id":"e53b0d3d-914b-499d-9d48-421e5d765ecd","category":"晋江论坛→网友交流区→碧水江汀 请稍候...","postSubject":"主题：蛇受，蛇攻容易被接受吗？需要排雷吗？有没有写过的咕咕来个前车之鉴 [32] 【搜索关键词：排雷】","postUrl":"https://bbs.jjwxc.net/showmsg.php?board=17&keyword=%C5%C5%C0%D7&id=1778575","originalPost":"rt","numberOfReplies":32,"comments":[{"comment":"我喜欢蛇攻","commentTime":"2022-02-26 13:11:05","commentOwner":"。"},{"comment":"排一下吧，有人怕蛇","commentTime":"2022-02-26 13:11:12","commentOwner":"。"},{"comment":"怕蛇+1，应该也会有读者萌，不过可以在文案排雷","commentTime":"2022-02-26 13:12:01","commentOwner":"。"},{"comment":"蛇啊，我在思考一个严肃的问题…","commentTime":"2022-02-26 13:13:12","commentOwner":"。"},{"comment":"可爱，没关系，写清楚就可以了","commentTime":"2022-02-26 13:13:26","commentOwner":"。。"},{"comment":"蛇啊，想到个瑟瑟的问题…：","commentTime":"2022-02-26 13:14:29","commentOwner":"……"},{"comment":"我喜欢蛇攻。。。就是。。很瑟瑟qvq","commentTime":"2022-02-26 13:17:03","commentOwner":"工地的砖好烫手"},{"comment":"非常可以，尤其蛇攻","commentTime":"2022-02-26 13:17:21","commentOwner":"。"},{"comment":"喜欢嘿嘿嘿","commentTime":"2022-02-26 13:17:39","commentOwner":"。"},{"comment":"我都行啊啊啊啊啊好喜欢好喜欢蛇蛇","commentTime":"2022-02-26 13:17:58","commentOwner":"。"},{"comment":"嘿嘿嘿?有两个嘿嘿嘿","commentTime":"2022-02-26 13:18:27","commentOwner":"今天杀了吗"},{"comment":"我同期就有写蛇的，攻受都可以","commentTime":"2022-02-26 13:18:53","commentOwner":"。"},{"comment":"蛇攻……瑟瑟嘿嘿嘿嘿","commentTime":"2022-02-26 13:21:00","commentOwner":"= ="},{"comment":"好喜欢蛇攻","commentTime":"2022-02-26 13:28:26","commentOwner":"。"},{"comment":"蛇攻蛇受都行\n吃设定\n不过不排除所有人都喜欢","commentTime":"2022-02-26 13:29:35","commentOwner":"=="},{"comment":"怎么瑟瑟？？","commentTime":"2022-02-26 13:29:56","commentOwner":".."},{"comment":"怎么瑟瑟？？\n№16☆☆☆..|533bd63b于2022-02-26 13:29:56留言☆☆☆\n尾巴嘿嘿嘿……瑟瑟～","commentTime":"2022-02-26 13:32:13","commentOwner":"= ="},{"comment":"怎么瑟瑟？？\n№16 ☆☆☆..|533bd63b于2022-02-26 13:29:56留言☆☆☆\n缠缠绵绵翩翩飞~","commentTime":"2022-02-26 13:33:53","commentOwner":"。"},{"comment":"前不久还在夹子看到有写蛇的，大家接受度挺好的，写吧，没事","commentTime":"2022-02-26 13:34:06","commentOwner":"= ="},{"comment":"不会有专门写排雷两个字，文案提一句就好了。","commentTime":"2022-02-26 13:34:07","commentOwner":"小小号"},{"comment":"前两天的夹子就有一本，书名就是有蛇","commentTime":"2022-02-26 13:39:42","commentOwner":"。"},{"comment":"蛇啊……那什么……两个……那什么……","commentTime":"2022-02-26 13:47:10","commentOwner":"咕子精"},{"comment":"两个啊两个，不能浪费啊，所以蛇蛇必须攻，然后……还可以尾巴～","commentTime":"2022-02-26 13:51:39","commentOwner":"。"},{"comment":"被蛇咬过人（没错就是我），瞬间会萎呜呜呜","commentTime":"2022-02-26 13:51:50","commentOwner":"啊啊啊啊救命"},{"comment":"我非常非常非常蛇 但是我特别喜欢蛇攻蛇受！！！因为一般写这个的咕咕 都描写的带感的嘿嘿～","commentTime":"2022-02-26 14:01:03","commentOwner":"。"},{"comment":"我非常非常非常蛇 但是我特别喜欢蛇攻蛇受！！！因为一般写这个的咕咕 都描写的带感的嘿嘿～\n№25☆☆☆。|7cf5d086于2022-02-26 14:01:03留言☆☆☆\n怕蛇","commentTime":"2022-02-26 14:01:22","commentOwner":"。"},{"comment":"蛇蛇奈斯！","commentTime":"2022-02-26 14:09:59","commentOwner":"嗷呜（看到我踹我去码"},{"comment":"蛇攻我直接嘶哈嘶哈！","commentTime":"2022-02-26 14:43:23","commentOwner":"- -"},{"comment":"嘿嘿嘿蛇攻，嘿嘿嘿(?﹃??)，不可以涩涩","commentTime":"2022-02-26 14:47:05","commentOwner":"lmlm"},{"comment":"hso(?ω?)","commentTime":"2022-02-26 16:23:32","commentOwner":"=="},{"comment":"嘿嘿嘿，嘿嘿嘿，嘿嘿嘿","commentTime":"2022-02-26 16:50:53","commentOwner":"。"},{"comment":"我记得初中那会儿，特别特别流行蛇王，后来感觉很少看到了，但是当时真的超级喜欢蛇王这个设定，全班女生都在看哈哈哈","commentTime":"2022-02-26 16:52:40","commentOwner":"=="}]}