{"id":"53afb11f-2e60-410c-a1da-6bd3da55453d","category":"晋江论坛→网友交流区→碧水江汀 欢迎回来：53088456  退 出","postSubject":"主题：求问，耽美里写了言情？需要排雷吗？进来的咕咕头顶金榜 [24] 【搜索关键词：排雷】","postUrl":"https://bbs.jjwxc.net/showmsg.php?board=17&keyword=%C5%C5%C0%D7&id=2006387","originalPost":"耽美里写了言情需要排雷吗！！！看到好多人说言情写耽美雷，我想到自己写的有点慌，我的世界观又不是全员bl，大部分人还是正常性向，只是没有详细恋爱的感情描写。但是写了主角养的母狗和隔壁公狗谈恋爱发狗粮生小狗……","numberOfReplies":24,"comments":[{"comment":"你演的吧？","commentTime":"2022-11-17 11:34:43","commentOwner":"xxxxxxxx□□"},{"comment":"你没事吧","commentTime":"2022-11-17 11:35:05","commentOwner":"来来来哒哒哒"},{"comment":"需要排雷","commentTime":"2022-11-17 11:35:16","commentOwner":"不知道取什么昵"},{"comment":"啊……毕竟这是自然规律，两只公狗也没办法生小狗呢（挠头）","commentTime":"2022-11-17 11:36:04","commentOwner":"放屁小鸭鸭"},{"comment":"首楼屏蔽了看不了，你是指像某太太一样写大女主的耽美吗？还是攻受背景板的言情呀？还是男女主占大篇幅呀？","commentTime":"2022-11-17 11:40:51","commentOwner":"一起摘草莓"},{"comment":"与其讽刺言情需要排bl雷的读者需求，发帖引战，不如怎么琢磨着把文写好，一开始以为什么大的需要咕咕们决策帮忙的点，结果是两个异性小狗生小狗需不需要排雷，还是想问，你没事吧","commentTime":"2022-11-17 11:43:44","commentOwner":"来来来哒哒哒"},{"comment":"天啊，这也要排？疯了吧。","commentTime":"2022-11-17 11:59:04","commentOwner":"我想升二星"},{"comment":"你是不是在言情加bl被读者骂了所以急吼吼来碧水反讽","commentTime":"2022-11-17 12:01:22","commentOwner":"因为我是研究生"},{"comment":"与其讽刺言情需要排bl雷的读者需求，发帖引战，不如怎么琢磨着把文写好，一开始以为什么大的需要咕咕们决策帮忙的点，结果是两个异性小狗生小狗需不需要排雷，还是想问，你没事吧\n№6 ☆☆☆来来来哒哒哒|d6cfc99f于2022-11-17 11:43:44留言☆☆☆\n首楼被pb了，看到你这层，太离谱了，她真这么问吗","commentTime":"2022-11-17 12:07:04","commentOwner":"要给生活比个耶"},{"comment":"离谱","commentTime":"2022-11-17 12:11:04","commentOwner":"想升一星想疯了"},{"comment":"离谱…","commentTime":"2022-11-17 12:12:15","commentOwner":"rrrraaaaaa"},{"comment":"……我问是因为有读者突然很惊讶的问……主角养的狗是母狗？？？他们以为是公狗……可是我一开始就写明了是母狗啊。而且写作方式有些拟人化……我感觉这个才是问题，因为会有心理描写，好多读者以为我写的副cp。不是引战t_t啊，后面还考虑写一个配角追求另一个女生，我怕我又写成副cp，现在考虑要不要砍掉。刚刚突然有点事，后续没说完_(:з」∠)_，回来就被骂了。对不起，对不起。","commentTime":"2022-11-17 12:14:22","commentOwner":"透心凉心飞扬扬扬"},{"comment":"我大概理解lz为啥这么说了。不过没啥关系。问的人不多你随便写就好了。但篇幅不要太大不要占据了主角的剧情","commentTime":"2022-11-17 12:16:08","commentOwner":"mkmkhk"},{"comment":"关于那个男配追女配的，大纲里总的情节不算多，但跨度比较长，就是会时不时冒出来一下他们的感情变化甚至生孩子_(:з」∠)_。我自己不觉得在写副cp，但怕读者觉得是。相信我，我真的是来问问题的，只是被突然叫去洗了个碗t_t。","commentTime":"2022-11-17 12:18:50","commentOwner":"透心凉心飞扬扬扬"},{"comment":"这……被吞了一楼吗。补充说，我写作有点拟人化，所以两个狗看起来比较像人，会有心理描写这种，所以有读者忽然很惊讶说主角养的狗是母狗吗？他以为是公狗。但我一开始就写的母狗，不过我的人物性别感不太强，可能给他们造成了混乱？这个是已经写了的线，我不可能改了，后续也不能不写。但是还有另一个男配的恋爱线在大纲里，我在纠结要不要砍掉。","commentTime":"2022-11-17 12:23:59","commentOwner":"透心凉心飞扬扬扬"},{"comment":"真是洗个碗坑死我了t_t","commentTime":"2022-11-17 12:24:50","commentOwner":"透心凉心飞扬扬扬"},{"comment":"真是洗个碗坑死我了t_t\n№16 ☆☆☆透心凉心飞扬扬扬|68ea4664于2022-11-17 12:24:50留言☆☆☆\n下次一次性把话说完，摸头","commentTime":"2022-11-17 12:27:14","commentOwner":"晋江在逃大佬"},{"comment":"这……又又又被吞了一楼吗。补一下，我写作有点拟人化，所以两个狗看起来比较像人，会有心理描写这种，所以有读者忽然很惊讶说主角养的狗是母狗吗？他以为是公狗。但我一开始就写的母狗，不过我的人物性别感不太强，可能给他们造成了混乱？这个是已经写了的线，我不可能改了，后续也不能不写。但是还有另一个男配的恋爱线在大纲里，我在纠结要不要砍掉，实话讲我很想写，因为我觉得设计的很有趣t_t，所以来问要不要排雷。","commentTime":"2022-11-17 12:27:41","commentOwner":"透心凉心飞扬扬扬"},{"comment":"这……又又又又被吞了一楼吗。补一下，我写作有点拟人化，所以两个狗看起来比较像人，会有心理描写这种，所以有读者忽然很惊讶说主角养的狗是母狗吗？他以为是公狗。但我一开始就写的母狗，不过我的人物性别感不太强，可能给他们造成了混乱？这个是已经写了的线，我不可能改了，后续也不能不写。但是还有另一个男配的恋爱线在大纲里，我在纠结要不要砍掉，实话讲我很想写，因为我觉得设计的很有趣t_t，所以来问要不要排雷。","commentTime":"2022-11-17 12:27:58","commentOwner":"透心凉心飞扬扬扬"},{"comment":"永远被吞的这一楼。补一下，我写作有点拟人化，所以两个狗看起来比较像人，会有心理描写这种，所以有读者忽然很惊讶说主角养的狗是母狗吗？他以为是公狗。但我一开始就写的母狗，不过我的人物性别感不太强，可能给他们造成了混乱？这个是已经写了的线，也没办法改了，后续也不能不写。但是还有另一个男配的恋爱线在大纲里，我在纠结要不要砍掉，实话讲我很想写，因为我觉得设计的很有趣t_t，所以来问要不要排雷。","commentTime":"2022-11-17 12:30:22","commentOwner":"透心凉心飞扬扬扬"},{"comment":"真是洗个碗坑死我了t_t\n№16 ☆☆☆透心凉心飞扬扬扬|68ea4664于2022-11-17 12:24:50留言☆☆☆\n啊啊刚刚看到了，又被吞了，应该是不能有木沟这个词语，抱歉啊咕咕，看完标题的时候感觉很离谱就以为你是引战的qwq","commentTime":"2022-11-17 12:30:36","commentOwner":"来来来哒哒哒"},{"comment":"永远被吞的这一楼，这次让我发出去吧。补一下，我写作有点拟人化，所以两个狗看起来比较像人，会有心理描写这种，所以有读者忽然很惊讶说主角养的狗是女狗狗吗？他以为是男狗狗。但我一开始就写的女狗狗，不过我的人物性别感不太强，可能给他们造成了混乱？这个是已经写了的线，我不可能改了，后续也不能不写。但是还有另一个男配的恋爱线在大纲里，我在纠结要不要砍掉，实话讲我很想写，因为我觉得设计的很有趣t_t，所以来问要不要排雷。","commentTime":"2022-11-17 12:32:03","commentOwner":"透心凉心飞扬扬扬"},{"comment":"历史引用 展开全部▼\n啊啊刚刚看到了，又被吞了，应该是不能有木沟这个词语，抱歉啊咕咕，看完标题的时候感觉很离谱就以为你是引战的qwq\n№21 ☆☆☆来来来哒哒哒|d6cfc99f于2022-11-17 12:30:36留言☆☆☆\n其实我自己回来看也觉得断的地方有点离谱……我断章要是这么厉害就好了_(:з」∠)_。就突然打到一半，被家长催去洗碗不要老玩手机，洗完之后差点都忘了，又突然想来了好像自己话没说完emmm","commentTime":"2022-11-17 12:34:54","commentOwner":"透心凉心飞扬扬扬"},{"comment":"算了，那段男配感情线砍掉吧。就发帖已经出师不利了，可能在提醒我写了会劝退读者，就砍掉吧，此贴到此结束。","commentTime":"2022-11-17 12:54:17","commentOwner":"透心凉心飞扬扬扬"}]}