{"id":"52d12692-1931-4c64-a04e-700f47ae9afa","category":"晋江论坛→网友交流区→碧水江汀 欢迎回来：53088456  退 出","postSubject":"主题：咕咕们 受有前男友需要排雷吗？ [27] 【搜索关键词：排雷】","postUrl":"https://bbs.jjwxc.net/showmsg.php?board=17&keyword=%C5%C5%C0%D7&id=1938918","originalPost":"攻没有","numberOfReplies":27,"comments":[{"comment":"要的哦宝贝","commentTime":"2022-06-10 18:33:48","commentOwner":"。。"},{"comment":"至少我觉得不需要（但是我觉得吧，可以标上是不是处？？？","commentTime":"2022-06-10 18:34:23","commentOwner":"桥西西"},{"comment":"写有感情经历就行 不用特意强化前男友概念","commentTime":"2022-06-10 18:34:55","commentOwner":"。"},{"comment":"啊这，这也要排了吗","commentTime":"2022-06-10 18:34:59","commentOwner":"。。"},{"comment":"因为sc看到这种会犹豫，不太敢点","commentTime":"2022-06-10 18:36:47","commentOwner":"。"},{"comment":"我觉得需要写出来……如果一开始知道还好，看文看一半出来个前任我会呕死","commentTime":"2022-06-10 18:37:24","commentOwner":"。"},{"comment":"我在文案里写了，受有感情经历。就不太知道还需不需要再特意排雷点出来。或者排雷得写是不是C？但我其实没把跟前任的剧情设置到那么详细的层面。","commentTime":"2022-06-10 18:41:28","commentOwner":"。"},{"comment":"如果你文案能看出来，就不用特地写，如果文案看不出来，最好写一下\n还有具体设定，如果有前男友但没有亲密接触，可以写详细些，吸引能接受的读者","commentTime":"2022-06-10 18:47:28","commentOwner":"。"},{"comment":"观最近夹子上蹿下跳排雷党发言有感，你文案如果没有排雷，你多半会被骂文案诈骗，受有前任如果是处，你多半会被打成gk党说受强行锁j，然后给你冠一个gm的名头，然后各种被带节奏把你书里的某些情节拉出来再把你钉在某控柱上，所以建议非必要不要写这种情节","commentTime":"2022-06-10 18:48:17","commentOwner":"，"},{"comment":"要的，我排雷了，还得说清楚前男友被炮灰了","commentTime":"2022-06-10 18:49:04","commentOwner":"。"},{"comment":"OMG，现在主角有前任也不行了吗？我觉得前任还挺刺激的","commentTime":"2022-06-10 18:53:54","commentOwner":"。"},{"comment":"OMG，现在主角有前任也不行了吗？我觉得前任还挺刺激的\n№11 ☆☆☆。|53abfba2?于2022-06-10 18:53:54留言☆☆☆\n为什么会把排雷=不行？排雷不就是筛选读者吗\n任何文，筛选合适的读者才能写和看的人都愉快\n何况也没有非要你排","commentTime":"2022-06-10 18:56:54","commentOwner":"。"},{"comment":"历史引用 展开全部▼\n为什么会把排雷=不行？排雷不就是筛选读者吗\n任何文，筛选合适的读者才能写和看的人都愉快\n何况也没有非要你排\n№12 ☆☆☆。|171c5730于2022-06-10 18:56:54留言☆☆☆\n排雷的意思是讨厌这个情节的人多到一定程度了，我说的不行是不能自由写，而不是不让写","commentTime":"2022-06-10 19:03:39","commentOwner":"。"},{"comment":"历史引用 展开全部▼\n排雷的意思是讨厌这个情节的人多到一定程度了，我说的不行是不能自由写，而不是不让写\n№13 ☆☆☆。|53abfba2?于2022-06-10 19:03:39留言☆☆☆\n那你可以换个词理解，阅读指南\n比如切片，生子，你感觉那些也是排雷吗？很多读者就爱那个","commentTime":"2022-06-10 19:06:24","commentOwner":"。"},{"comment":"我觉得需要写出来……如果一开始知道还好，看文看一半出来个前任我会呕死\n№6 ☆☆☆。|9bcbfac7于2022-06-10 18:37:24留言☆☆☆\n。","commentTime":"2022-06-10 19:10:14","commentOwner":"咕咕"},{"comment":"不懂，这为啥要排啊？又不是有前女友","commentTime":"2022-06-10 19:11:07","commentOwner":"。"},{"comment":"不懂，这为啥要排啊？又不是有前女友\n№16☆☆☆。|5dc60972于2022-06-10 19:11:07留言☆☆☆\n不愿意也可以不排。","commentTime":"2022-06-10 19:14:19","commentOwner":"。"},{"comment":"历史引用 展开全部▼\n排雷的意思是讨厌这个情节的人多到一定程度了，我说的不行是不能自由写，而不是不让写\n№13 ☆☆☆。|53abfba2于2022-06-10 19:03:39留言☆☆☆\n可以自由写呀，什么时候自由写都会有被骂的。\n排雷就是在避免被骂，你要是没有排雷被读者冲了，也只能怪自己又想全部读者都要，又非要写一些明显的雷点。","commentTime":"2022-06-10 19:14:44","commentOwner":"。"},{"comment":"要的，大多读者介意主角非双洁","commentTime":"2022-06-10 19:15:29","commentOwner":"2583645"},{"comment":"就说有感情经历就好啦，要是还有人骂是这个人的问题","commentTime":"2022-06-10 19:15:45","commentOwner":"。"},{"comment":"历史引用 展开全部▼\n可以自由写呀，什么时候自由写都会有被骂的。\n排雷就是在避免被骂，你要是没有排雷被读者冲了，也只能怪自己又想全部读者都要，又非要写一些明显的雷点。\n№18 ☆☆☆。|329798a8于2022-06-10 19:14:44留言☆☆☆\n嗯嗯，明白了，谢谢咕咕","commentTime":"2022-06-10 19:16:22","commentOwner":"。"},{"comment":"排吧，让读者提前知道比较好，现在很多人喜欢双洁啥的。","commentTime":"2022-06-10 19:18:51","commentOwner":"咕咕"},{"comment":"排吧，筛选读者，大家都舒坦。而且这个一般也不涉及剧透","commentTime":"2022-06-10 19:21:46","commentOwner":"。"},{"comment":"你能接受好双洁党弃文就可以了啥","commentTime":"2022-06-10 19:22:34","commentOwner":"。。"},{"comment":"开局写出来标不标都无所谓，看到中间尤其v后一点提示都没有写出来我能怄死（双洁党，只代表自己）","commentTime":"2022-06-10 19:25:32","commentOwner":"。"},{"comment":"我觉得需要写出来……如果一开始知道还好，看文看一半出来个前任我会呕死\n№6 ☆☆☆。|9bcbfac7于2022-06-10 18:37:24留言☆☆☆\n。","commentTime":"2022-06-10 19:25:52","commentOwner":"。"},{"comment":"我开局就是前男友，是不是不用标了","commentTime":"2022-06-10 20:05:34","commentOwner":"。"}]}