{"id":"6bb696ec-104c-4a84-8ea5-74376d30a9de","category":"晋江论坛→网友交流区→碧水江汀 欢迎回来：53088456  退 出","postSubject":"主题：关于排雷，这样可以吗 [5] 【搜索关键词：排雷】","postUrl":"https://bbs.jjwxc.net/showmsg.php?board=17&keyword=%C5%C5%C0%D7&id=1761355","originalPost":"开头单开一章写吗，写个第0章什么的\n“为了他人的乘车安全，请勿携带易燃易爆品上车”","numberOfReplies":5,"comments":[{"comment":"什么意思，标题和主楼","commentTime":"2022-02-13 22:53:14","commentOwner":"。"},{"comment":"抱歉，手滑误删了\n大意是排雷可以单开一章写吗，不在文案上放了，短标题写个“为了他人的乘车安全，请勿携带易燃易爆品上车”之类的","commentTime":"2022-02-13 23:04:04","commentOwner":"2333"},{"comment":"这会让我不想点进去看第二章","commentTime":"2022-02-13 23:05:11","commentOwner":"大号被封小号浪"},{"comment":"抱歉，手滑误删了\n大意是排雷可以单开一章写吗，不在文案上放了，短标题写个“为了他人的乘车安全，请勿携带易燃易爆品上车”之类的\n№2 ☆☆☆2333|572f32cc于2022-02-13 23:04:04留言☆☆☆\n不用，你排雷放作话就行","commentTime":"2022-02-13 23:05:14","commentOwner":"。"},{"comment":"好的，谢谢","commentTime":"2022-02-13 23:15:12","commentOwner":"2333"}]}