{"id":"702c8586-9436-454a-87c2-4e8b6b574eda","category":"晋江论坛→网友交流区→碧水江汀 欢迎回来：53088456  退 出","postSubject":"主题：一个主攻选手，写主受恰饭，把受当攻来写，需要避免什么才能不被排雷 [146] 【搜索关键词：排雷】","postUrl":"https://bbs.jjwxc.net/showmsg.php?board=17&keyword=%C5%C5%C0%D7&id=1859826","originalPost":"rbt","numberOfReplies":145,"comments":[{"comment":"","commentTime":"2022-04-21 10:53:52","commentOwner":"？？？"},{"comment":"换号","commentTime":"2022-04-21 10:54:17","commentOwner":"。"},{"comment":"？？？？","commentTime":"2022-04-21 10:54:48","commentOwner":"。"},{"comment":"憋写了，委屈死你了","commentTime":"2022-04-21 10:55:03","commentOwner":"= ="},{"comment":"把受也当攻写，强强","commentTime":"2022-04-21 10:55:15","commentOwner":"=="},{"comment":"你先把自己排雷了就不会再被别人排雷","commentTime":"2022-04-21 10:55:17","commentOwner":"。"},{"comment":"啊这，要不换个号写一本试试水","commentTime":"2022-04-21 10:55:21","commentOwner":"。"},{"comment":"不虐受","commentTime":"2022-04-21 10:55:22","commentOwner":"。"},{"comment":"情节非常狗血却又让人欲罢不能\n参考古早狗血文，被追着骂但其实数据不错\n排雷肯定会发生的，排就排呗，有钱拿就行","commentTime":"2022-04-21 10:55:30","commentOwner":"。"},{"comment":"不偏攻","commentTime":"2022-04-21 10:55:41","commentOwner":"。"},{"comment":"回去写主攻，不要委屈了自己","commentTime":"2022-04-21 10:55:59","commentOwner":"复健咕"},{"comment":"把受也当攻写，强强\n№5 ☆☆☆==|f44a64a6于2022-04-21 10:55:15留言☆☆☆\n。。。看错了，当我没回","commentTime":"2022-04-21 10:56:02","commentOwner":"=="},{"comment":"好委屈的样子，你哪天不委屈了再说","commentTime":"2022-04-21 10:56:13","commentOwner":"。"},{"comment":"不懂就问，什么叫把受当攻来写？","commentTime":"2022-04-21 10:57:00","commentOwner":"咕咕"},{"comment":"建议别写","commentTime":"2022-04-21 10:57:30","commentOwner":"。"},{"comment":"仔细想了想，一个主攻选手，写主受恰饭不如写言情，收订比更高，把攻当女主来写，这个有什么值得注意的点吗？","commentTime":"2022-04-21 10:58:00","commentOwner":"= ="},{"comment":"你就写“弱攻强受”，然后反正jj清水谁也不知道上下，事后暗示一下受腰疼保证不逆就行了","commentTime":"2022-04-21 10:58:11","commentOwner":"。"},{"comment":"只要体位没换不就行了。","commentTime":"2022-04-21 10:58:16","commentOwner":"123"},{"comment":"这个应该叫做强强。","commentTime":"2022-04-21 10:58:31","commentOwner":"123"},{"comment":"不懂就问，什么叫把受当攻来写？\n№14 ☆☆☆咕咕|85c13574于2022-04-21 10:57:00留言☆☆☆\n在作者眼里，主角是攻，但读作受，不写床戏","commentTime":"2022-04-21 10:58:44","commentOwner":"= ="},{"comment":"把你号交出来，我要把你拉进黑名单","commentTime":"2022-04-21 10:59:06","commentOwner":"——"},{"comment":"仔细想了想，一个主攻选手，写主受恰饭不如写言情，收订比更高，把攻当女主来写，这个有什么值得注意的点吗？\n№16 ☆☆☆= =|85d213f4于2022-04-21 10:58:00留言☆☆☆\n很迷惑","commentTime":"2022-04-21 10:59:16","commentOwner":"。"},{"comment":"把你号交出来，我要把你拉进黑名单\n№21 ☆☆☆——|39672133于2022-04-21 10:59:06留言☆☆☆\n不至于吧","commentTime":"2022-04-21 10:59:17","commentOwner":"= ="},{"comment":"历史引用 展开全部▼\n不至于吧\n№23 ☆☆☆= =|85d213f4于2022-04-21 10:59:17留言☆☆☆\n不是我写，我就问问","commentTime":"2022-04-21 10:59:59","commentOwner":"= ="},{"comment":"今天也不是周末，为什么一大早这么多迷惑发言","commentTime":"2022-04-21 11:00:01","commentOwner":"a166"},{"comment":"你写女强幻言呗","commentTime":"2022-04-21 11:00:13","commentOwner":"= ="},{"comment":"把你号交出来，我要把你拉进黑名单\n№21 ☆☆☆——|39672133于2022-04-21 10:59:06留言☆☆☆\n我美了，真的巨讨厌踩这种雷……以为看不出来吗，主攻写主受味真的很冲","commentTime":"2022-04-21 11:00:19","commentOwner":"——"},{"comment":"历史引用 展开全部▼\n不是我写，我就问问\n№24 ☆☆☆= =|85d213f4于2022-04-21 10:59:59留言☆☆☆\n又来补丁","commentTime":"2022-04-21 11:00:25","commentOwner":"。"},{"comment":"最近怎么这么多问毒的然后说不是本人写就是来问问的贴，怎么才能屏蔽掉你们","commentTime":"2022-04-21 11:00:45","commentOwner":"。"},{"comment":"今天也不是周末，为什么一大早这么多迷惑发言\n№25 ☆☆☆a166|b4660446于2022-04-21 11:00:01留言☆☆☆\n为了恰饭，写自己不想写的题材，不是很正常吗？","commentTime":"2022-04-21 11:00:48","commentOwner":"= ="},{"comment":"屑，第一步先做到让受不委屈","commentTime":"2022-04-21 11:00:50","commentOwner":"。"},{"comment":"回去写主攻，不要委屈了自己\n№11 ☆☆☆复健咕|75b82422于2022-04-21 10:55:59留言☆☆☆\n人家为了恰饭，委屈一点算什么呢～","commentTime":"2022-04-21 11:00:56","commentOwner":"。。"},{"comment":"把你号交出来，我要把你拉进黑名单\n№21 ☆☆☆——|39672133于2022-04-21 10:59:06留言☆☆☆\n。","commentTime":"2022-04-21 11:01:03","commentOwner":"。"},{"comment":"最近怎么这么多问毒的然后说不是本人写就是来问问的贴，怎么才能屏蔽掉你们\n№29 ☆☆☆。|0bd28040于2022-04-21 11:00:45留言☆☆☆\n给个屏蔽词","commentTime":"2022-04-21 11:01:05","commentOwner":"= ="},{"comment":"历史引用 展开全部▼\n为了恰饭，写自己不想写的题材，不是很正常吗？\n№30 ☆☆☆= =|85d213f4于2022-04-21 11:00:48留言☆☆☆\n？又当又立你觉得正常？可别侮辱恰饭了，恰饭写文的可没你这么烦人","commentTime":"2022-04-21 11:01:48","commentOwner":"a166"},{"comment":"历史引用 展开全部▼\n不是我写，我就问问\n№24 ☆☆☆= =|85d213f4于2022-04-21 10:59:59留言☆☆☆\n在隔壁我觉得能被骂起一栋hot楼","commentTime":"2022-04-21 11:02:07","commentOwner":"。。"},{"comment":"主攻选手请不要来碰瓷主受，可把你委屈的哦。","commentTime":"2022-04-21 11:02:29","commentOwner":"。"},{"comment":"历史引用 展开全部▼\n？又当又立你觉得正常？可别侮辱恰饭了，恰饭写文的可没你这么烦人\n№35 ☆☆☆a166|b4660446于2022-04-21 11:01:48留言☆☆☆\n说得直白了点而已","commentTime":"2022-04-21 11:02:34","commentOwner":"= ="},{"comment":"你有本事写，你有本事把笔名给出来啊","commentTime":"2022-04-21 11:02:42","commentOwner":"a166"},{"comment":"需要你住手......","commentTime":"2022-04-21 11:02:45","commentOwner":"。"},{"comment":"主攻选手请不要来碰瓷主受，可把你委屈的哦。\n№37 ☆☆☆。|8007e7d0于2022-04-21 11:02:29留言☆☆☆\n那么多含泪写主攻过签的，干嘛逮着主攻写主受霍霍","commentTime":"2022-04-21 11:03:12","commentOwner":"= ="},{"comment":"历史引用 展开全部▼\n说得直白了点而已\n№38 ☆☆☆= =|85d213f4于2022-04-21 11:02:34留言☆☆☆\n行啊，你直白的把你笔名说出来不好吗，你都知道自己又当又立，读者排雷不是很正常？","commentTime":"2022-04-21 11:03:26","commentOwner":"a166"},{"comment":"历史引用 展开全部▼\n给个屏蔽词\n№34 ☆☆☆= =|85d213f4于2022-04-21 11:01:05留言☆☆☆\n直接把你笔名标上去就好了（","commentTime":"2022-04-21 11:03:35","commentOwner":"。"},{"comment":"钓鱼？","commentTime":"2022-04-21 11:03:37","commentOwner":"= ="},{"comment":"历史引用 展开全部▼\n那么多含泪写主攻过签的，干嘛逮着主攻写主受霍霍\n№41 ☆☆☆= =|85d213f4于2022-04-21 11:03:12留言☆☆☆\ngwps，我又不是写你主攻过的签","commentTime":"2022-04-21 11:03:41","commentOwner":"。"},{"comment":"历史引用 展开全部▼\n这应该是作者区\n№46 ☆☆☆= =|85d213f4于2022-04-21 11:03:49留言☆☆☆\nbs没说过自己是纯作者区，你在这潜规则？","commentTime":"2022-04-21 11:04:10","commentOwner":"。"},{"comment":"exsl，主受不想给你这种又想要钱又不要l的gkjj作者","commentTime":"2022-04-21 11:04:13","commentOwner":"。"},{"comment":"你可以去写言情啊，现言古言都是男主控，几个顶流全是婆婆视角写文","commentTime":"2022-04-21 11:04:22","commentOwner":"。"},{"comment":"历史引用 展开全部▼\n那么多含泪写主攻过签的，干嘛逮着主攻写主受霍霍\n№41 ☆☆☆= =|85d213f4于2022-04-21 11:03:12留言☆☆☆\n你是不是不明白问题出在哪，别人恰饭也就恰饭了，你主攻写主受，把受当攻来写，问题就出在后半句啊，你单纯恰饭谁管你啊","commentTime":"2022-04-21 11:04:37","commentOwner":"a166"},{"comment":"是不是还觉得自己老委屈了，明明爱的是攻宝还要委屈写主受，侮辱了自己的人格，呜呜\n想起自己之前踩的雷更气了","commentTime":"2022-04-21 11:04:38","commentOwner":"——"},{"comment":"历史引用 展开全部▼\n这应该是作者区\n№46 ☆☆☆= =|85d213f4于2022-04-21 11:03:49留言☆☆☆\n那我们作者就不看文了？楼主态度真的是越来越理直气壮了","commentTime":"2022-04-21 11:04:59","commentOwner":"。"},{"comment":"滚","commentTime":"2022-04-21 11:05:12","commentOwner":"=="},{"comment":"火妖味真重","commentTime":"2022-04-21 11:05:30","commentOwner":"= ="},{"comment":"历史引用 展开全部▼\n这应该是作者区\n№46 ☆☆☆= =|85d213f4于2022-04-21 11:03:49留言☆☆☆\n作者看文才更多吧，我读者号都三心很久了","commentTime":"2022-04-21 11:05:32","commentOwner":"。"},{"comment":"历史引用 展开全部▼\n这应该是作者区\n№46 ☆☆☆= =|85d213f4于2022-04-21 11:03:49留言☆☆☆\n抱歉，这里还真不是，你退出去看看，上面没明确标明是什么区","commentTime":"2022-04-21 11:06:05","commentOwner":"a166"},{"comment":"火妖味真重\n№54 ☆☆☆= =|85d213f4于2022-04-21 11:05:30留言☆☆☆\n哇，那你能不能从自己身上找找原因，出贴看看外面的其他帖子都很平静，好像只有你这里重","commentTime":"2022-04-21 11:06:48","commentOwner":"a166"},{"comment":"为啥靠主受恰饭啊，主受文写的人超多吧？那还能恰成？","commentTime":"2022-04-21 11:06:50","commentOwner":"aww"},{"comment":"火妖味真重\n№54 ☆☆☆= =|85d213f4于2022-04-21 11:05:30留言☆☆☆\n问一个这么雷的问题，还怪起别人来了，我真的不爱留评论，今天看见你算是开眼了","commentTime":"2022-04-21 11:07:03","commentOwner":"。"},{"comment":"火妖味真重\n№54 ☆☆☆= =|85d213f4于2022-04-21 11:05:30留言☆☆☆\n自己犯剑怪谁啊，恰饭就老实恰饭，说把受当攻写，又当又立还不想侮辱自己的人格是这样吗","commentTime":"2022-04-21 11:07:56","commentOwner":"——"},{"comment":"清醒一点，就算是作者也恶心你","commentTime":"2022-04-21 11:07:58","commentOwner":"。"},{"comment":"历史引用 展开全部▼\n你是不是不明白问题出在哪，别人恰饭也就恰饭了，你主攻写主受，把受当攻来写，问题就出在后半句啊，你单纯恰饭谁管你啊\n№50         ☆☆☆a166|b4660446★于2022-04-21 11:04:37留言        ☆☆☆\n排惹，作者内心逆体位的出多少雷了","commentTime":"2022-04-21 11:08:04","commentOwner":"。"},{"comment":"火妖味真重\n№54 ☆☆☆= =|85d213f4于2022-04-21 11:05:30留言☆☆☆\n你都快把*拉到别人家门口了，还怪别人火妖重","commentTime":"2022-04-21 11:08:24","commentOwner":"。"},{"comment":"主攻作者想写主受，还不想被排雷，正确做法不应该是去了解主受读者喜欢什么吗？\n要不你就硬气点，就写你想写的，在意排雷做什么？\n在意排雷还不愿意了解读者需求，商品可没这样生产的","commentTime":"2022-04-21 11:08:25","commentOwner":"= ="},{"comment":"如果你写弱攻强受，什么都不需要避免，没人看得出你写的主角是攻","commentTime":"2022-04-21 11:09:05","commentOwner":"。"},{"comment":"我看你就是我的雷，求求了，攻区又不是不能恰饭，咋滴又想赚大钱又不想受委屈，可把你委屈坏了","commentTime":"2022-04-21 11:09:34","commentOwner":"随便发一个吧"},{"comment":"如果你写弱攻强受，什么都不需要避免，没人看得出你写的主角是攻\n№65 ☆☆☆。|573a3d28于2022-04-21 11:09:05留言☆☆☆\n谢谢咕咕解答我安心了","commentTime":"2022-04-21 11:10:14","commentOwner":"= ="},{"comment":"如果你写弱攻强受，什么都不需要避免，没人看得出你写的主角是攻\n№65 ☆☆☆。|573a3d28于2022-04-21 11:09:05留言☆☆☆\n这个不错，毕竟弱攻就是个小众了，至少我可以完全避开lz文看了，当然也或许后面文糊我看不到","commentTime":"2022-04-21 11:11:41","commentOwner":"= ="},{"comment":"把你号交出来，我要把你拉进黑名单\n№21 ☆☆☆——|39672133于2022-04-21 10:59:06留言☆☆☆\n。","commentTime":"2022-04-21 11:13:00","commentOwner":"。"},{"comment":"？？？？？你在干什么，嫌主攻被嫌弃的还不够吗？\n你要是钓鱼的话，希望你扑","commentTime":"2022-04-21 11:14:02","commentOwner":"。"},{"comment":"历史引用 展开全部▼\n这个不错，毕竟弱攻就是个小众了，至少我可以完全避开lz文看了，当然也或许后面文糊我看不到\n№68 ☆☆☆= =|7509436f于2022-04-21 11:11:41留言☆☆☆\n楼主的意思是他本来是写弱攻强受的，要去写主受文，也就是说他写的是强攻弱受，但自己心里想的是弱攻强受，也不会被读者发现","commentTime":"2022-04-21 11:14:34","commentOwner":"。"},{"comment":"鱼钓到了，你无了，这值得吗？","commentTime":"2022-04-21 11:15:05","commentOwner":"。"},{"comment":"主攻主受只是视角而已，什么时候被控控圈地了？主攻偏受没作者骂，主受偏攻都在骂，凭什么？就因为大多数人都偏受？他们不都是男的吗？","commentTime":"2022-04-21 11:15:50","commentOwner":"。"},{"comment":"主攻主受只是视角而已，什么时候被控控圈地了？主攻偏受没作者骂，主受偏攻都在骂，凭什么？就因为大多数人都偏受？他们不都是男的吗？\n№73 ☆☆☆。|dd41bb96于2022-04-21 11:15:50留言☆☆☆\n在打攻“拳”，笑了。那你跟读者说呀，都是花钱的读者不喜欢在排雷，不喜欢就在评论反驳啊\n人家就是不喜欢不行，双标不行","commentTime":"2022-04-21 11:16:53","commentOwner":"= ="},{"comment":"?","commentTime":"2022-04-21 11:16:59","commentOwner":"=="},{"comment":"😅","commentTime":"2022-04-21 11:17:31","commentOwner":"= ="},{"comment":"主攻主受只是视角而已，什么时候被控控圈地了？主攻偏受没作者骂，主受偏攻都在骂，凭什么？就因为大多数人都偏受？他们不都是男的吗？\n№73 ☆☆☆。|dd41bb96于2022-04-21 11:15:50留言☆☆☆\n是楼主写的时候，心里把受当攻看，问题出在这，谁画地了，你扫图之前能不能审审题","commentTime":"2022-04-21 11:18:10","commentOwner":"a166"},{"comment":"只是问问，楼主尊重攻，也尊重受，别回了","commentTime":"2022-04-21 11:19:11","commentOwner":"= ="},{"comment":"别告诉读者这件事，写肉觉得难受的话就说自己没兴趣写肉，要是有读者觉得受像攻，就告诉她不要刻板印象。千万千万不要透露你的想法，任何口嗨都不行。","commentTime":"2022-04-21 11:20:02","commentOwner":"--小号"},{"comment":"历史引用 展开全部▼\n在打攻“拳”，笑了。那你跟读者说呀，都是花钱的读者不喜欢在排雷，不喜欢就在评论反驳啊\n人家就是不喜欢不行，双标不行\n№74 ☆☆☆= =|7509436f于2022-04-21 11:16:53留言☆☆☆\n鉴拳鉴到耽美，真有你的。作者论坛大多数都是作者啊，能跟读者一样吗？","commentTime":"2022-04-21 11:20:52","commentOwner":"。"},{"comment":"历史引用 展开全部▼\n鉴拳鉴到耽美，真有你的。作者论坛大多数都是作者啊，能跟读者一样吗？\n№80 ☆☆☆。|dd41bb96于2022-04-21 11:20:52留言☆☆☆\n你不就是在打攻“拳”吗？还是你把攻“拳”跟女//权对应了？？你好大的脸啊","commentTime":"2022-04-21 11:21:34","commentOwner":"= ="},{"comment":"历史引用 展开全部▼\n你不就是在打攻“拳”吗？还是你把攻“拳”跟女//权对应了？？你好大的脸啊\n№81 ☆☆☆= =|7509436f于2022-04-21 11:21:34留言☆☆☆\n。","commentTime":"2022-04-21 11:22:08","commentOwner":"。"},{"comment":"幸亏我只看偏受很明显的作者，不用被lz这种人ex","commentTime":"2022-04-21 11:22:34","commentOwner":"＝＝"},{"comment":"历史引用 展开全部▼\n你不就是在打攻“拳”吗？还是你把攻“拳”跟女//权对应了？？你好大的脸啊\n№81 ☆☆☆= =|7509436f于2022-04-21 11:21:34留言☆☆☆\n？？？帽子这就扣上来了，我说控控别圈地，你一个劲往打拳扯。笑得，出楼了，你好像个钓鱼的，可别把这栋楼送进去","commentTime":"2022-04-21 11:26:24","commentOwner":"。"},{"comment":"主攻主受只是视角而已，什么时候被控控圈地了？主攻偏受没作者骂，主受偏攻都在骂，凭什么？就因为大多数人都偏受？他们不都是男的吗？\n№73 ☆☆☆。|dd41bb96于2022-04-21 11:15:50留言☆☆☆\n不是lz写主受把受当攻看 恶不恶心啊 跟控控有什么关系","commentTime":"2022-04-21 11:26:35","commentOwner":"。"},{"comment":"呃……这楼看得我不懂，原来不只是读者各种极端在意攻受，作者也这么在意吗？（没有阴阳怪气只是疑惑）\n我的脑洞我经常开始设定A是受，后来想想觉得他攻更萌就让他攻了，也有原本设定攻后来转受的（脑洞期，发文后就不改了），对我来说喜欢这个角色他是攻是受都喜欢，别人逆了我写的cp也很无所谓。\n就我记得很多年前看文的时候多数读者也差不多是这样啊……为什么现在这么多人都这么控一个体.位啊（是真的好奇）","commentTime":"2022-04-21 11:26:43","commentOwner":"。"},{"comment":"主攻主受只是视角而已，什么时候被控控圈地了？主攻偏受没作者骂，主受偏攻都在骂，凭什么？就因为大多数人都偏受？他们不都是男的吗？\n№73 ☆☆☆。|dd41bb96于2022-04-21 11:15:50留言☆☆☆\n你认真的吗，但凡吃过控控瓜就知道有多少写主攻偏受的作者被骂到转主受吧…………呃呃甚至谈不上偏受，有个作者之前受名字都不在配角栏，就这样还是被骂了耶，不过人家现在写主受飞升了hhhh","commentTime":"2022-04-21 11:30:00","commentOwner":"= ="},{"comment":"呃……这楼看得我不懂，原来不只是读者各种极端在意攻受，作者也这么在意吗？（没有阴阳怪气只是疑惑）\n我的脑洞我经常开始设定A是受，后来想想觉得他攻更萌就让他攻了，也有原本设定攻后来转受的（脑洞期，发文后就不改了），对我来说喜欢这个角色他是攻是受都喜欢，别人逆了我写的cp也很无所谓。\n就我记得很多年前看文的时候多数读者也差不多是这样啊……为什么现在这么多人都这么控一个体.位啊（是真的好奇）\n№86 ☆☆☆。|f73e1701于2022-04-21 11:26:43留言☆☆☆\n不是每个人都不在意，不然怎么会有那么多排雷","commentTime":"2022-04-21 11:30:04","commentOwner":"。"},{"comment":"呃……这楼看得我不懂，原来不只是读者各种极端在意攻受，作者也这么在意吗？（没有阴阳怪气只是疑惑）\n我的脑洞我经常开始设定A是受，后来想想觉得他攻更萌就让他攻了，也有原本设定攻后来转受的（脑洞期，发文后就不改了），对我来说喜欢这个角色他是攻是受都喜欢，别人逆了我写的cp也很无所谓。\n就我记得很多年前看文的时候多数读者也差不多是这样啊……为什么现在这么多人都这么控一个体.位啊（是真的好奇）\n№86 ☆☆☆。|f73e1701于2022-04-21 11:26:43留言☆☆☆\n不是在意攻受，楼主说的这个，ex人的地方是明明想写主攻，为了恰饭把受当成攻","commentTime":"2022-04-21 11:31:30","commentOwner":"= ="},{"comment":"历史引用 展开全部▼\n不是每个人都不在意，不然怎么会有那么多排雷\n№88 ☆☆☆。|6c25da66于2022-04-21 11:30:04留言☆☆☆\n我就是发觉很多人在意才会疑惑啊，好奇大家为什么在意这个（因为感觉很多年前还没这么多彼此水火不容的什么控，是怎么演变来的呢","commentTime":"2022-04-21 11:31:36","commentOwner":"。"},{"comment":"写不了不要写，攻批皮受好无语","commentTime":"2022-04-21 11:32:24","commentOwner":"一口清新的西瓜"},{"comment":"历史引用 展开全部▼\n我就是发觉很多人在意才会疑惑啊，好奇大家为什么在意这个（因为感觉很多年前还没这么多彼此水火不容的什么控，是怎么演变来的呢\n№90 ☆☆☆。|f73e1701于2022-04-21 11:31:36留言☆☆☆\n因为很多这么写的文，会偷偷喂s，不想花钱吃s","commentTime":"2022-04-21 11:33:22","commentOwner":"。"},{"comment":"历史引用 展开全部▼\n我就是发觉很多人在意才会疑惑啊，好奇大家为什么在意这个（因为感觉很多年前还没这么多彼此水火不容的什么控，是怎么演变来的呢\n№90 ☆☆☆。|f73e1701于2022-04-21 11:31:36留言☆☆☆\n你可以去隔壁三区搜下“攻控实绩”就知道为什么了……","commentTime":"2022-04-21 11:34:10","commentOwner":"= ="},{"comment":"…无语，希望我不会遇到你的文\n希望我早日知道你是哪个作者然后拉黑你","commentTime":"2022-04-21 11:34:37","commentOwner":"。"},{"comment":"受比攻强我不可，可以强强，但攻不能比受弱，我只看主受视角，喜欢攻宠受。","commentTime":"2022-04-21 11:35:29","commentOwner":"。。"},{"comment":"主攻主受只是视角而已，什么时候被控控圈地了？主攻偏受没作者骂，主受偏攻都在骂，凭什么？就因为大多数人都偏受？他们不都是男的吗？\n№73 ☆☆☆。|dd41bb96于2022-04-21 11:15:50留言☆☆☆\nxs什么rz发言 明明是主攻偏受会被圈地kk党打呢 主受偏攻可多了去了 谁在意lz写主受偏攻偏受 明明是主攻作者含泪恰主受饭还要把受当攻写恶心人 看了感觉真可怜","commentTime":"2022-04-21 11:35:54","commentOwner":"。"},{"comment":"看不看、写不写主攻文的看了都会无语的程度，","commentTime":"2022-04-21 11:36:13","commentOwner":"。"},{"comment":"历史引用 展开全部▼\n不是在意攻受，楼主说的这个，ex人的地方是明明想写主攻，为了恰饭把受当成攻\n№89 ☆☆☆= =|9f41cfdd于2022-04-21 11:31:30留言☆☆☆\n唔…有点明白大家讨厌楼主为了恰饭而写自己不认同的东西的心态，就是觉得，如果楼主自己不说，就也跟我脑洞期的善变一样，没人知道这个事，就构不成啥雷了（甚至我还会主动说我原本设定的攻受逆了，也没有读者在意，可能是因为我特别糊","commentTime":"2022-04-21 11:36:37","commentOwner":"。"},{"comment":"历史引用 展开全部▼\n？？？帽子这就扣上来了，我说控控别圈地，你一个劲往打拳扯。笑得，出楼了，你好像个钓鱼的，可别把这栋楼送进去\n№84 ☆☆☆。|dd41bb96于2022-04-21 11:26:24留言☆☆☆\n天天不理解，主攻不赚钱不是事实，一些写主受文不尊重主受读者不是事实？你突然搁着扯控控，控控能控制主攻收益比主受低这么多？？\n打攻“拳”就打，被我指出来就开始扯帽子，还鉴拳鉴到耽美，我都怀疑我是不是打成女“拳”才让你这么愤怒，切","commentTime":"2022-04-21 11:39:55","commentOwner":"= ="},{"comment":"受比攻强我不可，可以强强，但攻不能比受弱，我只看主受视角，喜欢攻宠受。\n№95 ☆☆☆。。|a56db252于2022-04-21 11:35:29留言☆☆☆\n阿哲，我喜欢受比攻强（捂脸）因为我是主角控只看主受，主角必须最苏","commentTime":"2022-04-21 11:40:36","commentOwner":"。"},{"comment":"想写就写啥，你来这问不是找骂吗","commentTime":"2022-04-21 11:41:42","commentOwner":"。。"},{"comment":"建议别写","commentTime":"2022-04-21 11:42:43","commentOwner":"= ="},{"comment":"想恰饭还不想改变风格，读者的钱直接白给你好不好？","commentTime":"2022-04-21 11:43:06","commentOwner":"小铁蛋"},{"comment":"hot预订","commentTime":"2022-04-21 11:43:28","commentOwner":"。"},{"comment":"想写就写啥，你来这问不是找骂吗\n№101 ☆☆☆。。|492be3d7于2022-04-21 11:41:42留言☆☆☆\n。\n你在碧水问纯粹找骂，自己写就完事了","commentTime":"2022-04-21 11:44:33","commentOwner":"一一"},{"comment":"我直说，想恰饭的话其实没必要转主受，写你和你的目标受众口味的就好。\n非要不伦不类转主受，又折腾读者你自己还觉得委屈。","commentTime":"2022-04-21 11:44:38","commentOwner":"= ="},{"comment":"我无所谓，只要写得好，而且我不知道的情况下，你有原型我都无所谓","commentTime":"2022-04-21 11:45:13","commentOwner":"。"},{"comment":"我不理解……","commentTime":"2022-04-21 11:49:30","commentOwner":"瓜瓜"},{"comment":"钓鱼吧","commentTime":"2022-04-21 11:53:52","commentOwner":"。"},{"comment":"懂了，下次看主受文之前我得先翻翻作者是不是写主攻的","commentTime":"2022-04-21 12:03:07","commentOwner":"。"},{"comment":"……要不然有点骨气呢?","commentTime":"2022-04-21 12:04:26","commentOwner":"看看"},{"comment":"我直说，想恰饭的话其实没必要转主受，写你和你的目标受众口味的就好。\n非要不伦不类转主受，又折腾读者你自己还觉得委屈。\n№106 ☆☆☆= =|24bb4311于2022-04-21 11:44:38留言☆☆☆\n。","commentTime":"2022-04-21 12:04:47","commentOwner":"看看"},{"comment":"让我避避雷(？)","commentTime":"2022-04-21 12:05:34","commentOwner":"。"},{"comment":"你的标题成功钓到人了，看得心梗。求你回主攻，别委屈自己。","commentTime":"2022-04-21 12:07:42","commentOwner":"。"},{"comment":"一个主攻选手，写主受恰饭，把受当攻来写，文有什么特征吗，我好避避雷","commentTime":"2022-04-21 12:08:20","commentOwner":"。"},{"comment":"主攻主受混写的作者也有，只要不特别离谱没人会排雷的，写得好看的还会被推，你不觉得你最大的问题是“把受当攻来写”吗？","commentTime":"2022-04-21 12:09:50","commentOwner":"。"},{"comment":"楼主写的什么文，说出来避一下雷","commentTime":"2022-04-21 12:21:36","commentOwner":"——"},{"comment":"得益于你这类批皮gk作者，我再也不敢看写过主攻的作者了","commentTime":"2022-04-21 12:25:39","commentOwner":"。。。"},{"comment":"果然有时候追根究底作者以前的号以及以前的文是非常有用的","commentTime":"2022-04-21 12:28:25","commentOwner":"= ="},{"comment":"主攻主受只是视角而已，什么时候被控控圈地了？主攻偏受没作者骂，主受偏攻都在骂，凭什么？就因为大多数人都偏受？他们不都是男的吗？\n№73 ☆☆☆。|dd41bb96于2022-04-21 11:15:50留言☆☆☆\n主攻偏受……懂得都懂，某一群人最爱称自己主攻偏受了","commentTime":"2022-04-21 12:30:56","commentOwner":"= ="},{"comment":"楼主说出你的笔名，我壁垒","commentTime":"2022-04-21 12:31:32","commentOwner":"真是服了某些主攻作者"},{"comment":"把受当攻写？是怕写主受委屈了攻宝，所以把受当攻宝宠？   这么舍不得攻宝受委屈就别写主受了真的","commentTime":"2022-04-21 12:35:09","commentOwner":"。"},{"comment":"仔细想了想，一个主攻选手，写主受恰饭不如写言情，收订比更高，把攻当女主来写，这个有什么值得注意的点吗？\n№16 ☆☆☆= =|85d213f4于2022-04-21 10:58:00留言☆☆☆\n耽你随便造我不care，放过言情，别跨性向恶心人，，please","commentTime":"2022-04-21 12:36:21","commentOwner":"。"},{"comment":"果然有时候追根究底作者以前的号以及以前的文是非常有用的\n№119 ☆☆☆= =|4fbfab12于2022-04-21 12:28:25留言☆☆☆\n。","commentTime":"2022-04-21 12:37:04","commentOwner":"。"},{"comment":"真是委屈死你了呢","commentTime":"2022-04-21 12:37:13","commentOwner":"。"},{"comment":"      ","commentTime":"2022-04-21 12:37:38","commentOwner":"gkj gun出绿江"},{"comment":"故意引战的吧是。","commentTime":"2022-04-21 12:38:50","commentOwner":"= ="},{"comment":"啊这，为什么这么多人骂啊，这不等于“写古早狗血文的为了恰饭去写小甜文”吗，还是说主攻和主受哪个更优越吗","commentTime":"2022-04-21 12:45:54","commentOwner":"。"},{"comment":"啊这，为什么这么多人骂啊，这不等于“写古早狗血文的为了恰饭去写小甜文”吗，还是说主攻和主受哪个更优越吗\n№128 ☆☆☆。|46798780于2022-04-21 12:45:54留言☆☆☆\n还tm真不一样。\n古早狗血也可以甜，而且还能很好看。又沙雕又好看。\n但是攻控写主受，骗受妈们掏钱，最后的结果是买了一坨佛额呢","commentTime":"2022-04-21 12:55:45","commentOwner":"。"},{"comment":"我雷弱强，更雷作者诈骗，你笔名是什么，发出来我自己壁垒","commentTime":"2022-04-21 13:00:00","commentOwner":"= ="},{"comment":"你心里把受当攻写，你文案把受当受，这不纯纯诈骗吗","commentTime":"2022-04-21 13:00:40","commentOwner":"= ="},{"comment":"啊这，为什么这么多人骂啊，这不等于“写古早狗血文的为了恰饭去写小甜文”吗，还是说主攻和主受哪个更优越吗\n№128 ☆☆☆。|46798780于2022-04-21 12:45:54留言☆☆☆\n诈骗就诈骗，扯什么优越。把受当攻来写，可真是委屈死了。","commentTime":"2022-04-21 13:01:51","commentOwner":"。"},{"comment":"啊这，为什么这么多人骂啊，这不等于“写古早狗血文的为了恰饭去写小甜文”吗，还是说主攻和主受哪个更优越吗\n№128 ☆☆☆。|46798780于2022-04-21 12:45:54留言☆☆☆\n你自己看看你这比喻跟lz说得是一个事吗","commentTime":"2022-04-21 13:02:40","commentOwner":"= ="},{"comment":"我这辈子最恨嗑逆，更别说花钱吃shi，诈骗guna","commentTime":"2022-04-21 13:03:21","commentOwner":"= ="},{"comment":"历史引用 展开全部▼\n耽你随便造我不care，放过言情，别跨性向恶心人，，please\n№123 ☆☆☆。|c2e34232于2022-04-21 12:36:21留言☆☆☆\n你也挺恶心人的","commentTime":"2022-04-21 13:03:23","commentOwner":"= ="},{"comment":"又不写床戏\n你把攻当受写也没人知道啊","commentTime":"2022-04-21 13:09:45","commentOwner":"VNK"},{"comment":"你想写就写，毕竟我们也不能按着你不准写，不过你既然写了就有骨气一点，别诈骗，把文案标好弱攻强受，没人管你，要是你诈骗故意逆cp，你户口本没了","commentTime":"2022-04-21 13:11:00","commentOwner":"= ="},{"comment":"你别这样引战啊，，，主攻本来就冷了，，，我真的好无语。。。。。。。这是在干什么","commentTime":"2022-04-21 13:12:23","commentOwner":"。"},{"comment":"历史引用 展开全部▼\n为了恰饭，写自己不想写的题材，不是很正常吗？\n№30 ☆☆☆= =|85d213f4于2022-04-21 11:00:48留言☆☆☆\n饭：连夜跑路","commentTime":"2022-04-21 13:12:28","commentOwner":"。"},{"comment":"我都搞不懂自己主受主攻。。。","commentTime":"2022-04-21 13:16:05","commentOwner":"。"},{"comment":"呃……这楼看得我不懂，原来不只是读者各种极端在意攻受，作者也这么在意吗？（没有阴阳怪气只是疑惑）\n我的脑洞我经常开始设定A是受，后来想想觉得他攻更萌就让他攻了，也有原本设定攻后来转受的（脑洞期，发文后就不改了），对我来说喜欢这个角色他是攻是受都喜欢，别人逆了我写的cp也很无所谓。\n就我记得很多年前看文的时候多数读者也差不多是这样啊……为什么现在这么多人都这么控一个体.位啊（是真的好奇）\n№86 ☆☆☆。|f73e1701♥♥于2022-04-21 11:26:43留言☆☆☆\n就……不是极端在意攻受，是明明写的是主受的故事，但作者其实脑补的是攻\n大概类似于“一个言情选手，写耽美恰饭，把受当女主来写，需要避免什么才能不被排雷”\n……想一想就觉得达咩达咩！！天雷啊！！","commentTime":"2022-04-21 13:17:08","commentOwner":"=="},{"comment":"憋写了，委屈死你了\n№4☆☆☆= =|a2809b98于2022-04-21 10:55:03留言☆☆☆\n。","commentTime":"2022-04-21 13:17:52","commentOwner":"= ="},{"comment":"……","commentTime":"2022-04-21 16:48:18","commentOwner":"。"},{"comment":"把你号交出来，我要把你拉进黑名单\n№21 ☆☆☆——|39672133于2022-04-21 10:59:06留言☆☆☆\n。","commentTime":"2022-04-21 16:49:01","commentOwner":"，"},{"comment":"又不写床戏\n你把攻当受写也没人知道啊\n№136 ☆☆☆VNK|54a37753于2022-04-21 13:09:45留言☆☆☆\n对啊，又不让写脖子以下","commentTime":"2022-04-21 16:49:19","commentOwner":"筝艺咔嚓"},{"comment":"。。。。。。。别委屈自己了，回去写主攻吧","commentTime":"2022-04-22 20:30:06","commentOwner":"。"}]}