{"id":"25c07c04-8b63-47aa-a4e5-5a56a02874dd","category":"晋江论坛→网友交流区→碧水江汀 请稍候...","postSubject":"主题：今天一大早就被一个在前五章排雷的 [14] 【搜索关键词：排雷】","postUrl":"https://bbs.jjwxc.net/showmsg.php?board=17&keyword=%C5%C5%C0%D7&id=1742859","originalPost":"……本来昨天那张写的不好 今天一天都不咋涨就不是很开心，还遇到一个奇葩，在前五章排雷的，口口声声“给姐妹们排雷 作者文案可以 文笔好差xxxxx女主xxxxxx”说了一堆。翻了一下她的专栏 在好几个作者下面评论都挺难听的……哎 除夕一大早遇到这种事","numberOfReplies":14,"comments":[{"comment":"心塞","commentTime":"2022-01-31 12:35:44","commentOwner":"。"},{"comment":"抱抱咕咕，压下去就好，不要影响心情呀～","commentTime":"2022-01-31 12:37:53","commentOwner":"二星预备役"},{"comment":"抱抱咕咕，压下去就好，不要影响心情呀～\n№2☆☆☆二星预备役|25519620于2022-01-31 12:37:53留言☆☆☆\n心情很容易被影响  哎","commentTime":"2022-01-31 12:39:42","commentOwner":"。"},{"comment":"过几天给他删了","commentTime":"2022-01-31 12:40:35","commentOwner":"= ="},{"comment":"过几天给他删了\n№4☆☆☆= =|ca583227于2022-01-31 12:40:35留言☆☆☆\n-1 删不掉","commentTime":"2022-01-31 12:41:53","commentOwner":"。"},{"comment":"我一大早就收到两条写作指导，心情一下子不好了，今天坚持更新，明天开始断更，大过年的看这些太影响心情了，过完年再说。","commentTime":"2022-01-31 12:41:57","commentOwner":"。"},{"comment":"过几天给他删了\n№4 ☆☆☆= =|ca583227于2022-01-31 12:40:35留言☆☆☆\n有的删掉了，它还会反复在你文下刷","commentTime":"2022-01-31 12:42:56","commentOwner":"。"},{"comment":"这很像hyb行为，我一直在想读者真有那么想排雷或者吐槽么？","commentTime":"2022-01-31 13:18:12","commentOwner":"。"},{"comment":"可以举报？","commentTime":"2022-01-31 13:32:23","commentOwner":"小乔儿"},{"comment":"我一大早就收到两条写作指导，心情一下子不好了，今天坚持更新，明天开始断更，大过年的看这些太影响心情了，过完年再说。\n№6☆☆☆。|9cfb659a于2022-01-31 12:41:57留言☆☆☆\n抱抱 我们都不要影响心情","commentTime":"2022-01-31 13:33:56","commentOwner":"。"},{"comment":"压下去","commentTime":"2022-01-31 13:34:31","commentOwner":"。"},{"comment":"这很像hyb行为，我一直在想读者真有那么想排雷或者吐槽么？\n№8☆☆☆。|96301fa9于2022-01-31 13:18:12留言☆☆☆\n我也觉得很奇怪 看了三四章就开始排雷，还能扯一堆东西出来，但是专栏看过去也确实不是作者","commentTime":"2022-01-31 13:35:04","commentOwner":"。"},{"comment":"可以举报？\n№9☆☆☆小乔儿|1e5b315b于2022-01-31 13:32:23留言☆☆☆\n不知道  我试试吧","commentTime":"2022-01-31 13:35:36","commentOwner":"。"},{"comment":"历史引用 展开全部▼\n我也觉得很奇怪 看了三四章就开始排雷，还能扯一堆东西出来，但是专栏看过去也确实不是作者\n№12☆☆☆。|8a72fbbe于2022-01-31 13:35:04留言☆☆☆\n很多作者都有单独的读者号的，我这号就是读者号，写文的号读者页面是纯空白的。\n遇到这种情况一定要举报，管理员能核实。","commentTime":"2022-01-31 14:18:23","commentOwner":"。"}]}