{"id":"e81095c1-0cb4-42d3-8806-925ad87233d0","category":"晋江论坛→网友交流区→碧水江汀 请稍候...","postSubject":"主题：笔杆，建议晋江出一个花钱可以看作者自行排雷的功能，作者想设置就设置，不想设置就不设置。或者出一个排雷费，读者零订阅想排雷必须给钱，不然就是犯法嗷 [47] 【搜索关键词：排雷】","postUrl":"https://bbs.jjwxc.net/showmsg.php?board=17&keyword=%C5%C5%C0%D7&id=1742573","originalPost":"眨着我真诚的卡兰姿大眼睛，没有瞎说，无比认真","numberOfReplies":46,"comments":[{"comment":"犯法？？？？","commentTime":"2022-01-31 01:37:49","commentOwner":"。"},{"comment":"还是别给作者拉仇恨了\n现在文案排雷就挺好的\n作者也是想排雷就排雷，不想排雷就不排雷","commentTime":"2022-01-31 01:39:09","commentOwner":"= ="},{"comment":"犯不着，搞的鸽子都要害他似的","commentTime":"2022-01-31 01:39:10","commentOwner":"=="},{"comment":"……？","commentTime":"2022-01-31 01:39:48","commentOwner":"= ="},{"comment":"没用的，排雷拍不完","commentTime":"2022-01-31 01:41:29","commentOwner":"= ="},{"comment":"犯法\n你今年多大\n你这种状况是一直都有，还是","commentTime":"2022-01-31 01:43:44","commentOwner":"。"},{"comment":"生病多久了？为什么要放弃治疗","commentTime":"2022-01-31 01:47:01","commentOwner":"。"},{"comment":"算了吧。。","commentTime":"2022-01-31 01:47:29","commentOwner":"雪中对饮"},{"comment":"犯法……你几岁啊","commentTime":"2022-01-31 01:48:38","commentOwner":"= ="},{"comment":"妹妹今年几岁了，可有读过书？现吃什么药？","commentTime":"2022-01-31 01:49:19","commentOwner":"。"},{"comment":"倒也不必如此","commentTime":"2022-01-31 01:49:54","commentOwner":"打分：-3"},{"comment":"= =|2be016c2:\n传送门，不知情的咕去看，有人碧水要出道拦不住啊","commentTime":"2022-01-31 01:50:11","commentOwner":"晋江在逃网黄"},{"comment":"这个建议实在有些……不合理","commentTime":"2022-01-31 01:50:22","commentOwner":"打分：-3"},{"comment":"= =|2be016c2:\n传送门，不知情的咕去看，有人碧水要出道拦不住啊\n№12 ☆☆☆晋江在逃网黄|4145d98f于2022-01-31 01:50:11留言☆☆☆\n什么情况？！","commentTime":"2022-01-31 01:51:03","commentOwner":"打分：-3"},{"comment":"大过年的xmm还是做你的作业去吧，别出来吓人","commentTime":"2022-01-31 01:55:06","commentOwner":"。"},{"comment":"楼上应该不知道前期，仔细看看帖子，有瓜","commentTime":"2022-01-31 01:55:57","commentOwner":"。。。"},{"comment":"楼上应该不知道前期，仔细看看帖子，有瓜\n№16 ☆☆☆。。。|4145d98f于2022-01-31 01:55:57留言☆☆☆\n笔哪个杆？首页hot的只有一个挂人贴，这个和lz说免费章排雷犯法没关系吧","commentTime":"2022-01-31 02:01:53","commentOwner":"。"},{"comment":"岁欲基友那个你往下翻，两年了，要来翻案。所以有了楼主这个思考，即看了免费章，有没有排雷的资格这种","commentTime":"2022-01-31 02:06:57","commentOwner":"。。。"},{"comment":"","commentTime":"2022-01-31 02:10:43","commentOwner":"。"},{"comment":"№19 ☆☆☆。|efda4957于2022-01-31 02:10:43留言☆☆☆\n。","commentTime":"2022-01-31 02:11:09","commentOwner":"。"},{"comment":"你在搞笑？","commentTime":"2022-01-31 02:21:06","commentOwner":"。"},{"comment":"有些人真的恨不得把自己架上神坛，一点点否定的话都听不得","commentTime":"2022-01-31 02:22:09","commentOwner":"。"},{"comment":"满脸疑惑","commentTime":"2022-01-31 02:34:29","commentOwner":"，，，"},{"comment":"？？？","commentTime":"2022-01-31 02:36:41","commentOwner":"！！"},{"comment":"……犯法(流汗黄豆.jpg","commentTime":"2022-01-31 02:37:08","commentOwner":"。"},{"comment":"可是人家是在wb排雷诶，要追去别的app要排雷费吗？","commentTime":"2022-01-31 02:41:40","commentOwner":"这都多少个号了"},{"comment":"。","commentTime":"2022-01-31 10:30:52","commentOwner":"..."},{"comment":"犯法？？迷惑用词","commentTime":"2022-01-31 10:31:18","commentOwner":"。"},{"comment":"……？感觉你好像有那个大病","commentTime":"2022-01-31 10:32:00","commentOwner":"小号来也"},{"comment":"不完结退钱就是全网独一份了，别再惯着读者了，xhs上好多骂断更作者骗钱的，咱也不知道买一章看一章，没有预付，怎么就骗钱了，都给惯坏了。你这功能一出来，如果作者设得不对，或者跟读者理解有偏差，更有理由挂你说骗钱了。","commentTime":"2022-01-31 10:34:06","commentOwner":"= ="},{"comment":"犯法？？？？？？法律是你制定的吗？","commentTime":"2022-01-31 10:34:32","commentOwner":"。"},{"comment":"，，，，，，写文的和不写文的都沉默了","commentTime":"2022-01-31 10:36:17","commentOwner":"。"},{"comment":"你好，这种状况持续多久了","commentTime":"2022-01-31 10:36:42","commentOwner":"山东韶光精神病医院"},{"comment":"不要挑掐","commentTime":"2022-01-31 10:36:52","commentOwner":"=="},{"comment":"楼主不像正常人，说不定故意rz这么说，来钓鸽子的，然后反手读者区一挂","commentTime":"2022-01-31 10:38:01","commentOwner":"= ="},{"comment":"你是反串？","commentTime":"2022-01-31 10:40:09","commentOwner":"= ="},{"comment":"楼主这是在反讽吗……那么久远的瓜今天怎么又顶起来了","commentTime":"2022-01-31 10:41:58","commentOwner":"＝＝"},{"comment":"你想钱想疯了？","commentTime":"2022-01-31 10:42:36","commentOwner":"。"},{"comment":"emmm无语","commentTime":"2022-01-31 14:50:57","commentOwner":"。"},{"comment":"你是疯了吗……不要挑掐带节奏好吧。\n别的作者我不知道，反正我大号的文，只要不在文下搞事，读者在其它app爱怎么排就怎么排，排出花儿我都不管，反正不妨碍我在jj赚钱，跨app管ta们干啥？\n除非是诽谤造谣攻击作者，犯法？清醒点行不行。","commentTime":"2022-01-31 15:01:15","commentOwner":"。。。"},{"comment":"？？？你制定的的法？","commentTime":"2022-01-31 15:04:37","commentOwner":"。"},{"comment":"怎么就违法了，我不理解，大过年这是要冲业绩吗？\n都过年了休息休息吧，正常大家都在快乐过年呢。\n祝大家新年快乐开开心心","commentTime":"2022-01-31 15:08:45","commentOwner":"啊这"},{"comment":"宁有事吗？","commentTime":"2022-01-31 15:10:03","commentOwner":"。"},{"comment":"？","commentTime":"2022-01-31 15:10:50","commentOwner":"嘤"},{"comment":"警察叔叔我要报警有人犯法\n怎么了他做了什么？\n他在我的文下面说了实话","commentTime":"2022-01-31 15:12:40","commentOwner":"= ="},{"comment":"对不住各位，我们医院没看好","commentTime":"2022-01-31 15:16:05","commentOwner":"怎么逃出来的"}]}