{"id":"a967dbc1-34dd-4eac-a015-b42d35699f6a","category":"晋江论坛→网友交流区→碧水江汀 请稍候...","postSubject":"主题：pbc破事水 总有人看不到文案的排雷，所以我把排雷放到文案最开头了…… [8] 【搜索关键词：排雷】","postUrl":"https://bbs.jjwxc.net/showmsg.php?board=17&keyword=%C5%C5%C0%D7&id=1782289","originalPost":"（点烟","numberOfReplies":8,"comments":[{"comment":"我觉得会有人尝试挑战雷点失败然后……","commentTime":"2022-03-01 11:01:58","commentOwner":"。。"},{"comment":"我觉得会有人尝试挑战雷点失败然后……\n№1 ☆☆☆。。|5e85c865于2022-03-01 11:01:58留言☆☆☆\n捂嘴痛哭","commentTime":"2022-03-01 11:02:22","commentOwner":"。"},{"comment":"然后你会发现某些小聋瞎还是看不到，点烟","commentTime":"2022-03-01 11:02:35","commentOwner":"。"},{"comment":"然后你会发现某些小聋瞎还是看不到，点烟\n№3 ☆☆☆。|8b571cd6??于2022-03-01 11:02:35留言☆☆☆\n。","commentTime":"2022-03-01 11:02:58","commentOwner":"。。。"},{"comment":"我都不排雷……爱谁谁，骂我我肉又掉不下来，咋地，有本事做网线过来掐死我，不能就憋着。","commentTime":"2022-03-01 11:04:09","commentOwner":"= ="},{"comment":"要不放第一章作者有话说置顶？","commentTime":"2022-03-01 11:04:27","commentOwner":"0.0"},{"comment":"历史引用 展开全部▼\n捂嘴痛哭\n№2 ☆☆☆。|86aca409于2022-03-01 11:02:22留言☆☆☆\n嗨，谁没经历过这种事儿呢，我有本文当时写的很拉，后来学会排雷，开头告诉她们写的不好别订阅，最后写了排雷，感叹号加重，但至今还有评论骂……","commentTime":"2022-03-01 11:05:05","commentOwner":"。。"},{"comment":"我曾经直接把求放过的话放在文案上，结果一个钢精：作者承认自己写的不好很难吗？\n怼回去之后，我再也不排雷了，gwps","commentTime":"2022-03-01 11:07:57","commentOwner":"= ="}]}