{"id":"adb27142-7bb5-44ed-a5fd-1fd621c22531","category":"晋江论坛→网友交流区→碧水江汀 欢迎回来：53088456  退 出","postSubject":"主题：暴言，被排雷就被排雷，反正任何水平的作者都有概率被排雷，top大神挨嘲讽被diss都是常态，文不好看才是原罪 [38] 【搜索关键词：排雷】","postUrl":"https://bbs.jjwxc.net/showmsg.php?board=17&keyword=%C5%C5%C0%D7&id=1824115","originalPost":"rbt","numberOfReplies":38,"comments":[{"comment":"所以作者活该被骂啦?","commentTime":"2022-03-30 10:34:17","commentOwner":"77"},{"comment":"？？？？","commentTime":"2022-03-30 10:37:35","commentOwner":"啊拖拖拖"},{"comment":"啊这","commentTime":"2022-03-30 10:37:53","commentOwner":"想个昵称好难哦"},{"comment":"我觉得你大概说的是按原文排雷？而不是凭空捏造的排雷？","commentTime":"2022-03-30 10:38:30","commentOwner":"。"},{"comment":"确实。排雷而已，又没骂你，难道自己写的东西不允许别人不喜欢吗","commentTime":"2022-03-30 10:38:36","commentOwner":"= ="},{"comment":"所以作者活该被骂啦?\n№1 ☆☆☆77|1dab09af★★★于2022-03-30 10:34:17留言☆☆☆\n谁说该被骂了，这难道不是一句开解？","commentTime":"2022-03-30 10:38:40","commentOwner":"。"},{"comment":"确实，你又控制不住这些人的手脑，顶多遇到谣言和rsgj截图告诽谤。","commentTime":"2022-03-30 10:38:48","commentOwner":"。"},{"comment":"这是自我安慰吧，也只能这么想了","commentTime":"2022-03-30 10:39:04","commentOwner":"= ="},{"comment":"为啥我感觉楼主是安慰大家，但是前排好像不这么想？","commentTime":"2022-03-30 10:39:18","commentOwner":"。"},{"comment":"现在因为各种莫名其妙原因被排雷的确实挺多的","commentTime":"2022-03-30 10:39:48","commentOwner":"——"},{"comment":"确实，怎么写都可能被排雷那不如写想写的，至少写的时候开心","commentTime":"2022-03-30 10:40:17","commentOwner":"= ="},{"comment":"承得住诋毁谩骂，受得起荣耀辉煌。","commentTime":"2022-03-30 10:41:56","commentOwner":"666"},{"comment":"这个安慰的水平真不怎么样，因为大佬被骂，所以你被骂没什么，那你还没大佬赚得多呢","commentTime":"2022-03-30 10:42:00","commentOwner":"。"},{"comment":"没大佬赚的多怎么了？这是在讲赚得多？\n这分明是在告诫咕咕们不要因为提前害怕排雷就束手束脚，你兢兢业业去修改自己完善所谓“雷点”、“毒点”，男女主攻受但凡做一个小事件都要考虑毒不毒，雷不雷的时候，醒醒吧宝贝，你可能正在抹杀你自己原本拥有的优点！","commentTime":"2022-03-30 10:44:36","commentOwner":"。"},{"comment":"承得住诋毁谩骂，受得起荣耀辉煌。\n№12 ☆☆☆666|a8db51a4于2022-03-30 10:41:56留言☆☆☆\n没错子！","commentTime":"2022-03-30 10:45:17","commentOwner":"。"},{"comment":"没大佬赚的多怎么了？这是在讲赚得多？\n这分明是在告诫咕咕们不要因为提前害怕排雷就束手束脚，你兢兢业业去修改自己完善所谓“雷点”、“毒点”，男女主攻受但凡做一个小事件都要考虑毒不毒，雷不雷的时候，醒醒吧宝贝，你可能正在抹杀你自己原本拥有的优点！\n№14 ☆☆☆。|7da20448于2022-03-30 10:44:36留言☆☆☆\n。\n明明是这个意思啊","commentTime":"2022-03-30 10:45:58","commentOwner":"一般杂食路人"},{"comment":"没大佬赚的多怎么了？这是在讲赚得多？\n这分明是在告诫咕咕们不要因为提前害怕排雷就束手束脚，你兢兢业业去修改自己完善所谓“雷点”、“毒点”，男女主攻受但凡做一个小事件都要考虑毒不毒，雷不雷的时候，醒醒吧宝贝，你可能正在抹杀你自己原本拥有的优点！\n№14☆☆☆。|7da20448于2022-03-30 10:44:36留言☆☆☆\n。","commentTime":"2022-03-30 10:46:25","commentOwner":"。"},{"comment":"你非要和大佬比的话那不如不写了，反正我们没大佬赚得多写啥啊是吧","commentTime":"2022-03-30 10:47:11","commentOwner":"。"},{"comment":"他排他的，我们赚我们的，死活纠缠好几本就告她。","commentTime":"2022-03-30 10:47:57","commentOwner":"。"},{"comment":"确实，糊的小说谁排雷啊看都没人看，而且人的口味不一样很正常，读者去那边排雷都会说排给有需要的人，要是有人造谣或者地图炮是会被骂的","commentTime":"2022-03-30 10:48:38","commentOwner":"pjgg"},{"comment":"历史引用 展开全部▼\n。\n№17 ☆☆☆。|3757685d于2022-03-30 10:46:25留言☆☆☆\n。","commentTime":"2022-03-30 10:49:44","commentOwner":"。"},{"comment":"对，不要束手束脚，当初第一次写文也是写自己想写的。排雷排掉的读者，证明本就没有缘分，如果不排雷大概率也会弃文，所以努力也自己的才是最好的","commentTime":"2022-03-30 10:49:46","commentOwner":"。。"},{"comment":"拿大佬举例只是告诉咕咕们任何水平的作者都会被嘲，金字塔上的top更是被读者区日常拉出来奚落的对象，几本知名爆文也是会被读者区高贵人士笑话“喜欢这些的我会怀疑对方审美”的存在。\n然而又怎么样呢？妨碍它们成为热款了吗？\n再退一步讲，有些固定上夹子就腥风血雨的作者，妨碍人家固定夹子前排了吗？\n你努力修改自己去适应一个框架，最后可能被框架打磨的完全不是你，且因为束手束脚，写出来的文寡淡平平无奇到无人在意。","commentTime":"2022-03-30 10:50:30","commentOwner":"。"},{"comment":"没错！","commentTime":"2022-03-30 10:51:12","commentOwner":"。"},{"comment":"没有人是活该被骂的\n有错的只是ky精","commentTime":"2022-03-30 10:51:36","commentOwner":"。"},{"comment":"楼主说的没错\n被误会是表达者的宿命 努力加强心态吧 毕竟我们又没法管住别人的嘴","commentTime":"2022-03-30 10:51:44","commentOwner":"。"},{"comment":"拿大佬举例只是告诉咕咕们任何水平的作者都会被嘲，金字塔上的top更是被读者区日常拉出来奚落的对象，几本知名爆文也是会被读者区高贵人士笑话“喜欢这些的我会怀疑对方审美”的存在。\n然而又怎么样呢？妨碍它们成为热款了吗？\n再退一步讲，有些固定上夹子就腥风血雨的作者，妨碍人家固定夹子前排了吗？\n你努力修改自己去适应一个框架，最后可能被框架打磨的完全不是你，且因为束手束脚，写出来的文寡淡平平无奇到无人在意。\n№23 ☆☆☆。|7da20448于2022-03-30 10:50:30留言☆☆☆\n。","commentTime":"2022-03-30 10:51:44","commentOwner":"。"},{"comment":"是的，而且我觉得只要不是虚空排雷我是无所谓的，我确实写了的东西爱评论就评论，烦的是恶意上升曲解再排，不过我也不会因为这些杠精就改变写的思路","commentTime":"2022-03-30 10:51:46","commentOwner":"。"},{"comment":"写小说的原罪不是雷，是无聊。\n古早文天雷滚滚照样有人看","commentTime":"2022-03-30 10:52:31","commentOwner":"。"},{"comment":"没大佬赚的多怎么了？这是在讲赚得多？\n这分明是在告诫咕咕们不要因为提前害怕排雷就束手束脚，你兢兢业业去修改自己完善所谓“雷点”、“毒点”，男女主攻受但凡做一个小事件都要考虑毒不毒，雷不雷的时候，醒醒吧宝贝，你可能正在抹杀你自己原本拥有的优点！\n№14 ☆☆☆。|7da20448于2022-03-30 10:44:36留言☆☆☆\n。就是这个这个意思啊，楼里什么理解水平","commentTime":"2022-03-30 10:54:48","commentOwner":"。"},{"comment":"我是读者也是作者，账号id六位数，从零几年起在阿晋看文，看到一几年才开始转为作者，我看过太多越来越小心谨慎的咕咕了。\n他们骂你，你害怕，你改正自己的缺点。\n他们不骂你了，他们说你“无聊”、“好平”。\n你还不如抓住自己的长板，将最初的，能够吸引到人的优点发扬光大。\n补短板也是永远补不完的宝贝们。\n抓长板！\n让长板的光芒盖过一切！","commentTime":"2022-03-30 10:55:20","commentOwner":"。"},{"comment":"楼里有些人的理解水平跟跳脚程度真的完美体现为什么她是个湖笔……","commentTime":"2022-03-30 11:17:10","commentOwner":"。"},{"comment":"十分赞同。有时候看读者吵什么男主狗，威胁我如果不把男二扶正就弃文。但是真的照着她们的去写，会丧失沉默的那一批最主要的读者。到时候被她们所谓的雷点害得半死，只有作者自己买单。我现在看那些吵嚷嚷的读者厌烦，打算不看留言了，照着我自己的想法写。","commentTime":"2022-03-30 11:19:46","commentOwner":"123"},{"comment":"没大佬赚的多怎么了？这是在讲赚得多？\n这分明是在告诫咕咕们不要因为提前害怕排雷就束手束脚，你兢兢业业去修改自己完善所谓“雷点”、“毒点”，男女主攻受但凡做一个小事件都要考虑毒不毒，雷不雷的时候，醒醒吧宝贝，你可能正在抹杀你自己原本拥有的优点！\n№14 ☆☆☆。|7da20448于2022-03-30 10:44:36留言☆☆☆\n对头。","commentTime":"2022-03-30 11:23:40","commentOwner":"=="},{"comment":"而且就我的经验，文越是热，越是赚钱，数据越好。那么来挑刺来排雷的那就越多。没办法避免的，所以不如干脆不看留言，照着自己的想法来，照顾沉默的绝大多数。","commentTime":"2022-03-30 11:23:49","commentOwner":"123"},{"comment":"进来看到前排评论的时候我还以为我理解错了2333","commentTime":"2022-03-30 11:24:19","commentOwner":"。"},{"comment":"十分赞同。有时候看读者吵什么男主狗，威胁我如果不把男二扶正就弃文。但是真的照着她们的去写，会丧失沉默的那一批最主要的读者。到时候被她们所谓的雷点害得半死，只有作者自己买单。我现在看那些吵嚷嚷的读者厌烦，打算不看留言了，照着我自己的想法写。\n№33 ☆☆☆123|efe9497a于2022-03-30 11:19:46留言☆☆☆\n没错，作者丧失自己的意志那才是悲剧的开端。","commentTime":"2022-03-30 11:24:53","commentOwner":"=="},{"comment":"囫囵排雷的肯定都不是我小说的受众，完全都不会在意。最怕就是真读者很认真的建议，而且还是好多人，那就说明我写的文出现问题，需要认真思考后续和改文，既影响收益又影响阅读，这时候才真的烦躁得要死。","commentTime":"2022-03-30 11:30:53","commentOwner":"。"}]}