{"id":"21ae02de-55f6-4aa5-ad72-e2214661ca00","category":"晋江论坛→网友交流区→碧水江汀 请稍候...","postSubject":"主题：忽然有一个问题，咕咕们这种情况需要文案排雷吗？ [8] 【搜索关键词：排雷】","postUrl":"https://bbs.jjwxc.net/showmsg.php?board=17&keyword=%C5%C5%C0%D7&id=1783939","originalPost":"比如说我写了一个故事背景走向是人类社会毁灭的大悲剧这样，但是主线是感情he\n求问，祝咕咕们本本五星！","numberOfReplies":7,"comments":[{"comment":"我觉得不用，但是咕咕还是排雷吧，毕竟花钱的是你读者","commentTime":"2022-03-02 14:01:36","commentOwner":"："},{"comment":"一定要排雷","commentTime":"2022-03-02 14:01:39","commentOwner":"。"},{"comment":"排吧……给我一个理由，不然一想到人类毁灭就窒息了。","commentTime":"2022-03-02 14:02:21","commentOwner":"凌昔末"},{"comment":"感觉好剧透","commentTime":"2022-03-02 14:02:55","commentOwner":"。"},{"comment":"感觉好剧透\n№4 ☆☆☆。|deb6b5b5于2022-03-02 14:02:55留言☆☆☆\n就是担心这个，好剧透","commentTime":"2022-03-02 14:04:23","commentOwner":"好运来呀那个好运来"},{"comment":"排吧……给我一个理由，不然一想到人类毁灭就窒息了。\n№3 ☆☆☆凌昔末|8f8fcb35于2022-03-02 14:02:21留言☆☆☆\n自己作死的那种","commentTime":"2022-03-02 14:06:57","commentOwner":"好运来呀那个好运来"},{"comment":"我觉得不用","commentTime":"2022-03-02 14:07:44","commentOwner":"又菜又垃圾"}]}