{"id":"543789e0-84e9-4014-a188-efc78a0046a8","category":"晋江论坛→网友交流区→碧水江汀 欢迎回来：53088456  退 出","postSubject":"主题：我来净化页面啦，大家顶排雷就好了，不要顶洗白贴啊啊啊啊，不要！给他们机会！看到就退出，只顶排雷就好了，然后来闲聊吗？ [28] 【搜索关键词：排雷】","postUrl":"https://bbs.jjwxc.net/showmsg.php?board=17&keyword=%C5%C5%C0%D7&id=1848786","originalPost":"Rt","numberOfReplies":28,"comments":[{"comment":"。","commentTime":"2022-04-14 14:11:13","commentOwner":"。"},{"comment":"跟他们争辩等于给他们机会","commentTime":"2022-04-14 14:11:33","commentOwner":"。"},{"comment":"dddd","commentTime":"2022-04-14 14:11:34","commentOwner":"。"},{"comment":"再顶","commentTime":"2022-04-14 14:11:49","commentOwner":"。"},{"comment":"我大号写文号都进去了，诶，当年年少无知，现在顶着没心号都没有安全感，没想到有人还敢说自己看盗文","commentTime":"2022-04-14 14:12:50","commentOwner":"。"},{"comment":"踢一脚","commentTime":"2022-04-14 14:13:05","commentOwner":"。"},{"comment":"可恶，想……在论坛写文","commentTime":"2022-04-14 14:13:34","commentOwner":"。"},{"comment":"顶","commentTime":"2022-04-14 14:13:50","commentOwner":"……"},{"comment":"再dd","commentTime":"2022-04-14 14:13:53","commentOwner":"。"},{"comment":"隔壁还在争论，大概是不服吧","commentTime":"2022-04-14 14:14:06","commentOwner":"。"},{"comment":"再dd\n№9 ☆☆☆。|25cf8cf5于2022-04-14 14:13:53留言☆☆☆\n狠狠薅一手羽毛","commentTime":"2022-04-14 14:14:21","commentOwner":"。"},{"comment":"踢踢","commentTime":"2022-04-14 14:14:31","commentOwner":"。"},{"comment":"顶","commentTime":"2022-04-14 14:14:53","commentOwner":"。"},{"comment":"诶，趴在楼里数太阳","commentTime":"2022-04-14 14:15:25","commentOwner":"。"},{"comment":"一个太阳，两个太阳，哦，原来是我昏了眼，天上明明只有九个太阳","commentTime":"2022-04-14 14:16:01","commentOwner":"。"},{"comment":"大羿来射日！（胡言乱语）","commentTime":"2022-04-14 14:16:16","commentOwner":"。"},{"comment":"哦吼，去码字了……","commentTime":"2022-04-14 14:17:54","commentOwner":"。"},{"comment":"还准备来聊天的哈哈哈哈","commentTime":"2022-04-14 14:18:14","commentOwner":"。"},{"comment":"有没有人来贴猫咪，想云吸猫","commentTime":"2022-04-14 14:19:49","commentOwner":"……"},{"comment":"dd，顺便问问咋看在jj一共花了多少币啊，想知道自己啥时候四心\n想在隔壁问来着，但挺想让那个帖子沉掉","commentTime":"2022-04-14 14:21:26","commentOwner":"。"},{"comment":"dd，顺便问问咋看在jj一共花了多少币啊，想知道自己啥时候四心\n想在隔壁问来着，但挺想让那个帖子沉掉\n№20☆☆☆。|c798d2a0于2022-04-14 14:21:26留言☆☆☆\n好像在网页里面点开，发，piao就可以看到花了多少（但是我一直没找到过蹲蹲其他人）","commentTime":"2022-04-14 14:23:10","commentOwner":"。"},{"comment":"dd","commentTime":"2022-04-14 14:23:11","commentOwner":"。"},{"comment":"历史引用 展开全部▼\n好像在网页里面点开，发，piao就可以看到花了多少（但是我一直没找到过蹲蹲其他人）\n№21 ☆☆☆。|25cf8cf5于2022-04-14 14:23:10留言☆☆☆\n我也没找到，只能到去年多少","commentTime":"2022-04-14 14:23:49","commentOwner":"。"},{"comment":"看那些无聊的人的帖子真的是……把这个帖子顶起来！\n话题都被带歪楼了","commentTime":"2022-04-14 14:30:10","commentOwner":"。"},{"comment":"定","commentTime":"2022-04-14 14:30:48","commentOwner":"。"},{"comment":"历史引用 展开全部▼\n我也没找到，只能到去年多少\n№23☆☆☆。|c798d2a0于2022-04-14 14:23:49留言☆☆☆\n是的，没找到总的","commentTime":"2022-04-14 14:31:25","commentOwner":"。"},{"comment":"看总金额要网页版，右上角账务??我的余额??申请开□□??订单日期起始日调整到很久之前（开号之前）??申请电子□□ 就可以看到□□金额 就是你的总消费","commentTime":"2022-04-14 16:09:12","commentOwner":"。"},{"comment":"看总金额要网页版，右上角账务??我的余额??申请开□□??订单日期起始日调整到很久之前（开号之前）??申请电子□□ 就可以看到□□金额 就是你的总消费\n№27☆☆☆。|2cef9c22于2022-04-14 16:09:12留言☆☆☆\n框框发那啥票","commentTime":"2022-04-14 16:09:53","commentOwner":"。"}]}