{"id":"a02dfce9-c71c-4204-9ee0-ab9d1abbfd9e","category":"晋江论坛→网友交流区→碧水江汀 请稍候...","postSubject":"主题：李涛，排雷会影响涨收吗？ [7] 【搜索关键词：排雷】","postUrl":"https://bbs.jjwxc.net/showmsg.php?board=17&keyword=%C5%C5%C0%D7&id=1684412","originalPost":"rt","numberOfReplies":7,"comments":[{"comment":"不是指评论区的读者排雷，是作者自己在文案排雷","commentTime":"2021-12-20 12:08:20","commentOwner":"。"},{"comment":"不排雷容易被骂","commentTime":"2021-12-20 12:08:24","commentOwner":"。。"},{"comment":"你说的是评论区排雷还是文案排雷","commentTime":"2021-12-20 12:08:29","commentOwner":"= ="},{"comment":"不排等着读者踩雷评论区排雷 更影响呢","commentTime":"2021-12-20 12:08:55","commentOwner":"。"},{"comment":"不文案排雷，作者名容易被读者区排雷，哪个影响更大应该容易分辨","commentTime":"2021-12-20 12:09:03","commentOwner":"= ="},{"comment":"排雷影响涨收。\n排雷容易被骂。\n比如生子，你如果在文案排雷生子，那我绝对不会点进去。\n但你如果不排雷，写着写着有生子情节，那我也可以接受。当然，不接受的人就开骂了。","commentTime":"2021-12-20 12:12:21","commentOwner":"。"},{"comment":"排雷影响涨收。\n排雷容易被骂。\n比如生子，你如果在文案排雷生子，那我绝对不会点进去。\n但你如果不排雷，写着写着有生子情节，那我也可以接受。当然，不接受的人就开骂了。\n№6 ☆☆☆。|b62189d2于2021-12-20 12:12:21留言☆☆☆\n改个字，不排雷容易被骂","commentTime":"2021-12-20 12:12:53","commentOwner":"。"}]}