{"id":"fbcae1cf-fd6f-4578-a41e-3b41b3bf59dd","category":"晋江论坛→网友交流区→碧水江汀 欢迎回来：53088456  退 出","postSubject":"主题：求助，老婆文学有受女装情节一定要文案排雷吗？主要是感觉我排雷已经写了很多字数了，都两百多了…… [12] 【搜索关键词：排雷】","postUrl":"https://bbs.jjwxc.net/showmsg.php?board=17&keyword=%C5%C5%C0%D7&id=1854525","originalPost":"因为自我感觉不算雷，如果必须排那我还是标上吧QAQ","numberOfReplies":12,"comments":[{"comment":"有人雷","commentTime":"2022-04-18 01:14:14","commentOwner":"。"},{"comment":"两、两百字的排雷？？？？？\n=口=！！！！","commentTime":"2022-04-18 01:14:24","commentOwner":"0-0"},{"comment":"老婆文学是?把受当自己老婆?","commentTime":"2022-04-18 01:16:01","commentOwner":"=="},{"comment":"两、两百字的排雷？？？？？\n=口=！！！！\n№2 ☆☆☆0-0|94f56b78于2022-04-18 01:14:24留言☆☆☆\n刚刚数了一下，将近两百字了，没差几个字QAQ\n这也排一下那也排一下就这么多字数了，只是排雷而已","commentTime":"2022-04-18 01:16:13","commentOwner":"= ="},{"comment":"都是惯的，我一个雷都不排，爱负就负，反正我不看评论区","commentTime":"2022-04-18 01:16:36","commentOwner":"。"},{"comment":"老婆文学是?把受当自己老婆?\n№3 ☆☆☆==|5d5da2ed于2022-04-18 01:16:01留言☆☆☆\n娇软受，很多读者喜欢在评论区喊受老婆那种被称为老婆文学","commentTime":"2022-04-18 01:16:42","commentOwner":"= ="},{"comment":"有人雷\n№1 ☆☆☆。|cdcfbe0e于2022-04-18 01:14:14留言☆☆☆\n我考虑考虑，主要已经排了很多了QAQ","commentTime":"2022-04-18 01:17:31","commentOwner":"= ="},{"comment":"都是惯的，我一个雷都不排，爱负就负，反正我不看评论区\n№5 ☆☆☆。|54eeb8a8于2022-04-18 01:16:36留言☆☆☆\n厉害厉害","commentTime":"2022-04-18 01:17:53","commentOwner":"= ="},{"comment":"女装无所谓啊，大家都是摩多摩多的","commentTime":"2022-04-18 01:19:00","commentOwner":"。"},{"comment":"女装无所谓啊，大家都是摩多摩多的\n№9 ☆☆☆。|3f150c12于2022-04-18 01:19:00留言☆☆☆\n谢谢宝","commentTime":"2022-04-18 01:21:42","commentOwner":"= ="},{"comment":"并不会吧，上本写了受女装没人喊雷。","commentTime":"2022-04-18 01:24:52","commentOwner":"=="},{"comment":"感觉你这个主题大家会喊女装摩多摩多","commentTime":"2022-04-18 01:44:17","commentOwner":"。"}]}