{"id":"a8d70139-5f64-43bb-a471-9ca528fcf3ac","category":"晋江论坛→网友交流区→碧水江汀 欢迎回来：53088456  退 出","postSubject":"主题：pbc写主攻也写主受，会被读者排雷吗 [13] 【搜索关键词：排雷】","postUrl":"https://bbs.jjwxc.net/showmsg.php?board=17&keyword=%C5%C5%C0%D7&id=1807336","originalPost":"不知道有没有必要为了视角开马甲","numberOfReplies":13,"comments":[{"comment":"只要不写虫族一般不会的","commentTime":"2022-03-18 21:06:36","commentOwner":"= ="},{"comment":"不写虫族主攻不会","commentTime":"2022-03-18 21:06:51","commentOwner":"。"},{"comment":"反正我是分两个号写的哈哈哈哈","commentTime":"2022-03-18 21:06:57","commentOwner":"。"},{"comment":"还好，其实这种不会","commentTime":"2022-03-18 21:07:06","commentOwner":"——"},{"comment":"不会吧","commentTime":"2022-03-18 21:07:18","commentOwner":"。"},{"comment":"点烟，依照我的经验，另开号比较好","commentTime":"2022-03-18 21:07:19","commentOwner":"。"},{"comment":"啊这……突然感觉jj的马甲数量给少了，竟然连主攻和主受倒要分号嘛","commentTime":"2022-03-18 21:08:31","commentOwner":"小号子"},{"comment":"主攻一个\n主受一个\n言情一个\n百合一个\n衍生一个\n放飞自我一个\n切错号再换两个\n五个完全不够嘛！","commentTime":"2022-03-18 21:12:33","commentOwner":"。"},{"comment":"没这种必要吧……不喂shi放雷就行","commentTime":"2022-03-18 21:13:12","commentOwner":"。"},{"comment":"不虐受不虐攻的，一般不会被排雷\n虐过的话，建议分开","commentTime":"2022-03-18 21:15:14","commentOwner":"。"},{"comment":"会","commentTime":"2022-03-18 21:19:13","commentOwner":"。。"},{"comment":"会\n№11 ☆☆☆。。|41e0eda5于2022-03-18 21:19:13留言☆☆☆\n耽百不能混，攻受不能混，马甲不够开啊","commentTime":"2022-03-18 21:25:05","commentOwner":"。"},{"comment":"其实大部分正常的读者不会没事搞这种排雷……","commentTime":"2022-03-18 21:25:43","commentOwner":"。"}]}