{"id":"70069623-2dab-4ef6-9f5b-c9b6e43c156b","category":"晋江论坛→网友交流区→碧水江汀 请稍候...","postSubject":"主题：为什么总有人不仔细看文就排雷 [11] 【搜索关键词：排雷】","postUrl":"https://bbs.jjwxc.net/showmsg.php?board=17&keyword=%C5%C5%C0%D7&id=1713146","originalPost":"叹气","numberOfReplies":11,"comments":[{"comment":"hhh还有人看了排雷还要进来自己再以身试法排一遍","commentTime":"2022-01-11 08:50:09","commentOwner":"。"},{"comment":"hhh还有人看了排雷还要进来自己再以身试法排一遍\n№1 ☆☆☆。|246c281f于2022-01-11 08:50:09留言☆☆☆\n绝了","commentTime":"2022-01-11 16:09:01","commentOwner":"。。"},{"comment":"我看过有人排雷某某角色戏份太多，那是那个角色的番外……","commentTime":"2022-01-11 16:12:22","commentOwner":"。"},{"comment":"我看过有人排雷某某角色戏份太多，那是那个角色的番外……\n№3 ☆☆☆。|7e4fc2b2于2022-01-11 16:12:22留言☆☆☆\n噗哈哈哈哈那人眼瞎吗","commentTime":"2022-01-11 16:12:46","commentOwner":"。。"},{"comment":"排雷我觉得不重要吧，我看小说从来不看排雷。","commentTime":"2022-01-11 16:13:23","commentOwner":"。"},{"comment":"显得自己有个性，能发现问题，也就是聪明，也就是出挑和高人一等\n就跟小说主角一样，随便说两句就指点江山","commentTime":"2022-01-11 16:13:35","commentOwner":"咕咕"},{"comment":"显得自己有个性，能发现问题，也就是聪明，也就是出挑和高人一等\n就跟小说主角一样，随便说两句就指点江山\n№6 ☆☆☆咕咕|83905436于2022-01-11 16:13:35留言☆☆☆\n全数字？\n爽了","commentTime":"2022-01-11 16:13:55","commentOwner":"咕咕"},{"comment":"排雷我觉得不重要吧，我看小说从来不看排雷。\n№5 ☆☆☆。|a03fdd64??于2022-01-11 16:13:23留言☆☆☆\n有一次有一个排雷居然排到我的萌点上。他说作者写的蛇好恶心，可我偏偏是喜欢蛇尾人身大战的。","commentTime":"2022-01-11 16:14:18","commentOwner":"。"},{"comment":"不知道能不能删除，删除后对方看不看得到，会不会报复，唉","commentTime":"2022-01-11 16:22:24","commentOwner":"。。"},{"comment":"我在文案第一行写xx文（某个类型题材）结果有人在完结评分打三星，说怎么是xx文，落入俗套。\n我一整个无语住","commentTime":"2022-01-11 16:32:52","commentOwner":"。"},{"comment":"我在文案第一行写xx文（某个类型题材）结果有人在完结评分打三星，说怎么是xx文，落入俗套。\n我一整个无语住\n№10 ☆☆☆。|d62f13e0于2022-01-11 16:32:52留言☆☆☆\n哈哈哈哈，救命，总有人说某个题材啥俗咋滴或者说作者写得俗套，即使我不看我还是觉得你谁呀，你了不起，你清高，你去看不俗的不就结了！要是说到我喜欢的，我就：没错，我俗，我爱看，我土狗。哈哈哈哈","commentTime":"2022-01-11 16:38:08","commentOwner":"……"}]}