{"id":"0d5923ab-93e6-48f3-a217-85008d401871","category":"晋江论坛→网友交流区→碧水江汀 请稍候...","postSubject":"主题：我看文的时候雷点非常多，但我个人觉得我有一点做的非常好，弃文直接点叉，也不按个人口味排雷，但相应的我看文从不留评 [10] 【搜索关键词：排雷】","postUrl":"https://bbs.jjwxc.net/showmsg.php?board=17&keyword=%C5%C5%C0%D7&id=1746672","originalPost":"rt","numberOfReplies":10,"comments":[{"comment":"是我了","commentTime":"2022-02-03 19:58:27","commentOwner":"= ="},{"comment":"喜欢你这样的","commentTime":"2022-02-03 19:59:27","commentOwner":"。"},{"comment":"是我了\n№1☆☆☆= =|11cbdc28于2022-02-03 19:58:27留言☆☆☆\n但我会在喜欢的文下面留评，类似于前面全程一言不发直到后面看完了发一句完结撒花这样，算是留个脚印hhh","commentTime":"2022-02-03 19:59:33","commentOwner":"= ="},{"comment":"作为作者最喜欢这样的读者。\nps作为读者其实我也是这样的读者","commentTime":"2022-02-03 20:01:09","commentOwner":"啊哈"},{"comment":"握爪","commentTime":"2022-02-03 20:01:38","commentOwner":"= ="},{"comment":"我也，从没打过负分","commentTime":"2022-03-02 03:21:30","commentOwner":"咸鱼求翻身"},{"comment":"我也……","commentTime":"2022-03-02 03:51:36","commentOwner":"。"},{"comment":"+1","commentTime":"2022-03-02 03:54:17","commentOwner":"——"},{"comment":"我也不留言，也不看留言，所以从来没发现过腥风血雨","commentTime":"2022-03-02 04:06:20","commentOwner":"，"},{"comment":"会看作者排雷，没有就翻别人留言，自己留言只留哈哈哈","commentTime":"2022-03-02 04:17:18","commentOwner":"。"}]}