{"id":"4df2b6b9-64d2-47d1-b045-5b725903eaf7","category":"晋江论坛→网友交流区→碧水江汀 请稍候...","postSubject":"主题：扑街好失败，写了个毒梗想另一方面火一下，结果读者区排雷都没我的名字 [6] 【搜索关键词：排雷】","postUrl":"https://bbs.jjwxc.net/showmsg.php?board=17&keyword=%C5%C5%C0%D7&id=1648600","originalPost":"我怎么能这么扑","numberOfReplies":6,"comments":[{"comment":"哈哈哈哈我也是，我写之前已经想好我会被怎么骂了，然而风平浪静地扑了","commentTime":"2021-11-23 20:39:33","commentOwner":"= ="},{"comment":"一样\n悄无声息","commentTime":"2021-11-23 20:40:32","commentOwner":"= ="},{"comment":"糊是最好的保护色(叹气)","commentTime":"2021-11-23 20:41:18","commentOwner":"= ="},{"comment":"又火又毒，一下子好像更困难了","commentTime":"2021-11-23 20:41:41","commentOwner":"。"},{"comment":"就，有多毒，我想听听","commentTime":"2021-11-23 20:42:04","commentOwner":"= ="},{"comment":"糊是最好的保护色原来是真的","commentTime":"2021-11-23 20:42:33","commentOwner":"= ="}]}