{"id":"2277f289-f330-4043-9165-90d807a47ab0","category":"晋江论坛→网友交流区→碧水江汀 欢迎回来：53088456  退 出","postSubject":"主题：【2022】适宜租房地区 推荐与排雷 [3] 【搜索关键词：排雷】","postUrl":"https://bbs.jjwxc.net/showmsg.php?board=17&keyword=%C5%C5%C0%D7&id=1975229","originalPost":"不限城市，求推荐","numberOfReplies":3,"comments":[{"comment":"  ","commentTime":"2022-07-05 16:46:56","commentOwner":"。"},{"comment":"西安据说不错，合租水电一人1000+能解决","commentTime":"2022-07-05 16:47:37","commentOwner":"= ="},{"comment":"蹲一个东北推荐和排雷","commentTime":"2022-07-05 16:47:38","commentOwner":"。"}]}