{"id":"20ce9096-3549-4dd5-b7d7-fe7a23deb5de","category":"晋江论坛→网友交流区→碧水江汀 欢迎回来：53088456  退 出","postSubject":"主题：挠头，为啥有的读者雷点这么奇怪？男主皇帝，是土生土长的古代人，在女主面前自称朕，被吐槽排雷说是大雷点 [1] 【搜索关键词：排雷】","postUrl":"https://bbs.jjwxc.net/showmsg.php?board=17&keyword=%C5%C5%C0%D7&id=1885826","originalPost":"想破头都想不懂，这个雷点到底在哪……","numberOfReplies":1,"comments":[{"comment":"别理会地雷成精的人","commentTime":"2022-05-07 18:38:46","commentOwner":"。。。"}]}