{"id":"74d1b905-34fb-43d9-8239-452d1ecb5a15","category":"晋江论坛→网友交流区→碧水江汀 请稍候...","postSubject":"主题：上个夹子给我吓的 我居然做梦被大篇恶意排雷警醒了现在 [6] 【搜索关键词：排雷】","postUrl":"https://bbs.jjwxc.net/showmsg.php?board=17&keyword=%C5%C5%C0%D7&id=1734007","originalPost":"早安 继续睡了","numberOfReplies":6,"comments":[{"comment":"我梦的是，我怎么都没涨就要下夹子了","commentTime":"2022-01-25 07:48:27","commentOwner":"。。。"},{"comment":"哈哈哈，我以前也做过差不多的梦，在上夹子前天晚上","commentTime":"2022-01-25 07:55:11","commentOwner":"…"},{"comment":"我也梦到过，一觉醒来，发现自己还是那个冷评作者","commentTime":"2022-01-25 07:56:48","commentOwner":"(⊙o⊙)哇哦"},{"comment":"我准备好压评了，然后都没有……","commentTime":"2022-01-25 08:05:04","commentOwner":"。。。"},{"comment":"我也做过，然而醒来之后是没人评","commentTime":"2022-01-25 08:06:51","commentOwner":"。。。。"},{"comment":"大家上午好 我醒了 看了眼 我没有评论","commentTime":"2022-01-25 10:47:59","commentOwner":"。"}]}