{"id":"f583753f-7f0c-42b1-82d0-3991283a15d1","category":"晋江论坛→网友交流区→碧水江汀 请稍候...","postSubject":"主题：啊啊啊，气死了，生子为啥不带标签不排雷！！！！！！ [25] 【搜索关键词：排雷】","postUrl":"https://bbs.jjwxc.net/showmsg.php?board=17&keyword=%C5%C5%C0%D7&id=1667275","originalPost":"就是吐槽一下，看到大结局了，突然来个生子，标签没有，排雷也没有，作话为啥生子：因为喜欢孩子（打码）\n雷！！我巨雷！！看蛋唯一雷点就是生子艹啊啊啊啊啊啊啊啊啊啊啊啊","numberOfReplies":24,"comments":[{"comment":"代入一下，已经窒息了","commentTime":"2021-12-07 23:29:47","commentOwner":"= ="},{"comment":"代入一下，已经窒息了\n№1 ☆☆☆= =|2cb988ec于2021-12-07 23:29:47留言☆☆☆\n我疯了真的，看文那么久，第一次发现生子不排雷不带标签的，生子是热点啊，有固定读者啊，为啥不标一下或者排雷一下擦擦擦","commentTime":"2021-12-07 23:32:12","commentOwner":"。"},{"comment":"是番外就别看吧。\n就当是平行宇宙","commentTime":"2021-12-07 23:33:54","commentOwner":"=="},{"comment":"BL？","commentTime":"2021-12-07 23:34:38","commentOwner":"栗子"},{"comment":"是番外就别看吧。\n就当是平行宇宙\n№3 ☆☆☆==|5898645f于2021-12-07 23:33:54留言☆☆☆\n我点开了才发现……已经晚了","commentTime":"2021-12-07 23:35:39","commentOwner":"。"},{"comment":"BL？\n№4 ☆☆☆栗子|8d666439于2021-12-07 23:34:38留言☆☆☆\n对啊……gl我也不至于雷啊","commentTime":"2021-12-07 23:36:02","commentOwner":"。"},{"comment":"woc，我也是最雷耽美生子，好能体会lz心情……天雷滚滚了属于是，居然还在结尾，woc","commentTime":"2021-12-07 23:38:32","commentOwner":"= ="},{"comment":"历史引用 展开全部▼\n对啊……gl我也不至于雷啊\n№6 ☆☆☆。|84cf84fc于2021-12-07 23:36:02留言☆☆☆\n目录也没标注吗？","commentTime":"2021-12-07 23:40:09","commentOwner":"=="},{"comment":"历史引用 展开全部▼\n目录也没标注吗？\n№8 ☆☆☆==|5898645f于2021-12-07 23:40:09留言☆☆☆\n刚刚去喵了一眼，没有（我看文很少看目录，都是直接往下点）","commentTime":"2021-12-07 23:43:46","commentOwner":"。"},{"comment":"摸摸lz\n是我我会打负","commentTime":"2021-12-07 23:44:07","commentOwner":"= ="},{"comment":"？？？？耽美生子文案不排雷？？？？救命啊\n真的雷……","commentTime":"2021-12-07 23:44:54","commentOwner":"。"},{"comment":"代入了一下，已经昏厥了","commentTime":"2021-12-08 00:03:24","commentOwner":"。"},{"comment":"摸摸\n我拉黑过好几个这样的作者","commentTime":"2021-12-08 00:07:27","commentOwner":"。"},{"comment":"窒息，我巨雷生子","commentTime":"2021-12-08 00:08:35","commentOwner":"。"},{"comment":"同，我也巨雷生子","commentTime":"2021-12-08 00:13:18","commentOwner":"。"},{"comment":"是我得打负分","commentTime":"2021-12-08 00:15:40","commentOwner":"。。"},{"comment":"bl gl都不爱看生子的我…","commentTime":"2021-12-08 00:18:36","commentOwner":"。"},{"comment":"GL怎么生子？","commentTime":"2021-12-08 00:22:38","commentOwner":"认真疑惑"},{"comment":"GL怎么生子？\n№19☆☆☆认真疑惑|8ef3fe2a于2021-12-08 00:22:38留言☆☆☆\n哦bg 写错了（捂脸","commentTime":"2021-12-08 00:23:28","commentOwner":"。"},{"comment":"摸摸lz\n是我我会打负\n№11 ☆☆☆= =|a3923e0d于2021-12-07 23:44:07留言☆☆☆\n昨天气疯的时候我也想，可我作者号看的文/吐血","commentTime":"2021-12-08 21:24:48","commentOwner":"。"},{"comment":"是我得打负分\n№17 ☆☆☆。。|9f8dc74e于2021-12-08 00:15:40留言☆☆☆\n哭泣，作者号看的文","commentTime":"2021-12-08 21:25:06","commentOwner":"。"},{"comment":"我不雷BL生子，但我巨雷GL生子，有好多次看的好好的，突然来了个生子（没有排雷），那感觉就像被喂了一口shi，整个人恶心膈应又暴躁","commentTime":"2021-12-08 21:43:54","commentOwner":"。"},{"comment":"靠靠靠耽美生子…… 已经开始窒息了","commentTime":"2021-12-08 21:45:24","commentOwner":"。"},{"comment":"bg生子虽然好多人雷，但我生崽子番外点击比大结局还高","commentTime":"2021-12-08 21:47:32","commentOwner":"。"}]}