{"id":"5fc9514f-9580-4a2a-9ab2-21b8a4c5fdfd","category":"晋江论坛→网友交流区→碧水江汀 欢迎回来：53088456  退 出","postSubject":"主题：我以前以为写了雷点才会被排雷，结果才发现，我低估了，什么雷点没有，写剧情流也会排雷。 [12] 【搜索关键词：排雷】","postUrl":"https://bbs.jjwxc.net/showmsg.php?board=17&keyword=%C5%C5%C0%D7&id=1764485","originalPost":"到底是谁给她错觉，不谈恋爱就是挂羊头卖狗肉，我就不爱谈恋爱，爱写剧情流怎么了。","numberOfReplies":12,"comments":[{"comment":"她就是不喜欢你的文（鸡蛋里面挑骨头）","commentTime":"2022-02-16 02:32:41","commentOwner":"。"},{"comment":"什么文都有可能会被排雷的","commentTime":"2022-02-16 02:33:34","commentOwner":"。"},{"comment":"写剧情流ta骂你言情/耽美不就是谈恋爱的嘛想写剧情为什么不去无cp（。","commentTime":"2022-02-16 02:35:56","commentOwner":"= ="},{"comment":"我告诉她，文有剧情流和感情流，而且我的文名文案都是非常明确的剧情流。\n大几万的收藏，从来没人疑惑过，都完结半年了，突然有一个在评论区疯狂排雷。\n告诉读者这本是剧情流，不是感情流。\n我一脸懵逼，我写的这个题材是晋江出了名的剧情流，甚至只能写剧情流，写感情流会被喷。\n我真的很想说，整个晋江除了她压根没别人误会。\n然后有读者说这文就是剧情流啊，结果她现在说我粉丝撕她。\n如果有一个人告诉你现言大多是感情流，幻言是剧情流，你会觉得她是作者粉丝吗？","commentTime":"2022-02-16 02:39:50","commentOwner":"=="},{"comment":"这人就是有大冰 举报就好","commentTime":"2022-02-16 02:40:46","commentOwner":"。"},{"comment":"这人就是有大冰 举报就好\n№5 ☆☆☆。|f4ed2c71于2022-02-16 02:40:46留言☆☆☆\n现在还在一脸委屈地说我读者举报她，删她评论。","commentTime":"2022-02-16 02:41:40","commentOwner":"=="},{"comment":"写剧情流ta骂你言情/耽美不就是谈恋爱的嘛想写剧情为什么不去无cp（。\n№3 ☆☆☆= =|0f208cac于2022-02-16 02:35:56留言☆☆☆\n她压根可能还不知道无cp，我告诉她文分剧情流和感情流，她都觉得我是强词夺理。","commentTime":"2022-02-16 02:43:15","commentOwner":"=="},{"comment":"历史引用 展开全部▼\n她压根可能还不知道无cp，我告诉她文分剧情流和感情流，她都觉得我是强词夺理。\n№7 ☆☆☆==|d14dd858于2022-02-16 02:43:15留言☆☆☆\n排雷时还特地说这是作者说的，仿佛我是在故意骗她，转移重点。","commentTime":"2022-02-16 02:44:20","commentOwner":"=="},{"comment":"我谈恋爱也被排啊，剧情流主角整天跟攻磨磨唧唧不在章节提要标出来","commentTime":"2022-02-16 02:49:42","commentOwner":"= ="},{"comment":"这人是不是有病病","commentTime":"2022-02-16 02:57:35","commentOwner":"！"},{"comment":"我谈恋爱也被排啊，剧情流主角整天跟攻磨磨唧唧不在章节提要标出来\n№9 ☆☆☆= =|b940bd28于2022-02-16 02:49:42留言☆☆☆\n拥抱，把你这反一下，就是我那排雷，抱抱咕咕。","commentTime":"2022-02-16 02:59:53","commentOwner":"=="},{"comment":"这人是不是有病病\n№10 ☆☆☆！|d2a0683f于2022-02-16 02:57:35留言☆☆☆\n我都想把她丢进幻言，给她几本男主到番外才出来的，霍霍她了。\n我孬好后面男女主一起好几十章。","commentTime":"2022-02-16 03:01:20","commentOwner":"=="}]}