{"id":"13dd28fd-e53a-4b86-a572-3626ada5857f","category":"晋江论坛→网友交流区→碧水江汀 欢迎回来：53088456  退 出","postSubject":"主题：甜宠文和hzc放一个号上写会被排雷吗？ [53] 【搜索关键词：排雷】","postUrl":"https://bbs.jjwxc.net/showmsg.php?board=17&keyword=%C5%C5%C0%D7&id=1813998","originalPost":"同一频道","numberOfReplies":53,"comments":[{"comment":"概率比较大…会的","commentTime":"2022-03-23 16:02:13","commentOwner":"。"},{"comment":"古言","commentTime":"2022-03-23 16:02:25","commentOwner":"。"},{"comment":"会，我都换号了，因为用词什么的被扒出来都被排雷","commentTime":"2022-03-23 16:02:56","commentOwner":"。"},{"comment":"为什么！？！（）","commentTime":"2022-03-23 16:03:27","commentOwner":"薄荷啾啾啾"},{"comment":"谢谢咕咕们，那我换号写吧","commentTime":"2022-03-23 16:03:53","commentOwner":"。"},{"comment":"我怎么觉得现在动不动就雷雷雷的，连正大光明用同一个号都不行了","commentTime":"2022-03-23 16:04:06","commentOwner":"= ="},{"comment":"为啥，我还想用一个号写我所有的脑洞了","commentTime":"2022-03-23 16:04:51","commentOwner":""},{"comment":"？啊这……","commentTime":"2022-03-23 16:06:16","commentOwner":"。"},{"comment":"这也排雷？有毒吧","commentTime":"2022-03-23 16:07:24","commentOwner":"= ="},{"comment":"现在读者要求这么严格了吗…那岂不是写一本换一个马甲的节奏。我觉得因为这个换号有点得不偿失。雷这个的应该是少数？","commentTime":"2022-03-23 16:08:41","commentOwner":"Juejdks"},{"comment":"不至于\n不过不一定会看","commentTime":"2022-03-23 16:09:15","commentOwner":"——"},{"comment":"我见过有被这么排雷的，所以上来问问","commentTime":"2022-03-23 16:09:43","commentOwner":"。"},{"comment":"没有吧……我没有被排雷……","commentTime":"2022-03-23 16:09:53","commentOwner":"。"},{"comment":"啊？？？还有这讲究么我去","commentTime":"2022-03-23 16:11:05","commentOwner":"。"},{"comment":"现在这么严格了吗？","commentTime":"2022-03-23 16:11:16","commentOwner":"。"},{"comment":"我觉得关系不大。一文事一文毕。","commentTime":"2022-03-23 16:11:17","commentOwner":"。"},{"comment":"现在读者真的太较真了，什么都能杠，什么都能排雷","commentTime":"2022-03-23 16:11:34","commentOwner":"……"},{"comment":"我觉得关系不大。一文事一文毕。\n№16         ☆☆☆。|93626544☆于2022-03-23 16:11:17留言        ☆☆☆\n看来我说的对。","commentTime":"2022-03-23 16:11:44","commentOwner":"。"},{"comment":"不会","commentTime":"2022-03-23 16:11:52","commentOwner":"。"},{"comment":"前两天不是有个帖子，作者主页简介甜文写手，结果写了一篇不是甜文的文被排雷。","commentTime":"2022-03-23 16:13:01","commentOwner":"。"},{"comment":"排雷不会是因为你一起写，而是因为你的hzc写的憋屈了读者不相信你的甜文真的能甜","commentTime":"2022-03-23 16:13:18","commentOwner":"=="},{"comment":"前两天不是有个帖子，作者主页简介甜文写手，结果写了一篇不是甜文的文被排雷。\n№20 ☆☆☆。|935053b7于2022-03-23 16:13:01留言☆☆☆\n！！！！\n突然害怕","commentTime":"2022-03-23 16:13:35","commentOwner":"。"},{"comment":"这也能排？晋江成扫雷游戏了？","commentTime":"2022-03-23 16:15:14","commentOwner":"。"},{"comment":"排雷不会是因为你一起写，而是因为你的hzc写的憋屈了读者不相信你的甜文真的能甜\n№21 ☆☆☆==|7634749d于2022-03-23 16:13:18留言☆☆☆\n那我一边写追妻火葬场成功 一边写男二上位的……","commentTime":"2022-03-23 16:17:12","commentOwner":"= ="},{"comment":"不会吧，我就这样放一起的，没人骂我，可能是我糊","commentTime":"2022-03-23 16:20:13","commentOwner":"。"},{"comment":"前两天不是有个帖子，作者主页简介甜文写手，结果写了一篇不是甜文的文被排雷。\n№20☆☆☆。|935053b7??于2022-03-23 16:13:01留言☆☆☆\n这tm是读者的问题好吗","commentTime":"2022-03-23 16:21:29","commentOwner":"=="},{"comment":"这么讲究的吗）震惊","commentTime":"2022-03-23 16:22:14","commentOwner":"O_o"},{"comment":"怎么说……我还是觉得，写文本来就不可能让每个人都满意的事，再处处缩手缩脚设限下去真的挺累","commentTime":"2022-03-23 16:23:41","commentOwner":"= ="},{"comment":"不至于，正在追的一篇小甜饼作者专栏里基本上全是渣贱文，不影响人家上金榜，不搞骚操作的话，新读者一般不在意旧文，搞了骚操作旧文才是“罪证”","commentTime":"2022-03-23 16:28:46","commentOwner":"。"},{"comment":"历史引用 展开全部▼\n这tm是读者的问题好吗\n№26 ☆☆☆==|287a260b于2022-03-23 16:21:29留言☆☆☆\n毛病，你冲我发什么火？？又不是我排的。读者排雷给你讲对错吗？不爽就排了呗。作者写双非处，或一方非处的作者有什么错？还不是被排雷。","commentTime":"2022-03-23 16:28:50","commentOwner":"。"},{"comment":"写大女主文的写hzc会被排雷吗（）","commentTime":"2022-03-23 16:29:46","commentOwner":"。"},{"comment":"只能说有这样的读者\n会不会遇到看运气","commentTime":"2022-03-23 16:32:17","commentOwner":"123"},{"comment":"hzc连带其他甜宠文都排雷的情况，我只听说过一种，\n就是作者在hzc里恶心人搞出了惊天地泣鬼神的操作，以致于所有的文都被排雷。","commentTime":"2022-03-23 16:32:20","commentOwner":"= ="},{"comment":"我没被排过。\n虽然文章最后……写得有点儿……","commentTime":"2022-03-23 16:33:56","commentOwner":"。"},{"comment":"为什么会雷？？？？为什么？？？？？？为什么？？？？我不明白！","commentTime":"2022-03-23 16:34:10","commentOwner":"日九生钱"},{"comment":"我没被排过。\n虽然文章最后……写得有点儿……\n№34 ☆☆☆。|f7c68118于2022-03-23 16:33:56留言☆☆☆\n可能是我前面写得内容太差了（陷入沉思）","commentTime":"2022-03-23 16:34:45","commentOwner":"。"},{"comment":"历史引用 展开全部▼\n可能是我前面写得内容太差了（陷入沉思）\n№36 ☆☆☆。|f7c68118于2022-03-23 16:34:45留言☆☆☆\n改字，前几本。","commentTime":"2022-03-23 16:35:04","commentOwner":"。"},{"comment":"会，而且如果你遇到兔子眼睛的同期，他就会用这种方式不断搞你，跟你的读者吵架，乱排雷，搞臭你的评论区","commentTime":"2022-03-23 16:37:22","commentOwner":"。"},{"comment":"别自己给自己裹脚了吧","commentTime":"2022-03-23 16:38:25","commentOwner":"。"},{"comment":"在一个频道写了两三年，这个频道是我的白月光，hzc也是我的白月光，写完这篇白月光的白月光我就换频道了，读者有的说我变了，有的发评论发私信求我回去写","commentTime":"2022-03-23 16:40:30","commentOwner":"= ="},{"comment":"天呐","commentTime":"2022-03-23 16:43:00","commentOwner":"。。。"},{"comment":"？？？？？现在这么严格了吗","commentTime":"2022-03-23 16:47:03","commentOwner":"=="},{"comment":"……这也要排现在的读者怎么了","commentTime":"2022-03-23 16:48:42","commentOwner":"。"},{"comment":"我感觉不至于，我没换，还是想写什么写什么，不过可能我糊","commentTime":"2022-03-23 16:53:03","commentOwner":"= ="},{"comment":"甜文齁死人，hzc虐得人心肝疼，读者也没排雷我，我个人认为没必要顾虑太多","commentTime":"2022-03-23 16:55:08","commentOwner":"。"},{"comment":"那种读者应该是少数吧，就算追作者，也不一定作者写的文都看啊，本质不是看文么？有本不符合自己喜好的，就蹲下一本呗","commentTime":"2022-03-23 16:55:51","commentOwner":"。"},{"comment":"？这也要排雷吗救命，我有好多类型的预收……什么火葬场强取豪夺男二上位我不是得被排几遍……","commentTime":"2022-03-23 16:56:04","commentOwner":"。"},{"comment":"放宽心，当有人排雷你的时候说明你不糊。\n我都没人排雷（抹泪）","commentTime":"2022-03-23 16:57:24","commentOwner":"。"},{"comment":"hzc连带其他甜宠文都排雷的情况，我只听说过一种，\n就是作者在hzc里恶心人搞出了惊天地泣鬼神的操作，以致于所有的文都被排雷。\n№33 ☆☆☆= =|ab1fa543于2022-03-23 16:32:20留言☆☆☆\n就是这种，hzc让读者觉得作者敷衍舍不得烧之类的","commentTime":"2022-03-23 16:57:41","commentOwner":"=="},{"comment":"我怎么觉得现在动不动就雷雷雷的，连正大光明用同一个号都不行了\n№6 ☆☆☆= =|9ee360fd于2022-03-23 16:04:06留言☆☆☆\n。","commentTime":"2022-03-23 16:58:40","commentOwner":"。"},{"comment":"这居然都会。","commentTime":"2022-03-23 16:59:06","commentOwner":"。"},{"comment":"还有这种讲究？？","commentTime":"2022-03-23 17:00:42","commentOwner":"。"},{"comment":"我都是一锅乱炖","commentTime":"2022-03-23 17:01:12","commentOwner":"。。。"}]}