{"id":"cb1513b3-3bba-4b9c-9899-d1e3a2c5cc48","category":"晋江论坛→网友交流区→碧水江汀 欢迎回来：53088456  退 出","postSubject":"主题：前几天不是有个贴说作者在评论放狠话下头，昨天我翻关注的作者专栏找文看到例子了，文案第一行，“不排雷，爱看看不爱看滚” [29] 【搜索关键词：排雷】","postUrl":"https://bbs.jjwxc.net/showmsg.php?board=17&keyword=%C5%C5%C0%D7&id=1945346","originalPost":"我的习惯是隔一段时间就把关注的所有作者专栏看一遍，看大家有没有开新文我错过了，然后昨晚翻到了一个我关注很久的作者，她那篇文我追了一半后续没关注，然后现在已经完结了，我一看文案就挂了那刚字，我想到了那天的帖子，代入了一下，好像没啥感觉，因为我没在作者的文下下说什么话，没有啥下头的感觉","numberOfReplies":29,"comments":[{"comment":"阅","commentTime":"2022-06-15 09:17:44","commentOwner":"。"},{"comment":"我没见过那篇文，是不是有一种可能可以不预设立场先骂人？","commentTime":"2022-06-15 09:18:27","commentOwner":"＝＝"},{"comment":"……我要是看到这个文的话我肯定就不看了，那么多文又不差这一篇，这么有攻击性干嘛，作者也不稀罕我这种脆弱的读者吧。","commentTime":"2022-06-15 09:19:59","commentOwner":"。"},{"comment":"莫名其妙被指着鼻子骂的感觉","commentTime":"2022-06-15 09:21:49","commentOwner":"。"},{"comment":"莫名其妙被指着鼻子骂的感觉\n№4 ☆☆☆。|c6ac9815于2022-06-15 09:21:49留言☆☆☆\n。","commentTime":"2022-06-15 09:22:19","commentOwner":"。"},{"comment":"……我要是看到这个文的话我肯定就不看了，那么多文又不差这一篇，这么有攻击性干嘛，作者也不稀罕我这种脆弱的读者吧。\n№3 ☆☆☆。|9ed7af21于2022-06-15 09:19:59留言☆☆☆\n。","commentTime":"2022-06-15 09:23:17","commentOwner":"= ="},{"comment":"啊，我能说很感谢这种作者吗？比想赚钱还会来碧水匿名吐槽的好太多了，这种我可以直接不看，像后者我可能送了钱还在被骂，想想更恶心了些","commentTime":"2022-06-15 09:23:35","commentOwner":"= ="},{"comment":"啊，我能说很感谢这种作者吗？比想赚钱还会来碧水匿名吐槽的好太多了，这种我可以直接不看，像后者我可能送了钱还在被骂，想想更恶心了些\n№7 ☆☆☆= =|78980c75于2022-06-15 09:23:35留言☆☆☆\n可是你没心诶","commentTime":"2022-06-15 09:24:04","commentOwner":"。"},{"comment":"不讨厌这种，我们之间只有冰冷的商业联系，雷了就骂一句走人呗","commentTime":"2022-06-15 09:25:11","commentOwner":"。"},{"comment":"历史引用 展开全部▼\n可是你没心诶\n№8☆☆☆。|b39202fc于2022-06-15 09:24:04留言☆☆☆\n没心不能吐槽啊？\n那我带一带表示支持","commentTime":"2022-06-15 09:26:09","commentOwner":"。"},{"comment":"历史引用 展开全部▼\n可是你没心诶\n№8☆☆☆。|b39202fc于2022-06-15 09:24:04留言☆☆☆","commentTime":"2022-06-15 09:28:05","commentOwner":"= ="},{"comment":"莫名其妙被指着鼻子骂的感觉\n№4 ☆☆☆。|c6ac9815于2022-06-15 09:21:49留言☆☆☆\n。","commentTime":"2022-06-15 09:28:27","commentOwner":"。"},{"comment":"历史引用 展开全部▼\n可是你没心诶\n№8 ☆☆☆。|b39202fc于2022-06-15 09:24:04留言☆☆☆\n这种楼还要自证吗？","commentTime":"2022-06-15 09:29:17","commentOwner":"。"},{"comment":"总感觉被指着鼻子骂了，可能我太敏感了吧。","commentTime":"2022-06-15 09:30:49","commentOwner":"哎鸭鸭"},{"comment":"历史引用 展开全部▼\n。\n№12 ☆☆☆。|a83f2413于2022-06-15 09:28:27留言☆☆☆\n我只会速度gun","commentTime":"2022-06-15 09:33:12","commentOwner":"。。。"},{"comment":"没啥感觉…我雷点没几个，能踩中我雷点的基本都被挂了\n而且古早看文也没人排雷，我来晋江看了四五年了仍然没习惯先找排雷","commentTime":"2022-06-15 09:33:45","commentOwner":"。"},{"comment":"你一个作者发出这种感叹有啥参考价值啊……","commentTime":"2022-06-15 09:36:22","commentOwner":"= ="},{"comment":"这有啥，不看不就好了……","commentTime":"2022-06-15 09:37:03","commentOwner":"。"},{"comment":"那我就不看了呗","commentTime":"2022-06-15 09:37:13","commentOwner":"= ="},{"comment":"没感觉，大概因为我从来不排雷踩雷就自己换本书看\n所以感觉不是说我","commentTime":"2022-06-15 09:38:00","commentOwner":"。"},{"comment":"不是挺好的吗，楼主也太blx了","commentTime":"2022-06-15 09:39:09","commentOwner":"。"},{"comment":"对不排雷没意见，但后半句莫名其妙，好像预设了我就不爱看这文一样，态度也很差，我是读者我又不欠ta什么。\n嗯，我会选择点叉并在以后酌情避开这个作者，文案都不展开的那种。","commentTime":"2022-06-15 09:39:42","commentOwner":"。"},{"comment":"虽然我无所谓，但是看到了会莫名其妙","commentTime":"2022-06-15 09:41:53","commentOwner":"。"},{"comment":"我一般看到这个就不会点进去看了，哪怕文案再吸引我也没用。\n我雷点很少，看文基本也不会评论，但是看到这句话还是会不爽，莫名其妙被骂了的感觉","commentTime":"2022-06-15 09:43:30","commentOwner":"。"},{"comment":"你一个作者发出这种感叹有啥参考价值啊……\n№17 ☆☆☆= =|0eca0e63于2022-06-15 09:36:22留言☆☆☆\n我才是一个月的新作者，但是是多年的读者啊，我倒是想用我的小心心号发，但现在后边变星了啊，前几天那个楼里吵的不可开交，我这不是突然看到例子了吗，就是有这样的作者啊","commentTime":"2022-06-15 09:48:23","commentOwner":"，，，"},{"comment":"我是作者但也是读者，只是针对这这篇文句话来说没有下头感，可能我对她有滤镜，她之前的那篇文我特别喜欢就一直关注她，这个作者的这个文开始在微薄发了点后来挪到网站的，这篇文我不追下一篇文可能感兴趣的还会去追，到不了拉黑她的程度","commentTime":"2022-06-15 09:51:20","commentOwner":"，，，"},{"comment":"没排雷无所谓，但这个语气，作者你没事吧？这么赶课的吗？","commentTime":"2022-06-15 10:07:12","commentOwner":"。。"},{"comment":"虽然我没有什么雷点，也不需要有人给我排雷，毕竟再雷的文，我都看过\n但这种就算了吧，感觉莫名其妙被人骂了一顿","commentTime":"2022-06-15 10:08:23","commentOwner":"。"},{"comment":"宣称自己不排雷，这是否也是一种排雷（深沉脸）","commentTime":"2022-06-15 10:22:38","commentOwner":"。"}]}