{"id":"424870b5-fada-408c-a619-05ce45ada05a","category":"晋江论坛→网友交流区→碧水江汀 欢迎回来：53088456  退 出","postSubject":"主题：祝福恶意排雷断章取义的…… [5] 【搜索关键词：排雷】","postUrl":"https://bbs.jjwxc.net/showmsg.php?board=17&keyword=%C5%C5%C0%D7&id=1932791","originalPost":"都被雷炸死\n就这样","numberOfReplies":5,"comments":[{"comment":"对！","commentTime":"2022-06-06 20:24:26","commentOwner":"，"},{"comment":"同意！","commentTime":"2022-06-06 20:28:38","commentOwner":"此生缘未尽"},{"comment":"狠狠同意","commentTime":"2022-06-06 20:35:57","commentOwner":"……"},{"comment":"狠狠支持","commentTime":"2022-06-06 20:36:09","commentOwner":"。"},{"comment":"给她们唱一首王心凌的《劈你的雷正在路上》","commentTime":"2022-06-06 20:36:34","commentOwner":"。"}]}