{"id":"8a04a278-f762-4a2e-8d5c-8c8be0bb70f0","category":"晋江论坛→网友交流区→碧水江汀 欢迎回来：53088456  退 出","postSubject":"主题：作者主动排雷把我排掉了，后来盲狙看了那些个文，雷？我恨不得嘎腰子给她打榜 [23] 【搜索关键词：排雷】","postUrl":"https://bbs.jjwxc.net/showmsg.php?board=17&keyword=%C5%C5%C0%D7&id=1906149","originalPost":"感慨一下，写的不好看才是真正的雷。\n写的好看，世俗的天雷滚滚都是我的萌点","numberOfReplies":23,"comments":[{"comment":"以前娱乐圈这个题材就是我的雷点，后来无意中看了一本，还挺好看，然后就接受了。还有姐弟恋以前也是我的雷点，后来看了本好看的也不排斥这个题材了","commentTime":"2022-05-20 09:50:20","commentOwner":"=="},{"comment":"感慨一下，写的不好看才是真正的雷。\n写的好看，世俗的天雷滚滚都是我的萌点\n№0☆☆☆。。|61bed603于2022-05-20 09:45:55留言☆☆☆\n我也是","commentTime":"2022-05-20 09:50:59","commentOwner":"。"},{"comment":"哈哈哈哈哈哈哈哈","commentTime":"2022-05-20 09:51:12","commentOwner":"。"},{"comment":"写的丑的才叫雷，写的好看那怎么能叫雷呢？那叫一朵带刺的玫瑰【doge】","commentTime":"2022-05-20 09:54:59","commentOwner":"acj"},{"comment":"写的丑的才叫雷，写的好看那怎么能叫雷呢？那叫一朵带刺的玫瑰【doge】\n№4 ☆☆☆acj|8b63792e于2022-05-20 09:54:59留言☆☆☆\n对，带刺的野玫瑰，我可太爱了","commentTime":"2022-05-20 10:25:18","commentOwner":"。。"},{"comment":"以前娱乐圈这个题材就是我的雷点，后来无意中看了一本，还挺好看，然后就接受了。还有姐弟恋以前也是我的雷点，后来看了本好看的也不排斥这个题材了\n№1 ☆☆☆==|5b08f108于2022-05-20 09:50:20留言☆☆☆\n所以真别太信什么排雷，自己看了才知道到底香不香","commentTime":"2022-05-20 10:25:48","commentOwner":"。。"},{"comment":"以前我觉得十几岁年龄等于给自己找了个老头子。后来无意看了一本，才知道那是成熟大叔的魅力。","commentTime":"2022-05-20 10:28:17","commentOwner":"。"},{"comment":"当初有一本攻因为太过绝色，被囚禁被抹布被tiao//教，受救了他。\n好家伙，这题材雷死了，但那篇文香死了，果然写得好啥都不是事儿！","commentTime":"2022-05-20 10:30:59","commentOwner":"。"},{"comment":"当初有一本攻因为太过绝色，被囚禁被抹布被tiao//教，受救了他。\n好家伙，这题材雷死了，但那篇文香死了，果然写得好啥都不是事儿！\n№8 ☆☆☆。|a26a465c于2022-05-20 10:30:59留言☆☆☆\n我知道你说的这个，我可太爱了","commentTime":"2022-05-20 10:32:09","commentOwner":"咕"},{"comment":"写的丑的才叫雷，写的好看那怎么能叫雷呢？那叫一朵带刺的玫瑰【doge】\n№4 ☆☆☆acj|8b63792e于2022-05-20 09:54:59留言☆☆☆\n给哈狗和高后给哈狗和高哈哈哈","commentTime":"2022-05-20 10:37:14","commentOwner":"。"},{"comment":"当初有一本攻因为太过绝色，被囚禁被抹布被tiao//教，受救了他。\n好家伙，这题材雷死了，但那篇文香死了，果然写得好啥都不是事儿！\n№8 ☆☆☆。|a26a465c于2022-05-20 10:30:59留言☆☆☆\n！能不能求个书名！！  好奇心起来了 想看！","commentTime":"2022-05-20 10:39:14","commentOwner":"。"},{"comment":"历史引用 展开全部▼\n我知道你说的这个，我可太爱了\n№9 ☆☆☆咕|dcd75ed8于2022-05-20 10:32:09留言☆☆☆\n是什么是什么是什么","commentTime":"2022-05-20 10:39:51","commentOwner":"。"},{"comment":"历史引用 展开全部▼\n是什么是什么是什么\n№12 ☆☆☆。|7b712e89于2022-05-20 10:39:51留言☆☆☆\n发出了想看得声音！","commentTime":"2022-05-20 10:41:56","commentOwner":"QAQ"},{"comment":"好熟悉，是那个缝……吗？","commentTime":"2022-05-20 10:46:09","commentOwner":"。。"},{"comment":"除了frl和fh以及cx这种涉及底线的问题，我从来没有雷点，只要写得好什么都能看","commentTime":"2022-05-20 10:49:23","commentOwner":"= ="},{"comment":"除了frl和fh以及cx这种涉及底线的问题，我从来没有雷点，只要写得好什么都能看\n№15☆☆☆= =|b4d51698于2022-05-20 10:49:23留言☆☆☆\n这都是啥。。我只看得懂cx","commentTime":"2022-05-20 10:51:02","commentOwner":"诶"},{"comment":"历史引用 展开全部▼\n发出了想看得声音！\n№13☆☆☆QAQ|5cef93fc于2022-05-20 10:41:56留言☆☆☆\n嘤！！！","commentTime":"2022-05-20 10:52:23","commentOwner":"zzzxx"},{"comment":"是的 写得好就想吃下去一坨小屎 想起来始终如鲠在喉 念念不忘好多年\n写不好根本不会点进去看","commentTime":"2022-05-20 10:53:01","commentOwner":"。"},{"comment":"历史引用 展开全部▼\n嘤！！！\n№17 ☆☆☆zzzxx|293a95a3于2022-05-20 10:52:23留言☆☆☆\n浅浅蹲一下","commentTime":"2022-05-20 10:56:05","commentOwner":"。"},{"comment":"历史引用 展开全部▼\n浅浅蹲一下\n№19 ☆☆☆。|ec307506于2022-05-20 10:56:05留言☆☆☆\n是不是那本古耽!爱可提《论救错反派的下场》","commentTime":"2022-05-20 10:57:10","commentOwner":"。"},{"comment":"写的丑的才叫雷，写的好看那怎么能叫雷呢？那叫一朵带刺的玫瑰【doge】\n№4☆☆☆acj|8b63792e于2022-05-20 09:54:59留言☆☆☆\n哈哈哈哈哈","commentTime":"2022-05-20 10:58:26","commentOwner":"。"},{"comment":"写的丑的才叫雷，写的好看那怎么能叫雷呢？那叫一朵带刺的玫瑰【doge】\n№4 ☆☆☆acj|8b63792e于2022-05-20 09:54:59留言☆☆☆\n+1\n无聊才是原罪！\n瞻前顾后怎么可以，太太们给我写！不要怕腥风血雨！只要好看，总是能圈住受众的！","commentTime":"2022-05-20 11:00:32","commentOwner":"= ="},{"comment":"历史引用 展开全部▼\n+1\n无聊才是原罪！\n瞻前顾后怎么可以，太太们给我写！不要怕腥风血雨！只要好看，总是能圈住受众的！\n№22 ☆☆☆= =|bf580514于2022-05-20 11:00:32留言☆☆☆\n。","commentTime":"2022-05-20 11:19:51","commentOwner":"。。"}]}