{"id":"6710ab9f-a6cd-4ab5-87da-ff9de553851f","category":"晋江论坛→网友交流区→碧水江汀 欢迎回来：53088456  退 出","postSubject":"主题：pbc头顶金榜，受宝是双星需要文案排雷吗？受众会减少吗？ [38] 【搜索关键词：排雷】","postUrl":"https://bbs.jjwxc.net/showmsg.php?board=17&keyword=%C5%C5%C0%D7&id=1910334","originalPost":"。","numberOfReplies":38,"comments":[{"comment":"适合在ht","commentTime":"2022-05-22 22:02:05","commentOwner":"。"},{"comment":"蹲蹲写过的咕咕","commentTime":"2022-05-22 22:02:07","commentOwner":"。"},{"comment":"没在jj看过（是我看得太少","commentTime":"2022-05-22 22:02:22","commentOwner":"。"},{"comment":"排吧，有些人不喜欢","commentTime":"2022-05-22 22:02:36","commentOwner":"。"},{"comment":"这一定要吗","commentTime":"2022-05-22 22:02:39","commentOwner":"。"},{"comment":"排吧。。接受有点无能","commentTime":"2022-05-22 22:03:03","commentOwner":"。"},{"comment":"文案排雷就行","commentTime":"2022-05-22 22:03:04","commentOwner":"。"},{"comment":"要排雷，受众其实不少","commentTime":"2022-05-22 22:03:18","commentOwner":"。"},{"comment":"排，一定要排，","commentTime":"2022-05-22 22:03:19","commentOwner":""},{"comment":"排，一定要排，\n№9 ☆☆☆   |cc0a1604于2022-05-22 22:03:19留言☆☆☆\n好","commentTime":"2022-05-22 22:03:29","commentOwner":"。"},{"comment":"个人xp是双星，非常喜欢，鞠躬","commentTime":"2022-05-22 22:03:49","commentOwner":"。"},{"comment":"排。以及有人是这种XP","commentTime":"2022-05-22 22:04:15","commentOwner":"= ="},{"comment":"耶？jj让写的吗","commentTime":"2022-05-22 22:05:04","commentOwner":"。"},{"comment":"虽然我看，但建议写上，还是有一些不喜欢","commentTime":"2022-05-22 22:05:23","commentOwner":"82464755"},{"comment":"排，我看不下双星，文案没写我点进去发现是双星会觉得是文案诈骗的","commentTime":"2022-05-22 22:05:47","commentOwner":"。"},{"comment":"？只有我的关注点是晋江让写双杏吗？\n为什么我很清楚的记得是不让写的……","commentTime":"2022-05-22 22:07:13","commentOwner":"。。"},{"comment":"我可以看这种类型","commentTime":"2022-05-22 22:07:24","commentOwner":"。"},{"comment":"会，隔壁一整个区都拉黑该题材","commentTime":"2022-05-22 22:07:29","commentOwner":"= ="},{"comment":"排雷。。这是我的大雷","commentTime":"2022-05-22 22:07:52","commentOwner":"。"},{"comment":"不排不犯法，但如果不排就等着读者帮你排吧","commentTime":"2022-05-22 22:08:28","commentOwner":"。"},{"comment":"写在文案，在夹子上看过一本，这个xp吸引了很多人啊","commentTime":"2022-05-22 22:10:23","commentOwner":"。"},{"comment":"排，你不排要是我被骗进去会吐，假如当天遇见什么其他不好的事，可能会发疯追着你刷负。是真的到了这个程度。","commentTime":"2022-05-22 22:15:34","commentOwner":"。"},{"comment":"排，我的大雷。。","commentTime":"2022-05-22 22:19:22","commentOwner":"。"},{"comment":"在阿江写这个有啥意思？又不能开车……","commentTime":"2022-05-22 22:22:29","commentOwner":"zzz大黑"},{"comment":"天雷滚滚……","commentTime":"2022-05-22 22:23:46","commentOwner":"。。"},{"comment":"排","commentTime":"2022-05-22 22:24:07","commentOwner":"。"},{"comment":"jj不是不让写吗？","commentTime":"2022-05-22 22:25:19","commentOwner":"。"},{"comment":"有人雷这个，也有人吃这一口，排雷最好了，还能吸好这口的人，不过在jj这双星图啥","commentTime":"2022-05-22 22:25:27","commentOwner":"= ="},{"comment":"我怎么记得jj是禁止双星的","commentTime":"2022-05-22 22:26:04","commentOwner":"。"},{"comment":"排，但我很喜欢，看到会追","commentTime":"2022-05-22 22:27:10","commentOwner":"——"},{"comment":"排吧，很多人的雷点，虽然我不介意，这跟生子一样，吃的人很吃，不吃的人很讨厌。\n我记得一个太太说过的话，别人不喜欢草莓，你捧着草莓跟别人说草莓很好吃，是没有用的。不吃就是不吃。强求不来，但你反过来直接说明你是卖草莓的，那喜欢吃草莓或不介意的反而会因为草莓比较稀少或比较甜，就来吃了。\n也不是没有厉害的作者可以让不喜欢草莓的人喜欢上吃草莓，但你觉得可以做到吗？","commentTime":"2022-05-22 22:29:35","commentOwner":"= ="},{"comment":"排！我真的雷双星……","commentTime":"2022-05-22 22:32:32","commentOwner":"？"},{"comment":"这时候排雷不只是排雷，是在吸引受众","commentTime":"2022-05-22 22:33:01","commentOwner":"。。"},{"comment":"排吧……作为普通读者一枚，我有点雷","commentTime":"2022-05-22 22:34:19","commentOwner":"= ="},{"comment":"受是双星不标文案就跟写abo文不标主角是a是b是o一样诡异","commentTime":"2022-05-22 22:37:14","commentOwner":"= ="},{"comment":"应该不能写吧","commentTime":"2022-05-22 23:15:23","commentOwner":"。"},{"comment":"看过，但挺早了，建议文案写上，因为大部分还是雷。如果是想写受宝生子，也可以不是双星啊。","commentTime":"2022-05-22 23:18:37","commentOwner":"Y一"},{"comment":"不仅排雷，还会吸引受众","commentTime":"2022-05-22 23:20:50","commentOwner":"。"}]}