{"id":"0da1abbb-5daf-42cb-bb65-75f068d04155","category":"晋江论坛→网友交流区→碧水江汀 欢迎回来：53088456  退 出","postSubject":"主题：不排雷吧，怪你文案诈骗，排了雷吧，又说这么写膈应人劝退，所以你不看就划走就好了啊，找毛线存在感啊 [2] 【搜索关键词：排雷】","postUrl":"https://bbs.jjwxc.net/showmsg.php?board=17&keyword=%C5%C5%C0%D7&id=1966689","originalPost":"乌鱼子","numberOfReplies":2,"comments":[{"comment":"你排雷了吗？如果排了，还有不长眼的来b，支持你骂回去呀。","commentTime":"2022-06-29 17:04:53","commentOwner":"无糖冰美式"},{"comment":"你排雷了吗？如果排了，还有不长眼的来b，支持你骂回去呀。\n№1☆☆☆无糖冰美式|5b771b15于2022-06-29 17:04:53留言☆☆☆\n现在有的人要我排雷，有的人不想看排雷说单独拿出来说这个膈应人。所以我到底排不排","commentTime":"2022-06-29 17:07:06","commentOwner":"=="}]}