{"id":"d093692a-887a-40bd-8e01-40304fcd3f9e","category":"晋江论坛→网友交流区→碧水江汀 请稍候...","postSubject":"主题：我真的不应该逛读者区or经常看读者评论，现在老有一种自己随时会被挂、被大范围排雷的恐惧感。 [24] 【搜索关键词：排雷】","postUrl":"https://bbs.jjwxc.net/showmsg.php?board=17&keyword=%C5%C5%C0%D7&id=1735942","originalPost":"肯定有人会出来骂我说什么【你不写雷不就没事了】\n但现在雷就跟土地沙漠化一样，范围越来越大了，几年前我写的当时不觉得雷的东西，这几年被拉出来反复鞭尸。\n我觉得想要做到完全不雷的可能性越来越低了……\n而且有时候被挂我都能接受，我现在是觉得有些人被雷到之后就会疯狂点j","numberOfReplies":24,"comments":[{"comment":"防pb\n肯定有人会出来骂我说什么【你不写雷不就没事了】\n但现在雷就跟土地沙漠化一样，范围越来越大了，几年前我写的当时不觉得雷的东西，这几年被拉出来反复鞭尸。\n我觉得想要做到完全不雷的可能性越来越低了……\n而且有时候被挂我都能接受，我现在是觉得有些人被雷到之后就会疯狂点ju bao","commentTime":"2022-01-26 16:04:26","commentOwner":"求求别封小号了"},{"comment":"其实我觉得不违法违规违的话就还好，违背伦理道德可能需要排一下雷，其余的完全就是设定问题了，如果畏首畏尾只会束手束脚，考虑太多最后灵气全无","commentTime":"2022-01-26 16:07:38","commentOwner":"。"},{"comment":"谁不是呢\n那边特上纲上线，把小问题升级\n很担心，原本是一句无心的表述就会被升级。","commentTime":"2022-01-26 16:09:14","commentOwner":"。"},{"comment":"其实我觉得不违法违规违的话就还好，违背伦理道德可能需要排一下雷，其余的完全就是设定问题了，如果畏首畏尾只会束手束脚，考虑太多最后灵气全无\n№2 ☆☆☆。|59deeff9♥于2022-01-26 16:07:38留言☆☆☆\n虽然说是这样的，但感觉有时候小问题就会被上升的很大……\n人渣配角嘴里说的话，经常被解读成作者三观不正之类的，这种事好几次发生了。\n甚至对某个角色描写的形容词，让一部分人不舒服，都会被引申成作者厌女等等。","commentTime":"2022-01-26 16:11:08","commentOwner":"求求别封小号了"},{"comment":"我的口味还停留在十几年前，看很多人都不觉得雷，以至于我开文的时候都要找基友看看，我的文雷不雷","commentTime":"2022-01-26 16:11:09","commentOwner":"=="},{"comment":"再去db逛一下\n直接升天","commentTime":"2022-01-26 16:11:39","commentOwner":"=="},{"comment":"怕什么我是编辑都发“我已经开始慌了jpg.”表情包的女人。\n只要你够莽，傻币就追不上你","commentTime":"2022-01-26 16:12:26","commentOwner":"。"},{"comment":"如果不是三观不正的问题，那就只是个别读者的怪癖，要是避开所有雷点那还写什么_(:з」∠)_","commentTime":"2022-01-26 16:13:21","commentOwner":"。"},{"comment":"所以还不如躺平 写想写的\n只要jj不判你违规红锁 闷声发财就行","commentTime":"2022-01-26 16:13:38","commentOwner":"。"},{"comment":"我跟你有一模一样的恐慌","commentTime":"2022-01-26 16:14:40","commentOwner":"。"},{"comment":"糊的话没事吧","commentTime":"2022-01-26 16:15:45","commentOwner":"。"},{"comment":"我因为文笔太差被人挂了（点烟）\n但那是我成绩最好的一本","commentTime":"2022-01-26 16:16:09","commentOwner":"。"},{"comment":"屏蔽，你设置屏蔽词，然后不要去搜索就行了，我自己就是这么做的。\n我在我的排雷贴hot之前，全部屏蔽了，因为我会去隔壁找文看。\n喜欢的人自然会喜欢，不喜欢的人怎么做他们都不会喜欢的，每个人的雷点不一样，并没有办法均衡全部的。","commentTime":"2022-01-26 16:16:27","commentOwner":"。"},{"comment":"意志不坚定的作者少逛论坛，看见排雷就会忍不住审视自己，别人随口吐槽一句也会马上审视自己","commentTime":"2022-01-26 16:16:45","commentOwner":"= ="},{"comment":"屏蔽，你设置屏蔽词，然后不要去搜索就行了，我自己就是这么做的。\n我在我的排雷贴hot之前，全部屏蔽了，因为我会去隔壁找文看。\n喜欢的人自然会喜欢，不喜欢的人怎么做他们都不会喜欢的，每个人的雷点不一样，并没有办法均衡全部的。\n№13 ☆☆☆。|0528792c??于2022-01-26 16:16:27留言☆☆☆\n除了那种违反规定的大众雷点，其他的就不要在意了。每个人看文的需求都不一样","commentTime":"2022-01-26 16:17:36","commentOwner":"。"},{"comment":"不涉及三观道德方面，剩下基本都是因为文章内容的排雷，这些雷不雷都是看个人的喜好_(:зゝ∠)_你也控制不了呀(●_●)","commentTime":"2022-01-26 16:19:12","commentOwner":"。。"},{"comment":"历史引用 展开全部▼\n除了那种违反规定的大众雷点，其他的就不要在意了。每个人看文的需求都不一样\n№15 ☆☆☆。|0528792c于2022-01-26 16:17:36留言☆☆☆\n。","commentTime":"2022-01-26 16:19:59","commentOwner":"。。"},{"comment":"所以还不如躺平 写想写的\n只要jj不判你违规红锁 闷声发财就行\n№9 ☆☆☆。|60941893于2022-01-26 16:13:38留言☆☆☆\n楼主应该还不是社畜吧？当了社畜就知道，只要把都行、都可以、都你对、嗯嗯、1、有道理、收到等吸烟刻肺 可以让你挡掉很多不必要的情绪","commentTime":"2022-01-26 16:20:27","commentOwner":"。"},{"comment":"屏蔽，你设置屏蔽词，然后不要去搜索就行了，我自己就是这么做的。\n我在我的排雷贴hot之前，全部屏蔽了，因为我会去隔壁找文看。\n喜欢的人自然会喜欢，不喜欢的人怎么做他们都不会喜欢的，每个人的雷点不一样，并没有办法均衡全部的。\n№13 ☆☆☆。|0528792c♥♥于2022-01-26 16:16:27留言☆☆☆\n主要是我看到一些我追文的作者被挂成hot，我就会有种【你要非骂成这样也不是空穴来风，但我看的时候真的不会这么想】的感觉……\n然后就会审视自己，发现如果非要这么解读，我的文也能解读出这么多意思。\n当然糊是最好的保护色，但自己没那么糊，之前就出过一点小小的言论就被人挂的事儿。唉。","commentTime":"2022-01-26 16:20:33","commentOwner":"求求别封小号了"},{"comment":"历史引用 展开全部▼\n楼主应该还不是社畜吧？当了社畜就知道，只要把都行、都可以、都你对、嗯嗯、1、有道理、收到等吸烟刻肺 可以让你挡掉很多不必要的情绪\n№18 ☆☆☆。|60941893♥于2022-01-26 16:20:27留言☆☆☆\n可能是我意志不坚定吧。\n因为我也有wb，我看到被排雷的作者，甚至连wb日常都被人挂出来骂的时候，真的可能会有恐惧感。","commentTime":"2022-01-26 16:21:35","commentOwner":"求求别封小号了"},{"comment":"历史引用 展开全部▼\n可能是我意志不坚定吧。\n因为我也有wb，我看到被排雷的作者，甚至连wb日常都被人挂出来骂的时候，真的可能会有恐惧感。\n№20☆☆☆求求别封小号了|67afeb79于2022-01-26 16:21:35留言☆☆☆\n有可能迁怒吧，要是实在没办法平复这种心情就不要看\n远离sns，躺平就完事","commentTime":"2022-01-26 16:23:43","commentOwner":"。。"},{"comment":"我看那边一般都是上夹子前排会腥风血雨。咋说呢，我一直觉得如果想成为一名有名气的网文作家，心态是最最重要的，甚至比好文笔或者天赋还重要","commentTime":"2022-01-26 16:25:14","commentOwner":"。"},{"comment":"笑死 我自从被读者区挂过以后现在无所畏惧 放飞xp享受自我","commentTime":"2022-01-26 16:25:43","commentOwner":"嘎嘎"},{"comment":"历史引用 展开全部▼\n可能是我意志不坚定吧。\n因为我也有wb，我看到被排雷的作者，甚至连wb日常都被人挂出来骂的时候，真的可能会有恐惧感。\n№20 ☆☆☆求求别封小号了|67afeb79于2022-01-26 16:21:35留言☆☆☆\n没啥事，脱敏就好\n或者可以去看一眼最近被读者区排雷的某个衍生咕，别的我不评价，她越被排雷更新越快这点确实很有种……","commentTime":"2022-01-26 16:27:11","commentOwner":"。"}]}