{"id":"f3a5de63-4153-4e21-bf7e-cd7bac471e88","category":"晋江论坛→网友交流区→碧水江汀 请稍候...","postSubject":"主题：来问一下，给排雷读者发上一本全订的钱是什么意思 [73] 【搜索关键词：排雷】","postUrl":"https://bbs.jjwxc.net/showmsg.php?board=17&keyword=%C5%C5%C0%D7&id=1652186","originalPost":"一本ooc衍生，我推算是被辣菜且有点踩一捧一\n我的言论我就不放了，不涉及对作者的人身攻击但涉及文笔阴阳怪气，ooc阴阳怪气，不合理阴阳怪气，对角色的人身攻击是白莲矫情郭小四。【绝对没有对作者本人的人身攻击，例如作者垃圾屑烂废物东西这种，可以放但是很容易解码，我不想解码只是来问一下】\n然后作者的意思大概是，发现我全订了她上一本文，很抱歉给我带来了不好的感受，也感觉到我是真情实感在愤怒，于是给我退还了我全订她上一本的钱。\n我发现她给我退红包的时候我已经没有在阴阳怪气了，是看到通知点进去发现的。\n回去一看就很有点不爽，感觉像是收钱息事宁人的样子。\n目前是把钱砸火箭炮退了回去说了一句话就来问了，二十块钱，但我想问问鸽子们，这是什么意思，我还挺不舒服的就是说。\n再补充:我自己在写文但纯粹是写来自娱自乐取悦自己，不涉及我hyb攻击它。","numberOfReplies":73,"comments":[{"comment":"d","commentTime":"2021-11-26 16:29:17","commentOwner":"。"},{"comment":"整件事情发生在今天，投火箭炮的就是这个小号，数据可能还没更新，大号能上自证","commentTime":"2021-11-26 16:29:59","commentOwner":"。"},{"comment":"大概是不想你再为难自己看她的文吧，放过彼此","commentTime":"2021-11-26 16:30:06","commentOwner":"。"},{"comment":"放过彼此不好吗","commentTime":"2021-11-26 16:30:37","commentOwner":"山程"},{"comment":"？人家作者看你看的不爽宁愿退款了还要咋样？","commentTime":"2021-11-26 16:30:49","commentOwner":"=="},{"comment":"那你还想作者咋样？好声好气和你说话，发了红包，难道要怼你你才高兴？","commentTime":"2021-11-26 16:31:06","commentOwner":"= ="},{"comment":"？人家作者看你看的不爽宁愿退款了还要咋样？\n№5☆☆☆==|0b69fb2b于2021-11-26 16:30:49留言☆☆☆\n虽然可能被喷但是我还是想说真难伺候","commentTime":"2021-11-26 16:31:12","commentOwner":"=="},{"comment":"如果是我就是作者说的那个意思，查了id看出来你不是看dw的，你又真的很生气，就发个红包给你好聚好散呗","commentTime":"2021-11-26 16:31:20","commentOwner":"= ="},{"comment":"就是售后退款了啊，想给钱息事宁人的话，那就压根不是退你全订的钱","commentTime":"2021-11-26 16:31:33","commentOwner":"= ="},{"comment":"如果是我就是作者说的那个意思，查了id看出来你不是看dw的，你又真的很生气，就发个红包给你好聚好散呗\n№8 ☆☆☆= =|496b5644于2021-11-26 16:31:20留言☆☆☆\n。","commentTime":"2021-11-26 16:31:51","commentOwner":"＝＝"},{"comment":"历史引用 展开全部▼\n。\n№10 ☆☆☆＝＝|5a99b81f于2021-11-26 16:31:51留言☆☆☆\n。爱过，就这样呗","commentTime":"2021-11-26 16:32:14","commentOwner":"。"},{"comment":"那你还想作者咋样？好声好气和你说话，发了红包，难道要怼你你才高兴？\n№6☆☆☆= =|c056c477于2021-11-26 16:31:06留言☆☆☆\n。\n所以作者就得让你阴阳怪气着，不还嘴不反击也不退款也不息事宁人什么都不干？任您这位“上帝”阴阳怪气爽了才行？","commentTime":"2021-11-26 16:32:15","commentOwner":"=="},{"comment":"现在给钱都不行了吗？","commentTime":"2021-11-26 16:32:16","commentOwner":"＝＝"},{"comment":"就是不想再赚你的钱的意思，还投雷回去……管三含泪再挣十块钱","commentTime":"2021-11-26 16:32:26","commentOwner":"= ="},{"comment":"意思是放过彼此……\n退你个钱你都会玻璃心不舒服来bs问个清楚，你浩浩荡荡阴阳怪气一堆，就算没攻击作者本人，咋还不允许人家也玻璃心了\n我不懂，我真的不懂","commentTime":"2021-11-26 16:32:58","commentOwner":"。"},{"comment":"那你还想作者咋样？好声好气和你说话，发了红包，难道要怼你你才高兴？\n№6 ☆☆☆= =|c056c477于2021-11-26 16:31:06留言☆☆☆\n。","commentTime":"2021-11-26 16:33:00","commentOwner":"。"},{"comment":"就晋江好文千千万，实在不行你换的意思，好聚好散","commentTime":"2021-11-26 16:33:23","commentOwner":"涨涨涨涨涨"},{"comment":"你应该知道作者退你全本的钱是要自己贴进去一半多的吧\n\n就是想要好聚好散/放过彼此，没别的意思","commentTime":"2021-11-26 16:33:26","commentOwner":"。"},{"comment":"让你走远点，作者又不是写给你一个人的，你要有钱有就找人写定制文去，包你满意","commentTime":"2021-11-26 16:33:39","commentOwner":"。"},{"comment":"懂了，息事宁人以及感觉我话好多不想再伺候的意思了，感谢解答。","commentTime":"2021-11-26 16:33:50","commentOwner":"。"},{"comment":"这一波JJ赢麻了","commentTime":"2021-11-26 16:33:53","commentOwner":"。"},{"comment":"而且最后那个不涉及我hyb攻击【它】……虽然知道可能是输入法问题但看着的确挺让人无语的","commentTime":"2021-11-26 16:33:56","commentOwner":"。"},{"comment":"意思是放过彼此……\n退你个钱你都会玻璃心不舒服来bs问个清楚，你浩浩荡荡阴阳怪气一堆，就算没攻击作者本人，咋还不允许人家也玻璃心了\n我不懂，我真的不懂\n№15 ☆☆☆。|9300e728于2021-11-26 16:32:58留言☆☆☆\n。","commentTime":"2021-11-26 16:34:19","commentOwner":"。"},{"comment":"改文不可能的，你还想啥……给钱我觉得可以了，理解一下受众不同啊","commentTime":"2021-11-26 16:34:31","commentOwner":"=="},{"comment":"意思是放过彼此……\n退你个钱你都会玻璃心不舒服来bs问个清楚，你浩浩荡荡阴阳怪气一堆，就算没攻击作者本人，咋还不允许人家也玻璃心了\n我不懂，我真的不懂\n№15☆☆☆。|9300e728于2021-11-26 16:32:58留言☆☆☆\n人都会美化自己的行为，我觉得从楼主叙述看这个作者已经大心脏了。","commentTime":"2021-11-26 16:34:40","commentOwner":"=="},{"comment":"懂了，息事宁人以及感觉我话好多不想再伺候的意思了，感谢解答。\n№20 ☆☆☆。|33f906a8于2021-11-26 16:33:50留言☆☆☆\n作者凭什么伺候啊？？？","commentTime":"2021-11-26 16:34:40","commentOwner":"= ="},{"comment":"希望你gun","commentTime":"2021-11-26 16:35:22","commentOwner":"= ="},{"comment":"历史引用 展开全部▼\n作者凭什么伺候啊？？？\n№26 ☆☆☆= =|c056c477于2021-11-26 16:34:40留言☆☆☆\n给个十块钱就想作者伺候你？买个文得了，还伺候不伺候的，说话真难听","commentTime":"2021-11-26 16:35:23","commentOwner":"＝＝"},{"comment":"而且最后那个不涉及我hyb攻击【它】……虽然知道可能是输入法问题但看着的确挺让人无语的\n№22 ☆☆☆。|d9a187a7于2021-11-26 16:33:56留言☆☆☆\n最后那句话是临时补充，指甲刚剪掉容易摁错字没有检查，我还能正儿八经骂她是个它？你这么说我也好无语","commentTime":"2021-11-26 16:35:30","commentOwner":"。"},{"comment":"一本ooc衍生，我推算是被辣菜且有点踩一捧一\n我的言论我就不放了，不涉及对作者的人身攻击但涉及文笔阴阳怪气，ooc阴阳怪气，不合理阴阳怪气，对角色的人身攻击是白莲矫情郭小四。【绝对没有对作者本人的人身攻击，例如作者垃圾屑烂废物东西这种，可以放但是很容易解码，我不想解码只是来问一下】\n然后作者的意思大概是，发现我全订了她上一本文，很抱歉给我带来了不好的感受，也感觉到我是真情实感在愤怒，于是给我退还了我全订她上一本的钱。\n我发现她给我退红包的时候我已经没有在阴阳怪气了，是看到通知点进去发现的。\n回去一看就很有点不爽，感觉像是收钱息事宁人的样子。\n目前是把钱砸火箭炮退了回去说了一句话就来问了，二十块钱，但我想问问鸽子们，这是什么意思，我还挺不舒服的就是说。\n再补充:我自己在写文但纯粹是写来自娱自乐取悦自己，不涉及我hyb攻击它。\n№0 ☆☆☆。|33f906a8于2021-11-26 16:28:09留言☆☆☆\n如果我的文被嫌弃了，我退钱，结果发现被挂，我心都要梗出来了，","commentTime":"2021-11-26 16:35:30","commentOwner":"涨涨涨涨涨"},{"comment":"服了 退钱还不满意","commentTime":"2021-11-26 16:35:32","commentOwner":"。"},{"comment":"为什么你觉得作者就得伺候你，可能单纯看你闹心，把你打发了而已","commentTime":"2021-11-26 16:35:41","commentOwner":"……"},{"comment":"你说你阴阳了一堆，她给你发红包就是想好聚好散以后不想有金钱牵扯了的意思\n并不是收钱息事宁人，是不想做你生意了","commentTime":"2021-11-26 16:35:43","commentOwner":"。"},{"comment":"你在桃饱买东西到手之后觉得不好用，差评，于是商家给你退款了，你说是啥意思\n包售后还不好吗，像我这种抠门的读者骂就骂吧，我是一毛钱都不会吐出来的","commentTime":"2021-11-26 16:36:08","commentOwner":"= ="},{"comment":"历史引用 展开全部▼\n给个十块钱就想作者伺候你？买个文得了，还伺候不伺候的，说话真难听\n№28 ☆☆☆＝＝|5a99b81f于2021-11-26 16:35:23留言☆☆☆\n一手交钱一手交货的关系，我还觉得你主楼那个作者好会说话，好能为你考虑，如果是我就说不出来这种话，她好温柔","commentTime":"2021-11-26 16:36:17","commentOwner":"＝＝"},{"comment":"就，望周知作者是卖文的又不是服务业。就算是服务业也有面对阴阳怪气反击和退款息事宁人的权利吧？上外面饭店吃个饭你一直阴阳怪气，老板给你退钱让你走你还能咋？","commentTime":"2021-11-26 16:36:27","commentOwner":"=="},{"comment":"现在你把钱退回去了，我就想问，你是想让作者骂你？然后呢？你再去读者区作者区排雷，说作者接受不了建议嘴脏？\n或者就必须作者亲口承认您教训的是，您说的对，可这样的话，你又怎么知道作者发红包不是这个意思？","commentTime":"2021-11-26 16:36:52","commentOwner":"。"},{"comment":"历史引用 展开全部▼\n最后那句话是临时补充，指甲刚剪掉容易摁错字没有检查，我还能正儿八经骂她是个它？你这么说我也好无语\n№29 ☆☆☆。|33f906a8于2021-11-26 16:35:30留言☆☆☆\n【虽然知道可能是输入法问题】\n瞧您这话说的，我这才一句话您就能这么呛，不如回头看看您自己的评论跟作者回复对比下？","commentTime":"2021-11-26 16:36:56","commentOwner":"。"},{"comment":"有些读者（有些）真不好伺候，碰到锁文/卡文/烂尾的天天在论坛和评论区刷退钱。结果作者认认真真退了，你心情又不舒服","commentTime":"2021-11-26 16:37:24","commentOwner":"。"},{"comment":"退钱都不行吗？路人疑惑。作者觉得你不满意，默认你不喜欢这个文，也不想和你纠缠，就态度很好地退钱，好聚好散了。\n总不可能你表达不满意，作者看了不退钱直接怼你，你才高兴吧？\n如果你是那个作者难道你能想出更好的售后方式？文也看了，钱了退了，难不成作者还得表演个当场滑跪吗？","commentTime":"2021-11-26 16:37:25","commentOwner":"。"},{"comment":"‘请你有多远走多远’这种意思","commentTime":"2021-11-26 16:37:39","commentOwner":"。"},{"comment":"我一直不明白，不喜欢看可以不看，好，读者被作者膈应到了。读者也要留点什么膈应作者。评论会影响没看文的，对作者收益有影响。有人喜欢有人不喜欢，口味不同。世上没有所有人喜欢的文。我这一段不针对楼主，针对这个现象。读者有权利评论，作者也有权利行动，平等的。","commentTime":"2021-11-26 16:38:06","commentOwner":"。"},{"comment":"……是那本蝙蝠崽吗？确实我不怎么喜欢batfam看了都挺膈应的，但是作者应该也没什么恶意吧。发红包估计是好聚好散、互相放过的意思（你要是想太多了不就像那个纠结的女主一样了吗）。","commentTime":"2021-11-26 16:38:18","commentOwner":"。。。"},{"comment":"退钱给你还不舒服？\n真的是……","commentTime":"2021-11-26 16:38:25","commentOwner":"。。"},{"comment":"瞬间解码（纯读者不是hyb）\n就是那个用读者号说dc喂翔，所以dc读者应该有承受能力那个呗","commentTime":"2021-11-26 16:38:32","commentOwner":"一个没意义的名字"},{"comment":"放过彼此吧","commentTime":"2021-11-26 16:38:34","commentOwner":"。"},{"comment":"我除了一个衍生我解什么码了……\n不解码！！！！！！！！！\n再次强调不解码！！！！！！！！！\n看楼里鸽子意思我懂了，钱少事多看我闹心选择好聚好散，我别哔哔了她也觉得没有牵扯了很好了。\n没有解读错误了吧，我知道她这个意思了，我给她投回去我也就说了不要，我商品到手了再拿钱我犯欠","commentTime":"2021-11-26 16:38:53","commentOwner":"。"},{"comment":"脑回路好奇怪……","commentTime":"2021-11-26 16:38:59","commentOwner":"。"},{"comment":"瞬间解码（纯读者不是hyb）\n就是那个用读者号说dc喂翔，所以dc读者应该有承受能力那个呗\n№45 ☆☆☆一个没意义的名字|66530faa于2021-11-26 16:38:32留言☆☆☆\n那个，不是我，谢谢","commentTime":"2021-11-26 16:39:21","commentOwner":"。"},{"comment":"啊，我觉得这个作者真的很软了，你对这一本阴阳怪气，她退了你上一本全订的钱，已经很好很好了！上一本你是完整的看了她的劳动成果的，她都给你退了，真的女菩萨了。","commentTime":"2021-11-26 16:40:12","commentOwner":"= ="},{"comment":"瞬间解码（纯读者不是hyb）\n就是那个用读者号说dc喂翔，所以dc读者应该有承受能力那个呗\n№45 ☆☆☆一个没意义的名字|66530faa于2021-11-26 16:38:32留言☆☆☆\n碧水不要随便乱解码好吗……i服了","commentTime":"2021-11-26 16:40:27","commentOwner":"＝＝"},{"comment":"请你滚。\nlz这种读者真是把作者当狗来看待，呵呵。","commentTime":"2021-11-26 16:40:47","commentOwner":"。"},{"comment":"懂了，息事宁人以及感觉我话好多不想再伺候的意思了，感谢解答。\n№20☆☆☆。|33f906a8于2021-11-26 16:33:50留言☆☆☆\n补一句，你这个默认心态就很emm……，光看主楼作者也没生气也没骂脏，就退钱了。你也能理解成这样……\n一般人难道不会想的是这个作者态度挺好的，可能觉得很抱歉才退钱吗？","commentTime":"2021-11-26 16:41:01","commentOwner":"。"},{"comment":"退钱给你，相当于你白嫖了一篇文，然后你还不满意，现在的读者这么难伺候吗？","commentTime":"2021-11-26 16:41:06","commentOwner":"。"},{"comment":"历史引用 展开全部▼\n补一句，你这个默认心态就很emm……，光看主楼作者也没生气也没骂脏，就退钱了。你也能理解成这样……\n一般人难道不会想的是这个作者态度挺好的，可能觉得很抱歉才退钱吗？\n№53☆☆☆。|9af9852c于2021-11-26 16:41:01留言☆☆☆\n。","commentTime":"2021-11-26 16:41:36","commentOwner":"=="},{"comment":"这个作者已经很好了，也不和你吵，发了钱还要被指责","commentTime":"2021-11-26 16:42:05","commentOwner":"。"},{"comment":"她遇到你这种读者，倒了八辈子霉","commentTime":"2021-11-26 16:44:45","commentOwner":"。"},{"comment":"这个作者真的太惨了\n如果是我，一毛钱都不会退给你","commentTime":"2021-11-26 16:45:09","commentOwner":"。"},{"comment":"讲真，排雷的……本身就让作者无语，人家退钱了就算了呗\n偏偏你这样还难受，那人家作者就好受了？可她不还是退款了？","commentTime":"2021-11-26 16:45:15","commentOwner":"。。"},{"comment":"作者态度挺好的，也没骂你，只是好好解释退了钱。你放过她吧，你们互相放过就行","commentTime":"2021-11-26 16:46:16","commentOwner":"= ="},{"comment":"放过彼此的意思","commentTime":"2021-11-26 16:47:15","commentOwner":"五天没吃饭了"},{"comment":"退钱都不行了，要作者谢罪才行吗？","commentTime":"2021-11-26 16:48:19","commentOwner":"。"},{"comment":"如果是我发的话，我是希望你别再看我的文并且离我远点的意思。","commentTime":"2021-11-26 16:48:40","commentOwner":"。"},{"comment":"就是希望你滚远点别看我的文的意思","commentTime":"2021-11-26 16:50:27","commentOwner":"。"},{"comment":"“不涉及对作者的人身攻击但涉及文笔阴阳怪气，ooc阴阳怪气，不合理阴阳怪气，对角色的人身攻击是白莲矫情郭小四。”\n.....你真的是个恐怖分子。","commentTime":"2021-11-26 16:51:04","commentOwner":"。"},{"comment":"希望你放过她的意思。\n用我的话：你可tm快点枪吧！","commentTime":"2021-11-26 16:51:11","commentOwner":"。"},{"comment":"是我我也退钱，不然总有种拿了你的钱低你一等的感觉","commentTime":"2021-11-26 16:52:34","commentOwner":"。。"},{"comment":"历史引用 展开全部▼\n如果我的文被嫌弃了，我退钱，结果发现被挂，我心都要梗出来了，\n№30 ☆☆☆涨涨涨涨涨|5906beb0于2021-11-26 16:35:30留言☆☆☆\n。","commentTime":"2021-11-26 16:53:08","commentOwner":"。"},{"comment":"作者已经这么卑微了啊……","commentTime":"2021-11-26 16:54:23","commentOwner":"。"},{"comment":"但凡有能拉黑读者的功能可能你就懂了，或者拉黑作者，返钱求你拉黑(滑稽)","commentTime":"2021-11-26 16:56:37","commentOwner":"忽然而已"},{"comment":"楼主的意思：天啦我骂完角色，作者居然不给我跪下道歉，只是发个红包就想打发我？？那我看你的文被恶心到的精神损失怎么算？？？？","commentTime":"2021-11-26 16:57:14","commentOwner":"。"},{"comment":"这是活菩萨，我踩过雷的文没有一个退钱的。","commentTime":"2021-11-26 16:58:54","commentOwner":"。"},{"comment":"我好像知道楼主是谁了……你还骂别人矫情白莲？你主楼的莲味已经溢出来了，简直莲茶合体好吧！\n这作者真是活菩萨，倒了八辈子霉碰上你这么个玩意","commentTime":"2021-11-26 19:08:48","commentOwner":"。"}]}