{"id":"f0620f6f-a33d-4553-9b16-1782b20a5020","category":"晋江论坛→网友交流区→碧水江汀 请稍候...","postSubject":"主题：不写了不写了，还是当纯读者好，花几分钱就能把作者骂的狗血淋头，骂不过就骂她为什么不排雷 [18] 【搜索关键词：排雷】","postUrl":"https://bbs.jjwxc.net/showmsg.php?board=17&keyword=%C5%C5%C0%D7&id=1835659","originalPost":"还可以因为她有错别字骂她不认真写文，顺便告诉她，不喜欢不认真的作者，弃了","numberOfReplies":18,"comments":[{"comment":"心态崩了","commentTime":"2022-04-06 13:48:48","commentOwner":"。"},{"comment":"呜呜呜","commentTime":"2022-04-06 13:49:13","commentOwner":"。"},{"comment":"呜呜呜\n№2 ☆☆☆。|0a7b8dcc于2022-04-06 13:49:13留言☆☆☆\n搞心态，还是她们会，服了服了","commentTime":"2022-04-06 13:50:30","commentOwner":"。"},{"comment":"“你瞎吗？你看看你的文案，排雷根本没有这条”","commentTime":"2022-04-06 13:53:19","commentOwner":"。"},{"comment":"哎，今天一起床就看到有人骂我小学生文笔，都没心情更新了QAQ","commentTime":"2022-04-06 13:54:10","commentOwner":"。"},{"comment":"哎，今天一起床就看到有人骂我小学生文笔，都没心情更新了QAQ\n№5 ☆☆☆。|c370129f于2022-04-06 13:54:10留言☆☆☆\n唉","commentTime":"2022-04-06 13:55:14","commentOwner":"。"},{"comment":"看收益别看别的，数据越好骂的人越多，要习惯！","commentTime":"2022-04-06 13:56:42","commentOwner":"=="},{"comment":"我突然想到了一种处理的态度，我说了不要骂我……\n就是同行面前保持谦逊，读者面前保持独立。","commentTime":"2022-04-06 13:59:31","commentOwner":"猫猫咕"},{"comment":"看收益别看别的，数据越好骂的人越多，要习惯！\n№7 ☆☆☆==|1c513023于2022-04-06 13:56:42留言☆☆☆\n数据也不好，我感觉我就一个底层网文写手，挨文坛大家的骂","commentTime":"2022-04-06 13:59:57","commentOwner":"。"},{"comment":"历史引用 展开全部▼\n数据也不好，我感觉我就一个底层网文写手，挨文坛大家的骂\n№9☆☆☆。|858221f2于2022-04-06 13:59:57留言☆☆☆\n以后会好的，到时候会有更多，现在就当演习了","commentTime":"2022-04-06 14:04:04","commentOwner":"=="},{"comment":"就…找点别的事干别看评论区_(:з」∠)_\n自从不看评论区我心态好了很多hhhh","commentTime":"2022-04-06 14:06:04","commentOwner":"= ="},{"comment":"哎，今天一起床就看到有人骂我小学生文笔，都没心情更新了QAQ\n№5 ☆☆☆。|c370129f于2022-04-06 13:54:10留言☆☆☆\n骂我写的稀烂的剧情线，气","commentTime":"2022-04-06 14:07:14","commentOwner":"。"},{"comment":"就…找点别的事干别看评论区_(:з」∠)_\n自从不看评论区我心态好了很多hhhh\n№11 ☆☆☆= =|fba35203于2022-04-06 14:06:04留言☆☆☆\n赞同","commentTime":"2022-04-06 14:07:35","commentOwner":"。"},{"comment":"可以关闭评论，眼不见心不烦。","commentTime":"2022-04-06 14:09:56","commentOwner":"。"},{"comment":"去飞卢逛逛，你会打开新世界的大门","commentTime":"2022-04-06 14:15:32","commentOwner":"xdmgws"},{"comment":"可以关闭评论，眼不见心不烦。\n№14 ☆☆☆。|96f9105e于2022-04-06 14:09:56留言☆☆☆\n谢谢，提醒我了，我是冷评选手啊，我去关了！","commentTime":"2022-04-06 14:17:13","commentOwner":"。"},{"comment":"去飞卢逛逛，你会打开新世界的大门\n№15 ☆☆☆xdmgws|8bd9722d于2022-04-06 14:15:32留言☆☆☆\n我谢谢你，我回来了，没那么气了","commentTime":"2022-04-06 14:27:56","commentOwner":"。"},{"comment":"去飞卢逛逛，你会打开新世界的大门\n№15 ☆☆☆xdmgws|8bd9722d于2022-04-06 14:15:32留言☆☆☆\n飞卢作者可以删评禁言关小黑屋\n而且评论区显示读者等级\n盗文读者不需要作者删评，其余正版读者会自发去嘲讽\n去飞卢干嘛，更加崩自己心态吗？","commentTime":"2022-04-06 14:29:10","commentOwner":"= ="}]}