{"id":"36c28cdc-de85-4f46-aa63-6be5fb95e39f","category":"晋江论坛→网友交流区→碧水江汀 请稍候...","postSubject":"主题：被造谣式排雷是不是根本没有办法澄清…… [14] 【搜索关键词：排雷】","postUrl":"https://bbs.jjwxc.net/showmsg.php?board=17&keyword=%C5%C5%C0%D7&id=1666512","originalPost":"各种平台上，一个传一个，越来越夸大，试着解释了一下但是完全没有用，只要有推文就有人把那个虚假雷点拿出来排雷，底下都是谢谢排雷\n这种情况下是不是躺平就好啊……","numberOfReplies":14,"comments":[{"comment":"蹲","commentTime":"2021-12-07 14:46:07","commentOwner":"。"},{"comment":"直接法律程序","commentTime":"2021-12-07 14:46:26","commentOwner":"。"},{"comment":"躺平吧","commentTime":"2021-12-07 14:46:35","commentOwner":"。"},{"comment":"直接法律程序\n№2 ☆☆☆。|f468bb1a于2021-12-07 14:46:26留言☆☆☆\n一般一个律师函就能被吓飞","commentTime":"2021-12-07 14:46:43","commentOwner":"。"},{"comment":"告吧，告个一次，造谣的就长记性了。","commentTime":"2021-12-07 14:47:11","commentOwner":"= ="},{"comment":"躺平吧，没有办法的，就算有人看到你的澄清仍然会传播错误的排雷","commentTime":"2021-12-07 14:47:12","commentOwner":"。"},{"comment":"被误解是所有表达者的宿命，躺平吧，无解","commentTime":"2021-12-07 14:47:24","commentOwner":"。"},{"comment":"躺平吧，没有办法的，就算有人看到你的澄清仍然会传播错误的排雷\n№6 ☆☆☆。|48fb8de3于2021-12-07 14:47:12留言☆☆☆\n其实我也不建议告……首先你没有办法真的走法律程序，无论是你自己的时间金钱精力还是这件事本身都没办法真的走，而你给出的律师函会成为懂法的人群嘲的对象，到时候可能会直接出圈……","commentTime":"2021-12-07 14:48:36","commentOwner":"。"},{"comment":"历史引用 展开全部▼\n其实我也不建议告……首先你没有办法真的走法律程序，无论是你自己的时间金钱精力还是这件事本身都没办法真的走，而你给出的律师函会成为懂法的人群嘲的对象，到时候可能会直接出圈……\n№8 ☆☆☆。|48fb8de3于2021-12-07 14:48:36留言☆☆☆\n没错……给律师函就会被群嘲，所以我就感觉只能躺平","commentTime":"2021-12-07 14:49:43","commentOwner":"。"},{"comment":"心疼咕咕 我也受不了一些虚假排雷 有些看过的文的排雷真的看的我满头问号 不结合其他剧情和设定 就单独拎出来","commentTime":"2021-12-07 14:49:52","commentOwner":"= ="},{"comment":"什么类型的雷点啊，渣/不洁这种真的无解……今年还有大佬被气暂退的……要是造谣违法行为直接在各平台公开反驳吧","commentTime":"2021-12-07 14:49:55","commentOwner":"。"},{"comment":"你这么一说，我想起来一个虚假排雷\n主角依据家训路见不平拔刀相助，救了一个女孩，一个月后因此为自己招致祸患，还殃及了亲人\n被排雷：主角为了自己的英雄形象，牺牲了亲人","commentTime":"2021-12-07 14:59:35","commentOwner":"。"},{"comment":"那个作者我觉得应该算是躺平了，后来就没有后来了","commentTime":"2021-12-07 15:00:35","commentOwner":"。"},{"comment":"他们根本不管，你解释了，下次她还这样说，顶多加一句——疑似/听说/不确定真假……","commentTime":"2021-12-07 15:03:10","commentOwner":"。"}]}