{"id":"51374be3-8a8e-4a5f-b4b6-fa3d20f54183","category":"晋江论坛→网友交流区→碧水江汀 欢迎回来：53088456  退 出","postSubject":"主题：真是给我整笑了。我排雷排得快比正文都长了，不看，非要杠一句不符合常理打负分，我让他去看看别的文，给我来一句让我把订阅V章的钱还给他。 [3] 【搜索关键词：排雷】","postUrl":"https://bbs.jjwxc.net/showmsg.php?board=17&keyword=%C5%C5%C0%D7&id=1936943","originalPost":"我看起来很像冤大头吗？","numberOfReplies":3,"comments":[{"comment":"让他把对你v文有印象的脑子先挖出来","commentTime":"2022-06-09 15:35:24","commentOwner":"……"},{"comment":"让他把记忆退给你","commentTime":"2022-06-09 15:35:40","commentOwner":"，"},{"comment":"别理 这种不是乞丐吗","commentTime":"2022-06-09 15:37:10","commentOwner":"。"}]}