{"id":"28393545-f77a-4b31-b803-004a517342d2","category":"晋江论坛→网友交流区→碧水江汀 请稍候...","postSubject":"主题：文案已经写了女主性格软，有点包子，男主很强势很狗，有读者按照我文案的排雷在评论区负分激情排同样的雷 [1] 【搜索关键词：排雷】","postUrl":"https://bbs.jjwxc.net/showmsg.php?board=17&keyword=%C5%C5%C0%D7&id=1723823","originalPost":"一查订阅率百分百\n这是自己没看到文本排雷，看完怒了？可是我文案开头和结尾双重提醒排雷了啊","numberOfReplies":1,"comments":[{"comment":"你就当他又帮你过滤一遍读者吧","commentTime":"2022-01-18 15:53:38","commentOwner":"= ="}]}