{"id":"131a880e-c141-4c5d-8b91-e597ad67d82c","category":"晋江论坛→网友交流区→碧水江汀 欢迎回来：53088456  退 出","postSubject":"主题：每一个看似匪夷所思的排雷背后，都有一个被骂到哭的作者！ [1] 【搜索关键词：排雷】","postUrl":"https://bbs.jjwxc.net/showmsg.php?board=17&keyword=%C5%C5%C0%D7&id=2000630","originalPost":"哭唧唧……","numberOfReplies":1,"comments":[{"comment":"抱抱！\n别太难过了","commentTime":"2022-10-14 09:27:03","commentOwner":"坏蛋联盟的大灰狼"}]}