{"id":"d5fa2881-a15d-4d15-a129-eecdd248a0d7","category":"晋江论坛→网友交流区→碧水江汀 欢迎回来：53088456  退 出","postSubject":"主题：咕咕们，举报啥时候能处理啊，举报了一个造谣式排雷+剧透的评论，现在还没删掉 [2] 【搜索关键词：排雷】","postUrl":"https://bbs.jjwxc.net/showmsg.php?board=17&keyword=%C5%C5%C0%D7&id=1880537","originalPost":"看它挂在那好难受","numberOfReplies":2,"comments":[{"comment":"站短管理员","commentTime":"2022-05-04 12:30:00","commentOwner":"。"},{"comment":"站短管理员\n№1 ☆☆☆。|036c664c于2022-05-04 12:30:00留言☆☆☆\n好的，我去试试，谢谢咕咕","commentTime":"2022-05-04 12:30:38","commentOwner":"。"}]}