{"id":"bcb7b3a5-df0c-468e-8904-b23e5cb136f2","category":"晋江论坛→网友交流区→碧水江汀 请稍候...","postSubject":"主题：救命，快穿文在同一世界有两个需要发展感情的切片需不需要排雷 [9] 【搜索关键词：排雷】","postUrl":"https://bbs.jjwxc.net/showmsg.php?board=17&keyword=%C5%C5%C0%D7&id=1677071","originalPost":"。","numberOfReplies":9,"comments":[{"comment":"文案没必要，作话在进入下一个世界前可以说一下","commentTime":"2021-12-15 01:12:55","commentOwner":"。"},{"comment":"啧，真怕了你们这种操作\n看来以后快穿文也得避了","commentTime":"2021-12-15 01:17:55","commentOwner":"。"},{"comment":"为啥避呀？本来就是和切片恋爱，一个世界两个很正常呀","commentTime":"2021-12-15 01:18:47","commentOwner":"。"},{"comment":"？我喜欢这种 摩多摩多","commentTime":"2021-12-15 01:19:33","commentOwner":"。"},{"comment":"你提前说一下都是攻就行，我不雷，甚至很爱修罗场，但我不能接受炮灰戏份多，都是正牌攻的切片就没问题。","commentTime":"2021-12-15 01:19:55","commentOwner":"= ="},{"comment":"为啥避呀？本来就是和切片恋爱，一个世界两个很正常呀\n№3 ☆☆☆。|904be4f2♥♥♥于2021-12-15 01:18:47留言☆☆☆\n对我来说，同时出来的切片就是披皮NP\n1V1党受不了一篇文中间突然冒出来这种东西，我避还不行吗","commentTime":"2021-12-15 01:22:26","commentOwner":"。"},{"comment":"我觉得还是排一下吧","commentTime":"2021-12-15 01:26:34","commentOwner":"。"},{"comment":"我超雷修罗场，之前就看过这种前面1v1，突然一个世界切片修罗场的快穿文，不过作者没有预警排雷，我自己默默溜了","commentTime":"2021-12-15 01:29:25","commentOwner":"= ="},{"comment":"作话说吧，这样读者暂时这个小世界不买也不会出现自己不喜欢的评论\n不过我喜欢切片，切多少个都无所谓，反正在我看来都是一个人","commentTime":"2021-12-15 01:33:08","commentOwner":"点逗点逗"}]}