{"id":"ff346314-25c6-4b12-b4ee-55f230b585c4","category":"晋江论坛→网友交流区→碧水江汀 欢迎回来：53088456  退 出","postSubject":"主题：我在一个文下看排雷，有楼主问道这个文主攻还是主受 [10] 【搜索关键词：排雷】","postUrl":"https://bbs.jjwxc.net/showmsg.php?board=17&keyword=%C5%C5%C0%D7&id=1944840","originalPost":"然后评论楼里一半评论说主攻，一半评论说主受，然后我发现她们说剧情线是主攻，感情线是主受。\n然后，她们又开始为了这本文是剧情文还是感情文打起来了……","numberOfReplies":10,"comments":[{"comment":"哈哈哈哈","commentTime":"2022-06-14 21:29:05","commentOwner":"。"},{"comment":"这是什么迷惑行为","commentTime":"2022-06-14 21:29:56","commentOwner":"。"},{"comment":"半分的话应该就是不明视角了吧","commentTime":"2022-06-14 21:30:13","commentOwner":"lmijhhn"},{"comment":"？？？","commentTime":"2022-06-14 21:30:19","commentOwner":"。"},{"comment":"作者没标视角吗","commentTime":"2022-06-14 21:30:23","commentOwner":"。"},{"comment":"我看到作者还回复:观战","commentTime":"2022-06-14 21:30:45","commentOwner":"。"},{"comment":"srds，哈哈哈哈哈哈哈","commentTime":"2022-06-14 21:30:49","commentOwner":"。"},{"comment":"啊？为什么觉得有点好笑哈哈哈","commentTime":"2022-06-14 21:31:18","commentOwner":"。"},{"comment":"笑死我了这个作者，她可能也不知道自己这是啥文","commentTime":"2022-06-14 21:31:28","commentOwner":"。"},{"comment":"不过好在这个“打”只在一个话题楼里，作者说，集中一下，不要分散。\n哈哈哈哈哈看起来真的很搞笑","commentTime":"2022-06-14 21:32:03","commentOwner":"。"}]}