{"id":"3bbeeb1d-1ba1-4936-9c11-dee60adb71ac","category":"晋江论坛→网友交流区→碧水江汀 欢迎回来：53088456  退 出","postSubject":"主题：很无语，遇到虚假排雷了（疲惫的笑） [1] 【搜索关键词：排雷】","postUrl":"https://bbs.jjwxc.net/showmsg.php?board=17&keyword=%C5%C5%C0%D7&id=1900883","originalPost":"说我副cp注水，关键是我根本没写副c","numberOfReplies":1,"comments":[{"comment":"说我副cp注水，关键是我根本没写副c\n№0 ☆☆☆。|f9bcd442于2022-05-17 00:35:24留言☆☆☆\n没写副cp","commentTime":"2022-05-17 00:35:36","commentOwner":"。"}]}