{"id":"3bd3eac2-ceb5-4cb8-9bda-5d1c183c8e2e","category":"晋江论坛→网友交流区→碧水江汀 欢迎回来：53088456  退 出","postSubject":"主题：我真的越来越安详了，被排雷：感觉像xx（订阅率0%，评论章节1） [1] 【搜索关键词：排雷】","postUrl":"https://bbs.jjwxc.net/showmsg.php?board=17&keyword=%C5%C5%C0%D7&id=2012947","originalPost":"搜了一下他说的那本书，从书名到角色名到文案到设定没有一点像，甚至对方是宫斗升级流，我是甜饼感情流。\n是因为我们都是晋江作者所以像吗请问？","numberOfReplies":1,"comments":[{"comment":"piupiu反弹，日个万直接躺下睡觉，我一鼻子两个眼与众生皆像","commentTime":"2022-12-25 19:40:09","commentOwner":"那你想让我怎样呢"}]}