{"id":"027f769a-b0e1-415d-b379-bdc670fc40e0","category":"晋江论坛→网友交流区→碧水江汀 欢迎回来：53088456  退 出","postSubject":"主题：这周有个好榜，结果一直有人在我文下发无中生雷的拍排雷 [7] 【搜索关键词：排雷】","postUrl":"https://bbs.jjwxc.net/showmsg.php?board=17&keyword=%C5%C5%C0%D7&id=1909235","originalPost":"关键都是0分，也不能删，只能一直压。我烦了","numberOfReplies":7,"comments":[{"comment":"文里明明没有这个剧情，在那误导其他人","commentTime":"2022-05-22 02:11:21","commentOwner":"。"},{"comment":"我真的有种直觉 她是个作者，那个号0订阅","commentTime":"2022-05-22 02:11:52","commentOwner":"。"},{"comment":"你直接点击举报评论，在理由里说明虚假排雷，审核会删掉的","commentTime":"2022-05-22 02:21:04","commentOwner":""},{"comment":"可以投诉盗文评论，一般来说都能删掉","commentTime":"2022-05-22 02:21:42","commentOwner":"咸鱼2号"},{"comment":"你直接点击举报评论，在理由里说明虚假排雷，审核会删掉的\n№3 ☆☆☆   |517a5364于2022-05-22 02:21:04留言☆☆☆\n谢谢咕咕啦","commentTime":"2022-05-22 02:32:52","commentOwner":"。"},{"comment":"99%是你同期\n举报，审核处理其实还是蛮快的，如果她一直留我记得会识别他的账号默认删除","commentTime":"2022-05-22 02:34:33","commentOwner":"喵"},{"comment":"举报了，会处理的","commentTime":"2022-05-22 05:21:11","commentOwner":"。"}]}