{"id":"c7fc9962-6d9b-4f17-980b-93ba766eb4aa","category":"晋江论坛→网友交流区→碧水江汀 欢迎回来：53088456  退 出","postSubject":"主题：有没有上夹子前就开始紧张想吐的，关键是你还是写的hzc，我已经预料到会被怎么排雷怎么骂了 [34] 【搜索关键词：排雷】","postUrl":"https://bbs.jjwxc.net/showmsg.php?board=17&keyword=%C5%C5%C0%D7&id=1809151","originalPost":"一想到就胸口窒息","numberOfReplies":33,"comments":[{"comment":"可我又做不到不看评论呜呜呜","commentTime":"2022-03-20 01:14:33","commentOwner":"= ="},{"comment":"有一说一，只有虚假hzc才会被骂","commentTime":"2022-03-20 01:19:01","commentOwner":"= ="},{"comment":"有一说一，只有虚假hzc才会被骂\n№2☆☆☆= =|95f437a8于2022-03-20 01:19:01留言☆☆☆\n但我离hzc还早呢，前面都是常规的男主做出一些非常狗的操作，我就怕这个被骂，哎","commentTime":"2022-03-20 01:24:49","commentOwner":"= ="},{"comment":"我不管写的什么，上夹子都会让我紧张得想吐，因为我第一本就被骂飞天，我现在一上夹子，我就应激","commentTime":"2022-03-20 01:25:32","commentOwner":"。"},{"comment":"除了被骂之外，想到可能位置不好，可能涨幅不好，可能会被hyb盯着搞出点什么事来，甚至搞到bs出道，都会紧张到想吐","commentTime":"2022-03-20 01:31:06","commentOwner":"=="},{"comment":"常规狗操作被骂的可能性小吧，zqhzc多了去了，不过如果入v还没有hzc的苗头那是容易被骂","commentTime":"2022-03-20 01:36:15","commentOwner":"= ="},{"comment":"我不管写的什么，上夹子都会让我紧张得想吐，因为我第一本就被骂飞天，我现在一上夹子，我就应激\n№4☆☆☆。|41250be1于2022-03-20 01:25:32留言☆☆☆\n那你怎么排解的呢，呜呜呜结果还是该看就看嘛","commentTime":"2022-03-20 01:48:02","commentOwner":"= ="},{"comment":"除了被骂之外，想到可能位置不好，可能涨幅不好，可能会被hyb盯着搞出点什么事来，甚至搞到bs出道，都会紧张到想吐\n№5☆☆☆==|5885ae96于2022-03-20 01:31:06留言☆☆☆\n不止bs出道，现在还可以读者区出道了，我真的紧张到想吐，上夹那天我一定这两个区都不要点开（）","commentTime":"2022-03-20 01:48:57","commentOwner":"= ="},{"comment":"历史引用 展开全部▼\n那你怎么排解的呢，呜呜呜结果还是该看就看嘛\n№7☆☆☆= =|e2056f33于2022-03-20 01:48:02留言☆☆☆\n不知道，感觉每次在上面都是稀里糊涂的，而且每次读者都能找到角度清奇的点喷，然后让我出道","commentTime":"2022-03-20 01:53:31","commentOwner":"。"},{"comment":"历史引用 展开全部▼\n不知道，感觉每次在上面都是稀里糊涂的，而且每次读者都能找到角度清奇的点喷，然后让我出道\n№9☆☆☆。|41250be1于2022-03-20 01:53:31留言☆☆☆\n我就很怕我被喷得心态崩了然后不想写了，下夹以后就其实根本没人会再这么喷了，感觉自己还是心态不够稳","commentTime":"2022-03-20 01:55:12","commentOwner":"= ="},{"comment":"话说究竟什么才算是虚假火葬场啊，我真的逐步在虐，虐的部分全文占比一半，进icu虐心也都安排了但是读者觉得力度不够，火葬场到底是要什么力度啊","commentTime":"2022-03-20 01:58:38","commentOwner":"。"},{"comment":"上一本上夹子，我是当天后知后觉的，差不多下了才想起我上夹了。就无意中忘记什么时候上夹了。","commentTime":"2022-03-20 02:14:46","commentOwner":"。"},{"comment":"我个扑街惨淡咕真的对夹子有恐惧。太吓人了。","commentTime":"2022-03-20 02:18:23","commentOwner":"。"},{"comment":"我个扑街惨淡咕真的对夹子有恐惧。太吓人了。\n№13☆☆☆。|ab426ed7于2022-03-20 02:18:23留言☆☆☆\n真的太吓人了，要是有存稿我都不至于这么害怕","commentTime":"2022-03-20 12:52:37","commentOwner":"= ="},{"comment":"我以为我周一上夹子，从昨天开始紧张，今天一早醒来窒息了，尼玛我是今天上","commentTime":"2022-03-20 13:10:48","commentOwner":"123"},{"comment":"可我又做不到不看评论呜呜呜\n№1 ☆☆☆= =|e2056f33?于2022-03-20 01:14:33留言☆☆☆\n手机卸载晋江当天约个朋友出去玩试试？反正就是转移注意，只要将它当做不存在六平安度过（我是这样qwq）","commentTime":"2022-03-20 13:12:45","commentOwner":"。"},{"comment":"有些人说话不就是受害者有罪论吗？什么叫被骂就是虚假啊……无论怎么说，都不是谩骂的借口吧","commentTime":"2022-03-20 13:12:58","commentOwner":"。"},{"comment":"历史引用 展开全部▼\n手机卸载晋江当天约个朋友出去玩试试？反正就是转移注意，只要将它当做不存在六平安度过（我是这样qwq）\n№16☆☆☆。|817c9302于2022-03-20 13:12:45留言☆☆☆\n有道理，虽然这样就没法压评了qaq","commentTime":"2022-03-20 13:15:57","commentOwner":"= ="},{"comment":"话说究竟什么才算是虚假火葬场啊，我真的逐步在虐，虐的部分全文占比一半，进icu虐心也都安排了但是读者觉得力度不够，火葬场到底是要什么力度啊\n№11 ☆☆☆。|1cdd549b于2022-03-20 01:58:38留言☆☆☆\n不在一起力度就够了……在一起怎么样都会被骂的，不过大部分读者其实是一边骂，一边希望在一起……","commentTime":"2022-03-20 13:15:59","commentOwner":"。"},{"comment":"我就是夹子被骂惨了，但是事实证明骂的越多数据越好（。），就是控制自己不看评论区就行","commentTime":"2022-03-20 13:16:46","commentOwner":"。"},{"comment":"我夹子那两天被骂了两百条吧- -然后还被全文举报了……","commentTime":"2022-03-20 13:20:11","commentOwner":"。"},{"comment":"有一说一，只有虚假hzc才会被骂\n№2 ☆☆☆= =|95f437a8于2022-03-20 01:19:01留言☆☆☆\n一般上夹子的时候都是刚刚火葬场的时候吧，这时候一般都会被骂","commentTime":"2022-03-20 13:20:53","commentOwner":"。"},{"comment":"我夹子那两天被骂了两百条吧- -然后还被全文举报了……\n№22☆☆☆。|8f38d72c于2022-03-20 13:20:11留言☆☆☆\n咕咕压评了吗，不压我又怕劝退掉排名","commentTime":"2022-03-20 13:21:58","commentOwner":"= ="},{"comment":"我夹子那两天被骂了两百条吧- -然后还被全文举报了……\n№22☆☆☆。|8f38d72c于2022-03-20 13:20:11留言☆☆☆\n咕咕压评了吗，不压我又怕劝退掉排名\n№24         ☆☆☆= =|e2056f33于2022-03-20 13:21:58留言        ☆☆☆\n没压 放弃治疗了 但是夹子往上爬了几名","commentTime":"2022-03-20 13:22:48","commentOwner":"。"},{"comment":"历史引用 展开全部▼\n咕咕压评了吗，不压我又怕劝退掉排名\n№24 ；＆ＮＢＳＰ；＆ＮＢＳＰ；＆ＮＢＳＰ；＆ＮＢＳＰ；＆ＮＢＳＰ；＆ＮＢＳＰ；＆ＮＢＳＰ; ☆☆☆= =|e2056f33于2022-03-20 13:21:58留言 ；＆ＮＢＳＰ；＆ＮＢＳＰ；＆ＮＢＳＰ；＆ＮＢＳＰ；＆ＮＢＳＰ；＆ＮＢＳＰ；＆ＮＢＳＰ;☆☆☆\n没压 放弃治疗了 但是夹子往上爬了几名\n№25☆☆☆。|8f38d72c于2022-03-20 13:22:48留言☆☆☆\n狠狠喝鸡汤了，我要夹子那天直接卸载jj","commentTime":"2022-03-20 13:25:29","commentOwner":"= ="},{"comment":"历史引用 展开全部▼\n有道理，虽然这样就没法压评了qaq\n№19 ☆☆☆= =|e2056f33?于2022-03-20 13:15:57留言☆☆☆\n这题我也会。根据我的经验，有三选择：\n1.拜托关系好的基友当天帮自己盯一下评论区\n2.碧水找一个和自己相近夹子时间的咕约定好当天给彼此互相压评\n3.花钱买一个限定工具人（以前我有在章鱼小丸子裙裙见过开展这个业务的）","commentTime":"2022-03-20 13:25:33","commentOwner":"。"},{"comment":"历史引用 展开全部▼\n咕咕压评了吗，不压我又怕劝退掉排名\n№24 ；＆ＮＢＳＰ；＆ＮＢＳＰ；＆ＮＢＳＰ；＆ＮＢＳＰ；＆ＮＢＳＰ；＆ＮＢＳＰ；＆ＮＢＳＰ; ☆☆☆= =|e2056f33于2022-03-20 13:21:58留言 ；＆ＮＢＳＰ；＆ＮＢＳＰ；＆ＮＢＳＰ；＆ＮＢＳＰ；＆ＮＢＳＰ；＆ＮＢＳＰ；＆ＮＢＳＰ;☆☆☆\n没压 放弃治疗了 但是夹子往上爬了几名\n№25☆☆☆。|8f38d72c于2022-03-20 13:22:48留言☆☆☆\n你不会是我基友吧？？","commentTime":"2022-03-20 13:30:29","commentOwner":"。"},{"comment":"历史引用 展开全部▼\n咕咕压评了吗，不压我又怕劝退掉排名\n№24 ；＆ＮＢＳＰ；＆ＮＢＳＰ；＆ＮＢＳＰ；＆ＮＢＳＰ；＆ＮＢＳＰ；＆ＮＢＳＰ；＆ＮＢＳＰ; ☆☆☆= =|e2056f33于2022-03-20 13:21:58留言 ；＆ＮＢＳＰ；＆ＮＢＳＰ；＆ＮＢＳＰ；＆ＮＢＳＰ；＆ＮＢＳＰ；＆ＮＢＳＰ；＆ＮＢＳＰ;☆☆☆\n没压 放弃治疗了 但是夹子往上爬了几名\n№25☆☆☆。|8f38d72c于2022-03-20 13:22:48留言☆☆☆\n8f38！！要不要对个暗号","commentTime":"2022-03-20 13:31:00","commentOwner":"。"},{"comment":"差不多情况，上夹子第一条评论就是问洁不洁然后盖楼到第二天早晨被各种臆测排雷，又有专打负分的来骂，没有理会也没有回复，会有固定读者的评论压过去，下夹子后投诉删评。现在下夹子一周+，日收保持在夹子当天的一半。","commentTime":"2022-03-20 13:31:02","commentOwner":"。"},{"comment":"过来人告诉你，我直接删除，或者硬刚，好的批评接受，乱七八糟带节奏的不惯着她","commentTime":"2022-03-20 13:32:31","commentOwner":"。。"},{"comment":"历史引用 展开全部▼\n8f38！！要不要对个暗号\n№29☆☆☆。|dc1d22c7于2022-03-20 13:31:00留言☆☆☆\n好像不是…没有收到捕捉到信号？","commentTime":"2022-03-20 14:10:21","commentOwner":"。"},{"comment":"差不多情况，上夹子第一条评论就是问洁不洁然后盖楼到第二天早晨被各种臆测排雷，又有专打负分的来骂，没有理会也没有回复，会有固定读者的评论压过去，下夹子后投诉删评。现在下夹子一周+，日收保持在夹子当天的一半。\n№30☆☆☆。|59569985于2022-03-20 13:31:02留言☆☆☆\n我懂，我这就去码字等到下夹后多更点","commentTime":"2022-03-20 14:11:44","commentOwner":"= ="},{"comment":"没事稳住，就一天的事，据我观察夹子上被骂的hzc，下了夹子后评论区风平浪静，再过阵子评论区已经在和谐的说大大加油了","commentTime":"2022-03-20 14:13:24","commentOwner":"。"}]}