{"id":"5d026b0a-cfc0-4cbb-8f28-5e6f157b997c","category":"晋江论坛→网友交流区→碧水江汀 请稍候...","postSubject":"主题：求问，bg文某个单元里有和女主无关的百合元素，可以不排雷吗? [8] 【搜索关键词：排雷】","postUrl":"https://bbs.jjwxc.net/showmsg.php?board=17&keyword=%C5%C5%C0%D7&id=1694205","originalPost":"某个单元的女配1单恋女配2，女配2被人害死为她复仇。如果剧透有百合可能会剧透凶手（女配2身份），这个可以不拍雷吗？","numberOfReplies":8,"comments":[{"comment":"我感觉可以。","commentTime":"2021-12-27 23:46:32","commentOwner":"=="},{"comment":"这不就是很正常的同性恋剧情吗？为啥要排雷？","commentTime":"2021-12-27 23:46:45","commentOwner":"。"},{"comment":"bg不排斥百合","commentTime":"2021-12-27 23:46:53","commentOwner":"=="},{"comment":"很多出版书上都有这种剧情","commentTime":"2021-12-27 23:47:02","commentOwner":"。"},{"comment":"排一下为好。既然你这么问了，就说明心里还是觉得会有读者雷的","commentTime":"2021-12-27 23:47:03","commentOwner":"头秃"},{"comment":"排一下为好。既然你这么问了，就说明心里还是觉得会有读者雷的\n№5 ☆☆☆头秃|d123f55c于2021-12-27 23:47:03留言☆☆☆\n看主楼，这应该是悬疑推理，你一排雷那还看个屁呀，凶手和动机全部说出来了","commentTime":"2021-12-27 23:47:27","commentOwner":"。"},{"comment":"百合……一般不用排，除非你真的把bg写成了百合，错频了才会被说……","commentTime":"2021-12-27 23:47:37","commentOwner":"。"},{"comment":"历史引用 展开全部▼\n看主楼，这应该是悬疑推理，你一排雷那还看个屁呀，凶手和动机全部说出来了\n№6 ☆☆☆。|1847f4e2于2021-12-27 23:47:27留言☆☆☆\n哦哦哦，抱歉，没看清","commentTime":"2021-12-27 23:47:49","commentOwner":"头秃"}]}