{"id":"57eb2552-997f-4436-9823-177fdddc0c00","category":"晋江论坛→网友交流区→碧水江汀 欢迎回来：53088456  退 出","postSubject":"主题：pbc排雷 [3] 【搜索关键词：排雷】","postUrl":"https://bbs.jjwxc.net/showmsg.php?board=17&keyword=%C5%C5%C0%D7&id=1759104","originalPost":"我作为作者认为的雷点＝不符合逻辑的神转折，人设崩塌ooc导致剧情迷幻发展，莫名其妙的情节等不符合整篇文基调发展的东西\n读者认为的雷点＝某种元素（可以是be，可以是副cp，可以是主角吃香菜，可以是配角太坏，总之什么都能是雷点）\n\n所以读者让我排雷，我很不理解\n说白了不喜点X，怕踩雷的从评论区找雷点或者搜论坛，再不济去大眼睛或者db，到处都有排雷的，为什么非要作者排雷？\n作者不觉得雷，排雷的作者只是怕被喷或者被骂怕了","numberOfReplies":3,"comments":[{"comment":"nsdd","commentTime":"2022-02-12 12:47:34","commentOwner":"=="},{"comment":"是这样的","commentTime":"2022-02-12 12:53:40","commentOwner":"……"},{"comment":"我顶多排雷，是不是处其他都不会","commentTime":"2022-02-12 12:54:13","commentOwner":"fuj"}]}