{"id":"7f90c0e1-ea3e-4519-a78b-e8a4ee565d9d","category":"晋江论坛→网友交流区→碧水江汀 欢迎回来：53088456  退 出","postSubject":"主题：主攻文，攻c受非c需要特地排雷吗？ [27] 【搜索关键词：排雷】","postUrl":"https://bbs.jjwxc.net/showmsg.php?board=17&keyword=%C5%C5%C0%D7&id=1903730","originalPost":"rt\n之前没写过主攻。","numberOfReplies":27,"comments":[{"comment":"需要吧，主攻主受不都需要吗？","commentTime":"2022-05-18 22:11:59","commentOwner":"？"},{"comment":"如果你指的是受当过别人的受，天雷兄弟，非常雷，往死里雷","commentTime":"2022-05-18 22:12:09","commentOwner":"。"},{"comment":"要","commentTime":"2022-05-18 22:12:12","commentOwner":"= ="},{"comment":"如果你指的是受当过别人的受，天雷兄弟，非常雷，往死里雷\n№2 ☆☆☆。|d4eff31e于2022-05-18 22:12:09留言☆☆☆\n很难不排！","commentTime":"2022-05-18 22:12:25","commentOwner":"？"},{"comment":"不管啥视角都要排吧\n不过我劝你谨慎开文","commentTime":"2022-05-18 22:12:25","commentOwner":"。"},{"comment":"要","commentTime":"2022-05-18 22:12:27","commentOwner":"。"},{"comment":"如果你指的是受当过别人的受，天雷兄弟，非常雷，往死里雷\n№2 ☆☆☆。|d4eff31e于2022-05-18 22:12:09留言☆☆☆\n所以要排","commentTime":"2022-05-18 22:12:30","commentOwner":"。"},{"comment":"如果你指的是受当过别人的受，天雷兄弟，非常雷，往死里雷\n№2 ☆☆☆。|d4eff31e♥♥于2022-05-18 22:12:09留言☆☆☆\n好家伙，这么雷？！\n穿书设定","commentTime":"2022-05-18 22:13:22","commentOwner":"。"},{"comment":"不能换成主受吗？感觉主受读者吃受非攻c更多吧Orz当然排雷还是要的","commentTime":"2022-05-18 22:13:24","commentOwner":"？"},{"comment":"太雷了，看bt都觉得自己已经被雷到了Orz","commentTime":"2022-05-18 22:14:06","commentOwner":"？"},{"comment":"主受也有人雷这个啊，排比较好","commentTime":"2022-05-18 22:14:20","commentOwner":"。"},{"comment":"突然想起了之前那个写主攻被追着骂的咕，入坑需谨慎","commentTime":"2022-05-18 22:14:26","commentOwner":"闲人"},{"comment":"历史引用 展开全部▼\n好家伙，这么雷？！\n穿书设定\n№8 ☆☆☆。|f530717e于2022-05-18 22:13:22留言☆☆☆\n我个人不算很gk都觉得雷，更何况主攻的gk真的挺多","commentTime":"2022-05-18 22:15:06","commentOwner":"。"},{"comment":"不能换成主受吗？感觉主受读者吃受非攻c更多吧Orz当然排雷还是要的\n№9 ☆☆☆？|bad123a9☆于2022-05-18 22:13:24留言☆☆☆\n因为攻才是穿书人，然后受是不知情的那个。orz","commentTime":"2022-05-18 22:15:38","commentOwner":"。"},{"comment":"要","commentTime":"2022-05-18 22:15:41","commentOwner":"。"},{"comment":"历史引用 展开全部▼\n我个人不算很gk都觉得雷，更何况主攻的gk真的挺多\n№13 ☆☆☆。|d4eff31e于2022-05-18 22:15:06留言☆☆☆\n大部分读者都应该会雷CP不是处吧Orz别说控不控了","commentTime":"2022-05-18 22:16:20","commentOwner":"？"},{"comment":"需要，如果受黄瓜不洁可以不排","commentTime":"2022-05-18 22:16:46","commentOwner":"，"},{"comment":"这么说吧，站在读者的角度，我看文花钱了，结果这种大众雷你没排，会给你打负","commentTime":"2022-05-18 22:16:59","commentOwner":"。"},{"comment":"历史引用 展开全部▼\n因为攻才是穿书人，然后受是不知情的那个。orz\n№14 ☆☆☆。|f530717e于2022-05-18 22:15:38留言☆☆☆\n非常雷，兄弟。想写的话真的要排好，我看bt都感觉被雷到了Orz","commentTime":"2022-05-18 22:17:27","commentOwner":"？"},{"comment":"看bt已经想打负的程度","commentTime":"2022-05-18 22:18:48","commentOwner":"。"},{"comment":"这么说吧，站在读者的角度，我看文花钱了，结果这种大众雷你没排，会给你打负\n№18 ☆☆☆。|c2caee3b于2022-05-18 22:16:59留言☆☆☆\n故事一开始就体现的那种。","commentTime":"2022-05-18 22:19:02","commentOwner":"。"},{"comment":"呃，我主受，攻不洁也会排雷","commentTime":"2022-05-18 22:19:07","commentOwner":"。"},{"comment":"历史引用 展开全部▼\n故事一开始就体现的那种。\n№21 ☆☆☆。|f530717e于2022-05-18 22:19:02留言☆☆☆\n那就直接弃文跑路","commentTime":"2022-05-18 22:19:48","commentOwner":"。"},{"comment":"历史引用 展开全部▼\n好家伙，这么雷？！\n穿书设定\n№8 ☆☆☆。|f530717e♥于2022-05-18 22:13:22留言☆☆☆\n你想想清楚\n主攻，首先不要指望gk给你送钱\n那买你文的大多数读者就是主角控\n主角控只想主角拿到最好的，并不想主角的CP有过往","commentTime":"2022-05-18 22:20:12","commentOwner":"。"},{"comment":"乌乌乌，我萌点有那么奇怪吗orz","commentTime":"2022-05-18 22:20:14","commentOwner":"。"},{"comment":"我不雷，但是大部分应该都雷","commentTime":"2022-05-18 22:20:18","commentOwner":"。"},{"comment":"我是主角控，我雷，如果是主受，我不雷","commentTime":"2022-05-18 22:22:02","commentOwner":"。"}]}