{"id":"8dca886f-ccae-4ee4-b050-8bfea60e129c","category":"晋江论坛→网友交流区→碧水江汀 请稍候...","postSubject":"主题：无cp文案排雷“男男女女单箭头爱男主，男主谁也不爱”这种到底可不可以？ [12] 【搜索关键词：排雷】","postUrl":"https://bbs.jjwxc.net/showmsg.php?board=17&keyword=%C5%C5%C0%D7&id=1750546","originalPost":"基本不看无CP，因为想看这个题材在读者区收了一本，点开看文案就写着这句话，我记得是不可以？","numberOfReplies":12,"comments":[{"comment":"好奇蹲蹲","commentTime":"2022-02-06 22:22:54","commentOwner":"。"},{"comment":"不可以吧？","commentTime":"2022-02-06 22:24:00","commentOwner":"。"},{"comment":"不可以","commentTime":"2022-02-06 22:24:55","commentOwner":"法外狂徒张总"},{"comment":"单箭头不可以","commentTime":"2022-02-06 22:25:58","commentOwner":"。"},{"comment":"不可以，无cp不能有单箭头吧？一两个我能理解，毕竟主角很优秀，但是男男女女……过分了……","commentTime":"2022-02-06 22:26:12","commentOwner":"。。"},{"comment":"不可以，无CP就不能有箭头！","commentTime":"2022-02-06 22:26:34","commentOwner":"。"},{"comment":"一次带过的一个两个可以，男男女女这描述一看就很多，这样不可以","commentTime":"2022-02-06 22:27:08","commentOwner":"梦还是要做的"},{"comment":"如果举报的话，这不就是理由？","commentTime":"2022-02-06 22:27:16","commentOwner":"吃瓜群众1号"},{"comment":"无cp不能主感情（单指爱情）","commentTime":"2022-02-06 22:27:16","commentOwner":"。"},{"comment":"看篇幅，要是几句话带过男男女女都爱他，展现主角魅力可以，要是都是感情拉扯，不行","commentTime":"2022-02-06 22:27:17","commentOwner":"。"},{"comment":"唔……你说的这本我好像解码了\n这本是早期文，当初无cp频道还没有那么严格的规定，当时还很流行万人迷男主来着～\n而且……虽然文案是这么说的，但是文中其实根本没人对男主有爱慕之类的感情，都是崇拜和尊敬，也没有任何争抢男主的戏份，所以你可以无视掉文案这段话","commentTime":"2022-02-06 22:29:23","commentOwner":"——"},{"comment":"那不就是万人迷了","commentTime":"2022-02-06 22:51:16","commentOwner":"= ="}]}