{"id":"9e528863-a19d-4b61-b256-531a3aaf2bd5","category":"晋江论坛→网友交流区→碧水江汀 请稍候...","postSubject":"主题：如果你们要写一篇可能很雷的百合文（会做好排雷）需要另开马甲吗？ [13] 【搜索关键词：排雷】","postUrl":"https://bbs.jjwxc.net/showmsg.php?board=17&keyword=%C5%C5%C0%D7&id=1643282","originalPost":"具体雷点不说，不过不是男穿女这种\n而是基于主角行事风格和人设上的雷点，以及会有戏份比较重的男配\n如果写过这样会被排雷的文，新马甲再写其他百合文合适吗？","numberOfReplies":13,"comments":[{"comment":"看雷到什么程度","commentTime":"2021-11-19 15:55:31","commentOwner":"。"},{"comment":"你只想写这一本的话专门占一个马甲不觉得浪费吗","commentTime":"2021-11-19 15:56:54","commentOwner":"。"},{"comment":"读者多吗？确定会到被公开排雷的程度吗？","commentTime":"2021-11-19 15:56:56","commentOwner":"咕咕"},{"comment":"读者多吗？确定会到被公开排雷的程度吗？\n№3 ☆☆☆咕咕|3c70d203于2021-11-19 15:56:56留言☆☆☆\n不到万收，应该不会被公开排雷吧，起码没见过排这种雷的高楼，但是应该是大部分百合读者不会看的那种，类似于人设铁t+和男配有感情纠缠+主角真.心狠手辣","commentTime":"2021-11-19 15:59:37","commentOwner":"。"},{"comment":"历史引用 展开全部▼\n不到万收，应该不会被公开排雷吧，起码没见过排这种雷的高楼，但是应该是大部分百合读者不会看的那种，类似于人设铁t+和男配有感情纠缠+主角真.心狠手辣\n№4 ☆☆☆。|9f360b46于2021-11-19 15:59:37留言☆☆☆\n类似于，不是说就是这种！","commentTime":"2021-11-19 16:00:03","commentOwner":"。"},{"comment":"看雷到什么程度\n№1 ☆☆☆。|a6dd2264于2021-11-19 15:55:31留言☆☆☆\n应该挺雷的吧，但好像没到人人喊打的地步？","commentTime":"2021-11-19 16:00:43","commentOwner":"。"},{"comment":"你只想写这一本的话专门占一个马甲不觉得浪费吗\n№2 ☆☆☆。|7734ce06于2021-11-19 15:56:54留言☆☆☆\n我就是觉得有点浪费，所以在犹豫","commentTime":"2021-11-19 16:01:01","commentOwner":"。"},{"comment":"历史引用 展开全部▼\n我就是觉得有点浪费，所以在犹豫\n№7 ☆☆☆。|9f360b46于2021-11-19 16:01:01留言☆☆☆\n别吧，百合和其他频道壁太厚了，占一个马甲有点浪费，除非是真的很想写那个脑洞，可以开一个","commentTime":"2021-11-19 16:05:52","commentOwner":"。"},{"comment":"如果专门开个马甲，我就不会只是那本百合了，我会把所有想磕又巨雷的写在那个号上，搞个雷点合集","commentTime":"2021-11-19 16:13:06","commentOwner":"。。。"},{"comment":"如果专门开个马甲，我就不会只是那本百合了，我会把所有想磕又巨雷的写在那个号上，搞个雷点合集\n№9 ☆☆☆。。。|38883d2d于2021-11-19 16:13:06留言☆☆☆\n。","commentTime":"2021-11-19 16:17:43","commentOwner":"。"},{"comment":"如果专门开个马甲，我就不会只是那本百合了，我会把所有想磕又巨雷的写在那个号上，搞个雷点合集\n№9 ☆☆☆。。。|38883d2d于2021-11-19 16:13:06留言☆☆☆\n那笔名就可以叫放飞自我","commentTime":"2021-11-19 16:40:23","commentOwner":"。"},{"comment":"历史引用 展开全部▼\n那笔名就可以叫放飞自我\n№11 ☆☆☆。|9f360b46于2021-11-19 16:40:23留言☆☆☆\n叫渡雷劫","commentTime":"2021-11-19 17:42:27","commentOwner":"。。。"},{"comment":"不会，浪费马甲。但我会在专栏里把系列名称改成天雷滚滚","commentTime":"2021-11-19 17:54:49","commentOwner":"。"}]}