{"id":"aa57ead1-bc2d-48ac-a26a-18ed0d050aee","category":"晋江论坛→网友交流区→碧水江汀 请稍候...","postSubject":"主题：关于我找了个推文博主然后有个人在评论下疯狂排雷这件事情 [10] 【搜索关键词：排雷】","postUrl":"https://bbs.jjwxc.net/showmsg.php?board=17&keyword=%C5%C5%C0%D7&id=1767028","originalPost":"…白推了，她在每个求排雷的评论下都把文说的一文不值，可能我真的写的不好，但我真的有点难过","numberOfReplies":10,"comments":[{"comment":"摸摸咕咕","commentTime":"2022-02-17 20:17:52","commentOwner":"= ="},{"comment":"天，这么疯","commentTime":"2022-02-17 20:18:34","commentOwner":"。"},{"comment":"是他的问题……一般读者就算觉得不好，绝不至于追着贬","commentTime":"2022-02-17 20:19:29","commentOwner":"=="},{"comment":"既然你花钱了的，那你可以请推文博主删掉……吧？","commentTime":"2022-02-17 20:21:50","commentOwner":"= ="},{"comment":"既然你花钱了的，那你可以请推文博主删掉……吧？\n№4☆☆☆= =|e0a4b18d于2022-02-17 20:21:50留言☆☆☆\n。","commentTime":"2022-02-17 20:22:20","commentOwner":"……"},{"comment":"这种人其实挺多的，我关注了很多推文号，经常会看到评论区有人疯狂回复别人，给别人排雷。。。是挺扫兴的，一般我看到就没兴趣了","commentTime":"2022-02-17 20:22:22","commentOwner":"在"},{"comment":"让推文博主删掉","commentTime":"2022-02-17 20:22:43","commentOwner":"=="},{"comment":"既然你花钱了的，那你可以请推文博主删掉……吧？\n№4 ☆☆☆= =|e0a4b18d于2022-02-17 20:21:50留言☆☆☆\n你好天真嗷，根本不能删，推文博主就是靠粉丝吃饭，删评论会被疯狂轮，引起骂战（我亲眼见过，恐怖死了","commentTime":"2022-02-17 20:23:34","commentOwner":"在"},{"comment":"你碰到过推你文的博主，挂了两天后把推文博删了然后退你1/4钱的么？\n我算知道她每篇推文博点赞都很高啥原因了\n不高的都被她删了\n不过也不计较","commentTime":"2022-02-17 20:28:59","commentOwner":"= ="},{"comment":"见过好的推文博主，会主动删除不好的评论\n我也见过有些nt博主，居然还赞排雷，呵呵","commentTime":"2022-02-17 20:31:47","commentOwner":"。"}]}