{"id":"070228e7-4acd-430c-b3e1-47f9c59a7998","category":"晋江论坛→网友交流区→碧水江汀 欢迎回来：53088456  退 出","postSubject":"主题：现在排雷还用捉虫来排了吗？ [1] 【搜索关键词：排雷】","postUrl":"https://bbs.jjwxc.net/showmsg.php?board=17&keyword=%C5%C5%C0%D7&id=1956573","originalPost":"捉虫：没剧情 拜拜","numberOfReplies":1,"comments":[{"comment":"我之前文下还有用捉虫来催更的……","commentTime":"2022-06-22 18:56:52","commentOwner":"。"}]}