{"id":"55be4921-031e-4b7b-a0f2-183a84785917","category":"晋江论坛→网友交流区→碧水江汀 欢迎回来：53088456  退 出","postSubject":"主题：咕咕们，攻嫁受，要文案排雷嘛？ [8] 【搜索关键词：排雷】","postUrl":"https://bbs.jjwxc.net/showmsg.php?board=17&keyword=%C5%C5%C0%D7&id=1926260","originalPost":"攻的人设是宠妻大佬，最后嫁给受，篇幅不多，在结局章。\n谢谢各位美咕咕。","numberOfReplies":8,"comments":[{"comment":"不用","commentTime":"2022-06-02 00:49:02","commentOwner":"……"},{"comment":"不用\n№1☆☆☆……|328f419e于2022-06-02 00:49:02留言☆☆☆\n哇蹭蹭，谢谢，么么哒","commentTime":"2022-06-02 00:49:34","commentOwner":"。。。"},{"comment":"代表个人，不用","commentTime":"2022-06-02 00:51:24","commentOwner":"。"},{"comment":"同代表个人，不用","commentTime":"2022-06-02 00:57:54","commentOwner":"。"},{"comment":"不用吧\n这…好像没什么啊？会有人雷吗？","commentTime":"2022-06-02 00:58:41","commentOwner":"。"},{"comment":"不用，反正攻受又没逆","commentTime":"2022-06-02 00:59:46","commentOwner":"。"},{"comment":"不用","commentTime":"2022-06-02 01:00:28","commentOwner":"。"},{"comment":"香死了，我爱","commentTime":"2022-06-02 01:13:31","commentOwner":"。"}]}