{"id":"51e75487-0327-4d48-96dd-81385694e9a4","category":"晋江论坛→网友交流区→碧水江汀 请稍候...","postSubject":"主题：在dy刷到推文，结果评论被人排雷，理由：本文是晋江文 [7] 【搜索关键词：排雷】","postUrl":"https://bbs.jjwxc.net/showmsg.php?board=17&keyword=%C5%C5%C0%D7&id=1769141","originalPost":"评论区还有人说：刚打开的夸克又关上了","numberOfReplies":7,"comments":[{"comment":"晋江咋了","commentTime":"2022-02-19 11:29:18","commentOwner":"菜菜崛起"},{"comment":"大概是因为因为口口太多坏了dwg兴致","commentTime":"2022-02-19 11:29:20","commentOwner":"。"},{"comment":"别说了，已经开始生气了，我现在看到夸克就ex","commentTime":"2022-02-19 11:30:25","commentOwner":"。"},{"comment":"？？？","commentTime":"2022-02-19 11:30:49","commentOwner":"。"},{"comment":"我感觉是晋江文没有肉吧","commentTime":"2022-02-19 11:31:25","commentOwner":"。"},{"comment":"啊？因为我只有夸克能上花市，我还以为是他们想看r来着","commentTime":"2022-02-19 11:31:30","commentOwner":"= ="},{"comment":"这不是挺好的吗，本来这部分人就不会来买V，然后她们自己把自己排雷掉了，也省了更多dwg在免费章骂人的风险\n作者被骂风险少了，收益没变\n普通读者不用跟dwg共用一个评论区\n而dwg省了时间\n这不是大家都获得幸福的世界吗\nps我没心是大号被封了","commentTime":"2022-02-19 11:32:16","commentOwner":"= ="}]}