{"id":"f1b0aff2-aa05-4946-9707-a9ce4067c88a","category":"晋江论坛→网友交流区→碧水江汀 欢迎回来：53088456  退 出","postSubject":"主题：新文不敢开，求一个鸡汤喝，有没有那种自己不看好以为会被排雷负分一条龙但是自己太喜欢了就开了，最后没有拉跨（和自己近期其它文数据差不多）的鸡汤 [9] 【搜索关键词：排雷】","postUrl":"https://bbs.jjwxc.net/showmsg.php?board=17&keyword=%C5%C5%C0%D7&id=1891255","originalPost":"rt，我已经不敢奢想飞升了，孩子就想喝点没扑死的鸡汤QAQ","numberOfReplies":9,"comments":[{"comment":"蹲 预收里有这样的","commentTime":"2022-05-11 08:45:47","commentOwner":"。"},{"comment":"ddd","commentTime":"2022-05-11 08:47:23","commentOwner":"ddd"},{"comment":"dd","commentTime":"2022-05-11 08:49:10","commentOwner":"ddd"},{"comment":"ddd","commentTime":"2022-05-11 08:49:33","commentOwner":"ddd"},{"comment":"dd","commentTime":"2022-05-11 08:51:00","commentOwner":"ddd"},{"comment":"我中午人多了再来吧，泪了","commentTime":"2022-05-11 08:52:52","commentOwner":"ddd"},{"comment":"ddd","commentTime":"2022-05-11 11:12:13","commentOwner":"ddd"},{"comment":"dd","commentTime":"2022-05-11 11:18:41","commentOwner":"ddd"},{"comment":"害，放弃了","commentTime":"2022-05-11 11:19:56","commentOwner":"ddd"}]}