{"id":"0bd79176-452b-478a-bcd8-816526990027","category":"晋江论坛→网友交流区→碧水江汀 欢迎回来：53088456  退 出","postSubject":"主题：pbc树洞，今天的大起大落，无意看到野生推文，评论：排雷小学生文笔 [19] 【搜索关键词：排雷】","postUrl":"https://bbs.jjwxc.net/showmsg.php?board=17&keyword=%C5%C5%C0%D7&id=1994487","originalPost":"点赞\n点赞\n……\n回复：感谢感谢\n回复：感谢排雷\n……\n\n我：人生不过就是起起落落落落落落落落落落落落落落落落落落落……","numberOfReplies":19,"comments":[{"comment":"我被骂文笔幼稚，烂","commentTime":"2022-09-08 01:02:05","commentOwner":"审核我爱你"},{"comment":"我被骂“服化道很好的电视剧请了个弱智剪辑”","commentTime":"2022-09-08 01:04:22","commentOwner":"不是吧这也行"},{"comment":"骂我啥我都emo\n除了文笔小白我已经习惯了，甚至还觉得说得对","commentTime":"2022-09-08 01:04:32","commentOwner":"嘻嘻和哈哈"},{"comment":"别难过，现在这种评论很普遍，大神的推文下面都是小学生文笔的评论点赞前几，你还会发现一些视频下面的评论也是如出一辙什么浪费时间，无聊，别看快跑这种评论真的很普遍，其实就是看都没看乱评价的，有的人是为了混点赞，有的人的目的就是为了看别人破防","commentTime":"2022-09-08 01:10:35","commentOwner":"小鸽子乖乖"},{"comment":"当我糊的时候，推文都夸我文笔好。当我有一本起来以后，推文都是骂我文笔烂的。这种东西看看就好，没必要当真。","commentTime":"2022-09-08 01:11:29","commentOwner":"阿里山的蘑菇"},{"comment":"我被骂文笔幼稚，烂\n№1☆☆☆审核我爱你|cd890756于2022-09-08 01:02:05留言☆☆☆\n呜呜呜呜呜！","commentTime":"2022-09-08 01:16:49","commentOwner":"咕噜咕耶"},{"comment":"骂我啥我都emo\n除了文笔小白我已经习惯了，甚至还觉得说得对\n№3☆☆☆嘻嘻和哈哈|f1dde97e于2022-09-08 01:04:32留言☆☆☆\n其实我也没觉得自己很好，只看到这种排雷还挺打击人的","commentTime":"2022-09-08 01:18:18","commentOwner":"咕噜咕耶"},{"comment":"别难过，现在这种评论很普遍，大神的推文下面都是小学生文笔的评论点赞前几，你还会发现一些视频下面的评论也是如出一辙什么浪费时间，无聊，别看快跑这种评论真的很普遍，其实就是看都没看乱评价的，有的人是为了混点赞，有的人的目的就是为了看别人破防\n№4☆☆☆小鸽子乖乖|5fb1d305于2022-09-08 01:10:35留言☆☆☆\n谢谢咕咕的安慰，感觉好点了。","commentTime":"2022-09-08 01:19:01","commentOwner":"咕噜咕耶"},{"comment":"当我糊的时候，推文都夸我文笔好。当我有一本起来以后，推文都是骂我文笔烂的。这种东西看看就好，没必要当真。\n№5☆☆☆阿里山的蘑菇|79644763于2022-09-08 01:11:29留言☆☆☆\n谢谢咕咕的安慰～","commentTime":"2022-09-08 01:19:22","commentOwner":"咕噜咕耶"},{"comment":"别难过，现在这种评论很普遍，大神的推文下面都是小学生文笔的评论点赞前几，你还会发现一些视频下面的评论也是如出一辙什么浪费时间，无聊，别看快跑这种评论真的很普遍，其实就是看都没看乱评价的，有的人是为了混点赞，有的人的目的就是为了看别人破防\n№4☆☆☆小鸽子乖乖|5fb1d305于2022-09-08 01:10:35留言☆☆☆\n好真实 可能真的有些人的目的就是为了看别人破防。","commentTime":"2022-09-08 01:46:29","commentOwner":"10086id"},{"comment":"别难过，现在这种评论很普遍，大神的推文下面都是小学生文笔的评论点赞前几，你还会发现一些视频下面的评论也是如出一辙什么浪费时间，无聊，别看快跑这种评论真的很普遍，其实就是看都没看乱评价的，有的人是为了混点赞，有的人的目的就是为了看别人破防\n№4 ☆☆☆小鸽子乖乖|5fb1d305于2022-09-08 01:10:35留言☆☆☆\n雀实","commentTime":"2022-09-08 01:46:40","commentOwner":"aia"},{"comment":"也是野生推文，被说女主人设一言难尽\n也有说男主人设没女主好一下子就喜欢上了好仓促\n唉","commentTime":"2022-09-08 03:58:25","commentOwner":"格叽格叽"},{"comment":"我被说文笔连小学生都不如哈哈哈哈哈哈哈哈","commentTime":"2022-12-21 13:15:22","commentOwner":"布谷咕"},{"comment":"推文里有人排雷我说“想写修罗场但写成了古早狗血”\n我还挺乐呵的，因为我本来就是奔着练狗血来的，可没打算写啥修罗场。","commentTime":"2022-12-21 13:34:10","commentOwner":"戒糖失败"},{"comment":"我也是，剧情小白，文笔小白，已经习惯","commentTime":"2022-12-21 13:40:26","commentOwner":"三宝歌"},{"comment":"被骂垃圾文笔小白文笔小学生文笔恶心难看想吐……有没有安慰到咕咕（瘫）但其实连载一直追下来的小天使都夸我文笔好来着，所以我觉得没必要因为一个差评就否定九十九个好评，拍拍咕咕","commentTime":"2022-12-23 00:01:50","commentOwner":"Wwwwwind"},{"comment":"我觉得不管写的如何总会有人吐槽文笔小白的，你看那些大佬文，黑子不是一样会说“我觉得文笔很小白啊，不知道为什么还有那么多人喜欢”。\n不用当真。","commentTime":"2022-12-23 00:05:29","commentOwner":"一陌上一"},{"comment":"所以我绝对不会去看推文下的评论，自己文下够我受的了","commentTime":"2022-12-23 00:10:44","commentOwner":"想也不行"},{"comment":"我也被吐槽文笔一般  唉","commentTime":"2022-12-23 00:28:28","commentOwner":"我想要五星"}]}