{"id":"5537b810-946f-4bcf-838e-97d17c350432","category":"晋江论坛→网友交流区→碧水江汀 请稍候...","postSubject":"主题：pbc树洞 某读者：我说你角色泥塑，说你人物设定迷惑，说你不看评论区，无视你的排雷，但我不是杠精 [2] 【搜索关键词：排雷】","postUrl":"https://bbs.jjwxc.net/showmsg.php?board=17&keyword=%C5%C5%C0%D7&id=1746594","originalPost":"都怪你都怪你！！你不回复我我怎么可能像杠精！\n你写的烂我说不是理所应当吗","numberOfReplies":2,"comments":[{"comment":"我真的好烦啊…\n真的有人会盯着评论区好久，就等你回复然后继续长篇大论的怼你\n晋江回复又没有提示，你对我文没兴趣又一遍遍刷着我的评论区…","commentTime":"2022-02-03 18:52:59","commentOwner":"=="},{"comment":"还有那种，虽然我只订了最后一章，虽然我遇到了防盗章节，虽然我被作者点出是dwg，但是我还是要作者退钱！！","commentTime":"2022-02-03 18:53:14","commentOwner":"。"}]}