{"id":"6dbfae9f-adda-4689-9d8b-8072cadd8dd3","category":"晋江论坛→网友交流区→碧水江汀 请稍候...","postSubject":"主题：发泄贴，什么都能成为雷，排雷你个大头鬼，爱看不看，滚啊 [1] 【搜索关键词：排雷】","postUrl":"https://bbs.jjwxc.net/showmsg.php?board=17&keyword=%C5%C5%C0%D7&id=1688130","originalPost":"rt","numberOfReplies":1,"comments":[{"comment":"蹲一个家住海边的解码解出现","commentTime":"2021-12-22 23:20:45","commentOwner":"。"}]}