{"id":"844c7539-c23f-427f-9378-1921d1747d4c","category":"晋江论坛→网友交流区→碧水江汀 欢迎回来：53088456  退 出","postSubject":"主题：被读者追着0分排雷就完全没有办法了是吗？ [21] 【搜索关键词：排雷】","postUrl":"https://bbs.jjwxc.net/showmsg.php?board=17&keyword=%C5%C5%C0%D7&id=1819554","originalPost":"Rt作者就只能默默承受了呗？原因是结局她不喜欢。","numberOfReplies":19,"comments":[{"comment":"可以举报删除","commentTime":"2022-03-27 08:54:29","commentOwner":"。"},{"comment":"可以举报删除\n№1☆☆☆。|ad536a90于2022-03-27 08:54:29留言☆☆☆\n举报过一次被删了，然后读者回来巡视地盘发现没了又重新写了一遍，并且扬言会按不时回来，如果被删了就重新发。","commentTime":"2022-03-27 09:03:11","commentOwner":"。"},{"comment":"历史引用 展开全部▼\n举报过一次被删了，然后读者回来巡视地盘发现没了又重新写了一遍，并且扬言会按不时回来，如果被删了就重新发。\n№2 ☆☆☆。|5fac41f5于2022-03-27 09:03:11留言☆☆☆\n那就让他巡视好了啊，有什么关系","commentTime":"2022-03-27 09:04:59","commentOwner":"。"},{"comment":"那就一直举报一直删，次数多了好像她评论内容会默认不显示了，我经常在评论区看到这种：“因评论人近期……”的那段话。","commentTime":"2022-03-27 09:05:45","commentOwner":"。"},{"comment":"举报删不掉，就用小号发广告，然后举报，就能删了\n我给你举个例子\n遇到自己不喜欢的人，不喜欢的事，的确是很难受的，曾经我没钱，只能默默忍受，但自从我加入了美丽人生团队，就迎来了春天，从此和一切不喜欢说拜拜，再也不用忍受下去了，+薇鑫PLJJ1512，了解详情，和我一起走上幸福之路\n№3 ☆☆☆。|02751025于2022-03-27 09:04:33留言☆☆☆\n哈哈哈哈哈哈姐妹绝了","commentTime":"2022-03-27 09:05:48","commentOwner":"=-="},{"comment":"历史引用 展开全部▼\n这个小号发广告怎么操作？排雷评论下回复吗？\n№5 ☆☆☆一一|d4252d0b于2022-03-27 09:05:27留言☆☆☆\n是的，直接楼中楼，然后整楼举报就行，亲测好用","commentTime":"2022-03-27 09:06:29","commentOwner":"。"},{"comment":"那就重新删啊，当打卡来做\n你完全可以处理掉它对你收益的影响，你要说处理不了读者打0对你心理的影响那这种情况任何人都没办法啊除了你自己","commentTime":"2022-03-27 09:07:02","commentOwner":"= ="},{"comment":"历史引用 展开全部▼\n是的，直接楼中楼，然后整楼举报就行，亲测好用\n№8 ☆☆☆。|02751025于2022-03-27 09:06:29留言☆☆☆\n谢谢！！！？","commentTime":"2022-03-27 09:08:05","commentOwner":"一一"},{"comment":"哭给他看","commentTime":"2022-03-27 09:08:38","commentOwner":"欠"},{"comment":"历史引用 展开全部▼\n谢谢！！！？\n№10☆☆☆一一|d4252d0b于2022-03-27 09:08:05留言☆☆☆\n那楼被删了！！但是看到了！！谢谢！！","commentTime":"2022-03-27 09:08:53","commentOwner":"。"},{"comment":"那就重新删啊，当打卡来做\n你完全可以处理掉它对你收益的影响，你要说处理不了读者打0对你心理的影响那这种情况任何人都没办法啊除了你自己\n№9☆☆☆= =|b4ceb827于2022-03-27 09:07:02留言☆☆☆\n……并不太能完全处理掉对收益的影响，挂在那掉十几个收了。","commentTime":"2022-03-27 09:11:49","commentOwner":"。"},{"comment":"自己把排雷写到文案呢","commentTime":"2022-03-27 09:18:19","commentOwner":"= ="},{"comment":"Rt作者就只能默默承受了呗？原因是结局她不喜欢。\n№0 ☆☆☆。|5fac41f5于2022-03-27 08:53:34留言☆☆☆\n她买了她排，你给举报不就得了","commentTime":"2022-03-27 09:20:17","commentOwner":"。"},{"comment":"谁知道你写的是啥，要是mrg那种活该被排雷","commentTime":"2022-03-27 09:20:49","commentOwner":"。"},{"comment":"谁知道你写的是啥，要是mrg那种活该被排雷\n№16 ☆☆☆。|7ec9dac6于2022-03-27 09:20:49留言☆☆☆\nmrg是啥","commentTime":"2022-03-27 09:21:43","commentOwner":"咕"},{"comment":"谁知道你写的是啥，要是mrg那种活该被排雷\n№16☆☆☆。|7ec9dac6于2022-03-27 09:20:49留言☆☆☆\nmrg是啥？","commentTime":"2022-03-27 09:22:26","commentOwner":"。"},{"comment":"自己把排雷写到文案呢\n№14☆☆☆= =|f8658094于2022-03-27 09:18:19留言☆☆☆\n我试试！\n打个补丁，只有这一个长评排雷，有的人对结局其实接受还蛮好的，之前也有人夸过这个结局，结局有人喜欢有人不喜欢，但总体还是平稳的。","commentTime":"2022-03-27 09:24:34","commentOwner":"。"},{"comment":"调整心态。","commentTime":"2022-03-27 09:36:25","commentOwner":"。"},{"comment":"亲测没用。被删掉的只有小广告","commentTime":"2022-03-27 13:59:32","commentOwner":"一一"}]}