{"id":"ec70bafe-922a-4eb0-9e7a-46ed3f77b57d","category":"晋江论坛→网友交流区→碧水江汀 请稍候...","postSubject":"主题：自我脑补，断章取义，谢谢排雷，搞死拉倒 [2] 【搜索关键词：排雷】","postUrl":"https://bbs.jjwxc.net/showmsg.php?board=17&keyword=%C5%C5%C0%D7&id=1729411","originalPost":"说的就是这几天的某些人","numberOfReplies":2,"comments":[{"comment":"有事谈事，别浑水摸鱼","commentTime":"2022-01-21 20:42:21","commentOwner":"。"},{"comment":"？？？？？？","commentTime":"2022-01-21 20:42:30","commentOwner":"……"}]}