{"id":"ca97acdd-a63f-4d8b-abb6-60a04c53ec33","category":"晋江论坛→网友交流区→碧水江汀 请稍候...","postSubject":"主题：怎么会有人！看完全本了还去文下排雷？？ [236] 【搜索关键词：排雷】","postUrl":"https://bbs.jjwxc.net/showmsg.php?board=17&keyword=%C5%C5%C0%D7&id=1721122","originalPost":"还能清晰的说出文里所有的大转折点……","numberOfReplies":235,"comments":[{"comment":"那么问题来了，既然这么雷，为什么还要看完？","commentTime":"2022-01-16 17:56:42","commentOwner":"。"},{"comment":"那么问题来了，既然这么雷，为什么还要看完？\n№1 ☆☆☆。|3f95a91d于2022-01-16 17:56:42留言☆☆☆\n有吸引的钩子","commentTime":"2022-01-16 17:57:50","commentOwner":"。"},{"comment":"那么问题来了，既然这么雷，为什么还要看完？\n№1 ☆☆☆。|3f95a91d于2022-01-16 17:56:42留言☆☆☆\n难…难道是扒文?","commentTime":"2022-01-16 17:58:03","commentOwner":"布谷布谷咕咕咕"},{"comment":"还能清晰的说出文里所有的大转折点……\n№0 ☆☆☆。|3f95a91d于2022-01-16 17:56:28留言☆☆☆\n强大","commentTime":"2022-01-16 17:59:05","commentOwner":"。"},{"comment":"不看不配排，看了为什么还不能排？","commentTime":"2022-01-16 17:59:38","commentOwner":"=="},{"comment":"好一点的话，有喜欢的地方有膈应的地方，帮忙给新读者介绍，排雷爱好者\n或者强迫症 看都看了\n谁知道呢","commentTime":"2022-01-16 18:00:03","commentOwner":"。"},{"comment":"因为恨作者吧","commentTime":"2022-01-16 18:00:44","commentOwner":"。"},{"comment":"历史引用 展开全部▼\n强大\n№4 ☆☆☆。|78331298于2022-01-16 17:59:05留言☆☆☆\n我也觉得，感叹","commentTime":"2022-01-16 18:01:39","commentOwner":"。"},{"comment":"历史引用 展开全部▼\n难…难道是扒文?\n№3 ☆☆☆布谷布谷咕咕咕|07fd8e11于2022-01-16 17:58:03留言☆☆☆\n应该不会哈哈哈哈哈","commentTime":"2022-01-16 18:01:53","commentOwner":"。"},{"comment":"文没看完不配排雷，文都看完了还不配排雷，不要太双标了吧","commentTime":"2022-01-16 18:01:57","commentOwner":"= ="},{"comment":"有些文确实是圣母男女主，但又有想看的点，买了看完，不吐不快","commentTime":"2022-01-16 18:02:00","commentOwner":"。"},{"comment":"那就排呗，给我全订了的当然有排雷资格，除非是虚假排雷","commentTime":"2022-01-16 18:02:30","commentOwner":"。"},{"comment":"文没看完不配排雷，文都看完了还不配排雷，不要太双标了吧\n№11 ☆☆☆= =|01737373于2022-01-16 18:01:57留言☆☆☆\n啊？你在晋江看过文吗？","commentTime":"2022-01-16 18:02:31","commentOwner":"。"},{"comment":"文没看完不配排雷，文都看完了还不配排雷，不要太双标了吧\n№11 ☆☆☆= =|01737373于2022-01-16 18:01:57留言☆☆☆\n果然说真话就会","commentTime":"2022-01-16 18:02:34","commentOwner":"= ="},{"comment":"文没看完不配排雷，文都看完了还不配排雷，不要太双标了吧\n№11 ☆☆☆= =|01737373于2022-01-16 18:01:57留言☆☆☆\n。","commentTime":"2022-01-16 18:02:35","commentOwner":"=="},{"comment":"专门找这种话题楼来看要不要入手。没乱说挺感谢的","commentTime":"2022-01-16 18:02:47","commentOwner":"。"},{"comment":"文没看完不准排，看完了也不准排，干脆把评论区封了吧","commentTime":"2022-01-16 18:02:48","commentOwner":"。"},{"comment":"历史引用 展开全部▼\n啊？你在晋江看过文吗？\n№14 ☆☆☆。|3f95a91d于2022-01-16 18:02:31留言☆☆☆\n看过，没排过雷","commentTime":"2022-01-16 18:02:56","commentOwner":"= ="},{"comment":"订阅了就可以排雷吧","commentTime":"2022-01-16 18:03:04","commentOwner":"。"},{"comment":"历史引用 展开全部▼\n明知道是屎你还去吃？你就这么喜欢吃屎？\n№7 ☆☆☆。|3f95a91d于2022-01-16 18:00:27留言☆☆☆\n看文之前谁知道作者会在文里掺屎","commentTime":"2022-01-16 18:03:20","commentOwner":"=="},{"comment":"刚才在读者区的自证，顺手搬过来","commentTime":"2022-01-16 18:03:22","commentOwner":"= ="},{"comment":"是我太傻\n我看到第一个雷的时候，为了文案上的爽点忍了，后来发现压根没有那些爽点的时候，已经没剩多少了，想着看完算了，最后被番外喂shi了","commentTime":"2022-01-16 18:03:51","commentOwner":"= ="},{"comment":"我寻思着我也没骂她啊，也没拦着她啊，为什么这么多小号跳脚？","commentTime":"2022-01-16 18:04:06","commentOwner":"。"},{"comment":"到底为什么有人觉得和文不合还要咬牙看完？","commentTime":"2022-01-16 18:04:18","commentOwner":"。"},{"comment":"到底为什么有人觉得和文不合还要咬牙看完？\n№25 ☆☆☆。|405af896于2022-01-16 18:04:18留言☆☆☆\n确实","commentTime":"2022-01-16 18:04:52","commentOwner":"。"},{"comment":"刚才在读者区的自证，顺手搬过来\n№22 ☆☆☆= =|01737373于2022-01-16 18:03:22留言☆☆☆\n我骂她了还是我让她别排雷了还是挂她了？","commentTime":"2022-01-16 18:05:17","commentOwner":"。"},{"comment":"怎么会有人！看见文下排雷后！还要来碧水说一说！","commentTime":"2022-01-16 18:05:19","commentOwner":"。。。"},{"comment":"我寻思着我也没骂她啊，也没拦着她啊，为什么这么多小号跳脚？\n№24 ☆☆☆。|3f95a91d于2022-01-16 18:04:06留言☆☆☆\n整栋楼就一个无心小号，还自证了，你才是被真实排雷了才破防跳脚吧","commentTime":"2022-01-16 18:05:19","commentOwner":"=="},{"comment":"文没看完不配排雷，文都看完了还不配排雷，不要太双标了吧\n№11 ☆☆☆= =|01737373于2022-01-16 18:01:57留言☆☆☆\n“你都没看完你凭什么说xxxxxxx”\n“你这么讨厌干嘛还要看，自行点叉啊”","commentTime":"2022-01-16 18:05:41","commentOwner":"= ="},{"comment":"到底为什么有人觉得和文不合还要咬牙看完？\n№25 ☆☆☆。|405af896于2022-01-16 18:04:18留言☆☆☆\n烂电影也有人看完","commentTime":"2022-01-16 18:05:47","commentOwner":"。"},{"comment":"历史引用 展开全部▼\n看文之前谁知道作者会在文里掺屎\n№21 ☆☆☆==|3464e34d于2022-01-16 18:03:20留言☆☆☆\n从开局开始一路吐槽，我寻思着但凡你有点脑子都知道那是屎","commentTime":"2022-01-16 18:06:00","commentOwner":"。"},{"comment":"是我太傻\n我看到第一个雷的时候，为了文案上的爽点忍了，后来发现压根没有那些爽点的时候，已经没剩多少了，想着看完算了，最后被番外喂shi了\n№23 ☆☆☆= =|5fb61a4a于2022-01-16 18:03:51留言☆☆☆\n强迫症，有个爽点勾着我，或者看她还能写出啥骚操作，一边生气吐槽一边追文。不过我是懒得发评，一般和基友吐槽","commentTime":"2022-01-16 18:06:02","commentOwner":"，"},{"comment":"看完了才有资格排吧，没有看完怎么排，凭空捏造吗","commentTime":"2022-01-16 18:06:11","commentOwner":"。。"},{"comment":"我觉得\n读者全订排雷没问题\n花钱了有说话评论的权利\n不过遇见这种是挺糟心的，所以我会选择压下去…","commentTime":"2022-01-16 18:06:12","commentOwner":"。"},{"comment":"历史引用 展开全部▼\n整栋楼就一个无心小号，还自证了，你才是被真实排雷了才破防跳脚吧\n№29 ☆☆☆==|3464e34d于2022-01-16 18:05:19留言☆☆☆\n那个一心不是？","commentTime":"2022-01-16 18:06:30","commentOwner":"。"},{"comment":"你这还好，总比没看就排雷的强","commentTime":"2022-01-16 18:06:35","commentOwner":"………"},{"comment":"我觉得\n读者全订排雷没问题\n花钱了有说话评论的权利\n不过遇见这种是挺糟心的，所以我会选择压下去…\n№35 ☆☆☆。|acad7d36于2022-01-16 18:06:12留言☆☆☆\n。","commentTime":"2022-01-16 18:07:09","commentOwner":"。"},{"comment":"历史引用 展开全部▼\n从开局开始一路吐槽，我寻思着但凡你有点脑子都知道那是屎\n№32 ☆☆☆。|3f95a91d于2022-01-16 18:06:00留言☆☆☆\n希望你能文案写清楚，订了全文的不准吐槽不准排雷","commentTime":"2022-01-16 18:07:11","commentOwner":"=="},{"comment":"我遇到看了文案就排雷的……","commentTime":"2022-01-16 18:07:15","commentOwner":"果子"},{"comment":"因为虽然被恶心到了但等着看爽点，结果看到最后都没爽到，就排了吧","commentTime":"2022-01-16 18:07:25","commentOwner":"呜呜"},{"comment":"“楼里有你不喜欢的回复你干嘛要看要回复啊，自己退出去啊“","commentTime":"2022-01-16 18:07:39","commentOwner":"。"},{"comment":"该怪的是产屎的人而不是吃屎的人好吧？明知道是屎你还产？","commentTime":"2022-01-16 18:07:42","commentOwner":"= ="},{"comment":"所以呢？直接第一章0分无脑排才称您心意？","commentTime":"2022-01-16 18:07:45","commentOwner":"。"},{"comment":"历史引用 展开全部▼\n我骂她了还是我让她别排雷了还是挂她了？\n№27 ☆☆☆。|3f95a91d于2022-01-16 18:05:17留言☆☆☆\n？？？我哪句话说你骂她了，上个自证碍着你啥了，还要要被你追着咬","commentTime":"2022-01-16 18:07:53","commentOwner":"= ="},{"comment":"历史引用 展开全部▼\n整栋楼就一个无心小号，还自证了，你才是被真实排雷了才破防跳脚吧\n№29 ☆☆☆==|3464e34d于2022-01-16 18:05:19留言☆☆☆\n啊？我跳了什么脚？我拦着她排雷了？还是删评了？我只是觉得很惊奇发个帖就变成跳脚了？","commentTime":"2022-01-16 18:08:00","commentOwner":"。"},{"comment":"管的太多，我说作者。没看盗文没虚假排雷，你管她为什么排雷。","commentTime":"2022-01-16 18:08:10","commentOwner":"……"},{"comment":"历史引用 展开全部▼\n那个一心不是？\n№36 ☆☆☆。|3f95a91d于2022-01-16 18:06:30留言☆☆☆\n先不说一心那个是不是小号，就算是，两个小号也称得上“这么多”啊，xs","commentTime":"2022-01-16 18:08:16","commentOwner":"=="},{"comment":"历史引用 展开全部▼\n？？？我哪句话说你骂她了，上个自证碍着你啥了，还要要被你追着咬\n№45 ☆☆☆= =|01737373于2022-01-16 18:07:53留言☆☆☆\n啊对对对","commentTime":"2022-01-16 18:08:25","commentOwner":"。"},{"comment":"正常啊………追到最后也没等到想看的点呗，比如hzc的虐男，比如马甲文的掉马……","commentTime":"2022-01-16 18:09:01","commentOwner":"。"},{"comment":"历史引用 展开全部▼\n烂电影也有人看完\n№31☆☆☆。|d0dd2a62于2022-01-16 18:05:47留言☆☆☆\n额……你的回答和我的问题是因果关系吗？","commentTime":"2022-01-16 18:09:29","commentOwner":"。"},{"comment":"该怪的是产屎的人而不是吃屎的人好吧？明知道是屎你还产？\n№43 ☆☆☆= =|1e36a69f于2022-01-16 18:07:42留言☆☆☆\n啊对对对，对不起啊雷到你们了！！对不起~~~-","commentTime":"2022-01-16 18:09:58","commentOwner":"。"},{"comment":"我朋友就是直接订全文看小说，虽然会经常踩雷","commentTime":"2022-01-16 18:10:15","commentOwner":"。"},{"comment":"历史引用 展开全部▼\n额……你的回答和我的问题是因果关系吗？\n№51 ☆☆☆。|405af896于2022-01-16 18:09:29留言☆☆☆\n她的意思是，买都买了，还能怎么办？","commentTime":"2022-01-16 18:10:46","commentOwner":"= ="},{"comment":"历史引用 展开全部▼\n额……你的回答和我的问题是因果关系吗？\n№51 ☆☆☆。|405af896于2022-01-16 18:09:29留言☆☆☆\n烂电影有人看完，为什么烂小说不能有人看完。。。\n层主大概这个意思吧","commentTime":"2022-01-16 18:11:08","commentOwner":"= ="},{"comment":"“你都没看完，这是大大有意为之，是伏笔，不喜赶紧点叉退出！”\n“不喜欢设定/情节/梗还看完，你有自虐倾向吧？”","commentTime":"2022-01-16 18:11:37","commentOwner":"、"},{"comment":"历史引用 展开全部▼\n啊对对对，对不起啊雷到你们了！！对不起~~~-\n№52 ☆☆☆。|3f95a91d于2022-01-16 18:09:58留言☆☆☆\n知道自己产的是屎就在文案标好，免得有人不知道全订了边看边吐槽还要被你骂","commentTime":"2022-01-16 18:11:43","commentOwner":"=="},{"comment":"我朋友就是直接订全文看小说，虽然会经常踩雷\n№53☆☆☆。|7750fdcc于2022-01-16 18:10:15留言☆☆☆\n更惨的是有一次，我看了一半觉得挺好看，买了全文，\n然后作者不知发生什么事，后半段开始神展开，一路狂奔去我雷区蹦迪…","commentTime":"2022-01-16 18:11:46","commentOwner":"。"},{"comment":"我朋友就是直接订全文看小说，虽然会经常踩雷\n№53 ☆☆☆。|7750fdcc于2022-01-16 18:10:15留言☆☆☆\n我也这么干过，结果就是很后悔，然后打分排雷","commentTime":"2022-01-16 18:11:49","commentOwner":"= ="},{"comment":"历史引用 展开全部▼\n额……你的回答和我的问题是因果关系吗？\n№51 ☆☆☆。|405af896于2022-01-16 18:09:29留言☆☆☆\n我自己而言，虽然有膈应的点，但是有的可以结局强迫症。\n看下去不只有喜欢一个原因。","commentTime":"2022-01-16 18:11:58","commentOwner":"。"},{"comment":"我这个标题可能有点歧义吧\n我的意思是，从刚开始就知道我写的不好，槽点满满，为什么还要看完\n并没有拦着谁排雷的意思，只是觉得既然这么雷为什么还能全部看完很奇怪","commentTime":"2022-01-16 18:12:23","commentOwner":"。"},{"comment":"文没看完不配排雷，文都看完了还不配排雷，不要太双标了吧\n№11 ☆☆☆= =|01737373于2022-01-16 18:01:57留言☆☆☆\n是说呢","commentTime":"2022-01-16 18:12:25","commentOwner":"哎呀我真服了"},{"comment":"历史引用 展开全部▼\n知道自己产的是屎就在文案标好，免得有人不知道全订了边看边吐槽还要被你骂\n№57 ☆☆☆==|3464e34d于2022-01-16 18:11:43留言☆☆☆\n啊对对对对，您说的都对","commentTime":"2022-01-16 18:12:51","commentOwner":"。"},{"comment":"我这个标题可能有点歧义吧\n我的意思是，从刚开始就知道我写的不好，槽点满满，为什么还要看完\n并没有拦着谁排雷的意思，只是觉得既然这么雷为什么还能全部看完很奇怪\n№61 ☆☆☆。|3f95a91d于2022-01-16 18:12:23留言☆☆☆\n。","commentTime":"2022-01-16 18:13:22","commentOwner":"楼主"},{"comment":"我这个标题可能有点歧义吧\n我的意思是，从刚开始就知道我写的不好，槽点满满，为什么还要看完\n并没有拦着谁排雷的意思，只是觉得既然这么雷为什么还能全部看完很奇怪\n№61 ☆☆☆。|3f95a91d于2022-01-16 18:12:23留言☆☆☆\n因为想看你到底能烂到什么程度呀~","commentTime":"2022-01-16 18:13:52","commentOwner":"= ="},{"comment":"不看完……怎么知道都有哪些雷点……看了一点就去排雷，万一这是伏笔呢？万一后面反转不雷了呢？看完了还忍不住排雷不正说明这个雷确实滚滚，不吐不快吗？","commentTime":"2022-01-16 18:14:14","commentOwner":"哎呀我真服了"},{"comment":"历史引用 展开全部▼\n因为想看你到底能烂到什么程度呀~\n№65 ☆☆☆= =|1e36a69f于2022-01-16 18:13:52留言☆☆☆\n那你好喜欢找屎吃哦~~","commentTime":"2022-01-16 18:14:15","commentOwner":"楼主"},{"comment":"我也全订后被ex到过，后来我就再也不全订了\n也不会因为有人说好看就信了","commentTime":"2022-01-16 18:14:49","commentOwner":"= ="},{"comment":"破大防了","commentTime":"2022-01-16 18:14:53","commentOwner":"，"},{"comment":"我这个标题可能有点歧义吧\n我的意思是，从刚开始就知道我写的不好，槽点满满，为什么还要看完\n并没有拦着谁排雷的意思，只是觉得既然这么雷为什么还能全部看完很奇怪\n№61 ☆☆☆。|3f95a91d于2022-01-16 18:12:23留言☆☆☆\n之前看过一个repo，bt就是想看看还能怎么烂","commentTime":"2022-01-16 18:15:05","commentOwner":"= ="},{"comment":"看来作者们也承认，有的作者写的小说就是shi呢","commentTime":"2022-01-16 18:16:10","commentOwner":"= ="},{"comment":"有强迫症呗，忍着雷也想看完，或者开始只是小雷点，结果忍到最后，一个大雷击倒了，忍不了了","commentTime":"2022-01-16 18:16:30","commentOwner":"。"},{"comment":"我建议全订在完结评分里排雷。","commentTime":"2022-01-16 18:16:43","commentOwner":"=="},{"comment":"看来作者们也承认，有的作者写的小说就是shi呢\n№71 ☆☆☆= =|93a4b2e5于2022-01-16 18:16:10留言☆☆☆\n那你还找屎吃呀？","commentTime":"2022-01-16 18:16:46","commentOwner":"。"},{"comment":"历史引用 展开全部▼\n那你好喜欢找屎吃哦~~\n№67☆☆☆楼主|3f95a91d于2022-01-16 18:14:15留言☆☆☆\n不是层主，但是楼主这个发言着实让人迷惑。","commentTime":"2022-01-16 18:17:02","commentOwner":"。"},{"comment":"看来作者们也承认，有的作者写的小说就是shi呢\n№71 ☆☆☆= =|93a4b2e5于2022-01-16 18:16:10留言☆☆☆\n这还作者们了呀~~啊对对对","commentTime":"2022-01-16 18:17:12","commentOwner":"。"},{"comment":"历史引用 展开全部▼\n之前看过一个repo，bt就是想看看还能怎么烂\n№70 ☆☆☆= =|5fb61a4a于2022-01-16 18:15:05留言☆☆☆\n其实我也不太能理解这种心情，但是人总是多样的并不觉得太奇怪","commentTime":"2022-01-16 18:17:15","commentOwner":"=="},{"comment":"历史引用 展开全部▼\n那你还找屎吃呀？\n№74 ☆☆☆。|3f95a91d于2022-01-16 18:16:46留言☆☆☆\n我又不看你写的，别急","commentTime":"2022-01-16 18:17:31","commentOwner":"= ="},{"comment":"历史引用 展开全部▼\n不是层主，但是楼主这个发言着实让人迷惑。\n№75 ☆☆☆。|9aa88c5d于2022-01-16 18:17:02留言☆☆☆\n迷惑就迷惑啊，你可以选择点x","commentTime":"2022-01-16 18:17:51","commentOwner":"楼主"},{"comment":"历史引用 展开全部▼\n我又不看你写的，别急\n№78 ☆☆☆= =|93a4b2e5于2022-01-16 18:17:31留言☆☆☆\n别急，我也不想让你看","commentTime":"2022-01-16 18:18:13","commentOwner":"楼主"},{"comment":"历史引用 展开全部▼\n那你还找屎吃呀？\n№74 ☆☆☆。|3f95a91d于2022-01-16 18:16:46留言☆☆☆\n放心，以你看见两个小号都觉得很多的糊心态，我肯定看不到你产的屎的","commentTime":"2022-01-16 18:18:47","commentOwner":"=="},{"comment":"历史引用 展开全部▼\n那你好喜欢找屎吃哦~~\n№67 ☆☆☆楼主|3f95a91d于2022-01-16 18:14:15留言☆☆☆\n我帮你分析你的读者的心理呢，遇到随处大小便的狗确实要打","commentTime":"2022-01-16 18:19:18","commentOwner":"= ="},{"comment":"历史引用 展开全部▼\n放心，以你看见两个小号都觉得很多的糊心态，我肯定看不到你产的屎的\n№81 ☆☆☆==|3464e34d于2022-01-16 18:18:47留言☆☆☆\n啊对对对，看不见最好啦！","commentTime":"2022-01-16 18:19:41","commentOwner":"楼主"},{"comment":"历史引用 展开全部▼\n迷惑就迷惑啊，你可以选择点x\n№79 ☆☆☆楼主|3f95a91d于2022-01-16 18:17:51留言☆☆☆\n万一人是自动购买忘关了，被迫全本，点出去了你给人退没看的钱？","commentTime":"2022-01-16 18:19:45","commentOwner":"=="},{"comment":"这也能吵起来？","commentTime":"2022-01-16 18:20:01","commentOwner":"。"},{"comment":"历史引用 展开全部▼\n这还作者们了呀~~啊对对对\n№76 ☆☆☆。|3f95a91d于2022-01-16 18:17:12留言☆☆☆\n哦，原来只有你一人上窜下跳哦\n那我改一下，只有你写的文很屎","commentTime":"2022-01-16 18:20:07","commentOwner":"= ="},{"comment":"历史引用 展开全部▼\n我帮你分析你的读者的心理呢，遇到随处大小便的狗确实要打\n№82 ☆☆☆= =|1e36a69f于2022-01-16 18:19:18留言☆☆☆\n啊对对对对，nsdd！！","commentTime":"2022-01-16 18:20:11","commentOwner":"楼主"},{"comment":"自己写的东西自称为屎，可想而是有多没自信了。","commentTime":"2022-01-16 18:20:35","commentOwner":"=="},{"comment":"历史引用 展开全部▼\n哦，原来只有你一人上窜下跳哦\n那我改一下，只有你写的文很屎\n№86 ☆☆☆= =|93a4b2e5于2022-01-16 18:20:07留言☆☆☆\n可以的，多骂两句，让我看看你们能杠多久","commentTime":"2022-01-16 18:20:38","commentOwner":"楼主"},{"comment":"这也能吵起来？\n№85 ☆☆☆。|78331298于2022-01-16 18:20:01留言☆☆☆\n我也好奇，为什么这也能杠","commentTime":"2022-01-16 18:21:08","commentOwner":"楼主"},{"comment":"自己写的东西自称为屎，可想而是有多没自信了。\n№88 ☆☆☆==|2bf2d49c于2022-01-16 18:20:35留言☆☆☆\n我好自卑呀qaq","commentTime":"2022-01-16 18:22:19","commentOwner":"楼主"},{"comment":"这也能吵起来？\n№85☆☆☆。|78331298于2022-01-16 18:20:01留言☆☆☆\n纵观全贴，楼主比较厉害。\n以一己之力怼所有不向着ta说话的。","commentTime":"2022-01-16 18:22:20","commentOwner":"。"},{"comment":"文没看完不准排，看完了也不准排，干脆把评论区封了吧\n№18 ☆☆☆。|6fd150b3于2022-01-16 18:02:48留言☆☆☆\n。","commentTime":"2022-01-16 18:22:47","commentOwner":"= ="},{"comment":"历史引用 展开全部▼\n纵观全贴，楼主比较厉害。\n以一己之力怼所有不向着ta说话的。\n№92 ☆☆☆。|9aa88c5d于2022-01-16 18:22:20留言☆☆☆\n因为楼主很自卑玻璃心……哎……","commentTime":"2022-01-16 18:24:48","commentOwner":"楼主"},{"comment":"历史引用 展开全部▼\n明知道是屎你还去吃？你就这么喜欢吃屎？\n№7 ☆☆☆。|3f95a91d于2022-01-16 18:00:27留言☆☆☆\n纵观全楼，是楼主先跳脚的，人家正常讨论楼主自己蹦出一个吃屎的言论，怪不得后面人吵起来","commentTime":"2022-01-16 18:25:53","commentOwner":"咕咕咕"},{"comment":"没看完全文怎么知道有雷……","commentTime":"2022-01-16 18:26:53","commentOwner":"。"},{"comment":"看完全文排雷也不行，没看完全文排雷也不行。不如全员关闭评论区吧，我看看文的还剩多少","commentTime":"2022-01-16 18:27:51","commentOwner":"=="},{"comment":"不看怎么排？","commentTime":"2022-01-16 18:28:36","commentOwner":"你名字真丑"},{"comment":"不是吧这也能吵？确实不理解那种明明看不下去还得看完，最后来一大堆这个那个。\n既然看到一半就觉得不好看为什么还要看下去呢。\n非得让自己不爽一下吗","commentTime":"2022-01-16 18:28:58","commentOwner":"u ?? ` u"},{"comment":"好家伙，看完了不给排雷，没看完又说我们没看完就乱排雷，不了解剧情乱说，那现在是怎么样嘛！看完了都不能说两句自己认为的本文雷点吗？我就是想看看作者能写的多烂订完了不行吗？","commentTime":"2022-01-16 18:30:14","commentOwner":"。"},{"comment":"历史引用 展开全部▼\n纵观全楼，是楼主先跳脚的，人家正常讨论楼主自己蹦出一个吃屎的言论，怪不得后面人吵起来\n№95 ☆☆☆咕咕咕|5e7791b4于2022-01-16 18:25:53留言☆☆☆\n那楼主真的好喜欢跳脚呀！！！","commentTime":"2022-01-16 18:30:33","commentOwner":"楼主"},{"comment":"好家伙，看完了不给排雷，没看完又说我们没看完就乱排雷，不了解剧情乱说，那现在是怎么样嘛！看完了都不能说两句自己认为的本文雷点吗？我就是想看看作者能写的多烂订完了不行吗？\n№100 ☆☆☆。|713fc51d于2022-01-16 18:30:14留言☆☆☆\n我一没骂二没拦着，单纯发个帖感叹一句，变成了看完了不给排雷？","commentTime":"2022-01-16 18:32:15","commentOwner":"楼主"},{"comment":"楼上的那些恶意扭曲没点数啊？\n知道对方的文是屎还去吃形容是不够形象吗？\n从第一章到最后一章文内所有的大情节点全被吐槽了，这么长的时间还不够让你们感觉到是屎是么？","commentTime":"2022-01-16 18:33:48","commentOwner":"楼主"},{"comment":"历史引用 展开全部▼\n明知道是屎你还去吃？你就这么喜欢吃屎？\n№7 ☆☆☆。|3f95a91d?于2022-01-16 18:00:27留言☆☆☆\n哈哈哈lz这个叫做你说的“没拦着”，你说话矛盾不","commentTime":"2022-01-16 18:35:08","commentOwner":"。"},{"comment":"我有不让排雷？有吗？？我寻思着我也不是没收到过-2我从来都没骂过读者或者反驳或者理过，真是给我整无语了\n给我打个0分大段长篇大论的排雷我还不能发个帖惊奇感叹一下咯？\n我就应该闭嘴是吧？？","commentTime":"2022-01-16 18:35:24","commentOwner":"楼主"},{"comment":"历史引用 展开全部▼\n哈哈哈lz这个叫做你说的“没拦着”，你说话矛盾不\n№104 ☆☆☆。|713fc51d于2022-01-16 18:35:08留言☆☆☆\n我拦着你排雷了？你在这排什么雷？我删她评论了？我投诉了？？？\n我这就叫拦着啊？","commentTime":"2022-01-16 18:36:14","commentOwner":"楼主"},{"comment":"历史引用 展开全部▼\n哈哈哈lz这个叫做你说的“没拦着”，你说话矛盾不\n№104 ☆☆☆。|713fc51d于2022-01-16 18:35:08留言☆☆☆\n哈哈哈哈哈哈哈啊对对对，滚吧你","commentTime":"2022-01-16 18:36:31","commentOwner":"楼主"},{"comment":"看完全文排雷也不行，没看完全文排雷也不行。不如全员关闭评论区吧，我看看文的还剩多少\n№97 ☆☆☆==|6ef0dcb0于2022-01-16 18:27:51留言☆☆☆\n。","commentTime":"2022-01-16 18:36:48","commentOwner":"。"},{"comment":"看完全文排雷也不行，没看完全文排雷也不行。不如全员关闭评论区吧，我看看文的还剩多少\n№97☆☆☆==|6ef0dcb0于2022-01-16 18:27:51留言☆☆☆\n。事太多了吧，没看不能说，看了也不能说，总之只能说好话呗","commentTime":"2022-01-16 18:36:54","commentOwner":"。"},{"comment":"blx就关评论区，请","commentTime":"2022-01-16 18:37:19","commentOwner":"，"},{"comment":"历史引用 展开全部▼\n。事太多了吧，没看不能说，看了也不能说，总之只能说好话呗\n№109 ☆☆☆。|9e106e60于2022-01-16 18:36:54留言☆☆☆\n我最开始的态度是惊奇好奇吧？ = =","commentTime":"2022-01-16 18:37:53","commentOwner":"楼主"},{"comment":"blx就关评论区，请\n№110 ☆☆☆，|eaf4e50d于2022-01-16 18:37:19留言☆☆☆\n啊？什么？把你关在评论区里？","commentTime":"2022-01-16 18:38:25","commentOwner":"楼主"},{"comment":"blx就关评论区，请\n№110 ☆☆☆，|eaf4e50d于2022-01-16 18:37:19留言☆☆☆\n。","commentTime":"2022-01-16 18:38:30","commentOwner":"=="},{"comment":"历史引用 展开全部▼\n我最开始的态度是惊奇好奇吧？ = =\n№111 ☆☆☆楼主|3f95a91d于2022-01-16 18:37:53留言☆☆☆\n你自己看看bt，再打开只看楼主看看，你这语气叫只是惊奇好奇？都是作者装什么呢","commentTime":"2022-01-16 18:39:11","commentOwner":"=="},{"comment":"历史引用 展开全部▼\n你自己看看bt，再打开只看楼主看看，你这语气叫只是惊奇好奇？都是作者装什么呢\n№114 ☆☆☆==|a6789027于2022-01-16 18:39:11留言☆☆☆\n睁大眼睛看看下面补丁，请","commentTime":"2022-01-16 18:39:55","commentOwner":"楼主"},{"comment":"为什么就不能有先买完才看到屎的情况？","commentTime":"2022-01-16 18:40:03","commentOwner":"＝＝"},{"comment":"为什么就不能有先买完才看到屎的情况？\n№116 ☆☆☆＝＝|65747fe7于2022-01-16 18:40:03留言☆☆☆\n所以我从来都没反驳过这个","commentTime":"2022-01-16 18:40:21","commentOwner":"楼主"},{"comment":"历史引用 展开全部▼\n啊？什么？把你关在评论区里？\n№112 ☆☆☆楼主|3f95a91d于2022-01-16 18:38:25留言☆☆☆\n啊？什么？关评论区不要了扑街的命吗？又扑街又blx的在哪儿？啊？在bs破防发疯啊","commentTime":"2022-01-16 18:40:28","commentOwner":"，"},{"comment":"你这还好，总比没看就排雷的强\n№37 ☆☆☆………|7b1b0b0b于2022-01-16 18:06:35留言☆☆☆\n确实。。。非要抓文案说事，然后看盗版过来嘚瑟","commentTime":"2022-01-16 18:41:03","commentOwner":"菜鸡咕咕咕"},{"comment":"历史引用 展开全部▼\n啊？什么？关评论区不要了扑街的命吗？又扑街又blx的在哪儿？啊？在bs破防发疯啊\n№118 ☆☆☆，|eaf4e50d于2022-01-16 18:40:28留言☆☆☆\n啊对对对！！","commentTime":"2022-01-16 18:41:07","commentOwner":"楼主"},{"comment":"历史引用 展开全部▼\n睁大眼睛看看下面补丁，请\n№115 ☆☆☆楼主|3f95a91d于2022-01-16 18:39:55留言☆☆☆\n7l以前有谁骂什么吗？你自己7l就突然跳脚","commentTime":"2022-01-16 18:41:16","commentOwner":"=="},{"comment":"看完全本才排雷不是很正常吗？这才是正确操作吧？\n不看完我怎么知道我原来觉得不舒服的点是真的shi还是作者的伏笔？不看完我怎么会觉得这文后期会不会还有别的惊喜？\n而且为什么碧水默认是雷点就一定会弃文，雷也分程度啊，能一直看完说明你这文有雷点但是还没雷到弃文的程度呗。","commentTime":"2022-01-16 18:41:28","commentOwner":"。"},{"comment":"看完了肯定去排雷了","commentTime":"2022-01-16 18:42:01","commentOwner":"。"},{"comment":"为什么不行？花了钱就行了","commentTime":"2022-01-16 18:42:02","commentOwner":"= ="},{"comment":"看完全本排雷顶个全订标多有说服力啊，再打一星嘿嘿","commentTime":"2022-01-16 18:42:17","commentOwner":"，"},{"comment":"历史引用 展开全部▼\n7l以前有谁骂什么吗？你自己7l就突然跳脚\n№121 ☆☆☆==|a6789027于2022-01-16 18:41:16留言☆☆☆\n语气不好还不能让我怼一怼是么？非得好声好气跟她说话才行？","commentTime":"2022-01-16 18:42:21","commentOwner":"楼主"},{"comment":"历史引用 展开全部▼\n所以我从来都没反驳过这个\n№117 ☆☆☆楼主|3f95a91d于2022-01-16 18:40:21留言☆☆☆\n那就是想把所有的雷点都给后面读者排一遍，省的她们浪费钱吧","commentTime":"2022-01-16 18:42:37","commentOwner":"＝＝"},{"comment":"后来的朋友建议【只看楼主】","commentTime":"2022-01-16 18:43:04","commentOwner":"。"},{"comment":"历史引用 展开全部▼\n那就是想把所有的雷点都给后面读者排一遍，省的她们浪费钱吧\n№127 ☆☆☆＝＝|65747fe7于2022-01-16 18:42:37留言☆☆☆\n代表个人非常感谢这种读者","commentTime":"2022-01-16 18:43:19","commentOwner":"=="},{"comment":"我看文是先看文案，感兴趣的话，再看评论，有排雷的话要看雷点是不是我的雷点，不是我的雷点，我会去看，但如果是我的雷点就叉了，排雷这一点，的确对作者来说是有影响，但作为读者的话，有排雷还是不错的","commentTime":"2022-01-16 18:43:38","commentOwner":"……"},{"comment":"楼里都说得太绝对了，看完说明有钩子吸引他，但不代表同时没有雷点啊，有的小说捏着鼻子也要看完，不代表它好看，就是觉得不看完不甘心","commentTime":"2022-01-16 18:43:40","commentOwner":"= ="},{"comment":"历史引用 展开全部▼\n那就是想把所有的雷点都给后面读者排一遍，省的她们浪费钱吧\n№127 ☆☆☆＝＝|65747fe7于2022-01-16 18:42:37留言☆☆☆\n对呀，我不觉得这个有问题吧，我就是觉得不理解，然后我发了个帖\n然后就变成这样了","commentTime":"2022-01-16 18:44:07","commentOwner":"楼主"},{"comment":"楼主嘴巴真的臭，哪有一个作者会把自己的文喊成shi的？","commentTime":"2022-01-16 18:44:19","commentOwner":"= ="},{"comment":"所以全订了还没资格评论排雷了是吧？人家钱都花了说两句用户体验你管她？双标要不得，你能自由的写，她也能自由的说，要自由就都自由","commentTime":"2022-01-16 18:44:30","commentOwner":"= ="},{"comment":"后来的朋友建议【只看楼主】\n№128 ☆☆☆。|6691a211于2022-01-16 18:43:04留言☆☆☆\n你放在下面搞的其他人也看不到，不如重开一帖，助力hot","commentTime":"2022-01-16 18:44:40","commentOwner":"楼主"},{"comment":"历史引用 展开全部▼\n对呀，我不觉得这个有问题吧，我就是觉得不理解，然后我发了个帖\n然后就变成这样了\n№132 ☆☆☆楼主|3f95a91d于2022-01-16 18:44:07留言☆☆☆\n5l语气可没什么问题，你一上来就吃了炸/药一样，你觉得变成这样是因为谁呢？","commentTime":"2022-01-16 18:45:12","commentOwner":"=="},{"comment":"历史引用 展开全部▼\n那就是想把所有的雷点都给后面读者排一遍，省的她们浪费钱吧\n№127 ☆☆☆＝＝|65747fe7于2022-01-16 18:42:37留言☆☆☆\n或者强迫症？我就有一点，之前买了个文番外掺屎，我愣是买完打了二星排雷，现在想想真是浪费钱，及时止损才是比较好的","commentTime":"2022-01-16 18:45:27","commentOwner":"＝＝"},{"comment":"楼主嘴巴真的臭，哪有一个作者会把自己的文喊成shi的？\n№133 ☆☆☆= =|74963600于2022-01-16 18:44:19留言☆☆☆\n楼主嘴巴挺香的，我身边人都觉得~我喊其他人的文是屎不行喊我自己的还不行？","commentTime":"2022-01-16 18:45:36","commentOwner":"楼主"},{"comment":"而且如果是烂尾作者结尾喂shi呢？全订读者还没资格说句话了是吧？","commentTime":"2022-01-16 18:45:41","commentOwner":"= ="},{"comment":"怎么hot了","commentTime":"2022-01-16 18:46:01","commentOwner":"。"},{"comment":"历史引用 展开全部▼\n5l语气可没什么问题，你一上来就吃了炸/药一样，你觉得变成这样是因为谁呢？\n№136 ☆☆☆==|a6789027于2022-01-16 18:45:12留言☆☆☆\n啊？因为我还是因为你不都是我的楼？你进来找屎吃吗？","commentTime":"2022-01-16 18:46:11","commentOwner":"楼主"},{"comment":"竟然hot了","commentTime":"2022-01-16 18:46:20","commentOwner":"u ?? ` u"},{"comment":"历史引用 展开全部▼\n啊？因为我还是因为你不都是我的楼？你进来找屎吃吗？\n№141 ☆☆☆楼主|3f95a91d于2022-01-16 18:46:11留言☆☆☆\n不，我进来围观破防blx","commentTime":"2022-01-16 18:46:36","commentOwner":"=="},{"comment":"历史引用 展开全部▼\n对呀，我不觉得这个有问题吧，我就是觉得不理解，然后我发了个帖\n然后就变成这样了\n№132 ☆☆☆楼主|3f95a91d于2022-01-16 18:44:07留言☆☆☆\n你多踩踩雷就知道了，这种读者存在对后来的读者很友好，不雷的人都会当看不见的，只有在意的人才会看见","commentTime":"2022-01-16 18:46:45","commentOwner":"＝＝"},{"comment":"竟然hot了\n№142 ☆☆☆u ?? ` u|aad5acf8于2022-01-16 18:46:20留言☆☆☆\n。\n震惊","commentTime":"2022-01-16 18:46:54","commentOwner":"。"},{"comment":"为什么要说文是shi？你下面其他好好看没有意见的读者不得窒息死？你这个作者自己这么说自己的文。。。","commentTime":"2022-01-16 18:47:19","commentOwner":"。"},{"comment":"楼主嘴巴真的臭，哪有一个作者会把自己的文喊成shi的？\n№133 ☆☆☆= =|74963600于2022-01-16 18:44:19留言☆☆☆\n所以要喊别人的小说是shi吗","commentTime":"2022-01-16 18:47:39","commentOwner":"u ?? ` u"},{"comment":"lz既然不能接受全订排雷，那你报笔名，我以后绝对绕着你走，绝不点进去看一眼。","commentTime":"2022-01-16 18:47:53","commentOwner":"= ="},{"comment":"果然hot了","commentTime":"2022-01-16 18:48:43","commentOwner":"。"},{"comment":"楼主好像公共场合在地上打滚撒泼哭天喊地，旁人不站她那边她还要狂吼一声爬起来跳起来往人家身上扑发疯的人哦","commentTime":"2022-01-16 18:49:01","commentOwner":"，"},{"comment":"难以理解，全订不就是正版读者吗？她难道没有排雷的权利？如果不看完怎么知道有雷？","commentTime":"2022-01-16 18:49:20","commentOwner":"。"},{"comment":"这楼里妖魔鬼怪可太多了，该不会是钓鱼的吧？我真没见过哪个作者那自己的文喊成shi的","commentTime":"2022-01-16 18:49:24","commentOwner":"= ="},{"comment":"而且如果是烂尾作者结尾喂shi呢？全订读者还没资格说句话了是吧？\n№139 ☆☆☆= =|834ed1a2于2022-01-16 18:45:41留言☆☆☆\n想起了那些全订过的令□□头梆硬的烂尾文","commentTime":"2022-01-16 18:50:32","commentOwner":"=="},{"comment":"历史引用 展开全部▼\n所以要喊别人的小说是shi吗\n№147 ☆☆☆u ?? ` u|aad5acf8于2022-01-16 18:47:39留言☆☆☆\n？？？你的理解能力好强，所以不说这个字就不会称呼了吗？","commentTime":"2022-01-16 18:51:46","commentOwner":"= ="},{"comment":"看到一半就打零分说文笔真烂作者是不是买收藏写作指导的读者也很恶心啊","commentTime":"2022-01-16 18:52:58","commentOwner":"。"},{"comment":"该怪的是产屎的人而不是吃屎的人好吧？明知道是屎你还产？\n№43 ☆☆☆= =|1e36a69f于2022-01-16 18:07:42留言☆☆☆\n哈哈哈哈，说得对","commentTime":"2022-01-16 18:55:47","commentOwner":"。"},{"comment":"楼主这么疯怪不得会被全订读者排雷","commentTime":"2022-01-16 18:56:24","commentOwner":"。。"},{"comment":"“你都没看完，这是大大有意为之，是伏笔，不喜赶紧点叉退出！”\n“不喜欢设定/情节/梗还看完，你有自虐倾向吧？”\n№56☆☆☆、|94d72b4a于2022-01-16 18:11:37留言☆☆☆\n哈哈哈哈这个是评论区下面的老话术了\n真就里外不是人啊","commentTime":"2022-01-16 18:56:48","commentOwner":"小号可自证"},{"comment":"贱，我就是想看看我的承受底线。","commentTime":"2022-01-16 19:00:11","commentOwner":"哈哈"},{"comment":"我这个标题可能有点歧义吧\n我的意思是，从刚开始就知道我写的不好，槽点满满，为什么还要看完\n并没有拦着谁排雷的意思，只是觉得既然这么雷为什么还能全部看完很奇怪\n№61☆☆☆。|3f95a91d于2022-01-16 18:12:23留言☆☆☆\n我觉得这个可能是因为文案写得好或者配角塑造的很好，反派够气人想让人看看到底什么时候能便当啊。能留住读者这也可以看作是你的优点嘛\n也不用奇怪，很多烂片还有人买票看完吐槽","commentTime":"2022-01-16 19:01:35","commentOwner":"小号可自证"},{"comment":"歪个楼，你的自证图里还有全订打二星的权利呢，读者怎么就没有排雷的权利，过于双标","commentTime":"2022-01-16 19:01:53","commentOwner":"。"},{"comment":"歪个楼，你的自证图里还有全订打二星的权利呢，读者怎么就没有排雷的权利，过于双标\n№161 ☆☆☆。|c2a1cfa0于2022-01-16 19:01:53留言☆☆☆\nsrds，全订自证是楼里一个被lz怼的咕","commentTime":"2022-01-16 19:02:52","commentOwner":"=="},{"comment":"现在的评论区不就是雷灵珠聚会吗？我也就是没那份闲心，不然没有一本书我排不出雷的。","commentTime":"2022-01-16 19:04:06","commentOwner":"= ="},{"comment":"历史引用 展开全部▼\nsrds，全订自证是楼里一个被lz怼的咕\n№162☆☆☆==|3464e34d于2022-01-16 19:02:52留言☆☆☆\n嗷没看清抱歉～","commentTime":"2022-01-16 19:05:36","commentOwner":"。"},{"comment":"？不是，lz怎么这么能杠，7l就突然开始直接shi起来了？正常回复你的言论都不理，就逮着别人杠\n尊重，祝福\n你不如去直接问问排雷读者喽，勇敢一点，免得在nmq免费当etc兼职\nxs","commentTime":"2022-01-16 19:07:13","commentOwner":"小号可自证"},{"comment":"不一定啊，可以说设定梗啥的吸引人，，但是感情线让人心梗。。","commentTime":"2022-01-16 19:09:34","commentOwner":"。。。"},{"comment":"“你都没看完，这是大大有意为之，是伏笔，不喜赶紧点叉退出！”\n“不喜欢设定/情节/梗还看完，你有自虐倾向吧？”\n№56 ☆☆☆、|94d72b4a??于2022-01-16 18:11:37留言☆☆☆\n。","commentTime":"2022-01-16 19:14:45","commentOwner":"。。"},{"comment":"人家花钱了当然可以排啊，如果人家没花钱，那你还是想想为什么看你的正版文都不用花钱。自己都觉得自己的文是shi了，自己排雷吧，别麻烦别人了","commentTime":"2022-01-16 19:16:39","commentOwner":"阿司匹林"},{"comment":"lz：三句话，让这个贴hot起来（数了下，不加标题正好三句）hhh","commentTime":"2022-01-16 19:22:40","commentOwner":"= ="},{"comment":"牛","commentTime":"2022-01-16 19:24:37","commentOwner":"= ="},{"comment":"历史引用 展开全部▼\n明知道是屎你还去吃？你就这么喜欢吃屎？\n№7 ☆☆☆。|3f95a91d♥于2022-01-16 18:00:27留言☆☆☆\n楼主为什么一开始就这么生气了，这不都是正常回复在回答你的问题吗，你有气大可去评论区发，楼里很多人又没做错和说错什么。","commentTime":"2022-01-16 19:43:54","commentOwner":"。"},{"comment":"后排强调，楼主不代表所有作者","commentTime":"2022-01-16 19:45:52","commentOwner":"。"},{"comment":"不看不配排，看了为什么还不能排？\n№5☆☆☆==|3eedf793于2022-01-16 17:59:38留言☆☆☆\n。","commentTime":"2022-01-16 19:46:57","commentOwner":"啊这"},{"comment":"不看不配排，看了为什么还不能排？\n№5 ☆☆☆==|3eedf793于2022-01-16 17:59:38留言☆☆☆\n。就是","commentTime":"2022-01-16 19:47:48","commentOwner":"你是咪子鱼我是咕"},{"comment":"历史引用 展开全部▼\n明知道是屎你还去吃？你就这么喜欢吃屎？\n№7 ☆☆☆。|3f95a91d于2022-01-16 18:00:27留言☆☆☆\n一坨屎还不准人说它是一坨屎？","commentTime":"2022-01-16 19:48:41","commentOwner":"。。"},{"comment":"lz：三句话，让这个贴hot起来（数了下，不加标题正好三句）hhh\n№169 ☆☆☆= =|8618e5a5于2022-01-16 19:22:40留言☆☆☆\n楼主一直顶贴呐，她都没停过","commentTime":"2022-01-16 19:49:35","commentOwner":"= ="},{"comment":"不想被别人排雷就直说呗，用不着给自己找这么多借口","commentTime":"2022-01-16 19:50:58","commentOwner":"= ="},{"comment":"啊这，像这种文，我的感受是，我能看完，题材我挺喜欢的，也有吸引我的点，但是也有我不喜欢的点，完了我看完我就把我的感受说出来。","commentTime":"2022-01-16 19:52:52","commentOwner":"。"},{"comment":"弱弱说一句，有没有一种可能，是看了文名或文案觉得很好，所以一口气全订。\n准备美美的看文的时候，在文里踩了雷。\n所以顶着全订的标志在边看边排……","commentTime":"2022-01-16 19:54:56","commentOwner":"。"},{"comment":"花了钱就有权利评价，这应该没什么问题吧？\n正版读者还不能有自己的观点了？","commentTime":"2022-01-16 19:55:50","commentOwner":"。"},{"comment":"或许你听说过莫如归的名字（轻轻\n莫如归的文就是前面甜，结尾产屎\n望你知，有些读者可能看了文案看了前几章不错，就自动开了续订，打算等完结之后再看，但没想到文不像文案里表现那样，可人家都全订了，浪费钱还不能排雷了？\n啊，好想避雷楼主","commentTime":"2022-01-16 19:56:23","commentOwner":"。"},{"comment":"楼主就别装了，都是作者还不懂你的那点小心思？真的只是表达震惊吗，你还特意挑bs来发帖，啧啧啧","commentTime":"2022-01-16 19:56:51","commentOwner":"。"},{"comment":"怎么说呢，我觉得肯定有和我一样看到入v顺手全订的读者吧，这样的话突然在v章踩雷排雷不是很正常吗？\n某些作者不要太无语。没看完排雷说没看凭什么排雷，全订排雷又说明知道是屎为什么吃。\n怎么不说自己为什么要写屎呢。大无语","commentTime":"2022-01-16 19:58:44","commentOwner":"=="},{"comment":"文没看完不准排，看完了也不准排，干脆把评论区封了吧\n№18 ☆☆☆。|6fd150b3于2022-01-16 18:02:48留言☆☆☆\n。","commentTime":"2022-01-16 19:58:47","commentOwner":"。"},{"comment":"历史引用 展开全部▼\n。\n№184 ☆☆☆。|4136ebc2于2022-01-16 19:58:47留言☆☆☆\n。是的呢，反正就是捂嘴","commentTime":"2022-01-16 19:59:52","commentOwner":"。。"},{"comment":"花了钱就有权利评价，这应该没什么问题吧？\n正版读者还不能有自己的观点了？\n№180 ☆☆☆。|550fb43c于2022-01-16 19:55:50留言☆☆☆\nlz平时说话就是这种有点冲的语气我可以理解，可能是性格或者其他原因导致的。但是如果不是的话，那我总觉得lz是破大防没办法对评论区读者发火，就开始在楼里冲其他咕咕撒泼了。","commentTime":"2022-01-16 20:00:35","commentOwner":"。"},{"comment":"怎么说呢，我觉得肯定有和我一样看到入v顺手全订的读者吧，这样的话突然在v章踩雷排雷不是很正常吗？\n某些作者不要太无语。没看完排雷说没看凭什么排雷，全订排雷又说明知道是屎为什么吃。\n怎么不说自己为什么要写屎呢。大无语\n№183 ☆☆☆==|78c7e225于2022-01-16 19:58:44留言☆☆☆\n希望这种作者以后在文案写清楚不接受任何排雷。不然就别叽叽歪歪","commentTime":"2022-01-16 20:00:50","commentOwner":"=="},{"comment":"有的读者喜欢直接全订然后慢慢看，我经常在后台看到有人一次性全订","commentTime":"2022-01-16 20:04:07","commentOwner":"。"},{"comment":"文没看完不准排，看完了也不准排，干脆把评论区封了吧\n№18 ☆☆☆。|6fd150b3于2022-01-16 18:02:48留言☆☆☆\n确实，反正现在也能封","commentTime":"2022-01-16 20:04:44","commentOwner":"？"},{"comment":"文没看完不准排，看完了也不准排，干脆把评论区封了吧\n№18☆☆☆。|6fd150b3于2022-01-16 18:02:48留言☆☆☆\n。","commentTime":"2022-01-16 20:05:24","commentOwner":"kk"},{"comment":"不看不配排，看完了又不让排，好赖话全让你说尽了","commentTime":"2022-01-16 20:17:22","commentOwner":"。"},{"comment":"那么问题来了，既然这么雷，为什么还要看完？\n№1 ☆☆☆。|3f95a91d?于2022-01-16 17:56:42留言☆☆☆\n因为有想看的点，虽然很雷，但一边不舒服一边看下去","commentTime":"2022-01-16 20:20:20","commentOwner":"=="},{"comment":"怎么会有人！看见文下排雷后！还要来碧水说一说！\n№28 ☆☆☆。。。|09d956b2于2022-01-16 18:05:19留言☆☆☆\nnsdd","commentTime":"2022-01-16 20:26:42","commentOwner":"笑死"},{"comment":"历史引用 展开全部▼\n。\n№190 ☆☆☆kk|3cb00d89于2022-01-16 20:05:24留言☆☆☆\n。","commentTime":"2022-01-16 20:27:03","commentOwner":"。"},{"comment":"有病吧一边问一边把楼里跟你说的打成跳脚小号，咋的就非得夸你写得真好有雷都让人看完了全本排雷都是读者的错呗，咋的写个文还成人上人了？","commentTime":"2022-01-16 20:27:14","commentOwner":"= ="},{"comment":"历史引用 展开全部▼\n那你好喜欢找屎吃哦~~\n№67 ☆☆☆楼主|3f95a91d于2022-01-16 18:14:15留言☆☆☆\n你好喜欢产屎哦","commentTime":"2022-01-16 20:29:18","commentOwner":"笑死"},{"comment":"历史引用 展开全部▼\n迷惑就迷惑啊，你可以选择点x\n№79 ☆☆☆楼主|3f95a91d于2022-01-16 18:17:51留言☆☆☆\n人家排雷你压评压下去不就完了，还上bs说？","commentTime":"2022-01-16 20:30:00","commentOwner":"笑死"},{"comment":"虽然我很讨厌乱排雷\n但是排雷难道不是看了才排\n看完排的是整本的\n看了10章就只能排这10章的\n没看完排雷有时候会错排啊，比如有些是误会，后面会解开","commentTime":"2022-01-16 20:32:29","commentOwner":"。"},{"comment":"历史引用 展开全部▼\n明知道是屎你还去吃？你就这么喜欢吃屎？\n№7 ☆☆☆。|3f95a91d♥于2022-01-16 18:00:27留言☆☆☆\n楼主说话好难听，难道你一辈子吃东西，就没吃了喝了才发现难吃的\n又不是所有东西都像shi一样有臭味，不吃就知道臭\n特别是小说、剧，不看怎么知道难看，那不是瞎说吗","commentTime":"2022-01-16 20:36:19","commentOwner":"。"},{"comment":"真实排雷是不是比虚假排更让作者破防","commentTime":"2022-01-16 20:36:29","commentOwner":"。"},{"comment":"别写了","commentTime":"2022-01-16 20:37:12","commentOwner":"。"},{"comment":"仅代表我自己\n全订且完整看完能完整说出我剧情大小转折的排雷，我还是能接受的，至少人家是看完了全本没有看个开头就瞎说不是吗？\n至于是不是真的存在这些问题，就有则改之无则加勉了\n就算是大佬们的文下也不可能一条差评都没有吧","commentTime":"2022-01-16 20:37:55","commentOwner":"= ="},{"comment":"别人都看完了你管别人怎么排雷……看不惯去压评就是了。","commentTime":"2022-01-16 20:39:52","commentOwner":"=="},{"comment":"真实排雷是不是比虚假排更让作者破防\n№200☆☆☆。|40681865于2022-01-16 20:36:29留言☆☆☆\n。","commentTime":"2022-01-16 20:40:50","commentOwner":"= ="},{"comment":"历史引用 展开全部▼\n。\n№204☆☆☆= =|250ef9ae于2022-01-16 20:40:50留言☆☆☆\n。虚假排雷还能说我不是我没有，真实排雷是真的被发现写得糟糕了，破大妨了","commentTime":"2022-01-16 20:52:56","commentOwner":"= ="},{"comment":"历史引用 展开全部▼\n。\n№204☆☆☆= =|250ef9ae于2022-01-16 20:40:50留言☆☆☆\n原来如此","commentTime":"2022-01-16 20:52:59","commentOwner":"= ="},{"comment":"无大语了，作者别写文了，既然你写文就和拉屎一样，那干嘛还入v?自己让读者花钱吃屎还有脸说，你就应该为爱发电，这样别人不小心踩到屎了，也不会说些什么……","commentTime":"2022-01-16 20:58:39","commentOwner":"。"},{"comment":"你可以去评论区讲，这儿解决不了问题","commentTime":"2022-01-16 21:02:27","commentOwner":"= ="},{"comment":"行叭，老被吞。\n作者要拉屎就别入v，读者花了钱吃屎自然不高兴，有本事作者拉个免费的屎，大家都能理解了","commentTime":"2022-01-16 21:03:10","commentOwner":"。"},{"comment":"管的太多，我说作者。没看盗文没虚假排雷，你管她为什么排雷。\n№47 ☆☆☆……|1fd6f19b于2022-01-16 18:08:10留言☆☆☆\n。","commentTime":"2022-01-16 21:04:17","commentOwner":"。"},{"comment":"历史引用 展开全部▼\n。\n№210 ☆☆☆。|62113cd7于2022-01-16 21:04:17留言☆☆☆\n。\n说不定人家只是客观写书评","commentTime":"2022-01-16 21:07:46","commentOwner":"=="},{"comment":"反对排雷。\n现在很多人根本就是“我不喜欢的就是雷”，一点点包容都没有。\n按照晋江部分读者的排雷法，没有哪一本小说，包括网文、包括但不限于中外古典名著、中外现当代小说、畅销书能经得起考验，全都有雷。","commentTime":"2022-01-16 21:11:59","commentOwner":"。"},{"comment":"反对排雷。\n现在很多人根本就是“我不喜欢的就是雷”，一点点包容都没有。\n按照晋江部分读者的排雷法，没有哪一本小说，包括网文、包括但不限于中外古典名著、中外现当代小说、畅销书能经得起考验，全都有雷。\n№212☆☆☆。|eeb1c54f于2022-01-16 21:11:59留言☆☆☆\n如果读者要求作者无限排雷，你这话还有道理。\n但是读者排自己的雷点，雷点不就是不喜欢的点吗？只要是真实陈述，不是虚假排雷，这都能扯到包容，？不喜欢吃香菜的说xx菜里有香菜就是不包容？这是给同样不喜欢香菜的人看的，喜欢香菜的又不受影响，甚至更高兴了。","commentTime":"2022-01-16 21:18:19","commentOwner":"= ="},{"comment":"反对排雷。\n现在很多人根本就是“我不喜欢的就是雷”，一点点包容都没有。\n按照晋江部分读者的排雷法，没有哪一本小说，包括网文、包括但不限于中外古典名著、中外现当代小说、畅销书能经得起考验，全都有雷。\n№212 ☆☆☆。|eeb1c54f于2022-01-16 21:11:59留言☆☆☆\n她说出自己不喜欢的点，也不影响别的读者看啊。怎么?自己不喜欢就是不包容?我正版读者不喜欢的点不能说，非要憋着，什么道理","commentTime":"2022-01-16 21:34:06","commentOwner":"。。"},{"comment":"……","commentTime":"2022-01-16 23:37:59","commentOwner":"。"},{"comment":"历史引用 展开全部▼\n如果读者要求作者无限排雷，你这话还有道理。\n但是读者排自己的雷点，雷点不就是不喜欢的点吗？只要是真实陈述，不是虚假排雷，这都能扯到包容，？不喜欢吃香菜的说xx菜里有香菜就是不包容？这是给同样不喜欢香菜的人看的，喜欢香菜的又不受影响，甚至更高兴了。\n№213 ☆☆☆= =|1bfab465于2022-01-16 21:18:19留言☆☆☆\n老婆饼没有老婆，可以。这叫“陈述”。\n这家的老婆饼居然没有老婆！虚假宣传！不可以，这叫“有病”。","commentTime":"2022-01-17 00:22:40","commentOwner":"。"},{"comment":"历史引用 展开全部▼\n老婆饼没有老婆，可以。这叫“陈述”。\n这家的老婆饼居然没有老婆！虚假宣传！不可以，这叫“有病”。\n№216 ☆☆☆。|eeb1c54f于2022-01-17 00:22:40留言☆☆☆\n你不是说“我不喜欢的就是雷”吗\n怎么又转进到虚假排雷上去了？","commentTime":"2022-01-17 00:26:27","commentOwner":"= ="},{"comment":"纯读者，全订我就能骂你。仅此而已。","commentTime":"2022-01-18 20:05:38","commentOwner":"喵咩"},{"comment":"看完全文排雷也不行，没看完全文排雷也不行。不如全员关闭评论区吧，我看看文的还剩多少\n№97☆☆☆==|6ef0dcb0于2022-01-16 18:27:51留言☆☆☆\n。","commentTime":"2022-01-21 05:20:01","commentOwner":"= ="},{"comment":"看来作者们也承认，有的作者写的小说就是shi呢\n№71 ☆☆☆= =|93a4b2e5于2022-01-16 18:16:10留言☆☆☆\n你不也吃shi了么","commentTime":"2022-01-21 05:33:50","commentOwner":"。。。"},{"comment":"行叭，老被吞。\n作者要拉屎就别入v，读者花了钱吃屎自然不高兴，有本事作者拉个免费的屎，大家都能理解了\n№209 ☆☆☆。|3713d4d7于2022-01-16 21:03:10留言☆☆☆\n你也太高估读者平均素质了叭，越是免费文越不缺爹味读者，都能理解个der","commentTime":"2022-01-21 05:40:41","commentOwner":"。"},{"comment":"历史引用 展开全部▼\n你不是说“我不喜欢的就是雷”吗\n怎么又转进到虚假排雷上去了？\n№217 ☆☆☆= =|f5e1bed9于2022-01-17 00:26:27留言☆☆☆\n。","commentTime":"2022-01-21 07:13:16","commentOwner":"。"},{"comment":"文没看完不配排雷，文都看完了还不配排雷，不要太双标了吧\n№11 ☆☆☆= =|01737373于2022-01-16 18:01:57留言☆☆☆\n。","commentTime":"2022-01-21 07:14:34","commentOwner":"= ="},{"comment":"全订排雷没问题","commentTime":"2022-01-21 07:15:11","commentOwner":"。"},{"comment":"兰州烧饼","commentTime":"2022-02-16 16:52:14","commentOwner":"。。。。"},{"comment":"全订排雷就排雷了，只要不是虚假排雷就行，不过我会压评","commentTime":"2022-02-16 16:53:36","commentOwner":"=="},{"comment":"遇到楼主这样的作者\n难怪读者全订看完了也要排个雷","commentTime":"2022-02-16 16:57:40","commentOwner":"。"},{"comment":"说问问题，但是语气真的很高贵……\n感觉像是上了两年学的：“不会吧不会吧？怎么会有人不识字，这个世界上居然有文盲吗？我学过的东西再垃圾的人都应该也会吧，居然真有人不会啊？为什么还有人不识字啊？”\n一股优越感，说是问，句句都是贬低别人的选择。好像要强调自己这种理智，清高，不会看完的人才是正理。\n其他人怎么解释，都是“为什么要选跟我不一样的道路呢，我看着就觉得那路不对。”\n关键看不看完一篇文这件事本身，没有绝对对错","commentTime":"2022-02-16 17:03:19","commentOwner":"= ="},{"comment":"淘宝买了东西也让人评价啊……","commentTime":"2022-02-16 17:06:20","commentOwner":"叭了个叭"},{"comment":"全订是尊重作者劳动成果，排雷是尊重其他读者看文感受","commentTime":"2022-02-16 17:06:27","commentOwner":"。"},{"comment":"纯读者，全订我就能骂你。仅此而已。\n№218 ☆☆☆喵咩|1feae947♥♥♥于2022-01-18 20:05:38留言☆☆☆\n笑死了，正常评价可以，骂人是谁给你的权利？","commentTime":"2022-02-16 17:09:43","commentOwner":"=="},{"comment":"这个没什么啦，很正常\n有些读者就是喜欢看完之后出个长评论，把文的所有优缺点都说一遍，我觉得没啥，有时候提的确实是对的，但缺点是的确有些许赶客。。。我一般会谢谢她的评论然后想办法压一下评。。。","commentTime":"2022-02-16 17:10:13","commentOwner":"。"},{"comment":"这没有问题吧？因为有些文确实可能中途的雷点在后续会被圆回来，要是没看完就排雷可能会被打脸，看完了发现雷点是真的雷，写个排雷帖没毛病吧？除非是看的盗版","commentTime":"2022-02-16 17:12:27","commentOwner":"好难早起"},{"comment":"全订都不能排雷的作者不然在文案标明吧，本文拒绝排雷，正版读者也不行，这样我不会踩雷，你不被排雷，皆大欢喜","commentTime":"2022-02-16 17:14:20","commentOwner":"。"},{"comment":"why not？","commentTime":"2022-02-16 17:14:48","commentOwner":"。"},{"comment":"楼主别生气\n我在文案把所有雷都排了，还是有杠精（不少！）故意进来排雷（排的是我在文案写清楚了的。）\n那些杠精还是盗文狗，都没订阅的= =\n你这么一想，是不是舒服多啦~","commentTime":"2022-02-16 17:26:01","commentOwner":"= ="}]}