{
  "id": "fc115e1b-bd35-408a-8134-a5bdb9253ff8",
  "category": "晋江论坛→网友交流区→碧水江汀 欢迎回来：53088456  退 出",
  "postSubject": "主题：文案排雷写得很清楚，一定要在第一章吐槽该点并弃文的人是怎么想的？ [6] 【搜索关键词：排雷】",
  "postUrl": "https://bbs.jjwxc.net/showmsg.php?board=17&keyword=%C5%C5%C0%D7&id=1902151",
  "originalPost": "这种算言论自由吗？",
  "numberOfReplies": 6,
  "comments": [
    {
      "comment": "自己不想看就不想让文存在的自我中心读者",
      "commentTime": "2022-05-17 22:04:21",
      "commentOwner": "=="
    },
    {
      "comment": "ex人的",
      "commentTime": "2022-05-17 22:05:46",
      "commentOwner": "。"
    },
    {
      "comment": "骂她，骂两次就没人了",
      "commentTime": "2022-05-17 22:07:54",
      "commentOwner": "啊啊啊啊啊"
    },
    {
      "comment": "这种人似乎不会意识到自己的问题，我看她还在回复别人评论是她的自由。。。。但被恶心到真的很烦",
      "commentTime": "2022-05-17 22:11:47",
      "commentOwner": "。。"
    },
    {
      "comment": "很影响涨收的，压下去吧。",
      "commentTime": "2022-05-17 22:14:02",
      "commentOwner": "=="
    },
    {
      "comment": "我只是读者，但读者也觉得很烦很烦，所以太太们看到千万不要被影响心情！被这种人影响到了只会让太太和喜欢这篇文的读者不开心！！",
      "commentTime": "2022-05-17 22:24:57",
      "commentOwner": "。。"
    }
  ]
}