{"id":"a347e91a-3691-4e1f-80d8-0dff8ffd25a6","category":"晋江论坛→网友交流区→碧水江汀 欢迎回来：53088456  退 出","postSubject":"主题：最讨厌天天喊着要排雷 [10] 【搜索关键词：排雷】","postUrl":"https://bbs.jjwxc.net/showmsg.php?board=17&keyword=%C5%C5%C0%D7&id=1951332","originalPost":"到底为什么有那么多雷排\n文案标甜文最后Be这种是雷\n那那种人家就放了个文案你就天天喊排","numberOfReplies":10,"comments":[{"comment":"最反感必须要排雷什么的\n怎么就有那么多雷\n真的是jj给你们惯的\n去外站看看 谁管你\n爱看不看 还排雷\n你的雷点就有那么多？\n那你雷女主是个村姑 别人就喜欢村姑\n那还得说排雷女主不高贵哦","commentTime":"2022-06-19 00:32:02","commentOwner":"我来了"},{"comment":"想想这个就无语 爱看不看啊 哪里有那么多纯读者发言\n真纯读者人家看到不爱看大部分走了","commentTime":"2022-06-19 00:32:35","commentOwner":"我来了"},{"comment":"鬼知道有没有踩你雷点\n啊那我就是喜欢火葬场 女追男 或者男追女最后还回头\n这我也要给你排？那刚好喜欢这个点的读者呢\n作者自己都意识不到这个是雷呢\n大醉","commentTime":"2022-06-19 00:34:12","commentOwner":"我来了"},{"comment":"xp与读者不同这件事不怪作者，xp无罪","commentTime":"2022-06-19 00:35:32","commentOwner":"。"},{"comment":"因为有些人就是搞你心态来的","commentTime":"2022-06-19 00:36:01","commentOwner":"。"},{"comment":"嗯 他们还会说你诈骗 骗他们进来看文他们膈应 更夸张的还会说他们人身权益受到了侵犯 吃不下饭睡不着觉难受 会一直守在评论区直到作者把他们觉得不对的内容改掉…","commentTime":"2022-06-19 00:37:30","commentOwner":"。"},{"comment":"因为有些人就是来发疯的。。。","commentTime":"2022-06-19 00:38:12","commentOwner":"。。"},{"comment":"上网纯纯为了发疯。。。管你写什么。。。。。","commentTime":"2022-06-19 00:38:27","commentOwner":"。。"},{"comment":"大部分搞排雷这一套都是作者\n何必呢\n把别人拉下水你真的就能上位？\n我真的不理解 专注自己本身不行吗？\nxp不同 你爆雷东西别人就是爱看\n只要不涉及r.h。恋T\n哪怕男女主涉及法律了 这只是一本小说\n不是所有小说必须正大光明 惩恶扬善","commentTime":"2022-06-19 00:40:21","commentOwner":"我来了"},{"comment":"天道好轮回\n你就搞呗 天天去别人那里排雷\n我就不信你哪天不被排\n哦当然 你要是特别“扑”都没人理\n我只能告诉你 该","commentTime":"2022-06-19 00:41:41","commentOwner":"我来了"}]}