{"id":"4f189d74-0b5d-4e9c-a349-3d81866e7038","category":"晋江论坛→网友交流区→碧水江汀 欢迎回来：53088456  退 出","postSubject":"主题：虚假排雷真恶心，说了多少次不是，你脑补有问题，还是用脑补剧情去排雷，底下一堆谢谢排雷我就火大 [3] 【搜索关键词：排雷】","postUrl":"https://bbs.jjwxc.net/showmsg.php?board=17&keyword=%C5%C5%C0%D7&id=1957735","originalPost":"信息差不能接受你就走呗，还硬是要脑补他们就是有暧昧，因为路人也这么以为，还有另一半路人知道内情你怎么不说呢？","numberOfReplies":3,"comments":[{"comment":"好下头这种读者，自己的问题，硬要反骂作者一口。","commentTime":"2022-06-23 14:00:15","commentOwner":"。"},{"comment":"摊手，很多啊这种","commentTime":"2022-06-23 14:00:39","commentOwner":"。"},{"comment":"一般无视。","commentTime":"2022-06-23 14:07:23","commentOwner":"8989"}]}