{"id":"a3d53a6e-a314-46d3-a56a-e7cf149abee9","category":"晋江论坛→网友交流区→碧水江汀 欢迎回来：53088456  退 出","postSubject":"主题：绝了，一个人看盗文，看到一半不对跑jj看了眼文案发现作者排雷男主非c，然后她就把作者挂了 [1] 【搜索关键词：排雷】","postUrl":"https://bbs.jjwxc.net/showmsg.php?board=17&keyword=%C5%C5%C0%D7&id=1912200","originalPost":"我整一个大震惊，她还说自己看到一半吃屎了，这你要看的不是盗文，怎么会吃屎？正版文案上明明白白标注着，还把人挂出来，服气啦","numberOfReplies":1,"comments":[{"comment":"？？？蛇精病吧，无语","commentTime":"2022-05-24 01:07:11","commentOwner":"。"}]}