{"id":"e4137f95-ec6a-4d9b-8ddb-89338c398da7","category":"晋江论坛→网友交流区→碧水江汀 欢迎回来：53088456  退 出","postSubject":"主题：遇到虚假排雷的极端读者了，感觉要持续发疯纠缠，有咕咕告过这种人吗？求经验 [1] 【搜索关键词：排雷】","postUrl":"https://bbs.jjwxc.net/showmsg.php?board=17&keyword=%C5%C5%C0%D7&id=1877052","originalPost":"如题，谢谢点进来的咕咕们","numberOfReplies":1,"comments":[{"comment":"bd","commentTime":"2022-05-01 21:58:11","commentOwner":"。"}]}