{"id":"4466d220-cedc-4b63-9578-50055c913927","category":"晋江论坛→网友交流区→碧水江汀 请稍候...","postSubject":"主题：pbc护肤，我已经被各种推荐视频和排雷弄昏头了，看见什么都想买，但又不知道需不需要因为又看上面说不要买那么多护肤品往脸上糊相当于营养品太多吸收不了 [18] 【搜索关键词：排雷】","postUrl":"https://bbs.jjwxc.net/showmsg.php?board=17&keyword=%C5%C5%C0%D7&id=1844652","originalPost":"什么抗衰，什么美白，什么提亮，什么神仙水，我心痒但又纠结年龄，24岁大油皮要买什么抗衰精华或者神仙水吗？（有好用的能推下吗？想给妈妈买）","numberOfReplies":18,"comments":[{"comment":"dd有咕咕吗？头顶金榜球咕咕借我抄个作业行吗？","commentTime":"2022-04-11 21:21:32","commentOwner":"。"},{"comment":"十分钟来问一次有咕咕吗？QAQ还是今晚三栋楼太热闹都吃瓜去了QAQ","commentTime":"2022-04-11 21:33:29","commentOwner":"。"},{"comment":"五分钟来问一次QAQ，真都吃瓜去了啊","commentTime":"2022-04-11 21:39:16","commentOwner":"。"},{"comment":"dd","commentTime":"2022-04-11 21:40:24","commentOwner":"。"},{"comment":"精华买好点，看你需求，有痘印祛痘印没痘印就美白初抗老","commentTime":"2022-04-11 21:41:51","commentOwner":"。"},{"comment":"现在躺下睡觉比啥抗衰水都有用，不要相信晚上的冲动","commentTime":"2022-04-11 21:42:34","commentOwner":"=="},{"comment":"精华买好点，看你需求，有痘印祛痘印没痘印就美白初抗老\n№5☆☆☆。|df7de79c于2022-04-11 21:41:51留言☆☆☆\n两个一起买还是选择有两种作用的一瓶，顺带欧莱雅黑精华好点还是小棕瓶好点","commentTime":"2022-04-11 21:43:27","commentOwner":"。"},{"comment":"现在躺下睡觉比啥抗衰水都有用，不要相信晚上的冲动\n№6☆☆☆==|ce8fb51b于2022-04-11 21:42:34留言☆☆☆\n我都十一点睡脸上也没啥细纹什么的就是脸暗外加鼻翼黑头，20岁时糟蹋自己的后遗症（捂脸）","commentTime":"2022-04-11 21:44:45","commentOwner":"。"},{"comment":"美白的效果因人而异，论文显示也不是任何美白成分都不是100%转移黑色素。其实做好防晒和补水一定程度上就能抗老。","commentTime":"2022-04-11 21:48:23","commentOwner":"。"},{"comment":"美白的效果因人而异，论文显示也不是任何美白成分都不是100%转移黑色素。其实做好防晒和补水一定程度上就能抗老。\n№9☆☆☆。|0a66d56c于2022-04-11 21:48:23留言☆☆☆\n好的谢谢咕咕，就是想试试24了没用过","commentTime":"2022-04-11 21:49:41","commentOwner":"。"},{"comment":"我和你年龄差不多，混合油敏肌，我选的多以补水抗初老为主\n我资金充足的时候就用娇韵诗双萃，不充足就用薇诺娜双修，两个价格其实差的挺大的，但是都是抗初老的\n神仙水我用第一瓶的时候效果还不错，第二瓶的时候鼻子开始出现泛红脱皮的情况，停了就好了（我闺蜜也是：混干）\n给你做个参考","commentTime":"2022-04-11 21:49:51","commentOwner":"——"},{"comment":"美白的效果因人而异，论文显示也不是任何美白成分都不是100%转移黑色素。其实做好防晒和补水一定程度上就能抗老。\n№9☆☆☆。|0a66d56c于2022-04-11 21:48:23留言☆☆☆\n打瞌睡嘴快了，论文显显示任一美白成分都不能保证100%转移黑色素。","commentTime":"2022-04-11 21:50:03","commentOwner":"。"},{"comment":"我和你年龄差不多，混合油敏肌，我选的多以补水抗初老为主\n我资金充足的时候就用娇韵诗双萃，不充足就用薇诺娜双修，两个价格其实差的挺大的，但是都是抗初老的\n神仙水我用第一瓶的时候效果还不错，第二瓶的时候鼻子开始出现泛红脱皮的情况，停了就好了（我闺蜜也是：混干）\n给你做个参考\n№11☆☆☆——|f96c018b于2022-04-11 21:49:51留言☆☆☆\n谢谢咕咕！","commentTime":"2022-04-11 21:57:48","commentOwner":"。"},{"comment":"油皮谨慎使用各种护肤品。","commentTime":"2022-04-11 22:31:23","commentOwner":"。"},{"comment":"尤其是我还是油痘肌。\n直奔激光而去了。","commentTime":"2022-04-11 22:31:49","commentOwner":"。"},{"comment":"我油皮确诊过脂溢性皮炎，楼主真痘痘影响心情的那种先去找医生\n如果单纯出油但是皮肤状态好的，可以考虑神仙水啥的","commentTime":"2022-04-11 22:41:02","commentOwner":"。"},{"comment":"油痘皮可以试试修丽可，这是我用过最有效果的祛痘精华。\n小棕瓶肯定比欧莱雅好用呀，都不是一个价位的，不过油皮可以试试红腰子。我用过小棕瓶小黑瓶，感觉都不如红腰子。\n神仙水油皮亲妈。","commentTime":"2022-04-11 22:48:55","commentOwner":"= ="},{"comment":"我夏天就会混油，可以试试黛珂的紫苏水+牛油果乳液，精华我是用神仙水（一定要用正确的手法），不建议什么都涂，基本上一套水乳+精华水就足够了","commentTime":"2022-04-11 22:52:46","commentOwner":"…"}]}