{"id":"1ebd1b8b-6d9f-49ab-8755-915444c07166","category":"晋江论坛→网友交流区→碧水江汀 请稍候...","postSubject":"主题：男主在暗恋女主的情况下强吻女主，女主愤怒给了男主一记耳光，这个剧情安排雷吗？ [38] 【搜索关键词：排雷】","postUrl":"https://bbs.jjwxc.net/showmsg.php?board=17&keyword=%C5%C5%C0%D7&id=1725051","originalPost":"会不会显得男主很油腻？","numberOfReplies":38,"comments":[{"comment":"我不雷，还挺带感","commentTime":"2022-01-19 12:43:20","commentOwner":"。"},{"comment":"其实单看还好，挺常见的，看怎么处理的吧","commentTime":"2022-01-19 12:43:23","commentOwner":"。"},{"comment":"既然女主觉得他性骚扰\n那么代入女主的读者也会这觉得 观感就下降了","commentTime":"2022-01-19 12:43:27","commentOwner":"。"},{"comment":"雷，我雷男主强这点，女主反应很正确","commentTime":"2022-01-19 12:43:27","commentOwner":"。"},{"comment":"强吻就挺雷的","commentTime":"2022-01-19 12:43:33","commentOwner":"。"},{"comment":"会。","commentTime":"2022-01-19 12:43:34","commentOwner":"。"},{"comment":"如果前文没有表现出女主也喜欢男主，我会觉得不适","commentTime":"2022-01-19 12:44:19","commentOwner":"孤独的根号三"},{"comment":"我看大环境吧\n如果很苏的氛围就还好","commentTime":"2022-01-19 12:44:43","commentOwner":"=="},{"comment":"看笔力","commentTime":"2022-01-19 12:45:07","commentOwner":"。"},{"comment":"暗恋，强吻？？都强吻了不算明恋吗？","commentTime":"2022-01-19 12:45:19","commentOwner":"。"},{"comment":"会，非常会，十分下头。当然，也有可能你处理的十分巧妙，让人觉得能接受","commentTime":"2022-01-19 12:47:47","commentOwner":"昵称"},{"comment":"有一点点不适，可能我不吃这类（个人意见勿怪）","commentTime":"2022-01-19 12:50:06","commentOwner":"。"},{"comment":"不顾女性意愿强吻这不就是x骚扰？送男主去坐牢","commentTime":"2022-01-19 12:51:12","commentOwner":"。"},{"comment":"看笔力是真的","commentTime":"2022-01-19 12:51:17","commentOwner":"神仙涨幅"},{"comment":"光只有强吻会有强烈的xsr感，打了一巴掌会稍稍减弱一点","commentTime":"2022-01-19 12:51:37","commentOwner":"＝＝"},{"comment":"为啥非要设置这种奇怪的剧情啊，男主控感觉一巴掌侮辱人，女主控感觉被强吻有被冒犯到，简直两边不讨好啊","commentTime":"2022-01-19 12:51:40","commentOwner":"= ="},{"comment":"不顾女性意愿强吻这不就是x骚扰？送男主去坐牢\n№13 ☆☆☆。|d7df3467于2022-01-19 12:51:12留言☆☆☆\n。","commentTime":"2022-01-19 12:51:45","commentOwner":"。"},{"comment":"为啥非要设置这种奇怪的剧情啊，男主控感觉一巴掌侮辱人，女主控感觉被强吻有被冒犯到，简直两边不讨好啊\n№16 ☆☆☆= =|6a5936e3于2022-01-19 12:51:40留言☆☆☆\n。","commentTime":"2022-01-19 12:52:25","commentOwner":"。"},{"comment":"很雷，女主控有被冒犯到","commentTime":"2022-01-19 13:06:00","commentOwner":"日更达咩"},{"comment":"想呼死这个男主","commentTime":"2022-01-19 13:06:43","commentOwner":"。"},{"comment":"剧情不雷 但男主雷啊","commentTime":"2022-01-19 13:11:11","commentOwner":"…"},{"comment":"我个人不吃强吻这种剧情","commentTime":"2022-01-19 13:12:50","commentOwner":"。"},{"comment":"我喜欢男主暗恋女主，但被女主强吻","commentTime":"2022-01-19 13:13:07","commentOwner":"= ="},{"comment":"为啥非要设置这种奇怪的剧情啊，男主控感觉一巴掌侮辱人，女主控感觉被强吻有被冒犯到，简直两边不讨好啊\n№16 ☆☆☆= =|6a5936e3于2022-01-19 12:51:40留言☆☆☆\n。","commentTime":"2022-01-19 13:15:09","commentOwner":"。？"},{"comment":"因为这是先婚后爱文，古言背景","commentTime":"2022-01-19 13:18:30","commentOwner":"= ="},{"comment":"女主控很雷\n不过应该有人吃的吧","commentTime":"2022-01-19 13:19:20","commentOwner":"。"},{"comment":"因为这是先婚后爱文，古言背景\n№25 ☆☆☆= =|9a72277e于2022-01-19 13:18:30留言☆☆☆\n先婚后爱那还好吧，毕竟都有这个身份了，所以说具体的环境和身份很重要啊。","commentTime":"2022-01-19 13:21:03","commentOwner":"。"},{"comment":"像这种剧情不能单拆来算的，因为单看没有前情也没有人设背景，比较像是讨论社会事件了，很多人一看会不能接受，但你要结合人物的感情进度来展示这个情节的话，只要贴合人设和感情发展，那问题还是不大。","commentTime":"2022-01-19 13:22:20","commentOwner":"。"},{"comment":"写得好i like！但是得女主有一些喜欢男主，不能完全不喜欢男主，而且男主不能没有理由就随便强吻，可以让他吃醋了什么的","commentTime":"2022-01-19 13:24:38","commentOwner":"= ="},{"comment":"我喜欢看A暗恋B，想要亲吻触碰，但是只能心里想想不敢真的那样做（因为是暗恋还没挑明），内心做激烈斗争，一边感性上控制不住想亲密接触对方，一边理性上告诉自己现在不是时候万一自己越界了对方和自己有隔阂。如果B是那种感情迟钝or钓系美人就更香了。","commentTime":"2022-01-19 13:31:47","commentOwner":"。"},{"comment":"为啥非要设置这种奇怪的剧情啊，男主控感觉一巴掌侮辱人，女主控感觉被强吻有被冒犯到，简直两边不讨好啊\n№16 ☆☆☆= =|6a5936e3于2022-01-19 12:51:40留言☆☆☆\n。","commentTime":"2022-01-19 13:35:27","commentOwner":"。。。"},{"comment":"我喜欢男主暗恋女主，但被女主强吻\n№23 ☆☆☆= =|25b72666☆于2022-01-19 13:13:07留言☆☆☆\n这个可","commentTime":"2022-01-19 13:36:21","commentOwner":"菇妖王"},{"comment":"要看具体剧情，女主反应挺正常的可以接受","commentTime":"2022-01-19 13:37:01","commentOwner":"= ="},{"comment":"啥梗？强取豪夺吗？","commentTime":"2022-01-19 13:41:11","commentOwner":"——"},{"comment":"雷，女主要是娇羞心颤，或者不好意思，那就不雷。不然读者要么骂女主不知好歹，要么骂男主xsr，你选一个吧","commentTime":"2022-01-19 13:42:36","commentOwner":"阿"},{"comment":"看女主反应吧，都扇耳光了，应该是算男主下流","commentTime":"2022-01-19 13:48:28","commentOwner":"=="},{"comment":"我攻受互相喜欢的情况下，因为误会强吻，被读者追着骂","commentTime":"2022-01-19 13:48:36","commentOwner":"。"},{"comment":"我个人不喜欢强吻戏码，每次看到有这种我都想扇死那个男的（夸张了夸张了），性骚扰了吧这属于，就算是双向暗恋我也不喜，人家不知道是双向那就属于性骚扰！！！","commentTime":"2022-01-19 14:02:47","commentOwner":"，，，"}]}