{"id":"9dae338d-5f03-488a-be50-d9b3126130c5","category":"晋江论坛→网友交流区→碧水江汀 请稍候...","postSubject":"主题：世上写东西最精彩的人：排雷大军 [2] 【搜索关键词：排雷】","postUrl":"https://bbs.jjwxc.net/showmsg.php?board=17&keyword=%C5%C5%C0%D7&id=1738644","originalPost":"你永远无法预料他们会排出什么样的类。\n语言之精炼，文风之激昂，语气之疯狂，用词之精彩，短短几行话，能把一杯小清新白开水，改造成方圆百里之外都能闻到恶臭的shi.水。\n\n同排雷大军一样技艺高超的，还有吐槽类的yxh。\n向这两类人表达salute。","numberOfReplies":2,"comments":[{"comment":"kk","commentTime":"2022-01-28 03:47:09","commentOwner":"= ="},{"comment":"nsdd","commentTime":"2022-01-28 03:50:50","commentOwner":"一枝梨花"}]}