{"id":"69883602-ec2e-416e-aae5-c953e7a6d690","category":"晋江论坛→网友交流区→碧水江汀 欢迎回来：53088456  退 出","postSubject":"主题：pbc拔草（或是排雷？）千万...不要...尝试...咸味特浓芝士片...配...红薯...【以及别在吃饭时打开这个帖子】 [1] 【搜索关键词：排雷】","postUrl":"https://bbs.jjwxc.net/showmsg.php?board=17&keyword=%C5%C5%C0%D7&id=1877885","originalPost":"吃起来完全就是呕吐物的味道...yueΣ_(???」∠)呕\n但因为疫情，红薯和芝士片都是稀缺产物，所以在一边yue一边吃\n就那种温热的，稀烂的，半固体状不明物间和着星星点点白黄色物体的咸腥和奶臭味\n真的，狗都吃不下去\n.\n但要是你和谁有什么深仇大恨倒是可以在新鲜出炉的红薯上盖上一片咸味芝士片\n在那时，无论从外观还是嗅觉来说，芝士与红薯的搭配都仿佛是完美的餐点\n然后你拿着一把大勺子，靠近毫无防备的ta\n再以迅雷不及掩耳之势，擓一大勺薅ta嘴里。\n薅完赶紧跑！！！\nta一定会因为太ex，在后头大yue特yue，根本顾不上追你的！！！\nyue——呕呕呕——yue","numberOfReplies":1,"comments":[{"comment":"好痛苦啊\n我想吃点人吃的东西（锤桌！！！）","commentTime":"2022-05-02 14:41:11","commentOwner":"。"}]}