{"id":"55563b3c-6f48-4082-82f3-4d4eeb52f331","category":"晋江论坛→网友交流区→碧水江汀 请稍候...","postSubject":"主题：不得不说，看到曾经用小号三更半夜在我文下负分小论文虚假排雷的某个同榜作者连扑了六七本，我心里就一个暗爽哈哈哈哈哈哈 [1] 【搜索关键词：排雷】","postUrl":"https://bbs.jjwxc.net/showmsg.php?board=17&keyword=%C5%C5%C0%D7&id=1736251","originalPost":"hyb活该，总是盯着别人的文会一直扑到底哈哈哈哈哈\nPS:确定是这个作者的小号，因为点进去发现她曾经忘记切号，用小号在大号文下请假","numberOfReplies":1,"comments":[{"comment":"妈耶 这人啥心态哦","commentTime":"2022-01-26 20:18:37","commentOwner":"。"}]}