{"id":"115a813d-ff2f-45f1-a11a-6548cf00eb12","category":"晋江论坛→网友交流区→碧水江汀 请稍候...","postSubject":"主题：其实我觉得，那种五六年前的小说，然后二三十个字与百度上面重复了，然后背叛了借鉴过度还是原创违规，作者道歉没有错，当时逮着人家死命骂抄袭，每次上榜单都要把排雷帖顶上来/重新再开一个排雷帖，一口一个抄袭， [63] 【搜索关键词：排雷】","postUrl":"https://bbs.jjwxc.net/showmsg.php?board=17&keyword=%C5%C5%C0%D7&id=1632495","originalPost":"其实我觉得，那种五六年前的小说，然后二三十个字与百度上面重复了，然后背叛了借鉴过度还是原创违规，作者道歉没有错，当时逮着人家死命骂抄袭，每次上榜单都要把排雷帖顶上来/重新再开一个排雷帖，一口一个抄袭，未免也太过分了吧？","numberOfReplies":63,"comments":[{"comment":"1.上自证\n2.你是玄子玄孙吗…","commentTime":"2021-11-10 16:34:38","commentOwner":"。。。"},{"comment":"天呐，好多错别字。\n被判了借鉴过度还是原创违规\n但是逮着人家","commentTime":"2021-11-10 16:35:08","commentOwner":"。"},{"comment":"。","commentTime":"2021-11-10 16:35:09","commentOwner":"大哥说的对"},{"comment":"上大号说话","commentTime":"2021-11-10 16:35:53","commentOwner":"小酋皇"},{"comment":"诚恳道歉过的作者一般不会被一直排雷……排雷的一直都是死性不改，不承认自己原创违规的人","commentTime":"2021-11-10 16:36:22","commentOwner":"。"},{"comment":"默默举手问，原创违规等同于抄袭吗","commentTime":"2021-11-10 16:37:04","commentOwner":"不懂"},{"comment":"二三百字是什么概念，半篇小学作文。这也能洗？","commentTime":"2021-11-10 16:37:19","commentOwner":"= ="},{"comment":"1.上自证\n2.你是玄子玄孙吗…\n3.是宣扬佛法的明某吗？","commentTime":"2021-11-10 16:37:28","commentOwner":"。"},{"comment":"排的都是那种觉得自己没有错的吧，没见过那种排道歉态度很好的，你确定很了解你就来发这个帖子吗？\n反正逛碧水两三年，没见过你说的这种。\n＝＝全部都是那种死不悔改，到最后才勉强道歉，道歉后又骚操作的人才会被排雷顶贴。","commentTime":"2021-11-10 16:37:55","commentOwner":"。"},{"comment":"二三百字是什么概念，半篇小学作文。这也能洗？\n№7 ☆☆☆= =|94405554于2021-11-10 16:37:19留言☆☆☆\n你看清楚了我的标题了吗？二三十个字","commentTime":"2021-11-10 16:38:10","commentOwner":"。"},{"comment":"二三百字是什么概念，半篇小学作文。这也能洗？\n№7☆☆☆= =|94405554于2021-11-10 16:37:19留言☆☆☆\n楼主说的二三十\n虽然但是，lz有点怪怪的","commentTime":"2021-11-10 16:38:25","commentOwner":"咕咕"},{"comment":"自证呢？","commentTime":"2021-11-10 16:38:54","commentOwner":"。。。"},{"comment":"排的都是那种觉得自己没有错的吧，没见过那种排道歉态度很好的，你确定很了解你就来发这个帖子吗？\n反正逛碧水两三年，没见过你说的这种。\n＝＝全部都是那种死不悔改，到最后才勉强道歉，道歉后又骚操作的人才会被排雷顶贴。\n№9 ☆☆☆。|c655d3a3于2021-11-10 16:37:55留言☆☆☆\n时星草还是引路星来着？当初没有人提醒自己，就在文案上面道歉了，还挂了蛮久的。不过他那本文是最近几年写的","commentTime":"2021-11-10 16:39:09","commentOwner":"。"},{"comment":"其实我真的很好奇，一个正常的作者干出来复制粘贴别人文字的操作吗，除了资料和引申的那种以外。","commentTime":"2021-11-10 16:39:38","commentOwner":"。"},{"comment":"自证呢","commentTime":"2021-11-10 16:39:42","commentOwner":"。。。"},{"comment":"自证","commentTime":"2021-11-10 16:40:01","commentOwner":"。。。"},{"comment":"自证自证自证自证自证自证","commentTime":"2021-11-10 16:40:18","commentOwner":"。。。"},{"comment":"你在为谁可惜？大声说出来","commentTime":"2021-11-10 16:40:33","commentOwner":"哦"},{"comment":"相信我们伸张正义的lz一定看到了吧？自证？","commentTime":"2021-11-10 16:40:48","commentOwner":"。。。"},{"comment":"历史引用 展开全部▼\n时星草还是引路星来着？当初没有人提醒自己，就在文案上面道歉了，还挂了蛮久的。不过他那本文是最近几年写的\n№13 ☆☆☆。|4f8db571于2021-11-10 16:39:09留言☆☆☆\n记得是时星草","commentTime":"2021-11-10 16:40:50","commentOwner":"。"},{"comment":"历史引用 展开全部▼\n时星草还是引路星来着？当初没有人提醒自己，就在文案上面道歉了，还挂了蛮久的。不过他那本文是最近几年写的\n№13 ☆☆☆。|4f8db571于2021-11-10 16:39:09留言☆☆☆\n时星草，他当初就道歉了吧，态度挺好，你有见过有人在他夹子当天疯狂排雷吗？","commentTime":"2021-11-10 16:41:31","commentOwner":"。"},{"comment":"自证自证自证自证自证自证自证自证自证自证自证自证自证自证自证自证自证自证自证自证自证自证自证自证自证自证自证自证自证自证自证自证自证自证自证自证自证自证自证自证自证自证","commentTime":"2021-11-10 16:41:40","commentOwner":"。。。"},{"comment":"来吧，开始你的洗白","commentTime":"2021-11-10 16:41:53","commentOwner":"。"},{"comment":"来吧，自证","commentTime":"2021-11-10 16:42:15","commentOwner":"。"},{"comment":"什么叫二三十个字和百度上重复了……重复啥了啊","commentTime":"2021-11-10 16:42:17","commentOwner":"系取天骄种"},{"comment":"lz跑了吗？","commentTime":"2021-11-10 16:42:31","commentOwner":"。。。"},{"comment":"自证","commentTime":"2021-11-10 16:42:47","commentOwner":"。。。"},{"comment":"还有我真的很为甜醋鱼封笔感到惋惜，明明那么好一作者\n唉\n还有竹已还是栖见来着，12年还是13年的一本小说被判了20多个字，然后就被人说是抄袭，还移花接木到说是抄另外两本耽美文，各种模糊事实真相，只说判了，没说判哪一本，各种带节奏","commentTime":"2021-11-10 16:44:08","commentOwner":"。"},{"comment":"还有我真的很为甜醋鱼封笔感到惋惜，明明那么好一作者\n唉\n还有竹已还是栖见来着，12年还是13年的一本小说被判了20多个字，然后就被人说是抄袭，还移花接木到说是抄另外两本耽美文，各种模糊事实真相，只说判了，没说判哪一本，各种带节奏\n№28 ☆☆☆。|4f8db571于2021-11-10 16:44:08留言☆☆☆\n？？？？？？？？？","commentTime":"2021-11-10 16:45:12","commentOwner":"。"},{"comment":"笑死了哈哈哈哈哈，楼主你不说还好，你说这帖子可就不平静了","commentTime":"2021-11-10 16:45:30","commentOwner":"。"},{"comment":"还有我真的很为甜醋鱼封笔感到惋惜，明明那么好一作者\n唉\n还有竹已还是栖见来着，12年还是13年的一本小说被判了20多个字，然后就被人说是抄袭，还移花接木到说是抄另外两本耽美文，各种模糊事实真相，只说判了，没说判哪一本，各种带节奏\n№28 ☆☆☆。|4f8db571于2021-11-10 16:44:08留言☆☆☆\n还有玖月晞，明明那么正常的几本言情文，都是一些正常言情文会出现的剧情，语言表达也都是自己的风格，而且也没被禁江判什么文字借鉴，结果天天逮着人家猛攻","commentTime":"2021-11-10 16:45:38","commentOwner":"。"},{"comment":"历史引用 展开全部▼\n还有玖月晞，明明那么正常的几本言情文，都是一些正常言情文会出现的剧情，语言表达也都是自己的风格，而且也没被禁江判什么文字借鉴，结果天天逮着人家猛攻\n№31 ☆☆☆。|4f8db571于2021-11-10 16:45:38留言☆☆☆\n玖月晞……你认真的吗","commentTime":"2021-11-10 16:46:08","commentOwner":"系取天骄种"},{"comment":"楼主，bs不让做饼了","commentTime":"2021-11-10 16:46:16","commentOwner":"小酋皇"},{"comment":"过于生草，端着瓜坐下了","commentTime":"2021-11-10 16:46:44","commentOwner":"。"},{"comment":"看见jyx我就知道平静不了，前排出售小橘猫小梨花小黑猫美短英短印度豹猫～","commentTime":"2021-11-10 16:46:47","commentOwner":"。。。"},{"comment":"历史引用 展开全部▼\n还有玖月晞，明明那么正常的几本言情文，都是一些正常言情文会出现的剧情，语言表达也都是自己的风格，而且也没被禁江判什么文字借鉴，结果天天逮着人家猛攻\n№31 ☆☆☆。|4f8db571于2021-11-10 16:45:38留言☆☆☆\n？？？玖月晞都有人洗了天呐，你这个无星无心的人，哪个臭水沟冒出来的？","commentTime":"2021-11-10 16:47:03","commentOwner":"。"},{"comment":"天天给爷看这些让爷生气的东西，降智楼主，舞个毛","commentTime":"2021-11-10 16:47:21","commentOwner":"咕咕"},{"comment":"自证自证自证自证自证自证自证自证自证自证自证自证自证自证自证自证自证自证自证自证自证自证自证自证自证自证自证自证自证自证自证自证自证自证自证自证自证自证自证自证自证自证自证自证自证自证自证自证自证自证自证自证自证自证自证自证自证自证自证自证自证自证自证自证自证自证自证自证自证自证自证自证自证自证自证自证自证自证自证自证自证自证自证自证自证自证自证自证自证自证自证自证自证自证自证自证自证自证自证自证自证自证自证自证自证自证自证自证自证自证自证自证自证自证自证自证自证自证自证自证自证自证自证自证自证自证自证自证自证自证自证自证自证自证自证自证自证自证自证自证自证自证自证自证自证自证自证自证自证自证自证自证自证自证自证自证自证自证自证自证自证自证自证自证自证自证自证自证","commentTime":"2021-11-10 16:47:30","commentOwner":"。。。"},{"comment":"楼主，bs不让做饼了\n№33 ☆☆☆小酋皇|7c877b69于2021-11-10 16:46:16留言☆☆☆\nlz下个号见","commentTime":"2021-11-10 16:48:02","commentOwner":"小酋皇"},{"comment":"还有唧唧的猫，明明就一两句网络用语重复了。就被人说是抄袭，天天带节奏。","commentTime":"2021-11-10 16:48:04","commentOwner":"。"},{"comment":"自证自证自证自证自证自证自证自证自证自证自证自证自证自证自证自证自证自证自证自证自证自证自证自证自证自证自证自证自证自证自证自证自证自证自证自证自证自证自证自证自证自证自证自证自证自证自证自证自证自证自证自证自证自证自证自证自证自证自证自证自证自证自证自证自证自证自证自证自证自证自证自证自证自证自证自证自证自证自证自证自证自证自证自证自证自证自证自证自证自证自证自证自证自证自证自证自证自证自证自证自证自证自证自证自证自证自证自证自证自证自证自证自证自证自证自证自证自证自证自证自证自证自证自证自证自证自证自证自证自证自证自证自证自证自证自证自证自证自证自证自证自证自证自证自证自证自证自证自证自证自证自证自证自证自证自证自证自证自证自证自证自证自证自证自证自证自证自证\n别忽略我呀","commentTime":"2021-11-10 16:48:08","commentOwner":"。。。"},{"comment":"看见jyx我就知道平静不了，前排出售小橘猫小梨花小黑猫美短英短印度豹猫～\n№35 ☆☆☆。。。|26ac193a于2021-11-10 16:46:47留言☆☆☆\n来只小橘猫……我家这只已经很肥了还趴在我身上，我受不了了orz","commentTime":"2021-11-10 16:48:16","commentOwner":"系取天骄种"},{"comment":"这是另类洗白吗？","commentTime":"2021-11-10 16:48:56","commentOwner":"。。。"},{"comment":"自证自证自证自证自证自证自证自证自证自证自证自证自证自证自证自证自证自证自证自证自证自证自证自证自证自证自证自证自证自证自证自证自证自证自证自证自证自证自证自证自证自证自证自证自证自证自证自证自证自证自证自证自证自证自证自证自证自证自证自证自证自证自证自证自证自证自证自证自证自证自证自证自证自证自证自证自证自证自证自证自证自证自证自证自证自证自证自证自证自证自证自证自证自证自证自证自证自证自证自证自证自证自证自证自证自证自证自证自证自证自证自证自证自证自证自证自证自证自证自证自证自证自证自证自证自证自证自证自证自证自证自证自证自证自证自证自证自证自证自证自证自证自证自证自证自证自证自证自证自证自证自证自证自证自证自证自证自证自证自证自证自证自证自证自证自证自证自证\nlz眼睛不好吗","commentTime":"2021-11-10 16:49:09","commentOwner":"。。。"},{"comment":"自证自证自证自证自证自证自证自证自证自证自证自证自证自证自证自证自证自证自证自证自证自证自证自证自证自证自证自证自证自证自证自证自证自证自证自证自证自证自证自证自证自证自证自证自证自证自证自证自证自证自证自证自证自证自证自证自证自证自证自证自证自证自证自证自证自证自证自证自证自证自证自证自证自证自证自证自证自证自证自证自证自证自证自证自证自证自证自证自证自证自证自证自证自证自证自证自证自证自证自证自证自证自证自证自证自证自证自证自证自证自证自证自证自证自证自证自证自证自证自证自证自证自证自证自证自证自证自证自证自证自证自证自证自证自证自证自证自证自证自证自证自证自证自证自证自证自证自证自证自证自证自证自证自证自证自证自证自证自证自证自证自证自证自证自证自证自证自证\n自证自证自证自证自证自证自证自证自证自证自证自证自证自证自证自证自证自证自证自证自证自证自证自证自证自证自证自证自证自证自证自证自证自证自证自证自证自证自证自证自证自证自证自证自证自证自证自证自证自证自证自证自证自证自证自证自证自证自证自证自证自证自证自证自证自证自证自证自证自证自证自证自证自证自证自证自证自证自证自证自证自证自证自证自证自证自证自证自证自证自证自证自证自证自证自证自证自证自证自证自证自证自证自证自证自证自证自证自证自证自证自证自证自证自证自证自证自证自证自证自证自证自证自证自证自证自证自证自证自证自证自证自证自证自证自证自证自证自证自证自证自证自证自证自证自证自证自证自证自证自证自证自证自证自证自证自证自证自证自证自证自证自证自证自证自证自证自证\n自证自证自证自证自证自证自证自证自证自证自证自证自证自证自证自证自证自证自证自证自证自证自证自证自证自证自证自证自证自证自证自证自证自证自证自证自证自证自证自证自证自证自证自证自证自证自证自证自证自证自证自证自证自证自证自证自证自证自证自证自证自证自证自证自证自证自证自证自证自证自证自证自证自证自证自证自证自证自证自证自证自证自证自证自证自证自证自证自证自证自证自证自证自证自证自证自证自证自证自证自证自证自证自证自证自证自证自证自证自证自证自证自证自证自证自证自证自证自证自证自证自证自证自证自证自证自证自证自证自证自证自证自证自证自证自证自证自证自证自证自证自证自证自证自证自证自证自证自证自证自证自证自证自证自证自证自证自证自证自证自证自证自证自证自证自证自证自证","commentTime":"2021-11-10 16:49:31","commentOwner":"。。。"},{"comment":"自证自证自证自证自证自证自证自证自证自证自证自证自证自证自证自证自证自证自证自证自证自证自证自证自证自证自证自证自证自证自证自证自证自证自证自证自证自证自证自证自证自证自证自证自证自证自证自证自证自证自证自证自证自证自证自证自证自证自证自证自证自证自证自证自证自证自证自证自证自证自证自证自证自证自证自证自证自证自证自证自证自证自证自证自证自证自证自证自证自证自证自证自证自证自证自证自证自证自证自证自证自证自证自证自证自证自证自证自证自证自证自证自证自证自证自证自证自证自证自证自证自证自证自证自证自证自证自证自证自证自证自证自证自证自证自证自证自证自证自证自证自证自证自证自证自证自证自证自证自证自证自证自证自证自证自证自证自证自证自证自证自证自证自证自证自证自证自证\nlz眼睛不好吗\n№44 ☆☆☆。。。|07725103于2021-11-10 16:49:09留言☆☆☆\n救命哈哈哈哈我已经不认识这两个字了","commentTime":"2021-11-10 16:49:40","commentOwner":"系取天骄种"},{"comment":"还有唧唧的猫，明明就一两句网络用语重复了。就被人说是抄袭，天天带节奏。\n№40 ☆☆☆。|4f8db571于2021-11-10 16:48:04留言☆☆☆\n而且唧唧的猫认错态度也算挺良好的吧，纠着一两句话不放，这也太刻薄了吧？唉，可惜了那么好一作者，现在已经一年多没有看新文了。不知道有没有受影响。","commentTime":"2021-11-10 16:49:41","commentOwner":"。"},{"comment":"楼上咕，你闹版了，号要没了","commentTime":"2021-11-10 16:50:05","commentOwner":"。"},{"comment":"正常啊，老传统了。","commentTime":"2021-11-10 16:50:34","commentOwner":"。"},{"comment":"楼上咕，你闹版了，号要没了\n№48 ☆☆☆。|953700e7于2021-11-10 16:50:05留言☆☆☆\n我又没开新贴…","commentTime":"2021-11-10 16:50:43","commentOwner":"。。。"},{"comment":"确诊了，lz患有间歇性失明","commentTime":"2021-11-10 16:51:34","commentOwner":"。。。"},{"comment":"历史引用 展开全部▼\n还有玖月晞，明明那么正常的几本言情文，都是一些正常言情文会出现的剧情，语言表达也都是自己的风格，而且也没被禁江判什么文字借鉴，结果天天逮着人家猛攻\n№31☆☆☆。|4f8db571于2021-11-10 16:45:38留言☆☆☆\n………………这就有点蚌蛗住了，jyx","commentTime":"2021-11-10 16:52:01","commentOwner":"咕咕"},{"comment":"lz沉浸在自己的世界里自说自话，眼睛容不下任何自己不想看的东西","commentTime":"2021-11-10 16:52:26","commentOwner":"。。。"},{"comment":"历史引用 展开全部▼\n我又没开新贴…\n№50 ☆☆☆。。。|07725103于2021-11-10 16:50:43留言☆☆☆\n你去看眼版规更新里那个刷屏闹版第二和第三小点，默哀。","commentTime":"2021-11-10 16:52:38","commentOwner":"。"},{"comment":"历史引用 展开全部▼\n来只小橘猫……我家这只已经很肥了还趴在我身上，我受不了了orz\n№42 ☆☆☆系取天骄种|41af21e2于2021-11-10 16:48:16留言☆☆☆\n给你（递出小橘猫），送小袋猫粮给你","commentTime":"2021-11-10 16:53:09","commentOwner":"。。。"},{"comment":"说抄袭的都是侵犯名誉权，去评论区底下刷负骂抄袭的也都是侵犯名誉权，不是作者大大心地善良，哪里只会告一个两个？全给告了。","commentTime":"2021-11-10 16:53:16","commentOwner":"，"},{"comment":"玄某都多久没上过榜了，楼主指的上榜就被排雷，很显然不是说她啊。某些人也太惦记人家了吧。","commentTime":"2021-11-10 16:54:25","commentOwner":"。。。"},{"comment":"来看笑话了","commentTime":"2021-11-10 16:54:58","commentOwner":"=="},{"comment":"历史引用 展开全部▼\n给你（递出小橘猫），送小袋猫粮给你\n№55 ☆☆☆。。。|26ac193a于2021-11-10 16:53:09留言☆☆☆\n感恩家人 不要猫粮了，我甚至觉得小橘猫啥也不吃就能变胖","commentTime":"2021-11-10 16:55:58","commentOwner":"系取天骄种"},{"comment":"你不举例还有得辩，一说这都是啥啊","commentTime":"2021-11-10 16:56:39","commentOwner":"。"},{"comment":"看见jyx我就知道平静不了，前排出售小橘猫小梨花小黑猫美短英短印度豹猫～\n№35 ☆☆☆。。。|26ac193a于2021-11-10 16:46:47留言☆☆☆\n给我来只小黑猫！","commentTime":"2021-11-10 16:57:44","commentOwner":"=="},{"comment":"历史引用 展开全部▼\n给我来只小黑猫！\n№61 ☆☆☆==|a73f7bb8于2021-11-10 16:57:44留言☆☆☆\n递给你小黑猫，欢迎下次再来啊，记得不要关灯哦！","commentTime":"2021-11-10 16:58:09","commentOwner":"。。。"},{"comment":"楼主看过晋江的书吗？非常好奇","commentTime":"2021-11-10 17:26:35","commentOwner":"---"}]}