{"id":"79ab55cc-f610-4ed9-8832-ef8172d70564","category":"晋江论坛→网友交流区→碧水江汀 欢迎回来：53088456  退 出","postSubject":"主题：我在因为那几个说夹子点进去被文案雷到凭什么不许负分骂男主的疯子，慎重考虑以后要不要文案排雷。有误会有虐有发刀的话。要不v前排雷得了 [18] 【搜索关键词：排雷】","postUrl":"https://bbs.jjwxc.net/showmsg.php?board=17&keyword=%C5%C5%C0%D7&id=1758843","originalPost":"就是说觉得我想太多\n我根本不懂写虐文和hzc(叼根华子)","numberOfReplies":18,"comments":[{"comment":"以后作者有话说里排雷算了。","commentTime":"2022-02-12 07:50:32","commentOwner":"= ="},{"comment":"就是说我昨天去夹四下面说我觉得文案排雷的作者都是潜意识里很好的人\n有防止自己被骂的因素，也有钱都可以少要了希望读者别不开心的因素吧\n却反而被这么骂\n是不是应该文案隐晦一些让这种人别看到其实好点(。)","commentTime":"2022-02-12 07:51:44","commentOwner":"。"},{"comment":"以后作者有话说里排雷算了。\n№1 ☆☆☆= =|fd08fa6a于2022-02-12 07:50:32留言☆☆☆\n是不是起码下了夹子再排雷好点\n“啊对不起小可爱们基友看了我大纲说我应该排雷，如果无缘继续给大家道歉88”","commentTime":"2022-02-12 07:52:38","commentOwner":"。"},{"comment":"你作话排，他们也会说作话不开看不到，作者故意，为什么不在文案排出来骗她们点进去。\n你夹子排，她们就说是骗钱，骗进去杀。\n你排雷，他们就会说，都xx年了，为什么还写这种文，我骂死你。\n你不排，她们就会说，为什么不排雷！作者诈骗！作者早排雷我就不会点进来！然后给你造须有的雷点。\n综上所述，疯子无法避免","commentTime":"2022-02-12 07:56:31","commentOwner":"。"},{"comment":"想多了，都是疯子了，还想着它们跟你讲理吗\n你不管怎么做它们都会刷负的","commentTime":"2022-02-12 07:59:09","commentOwner":"。"},{"comment":"想多了，都是疯子了，还想着它们跟你讲理吗\n你不管怎么做它们都会刷负的\n№5 ☆☆☆。|a01514c1于2022-02-12 07:59:09留言☆☆☆\n唉\n看高星太太说评论区几乎没有正面意义了\n其实我冷题材，小天使怕我跑都是很好很好。\n但是我也怕夹子。\n作者码字心态真的容易崩。我甚至sj同期评论区有没有黏着黑，判断我同期有没有hyb(……)但是夹子没法预计啊\n如果能开权限自己管自己评论区就太好了。","commentTime":"2022-02-12 08:01:54","commentOwner":"。"},{"comment":"想多了，都是疯子了，还想着它们跟你讲理吗\n你不管怎么做它们都会刷负的\n№5☆☆☆。|a01514c1于2022-02-12 07:59:09留言☆☆☆\n。","commentTime":"2022-02-12 08:04:42","commentOwner":"。"},{"comment":"你文案不排雷它更有理由骂你文案zhapian，文案排雷了它咬人还至少咬得有点心虚","commentTime":"2022-02-12 08:05:13","commentOwner":"= ="},{"comment":"排雷相当于给他们递证据，文案写的完整就不用特意排雷","commentTime":"2022-02-12 08:06:23","commentOwner":"。"},{"comment":"排雷相当于给他们递证据，文案写的完整就不用特意排雷\n№9 ☆☆☆。|a634074b于2022-02-12 08:06:23留言☆☆☆\n对，我就是这个意思\n不如写个梗\n不要自己老实到承认说以后憋屈没虐到对等对不起大家，不喜欢的别看\n\nhzc写完，没虐到位，可是大部分钱到手，关评论区(恶鸽低语)","commentTime":"2022-02-12 08:11:44","commentOwner":"。"},{"comment":"还有很多盗文狗，第一章来排雷，真能把人气死，那种看完了也第一章排雷了，我也接受不了，但是人家花钱了打2分又不好意思删，下面跟评都是谢排雷，真能抑郁一整天","commentTime":"2022-02-12 08:14:46","commentOwner":"。"},{"comment":"“钱到手就关闭评论区” 认真的吗……..","commentTime":"2022-02-12 08:15:40","commentOwner":"。"},{"comment":"没有用的，那个作者排得很到位了，结果还被一群理解能力弱到爆的读者跳起来说排雷排的隐晦。而且如果你围观过评论区会发现，昨天很大一部分在骂的人不是正常读者，单纯就是我不喜欢这个题材所以写这个题材看这个题材的都是驴我要让这个题材消失，这样的心态在骂","commentTime":"2022-02-12 08:20:10","commentOwner":"咕咕"},{"comment":"“钱到手就关闭评论区” 认真的吗……..\n№12 ☆☆☆。|7c19079b于2022-02-12 08:15:40留言☆☆☆\n害，不要以后马甲声誉了呗，骗一本就没第二本了\n反正评论区这个样子还是作者担风险。作者想写这题材就掷骰子选，看承担哪个损失\nrlgl","commentTime":"2022-02-12 09:28:13","commentOwner":"。"},{"comment":"没有用的，那个作者排得很到位了，结果还被一群理解能力弱到爆的读者跳起来说排雷排的隐晦。而且如果你围观过评论区会发现，昨天很大一部分在骂的人不是正常读者，单纯就是我不喜欢这个题材所以写这个题材看这个题材的都是驴我要让这个题材消失，这样的心态在骂\n№13 ☆☆☆咕咕|3fe54ae7于2022-02-12 08:20:10留言☆☆☆\n问题的本质还是她们想让她们不喜欢的东西都消失。","commentTime":"2022-02-12 10:10:21","commentOwner":"= ="},{"comment":"就该v前作话排，只对追文的正版读者负责～","commentTime":"2022-02-12 10:14:14","commentOwner":"咕古"},{"comment":"别说了，别排雷了，反正都得被骂","commentTime":"2022-02-12 10:15:53","commentOwner":"小乔儿"},{"comment":"你文案不排雷它更有理由骂你文案zhapian，文案排雷了它咬人还至少咬得有点心虚\n№8 ☆☆☆= =|94861d3c于2022-02-12 08:05:13留言☆☆☆\n疯子心虚有什么用啊，照样心虚着网暴你，你看上面不就有人抠字眼发疯","commentTime":"2022-02-12 10:17:41","commentOwner":"。"}]}