{"id":"e7a41872-a324-4f1d-9c37-b24758f25ae0","category":"晋江论坛→网友交流区→碧水江汀 请稍候...","postSubject":"主题：才发现第一章有排雷，要看一下吗 [2] 【搜索关键词：排雷】","postUrl":"https://bbs.jjwxc.net/showmsg.php?board=17&keyword=%C5%C5%C0%D7&id=1783503","originalPost":"没往下拉","numberOfReplies":2,"comments":[{"comment":"果然一查是订阅0","commentTime":"2022-03-02 05:57:26","commentOwner":"。"},{"comment":"没看，直接举报了，明天睡醒看看还在不","commentTime":"2022-03-02 06:03:06","commentOwner":"。"}]}