{"id":"6224dd9c-dbea-4126-aa98-5632c63f540f","category":"晋江论坛→网友交流区→碧水江汀 欢迎回来：53088456  退 出","postSubject":"主题：pbc求助 百合一直写小甜文的号突然去写火葬场 会被排雷什么的吗 [5] 【搜索关键词：排雷】","postUrl":"https://bbs.jjwxc.net/showmsg.php?board=17&keyword=%C5%C5%C0%D7&id=1839694","originalPost":"救救","numberOfReplies":5,"comments":[{"comment":"应该不会吧，或者你可以跟读者提前说你下，你最近打算尝试新元素？","commentTime":"2022-04-08 19:42:46","commentOwner":"。"},{"comment":"你可能会水土不服。","commentTime":"2022-04-08 19:53:20","commentOwner":"gugugu"},{"comment":"dd","commentTime":"2022-04-08 20:35:37","commentOwner":"所以这里就是固马吗"},{"comment":"文案标好","commentTime":"2022-04-08 20:36:11","commentOwner":"，"},{"comment":"不会","commentTime":"2022-04-08 20:37:05","commentOwner":"茴香一生黑"}]}