{
  "id": "6576407f-96f0-4eaf-836e-fa237f2df629",
  "category": "晋江论坛→网友交流区→碧水江汀 欢迎回来：53088456  退 出",
  "postSubject": "主题：我真的不懂，这个排雷到底是谁想出来的，什么叫雷？我以为的雷都写在法律里面，可没想到还有这么多我听都没听说过的雷，你们凭什么拿你们臆想的雷来把作者钉在耻辱柱上？ [19] 【搜索关键词：排雷】",
  "postUrl": "https://bbs.jjwxc.net/showmsg.php?board=17&keyword=%C5%C5%C0%D7&id=1984618",
  "originalPost": "法律都没有不让我这么写，你们凭什么！！！！！",
  "numberOfReplies": 19,
  "comments": [
    {
      "comment": "写耽美的来写言情会被冲，写主攻的来写主受会被冲，写男非女c的能被问候全家",
      "commentTime": "2022-07-12 03:06:59",
      "commentOwner": "。"
    },
    {
      "comment": "。\n打着排雷的名字网暴",
      "commentTime": "2022-07-12 03:07:00",
      "commentOwner": "= ="
    },
    {
      "comment": "就是发泄。\n雷都是借口而已。\n排雷还不是最可怕的，最可怕的是网站下跪，息事宁人锁文",
      "commentTime": "2022-07-12 03:20:50",
      "commentOwner": "钻石小狗"
    },
    {
      "comment": "dd",
      "commentTime": "2022-07-12 04:25:40",
      "commentOwner": "2334"
    },
    {
      "comment": "我真的想问，是不是所有人都忘了227.",
      "commentTime": "2022-07-12 04:26:50",
      "commentOwner": "。"
    },
    {
      "comment": "我看文好多年了，刚开始的时候，用“排雷”这个词是很重的，没有毁三观的情节都不会说“排雷”。不知道什么时候开始，本本网文，芝麻大小的事，都能排雷了。",
      "commentTime": "2022-07-12 04:27:35",
      "commentOwner": "2334"
    },
    {
      "comment": "有些人应该在每一个细胞里面都安上避雷针",
      "commentTime": "2022-07-12 04:28:46",
      "commentOwner": "。"
    },
    {
      "comment": "雷点都是主观意识",
      "commentTime": "2022-07-12 04:29:49",
      "commentOwner": "。"
    },
    {
      "comment": "主要是现在的排雷大都带了很强烈的主观恶意。",
      "commentTime": "2022-07-12 04:30:03",
      "commentOwner": "=="
    },
    {
      "comment": "就是发泄。\n雷都是借口而已。\n排雷还不是最可怕的，最可怕的是网站下跪，息事宁人锁文\n№3☆☆☆钻石小狗|d44d0f42于2022-07-12 03:20:50留言☆☆☆\n带",
      "commentTime": "2022-07-12 04:30:04",
      "commentOwner": "。"
    },
    {
      "comment": "每个人的主观意识都不一样，真的很难",
      "commentTime": "2022-07-12 04:30:11",
      "commentOwner": "。"
    },
    {
      "comment": "",
      "commentTime": "2022-07-12 04:30:27",
      "commentOwner": "。"
    },
    {
      "comment": "写后妈文的还被人说 是劝人家小姑娘去当后妈呢",
      "commentTime": "2022-07-12 04:31:31",
      "commentOwner": "。。"
    },
    {
      "comment": "。",
      "commentTime": "2022-07-12 05:00:14",
      "commentOwner": "。"
    },
    {
      "comment": "看你不顺眼的时候，女主身高一米七都值得刷负排个雷",
      "commentTime": "2022-07-12 05:01:22",
      "commentOwner": "…"
    },
    {
      "comment": "用三观，也就是口味/雷点来骂人，已经成为主流了，不止在文圈",
      "commentTime": "2022-07-12 05:33:19",
      "commentOwner": "。。"
    },
    {
      "comment": "这可是全网唯一一个能集火网暴不受任何处罚的平台，你怪人性？问题是那两口子好吗",
      "commentTime": "2022-07-12 05:35:02",
      "commentOwner": "= ="
    },
    {
      "comment": "bs甚至没有几个骂读者的，只是争取本该拥有的权利，就被另外两个区骂，读者区破防，明明任何一个其他网站作者都有这个权利",
      "commentTime": "2022-07-12 05:38:21",
      "commentOwner": "——"
    },
    {
      "comment": "是的",
      "commentTime": "2022-07-12 06:04:13",
      "commentOwner": "。"
    }
  ]
}