{"id":"9fb9231b-49aa-4a4b-89f8-aa68159ac26d","category":"晋江论坛→网友交流区→碧水江汀 请稍候...","postSubject":"主题：脱离大纲，几乎等于裸奔，好几次更新完都要把文案上的排雷改改，加上后面更新后出现的各种奇怪事情。。 [6] 【搜索关键词：排雷】","postUrl":"https://bbs.jjwxc.net/showmsg.php?board=17&keyword=%C5%C5%C0%D7&id=1681751","originalPost":"rt","numberOfReplies":6,"comments":[{"comment":"一开始排雷只有几个字的，1v1甜文","commentTime":"2021-12-18 10:07:32","commentOwner":"。"},{"comment":"后来把女主写的太恋爱脑，加上了排雷：女主恋爱脑，全文都在谈恋爱","commentTime":"2021-12-18 10:08:37","commentOwner":"。"},{"comment":"再后来写着写着女主又一直在走剧情，有几章男主都没出现，又改成了：剧情都是瞎编的，本质还是谈恋爱","commentTime":"2021-12-18 10:09:34","commentOwner":"。"},{"comment":"最后写跑了，多了很多奇幻的东西，我又加上：后期涉及xxx","commentTime":"2021-12-18 10:10:31","commentOwner":"。"},{"comment":"虽然写的越来越离谱的，但就是有种强烈的感觉：我能圆上","commentTime":"2021-12-18 10:11:06","commentOwner":"。"},{"comment":"","commentTime":"2021-12-18 10:13:36","commentOwner":"。"}]}