{"id":"a7f7c8f0-ff07-46a0-b46e-57b99acaa0be","category":"晋江论坛→网友交流区→碧水江汀 请稍候...","postSubject":"主题：pbc排雷，绷不住了，正在追的文被读者造谣式排雷。 [9] 【搜索关键词：排雷】","postUrl":"https://bbs.jjwxc.net/showmsg.php?board=17&keyword=%C5%C5%C0%D7&id=1692722","originalPost":"杠精太敬业了，为了排雷，这位读者自己用现有的人物关系编排了一个全新版本的剧情，短短几百字之内竟能写出如此跌宕起伏让人拳头梆硬的剧情，有这本事快去写文去啊，干嘛屈才去看文呢（痛苦面具）","numberOfReplies":9,"comments":[{"comment":"杠精太敬业了，为了排雷，这位读者自己用现有的人物关系编排了一个全新版本的剧情，短短几百字之内竟能写出如此跌宕起伏让□□头梆硬的剧情，有这本事快去写文去啊，干嘛屈才去看文呢（痛苦面具）\n№0☆☆☆。|58d8983e于2021-12-26 19:49:45留言☆☆☆\n让人//拳头梆硬 mad）","commentTime":"2021-12-26 19:50:23","commentOwner":"。"},{"comment":"历史引用 展开全部▼\n让□□头梆硬 mad）\n№1☆☆☆(null)于2021-12-26 19:50:23留言☆☆☆\n让人！！！拳！！头！！梆硬！！","commentTime":"2021-12-26 19:50:56","commentOwner":"。"},{"comment":"我该如何安慰你，删评吧","commentTime":"2021-12-26 19:52:52","commentOwner":"贰叁仟"},{"comment":"我该如何安慰你，删评吧\n№3☆☆☆贰叁仟|373e84de于2021-12-26 19:52:52留言☆☆☆\n不是我！！是我在追的文！！我好喜欢那篇文的呜呜！！","commentTime":"2021-12-26 19:53:33","commentOwner":"。"},{"comment":"这是小小号，读者号和作者号都进去了x","commentTime":"2021-12-26 19:54:23","commentOwner":"。"},{"comment":"可以举报掉吗","commentTime":"2021-12-26 19:56:13","commentOwner":"。"},{"comment":"代入了一下我也会挺生气的……应该会帮她压压吧_(:з」∠)_","commentTime":"2021-12-26 19:57:20","commentOwner":"，"},{"comment":"可以举报掉吗\n№6☆☆☆。|871ba7c1于2021-12-26 19:56:13留言☆☆☆\n已经有人举报了 看来不止我一个人quan头梆硬啊","commentTime":"2021-12-26 20:00:30","commentOwner":"。"},{"comment":"代入了一下我也会挺生气的……应该会帮她压压吧_(:з」∠)_\n№7☆☆☆，|0099b410于2021-12-26 19:57:20留言☆☆☆\n太太成绩蛮好的不用压评 只是刚好看到第一章话题楼盖起来了 就无语……","commentTime":"2021-12-26 20:01:14","commentOwner":"。"}]}