{"id":"9229d19e-8a59-4bdc-8c2d-2a7dce017e72","category":"晋江论坛→网友交流区→碧水江汀 欢迎回来：53088456  退 出","postSubject":"主题：不懂就问，攻火葬场期间受跟人走肾怎么排雷呢？ [48] 【搜索关键词：排雷】","postUrl":"https://bbs.jjwxc.net/showmsg.php?board=17&keyword=%C5%C5%C0%D7&id=1806222","originalPost":"就是怎么概括，过程受跟他人有关系？","numberOfReplies":47,"comments":[{"comment":"？","commentTime":"2022-03-18 01:00:31","commentOwner":"= ="},{"comment":"还是别写这种了，我一个偏受控的都哽住了","commentTime":"2022-03-18 01:01:20","commentOwner":"。"},{"comment":"你咋不直接跟别人走心，把攻灰都扬了呢","commentTime":"2022-03-18 01:01:42","commentOwner":"=="},{"comment":"还是别写这种了，我一个偏受控的都哽住了\n№2 ☆☆☆。|7780453b于2022-03-18 01:01:20留言☆☆☆\n我说的对","commentTime":"2022-03-18 01:01:43","commentOwner":"。"},{"comment":"我看过攻火葬场期间，受谈了两个走心走肾的npy。\n收藏挺高。\n咋排雷忘记了。","commentTime":"2022-03-18 01:01:44","commentOwner":"。"},{"comment":"我喜欢","commentTime":"2022-03-18 01:01:46","commentOwner":"。"},{"comment":"就按你标题这么写在文案上嘛","commentTime":"2022-03-18 01:02:03","commentOwner":"家里养鸟哒"},{"comment":"我看过攻火葬场期间，受谈了两个走心走肾的npy。\n收藏挺高。\n咋排雷忘记了。\n№5 ☆☆☆。|105d1932于2022-03-18 01:01:44留言☆☆☆\n这才是真火葬场！当时看得我可爽了。","commentTime":"2022-03-18 01:02:13","commentOwner":"。"},{"comment":"还是别写这种了，我一个偏受控的都哽住了\n№2 ☆☆☆。|7780453b于2022-03-18 01:01:20留言☆☆☆\n可我喜欢，不想讨好人活着因为怕挨骂拖鞋，反正我心脏大，但是不希望不好这一口的被我毒到","commentTime":"2022-03-18 01:02:53","commentOwner":"=="},{"comment":"我看过攻火葬场期间，受谈了两个走心走肾的npy。\n收藏挺高。\n咋排雷忘记了。\n№5 ☆☆☆。|105d1932于2022-03-18 01:01:44留言☆☆☆\n。","commentTime":"2022-03-18 01:02:55","commentOwner":"法外狂徒张总"},{"comment":"虽然主楼被pb了，但受控表示爱看！！！\n文案排雷直接写bt这种？就是攻受分开期间，受跟人走肾这样","commentTime":"2022-03-18 01:02:59","commentOwner":"。"},{"comment":"我喜欢\n№6 ☆☆☆。|72db13e5于2022-03-18 01:01:46留言☆☆☆\n偏受控特别爱，攻一定要守男德，其他随意。","commentTime":"2022-03-18 01:03:11","commentOwner":"。"},{"comment":"分手期间受有男朋友\n就这样\n能接受受交新男友的，有可能不接受走肾，也有可能反而更开心\n受众蛮分裂的","commentTime":"2022-03-18 01:03:16","commentOwner":"= ="},{"comment":"就按你标题这么写在文案上嘛\n№7 ☆☆☆家里养鸟哒|9b1a290d于2022-03-18 01:02:03留言☆☆☆\nOK，那就这样吧，也精简不出来了","commentTime":"2022-03-18 01:03:28","commentOwner":"=="},{"comment":"我看过攻火葬场期间，受谈了两个走心走肾的npy。\n收藏挺高。\n咋排雷忘记了。\n№5☆☆☆。|105d1932于2022-03-18 01:01:44留言☆☆☆\n啊啊啊超爱这种，咕咕可以求文名嘛？","commentTime":"2022-03-18 01:03:31","commentOwner":"。"},{"comment":"我看过攻火葬场期间，受谈了两个走心走肾的npy。\n收藏挺高。\n咋排雷忘记了。\n№5☆☆☆。|105d1932于2022-03-18 01:01:44留言☆☆☆\n188副团长，宋居寒那本就这样\n受不但和人走肾，走肾的时候还当1，后来攻为了追妻，甚至卑微提出“你上我吧？”这样的意思\n摩多摩多，我爱宋巨婴","commentTime":"2022-03-18 01:03:32","commentOwner":"。"},{"comment":"我看过一本，中间卡了一个走心走肾的，给我气坏了，我男二明明也很好，居然是败在家里，意难平！！！！","commentTime":"2022-03-18 01:03:33","commentOwner":"。"},{"comment":"？首楼写啥离谱内容了吗？2l为啥哽住了","commentTime":"2022-03-18 01:04:17","commentOwner":"=="},{"comment":"还是别写这种了，我一个偏受控的都哽住了\n№2☆☆☆。|7780453b于2022-03-18 01:01:20留言☆☆☆\n？你管自己叫偏受控？","commentTime":"2022-03-18 01:04:34","commentOwner":"。"},{"comment":"我超爱这种真正的火葬场","commentTime":"2022-03-18 01:04:39","commentOwner":"=="},{"comment":"？首楼写啥离谱内容了吗？2l为啥哽住了\n№19 ☆☆☆==|52a87180于2022-03-18 01:04:17留言☆☆☆\n没有，5l接受不了bt梗吧","commentTime":"2022-03-18 01:04:46","commentOwner":"= ="},{"comment":"还是别写这种了，我一个偏受控的都哽住了\n№2 ☆☆☆。|7780453b♥♥♥于2022-03-18 01:01:20留言☆☆☆\n我端水党都觉得爽2333","commentTime":"2022-03-18 01:05:07","commentOwner":"。"},{"comment":"？首楼写啥离谱内容了吗？2l为啥哽住了\n№19 ☆☆☆==|52a87180于2022-03-18 01:04:17留言☆☆☆\n就是BT类似的说法，首楼经常被屏蔽","commentTime":"2022-03-18 01:05:29","commentOwner":"=="},{"comment":"我喜欢！你按标题那样说就OK","commentTime":"2022-03-18 01:05:31","commentOwner":"= ="},{"comment":"这种剧情摩多摩多","commentTime":"2022-03-18 01:05:32","commentOwner":"=="},{"comment":"还是别写这种了，我一个偏受控的都哽住了\n№2 ☆☆☆。|7780453b于2022-03-18 01:01:20留言☆☆☆\n？？？","commentTime":"2022-03-18 01:06:04","commentOwner":"。"},{"comment":"历史引用 展开全部▼\n188副团长，宋居寒那本就这样\n受不但和人走肾，走肾的时候还当1，后来攻为了追妻，甚至卑微提出“你上我吧？”这样的意思\n摩多摩多，我爱宋巨婴\n№16☆☆☆。|788543d6于2022-03-18 01:03:32留言☆☆☆\n这本受如果当时是0的话就更妙了，感觉挺锁菊的","commentTime":"2022-03-18 01:06:05","commentOwner":"。"},{"comment":"对，分手期间受有男朋友，且发生过关系","commentTime":"2022-03-18 01:06:23","commentOwner":"=="},{"comment":"为啥需要排雷，攻火葬场，受跟别人走肾，这不也是一种虐攻的方式吗","commentTime":"2022-03-18 01:06:32","commentOwner":"＝＝"},{"comment":"历史引用 展开全部▼\n就是BT类似的说法，首楼经常被屏蔽\n№24 ☆☆☆==|76c8c591于2022-03-18 01:05:29留言☆☆☆\n啊……所以2l真的是偏受控吗……","commentTime":"2022-03-18 01:06:39","commentOwner":"=="},{"comment":"无所谓！看过一本攻受双重生追妻火葬场，受和两个炮灰攻走心又走肾，攻洁\n特别香，甚至还想多点这种。","commentTime":"2022-03-18 01:08:03","commentOwner":"。"},{"comment":"历史引用 展开全部▼\n啊……所以2l真的是偏受控吗……\n№31 ☆☆☆==|52a87180于2022-03-18 01:06:39留言☆☆☆\n我只能说2楼对自己定位不太准确","commentTime":"2022-03-18 01:08:39","commentOwner":"=="},{"comment":"就按标题排雷吧","commentTime":"2022-03-18 01:08:50","commentOwner":"。"},{"comment":"直接标受不洁就好了呀","commentTime":"2022-03-18 01:09:04","commentOwner":"ella"},{"comment":"无所谓！看过一本攻受双重生追妻火葬场，受和两个炮灰攻走心又走肾，攻洁\n特别香，甚至还想多点这种。\n№32 ☆☆☆。|c7a9fa35于2022-03-18 01:08:03留言☆☆☆\n我看过这本，看得可开心了","commentTime":"2022-03-18 01:09:05","commentOwner":"=="},{"comment":"还是别写这种了，我一个偏受控的都哽住了\n№2 ☆☆☆。|7780453b于2022-03-18 01:01:20留言☆☆☆\n很好啊，我偏攻，感觉挺爽的","commentTime":"2022-03-18 01:09:56","commentOwner":"＝＝"},{"comment":"历史引用 展开全部▼\n我只能说2楼对自己定位不太准确\n№33 ☆☆☆==|3c8e297e于2022-03-18 01:08:39留言☆☆☆\n没错，还有一个是喜欢sc,还是看攻做了什么吧","commentTime":"2022-03-18 01:10:41","commentOwner":"。"},{"comment":"我不行，能排就排吧。不想误入。","commentTime":"2022-03-18 01:10:49","commentOwner":"。"},{"comment":"我喜欢这种，只要攻守男德，攻洁就行了","commentTime":"2022-03-18 01:10:52","commentOwner":"。"},{"comment":"2l表示你们不用怀疑我是不是受控好吧，我看了那么多自己不知道吗，不好我就跑","commentTime":"2022-03-18 01:11:41","commentOwner":"。"},{"comment":"无所谓！看过一本攻受双重生追妻火葬场，受和两个炮灰攻走心又走肾，攻洁\n特别香，甚至还想多点这种。\n№32 ☆☆☆。|c7a9fa35于2022-03-18 01:08:03留言☆☆☆\n我也看过哈哈哈哈哈哈是不是受上辈子病死，攻发疯。然后有任炮灰男友对受控制欲干涉欲强才分手。","commentTime":"2022-03-18 01:11:51","commentOwner":"。"},{"comment":"我喜欢这种，只要攻守男德，攻洁就行了\n№40 ☆☆☆。|21aa5e2c于2022-03-18 01:10:52留言☆☆☆\n。我也，我对受非处无所谓","commentTime":"2022-03-18 01:12:11","commentOwner":"。"},{"comment":"你喜欢就写，但要清楚这个不是主流，排雷到位就行，bs反买","commentTime":"2022-03-18 01:12:12","commentOwner":"=="},{"comment":"直接标题那种排雷就行了吧？","commentTime":"2022-03-18 01:12:22","commentOwner":"= ="},{"comment":"受控那么多种，也不用有点不同就打成认知不准确，萝卜青菜各有所爱嘛","commentTime":"2022-03-18 01:12:31","commentOwner":"。"},{"comment":"无所谓！看过一本攻受双重生追妻火葬场，受和两个炮灰攻走心又走肾，攻洁\n特别香，甚至还想多点这种。\n№32 ☆☆☆。|c7a9fa35于2022-03-18 01:08:03留言☆☆☆\n汗 说个我以前看过的 攻受双重生 追妻火葬场\n然后攻被反攻 重生后被受一路反攻到尾的\n打开了异世界的大门\n唯一不爽的是 受上辈子都半身不遂了（重生前最后一点的意外） 攻这辈子只是手残了 不过丧失了反抗欲 算臣服于受了\n说完好像应该把这本定义为反攻文……","commentTime":"2022-03-18 01:14:47","commentOwner":"。"},{"comment":"火葬场爱好者表示狂喜。\n攻都是要火葬场的程度了，那就麻烦虐的更狠点行吗？\n这种的摩多摩多。\n不过注意如果不换攻的话，这个炮灰攻不要写的太好，必须得有比不过攻的地方。\n要不然到最后攻党和男二党打架，就是你自己遭殃了。","commentTime":"2022-03-18 01:16:56","commentOwner":"。。"}]}