{"id":"8ef6d074-427b-4ffd-901e-3e7897e5d171","category":"晋江论坛→网友交流区→碧水江汀 请稍候...","postSubject":"主题：大女主正剧，男主在倒数第二篇会死，大结局复活，这种情况需要排雷或剧透吗？ [8] 【搜索关键词：排雷】","postUrl":"https://bbs.jjwxc.net/showmsg.php?board=17&keyword=%C5%C5%C0%D7&id=1669068","originalPost":"要不要告诉读者男主会复活呢？","numberOfReplies":8,"comments":[{"comment":"想排雷剧透的话可以文案写HE","commentTime":"2021-12-09 10:15:07","commentOwner":"。"},{"comment":"不用吧，又没真死","commentTime":"2021-12-09 10:15:13","commentOwner":"。。"},{"comment":"不用吧，又没真死\n№2 ☆☆☆。。|d7d63fdf于2021-12-09 10:15:13留言☆☆☆\n不剧透的话，读者看到倒数第二篇会裂开吧...","commentTime":"2021-12-09 10:15:54","commentOwner":"= ="},{"comment":"两章一起发","commentTime":"2021-12-09 10:16:36","commentOwner":"。"},{"comment":"两章一起发\n№4 ☆☆☆。|54ae93ec于2021-12-09 10:16:36留言☆☆☆\n男主死在倒数第二篇，不是倒数第二章T﹏T，最后一篇是女主单挑反派。","commentTime":"2021-12-09 10:18:45","commentOwner":"= ="},{"comment":"埋一点没有真死还会复活的伏笔","commentTime":"2021-12-09 10:19:49","commentOwner":"。"},{"comment":"预警，作话直接说会复活的，小天使们别着急，最后一定he","commentTime":"2021-12-09 10:20:22","commentOwner":"。"},{"comment":"给读者一点暗示，虽然写字了但让读者看着还有复活的希望","commentTime":"2021-12-09 10:20:34","commentOwner":"。。"}]}