{"id":"2906bb10-5d0d-456c-a725-d5dfba7dea5e","category":"晋江论坛→网友交流区→碧水江汀 欢迎回来：53088456  退 出","postSubject":"主题：真的，不讨厌在我文下排雷打负的 [1] 【搜索关键词：排雷】","postUrl":"https://bbs.jjwxc.net/showmsg.php?board=17&keyword=%C5%C5%C0%D7&id=1908187","originalPost":"毕竟青菜萝卜各有所爱，你花钱买到了不合口味的东西来吐槽几句我无所谓。\n但是任何一个看盗文的来我文下舞，都可以瞬间让我情绪炸开。\n恨不得当面甩她一耳光。","numberOfReplies":1,"comments":[{"comment":"rt\n毕竟青菜萝卜各有所爱，你花钱买到了不合口味的东西来吐槽几句我无所谓。\n但是任何一个看盗文的来我文下舞，都可以瞬间让我情绪炸开。\n恨不得当面甩她一耳光。","commentTime":"2022-05-21 14:00:37","commentOwner":"……"}]}