{"id":"2bae2f9f-eced-46d0-a1e1-4f503f562195","category":"晋江论坛→网友交流区→碧水江汀 欢迎回来：53088456  退 出","postSubject":"主题：关于渣攻渣受白月光替身的文案排雷，请教 [5] 【搜索关键词：排雷】","postUrl":"https://bbs.jjwxc.net/showmsg.php?board=17&keyword=%C5%C5%C0%D7&id=1762909","originalPost":"rt","numberOfReplies":5,"comments":[{"comment":"1. 攻和受谁渣，是不是真渣，还是有误会\n2.替身是真替身，还是伪替身白月光=替身\n这些文案必须都标出来吗？","commentTime":"2022-02-15 00:04:04","commentOwner":"+_+"},{"comment":"fpb\n1. 攻和受谁渣，是不是真渣，还是有误会\n2.替身是真替身，还是伪替身白月光=替身\n这些文案必须都标出来吗？\n都标出来会不会剧透太多，降低可看性？","commentTime":"2022-02-15 00:04:55","commentOwner":"+_+"},{"comment":"对我来说都很必要","commentTime":"2022-02-15 00:05:12","commentOwner":"。"},{"comment":"fpb\n1. 攻和受谁渣，是不是真渣，还是有误会\n2.替身是真替身，还是伪替身白月光=替身\n这些文案必须都标出来吗？\n都标出来会不会剧透太多，降低可看性？\n№2 ☆☆☆+_+|a7b433e5于2022-02-15 00:04:55留言☆☆☆\n不会剧透吧，这两点我感觉三句话就能标完","commentTime":"2022-02-15 00:06:01","commentOwner":"。"},{"comment":"历史引用 展开全部▼\n不会剧透吧，这两点我感觉三句话就能标完\n№4☆☆☆。|41c7dec3于2022-02-15 00:06:01留言☆☆☆\n搜噶！","commentTime":"2022-02-15 00:07:46","commentOwner":"+_+"}]}