{"id":"bec5b20a-accd-4287-921b-6acbfd29819e","category":"晋江论坛→网友交流区→碧水江汀 欢迎回来：53088456  退 出","postSubject":"主题：pbc 如果我写一个各方势力以实力为阶层划分、等级分明的架空社会，女主一开始就是大势力的天之骄女，享受阶层红利的人，会被排雷吗 [7] 【搜索关键词：排雷】","postUrl":"https://bbs.jjwxc.net/showmsg.php?board=17&keyword=%C5%C5%C0%D7&id=1966195","originalPost":"rt，很架空，有很多实力强的个人户也有大家族，女主是大家族的大小姐那种身份，会从配角视角描述一点女主当初地位有多么多么高，会不会说是压迫什么什么的","numberOfReplies":7,"comments":[{"comment":"这样的文不是很多吗","commentTime":"2022-06-29 09:08:41","commentOwner":"。"},{"comment":"这不是一抓一大把","commentTime":"2022-06-29 09:09:21","commentOwner":"= ="},{"comment":"这样的文不是很多吗\n№1 ☆☆☆。|c778e959于2022-06-29 09:08:41留言☆☆☆\n我看到的一般都是，主角是打破这种阶层的那个人","commentTime":"2022-06-29 09:09:41","commentOwner":"= ="},{"comment":"别总是强调阶级就没大事\n否则就是和mhl的“贩夫走卒”没什么两样 你还没有粉丝护体….","commentTime":"2022-06-29 09:10:23","commentOwner":"。"},{"comment":"很多啊，体感现在比起凡人逆袭流，更流行这种天生高贵的。","commentTime":"2022-06-29 09:11:46","commentOwner":"= ="},{"comment":"别总是强调阶级就没大事\n否则就是和mhl的“贩夫走卒”没什么两样 你还没有粉丝护体….\n№4 ☆☆☆。|2c9abc12于2022-06-29 09:10:23留言☆☆☆\n好的","commentTime":"2022-06-29 09:11:47","commentOwner":"= ="},{"comment":"实力足够，并且没有（过分）歧视，保持尊重，整个呈现出向上的积极情绪就还好吧，","commentTime":"2022-06-29 09:14:28","commentOwner":"。"}]}