{"id":"9c3899ba-4189-4dad-b8a2-2ca2faf69adc","category":"晋江论坛→网友交流区→碧水江汀 请稍候...","postSubject":"主题：啊啊啊真是烦死了，0分排雷另一本文追着咬 [4] 【搜索关键词：排雷】","postUrl":"https://bbs.jjwxc.net/showmsg.php?board=17&keyword=%C5%C5%C0%D7&id=1655902","originalPost":"举报都举报不掉，这种人怎么搞","numberOfReplies":4,"comments":[{"comment":"1小时来一次，住在底下不走了","commentTime":"2021-11-29 18:36:32","commentOwner":"。。"},{"comment":"嘤嘤嘤烦死人了，我今天遇见个","commentTime":"2021-11-29 18:37:28","commentOwner":"菜鸡咕咕咕"},{"comment":"你点开她首页，看看是不是其他作者","commentTime":"2021-11-29 18:37:49","commentOwner":"菜鸡咕咕咕"},{"comment":"杠我的四五个全是未签约作者","commentTime":"2021-11-29 18:38:04","commentOwner":"菜鸡咕咕咕"}]}