{"id":"22320dcf-3685-4079-a17c-8787996ff2c8","category":"晋江论坛→网友交流区→碧水江汀 请稍候...","postSubject":"主题：为什么不看排雷？为什么不看排雷？为什么不看排雷就给打负分说诈骗？！ [8] 【搜索关键词：排雷】","postUrl":"https://bbs.jjwxc.net/showmsg.php?board=17&keyword=%C5%C5%C0%D7&id=1837538","originalPost":"我真的心梗好吗？\n以前总看到有读者吐槽，为什么文里写过的剧情，作者还非要在作话再提一次，这是为什么？因为有的人真不看啊！","numberOfReplies":8,"comments":[{"comment":"有的人盯着你的排雷骂，因为你把她雷点写出来了","commentTime":"2022-04-07 16:05:51","commentOwner":"。"},{"comment":"有的人盯着你的排雷骂，因为你把她雷点写出来了\n№1☆☆☆。|28217478于2022-04-07 16:05:51留言☆☆☆\n哇","commentTime":"2022-04-07 16:06:06","commentOwner":"。"},{"comment":"历史引用 展开全部▼\n哇\n№2 ☆☆☆。|28217478于2022-04-07 16:06:06留言☆☆☆\n你好美","commentTime":"2022-04-07 16:55:32","commentOwner":"……"},{"comment":"有的人盯着你的排雷骂，因为你把她雷点写出来了\n№1 ☆☆☆。|28217478于2022-04-07 16:05:51留言☆☆☆\n我真的无语了","commentTime":"2022-04-07 16:55:53","commentOwner":"……"},{"comment":"历史引用 展开全部▼\n我真的无语了\n№4☆☆☆……|1fd7fb9b于2022-04-07 16:55:53留言☆☆☆\n又遇到咕咕了！抱抱咕咕，我也有这样的，雷写的清清楚楚明明白白，还要进来骂一嘴","commentTime":"2022-04-07 16:59:29","commentOwner":"。"},{"comment":"我感觉伏笔都要提个两三次……不然读者总会问","commentTime":"2022-04-07 17:00:23","commentOwner":"。"},{"comment":"有的人盯着你的排雷骂，因为你把她雷点写出来了\n№1 ☆☆☆。|28217478于2022-04-07 16:05:51留言☆☆☆\n是真的呜呜呜呜呜，我不写排雷的时候一部分读者不高兴，我写了排雷，他们还是骂我……","commentTime":"2022-04-07 17:02:12","commentOwner":"。"},{"comment":"我也遇到这种人！！！！烦死了！！排雷不就是给这种人看的吗！！！难道还是写给没有雷点的读者看的？？","commentTime":"2022-04-07 17:03:13","commentOwner":"。"}]}