{"id":"36eca680-fcc1-48b0-9c6c-c4e88a0acc7e","category":"晋江论坛→网友交流区→碧水江汀 请稍候...","postSubject":"主题：如果排雷的内容和正文不符，要怎么投诉才能删除 [21] 【搜索关键词：排雷】","postUrl":"https://bbs.jjwxc.net/showmsg.php?board=17&keyword=%C5%C5%C0%D7&id=1695651","originalPost":"已知自己删除后台会显示“本评论被作者删除”的情况下，怎么投诉删除更好点？\n\n虽然很想回复，但这样容易被对方盖成楼（之前的文有过这样的情况）\n\n以前不是自己删除，结果被追着几本文打负分\n\n后来自己删除，更是被对方隔三差五来毁你一波心态\n\n求问，要选择哪个投诉方式更好","numberOfReplies":21,"comments":[{"comment":"剧透！拿小号投诉剧透，超级管用！","commentTime":"2021-12-29 09:04:45","commentOwner":"。"},{"comment":"投诉它剧透，剧透V章内容，影响你收益了","commentTime":"2021-12-29 09:20:13","commentOwner":"唧唧"},{"comment":"剧透！拿小号投诉剧透，超级管用！\n№1 ☆☆☆。|df1d1e7d于2021-12-29 09:04:45留言☆☆☆\n谢谢！","commentTime":"2021-12-29 09:56:40","commentOwner":"喵呜酱"},{"comment":"投诉它剧透，剧透V章内容，影响你收益了\n№2 ☆☆☆唧唧|c490664c于2021-12-29 09:20:13留言☆☆☆\n非常感谢！","commentTime":"2021-12-29 09:56:55","commentOwner":"喵呜酱"},{"comment":"啊原来评论后台还会显示被作者删除啊","commentTime":"2021-12-29 10:18:40","commentOwner":"。"},{"comment":"读者看不到谁删的吧好像？","commentTime":"2021-12-29 10:21:56","commentOwner":"。"},{"comment":"读者看不到谁删的吧好像？\n№6 ☆☆☆。|6684f461于2021-12-29 10:21:56留言☆☆☆\n能看见。","commentTime":"2021-12-29 10:22:34","commentOwner":"。"},{"comment":"历史引用 展开全部▼\n能看见。\n№7 ☆☆☆。|3fa29f78于2021-12-29 10:22:34留言☆☆☆\n在哪里看？我怎么从来不知道","commentTime":"2021-12-29 10:23:30","commentOwner":"。"},{"comment":"历史引用 展开全部▼\n在哪里看？我怎么从来不知道\n№8 ☆☆☆。|b809944f于2021-12-29 10:23:30留言☆☆☆\n网页版，我发出的评论","commentTime":"2021-12-29 12:18:40","commentOwner":"。"},{"comment":"虚假排雷","commentTime":"2021-12-29 12:19:06","commentOwner":"。"},{"comment":"历史引用 展开全部▼\n网页版，我发出的评论\n№9 ☆☆☆。|3fa29f78于2021-12-29 12:18:40留言☆☆☆\n如果是被作者删了，上面会出现一行蓝字说明是作者删除的","commentTime":"2021-12-29 12:19:28","commentOwner":"。"},{"comment":"历史引用 展开全部▼\n如果是被作者删了，上面会出现一行蓝字说明是作者删除的\n№11☆☆☆。|3fa29f78于2021-12-29 12:19:28留言☆☆☆\n！","commentTime":"2021-12-29 12:27:30","commentOwner":"= ="},{"comment":"历史引用 展开全部▼\n如果是被作者删了，上面会出现一行蓝字说明是作者删除的\n№11 ☆☆☆。|3fa29f78于2021-12-29 12:19:28留言☆☆☆\n居然能看到？！","commentTime":"2021-12-29 12:39:51","commentOwner":"。"},{"comment":"历史引用 展开全部▼\n如果是被作者删了，上面会出现一行蓝字说明是作者删除的\n№11☆☆☆。|3fa29f78于2021-12-29 12:19:28留言☆☆☆\n惊！","commentTime":"2021-12-29 12:40:54","commentOwner":"虫牙"},{"comment":"我以前专程去看过，以前写的是本评论已经被删除，没有作者两个字，刚去看了，竟然多了作者两个字。\n晋江为什么总是在这种地方坑作者！！！！","commentTime":"2021-12-29 12:46:53","commentOwner":"=="},{"comment":"我以前专程去看过，以前写的是本评论已经被删除，没有作者两个字，刚去看了，竟然多了作者两个字。\n晋江为什么总是在这种地方坑作者！！！！\n№15 ☆☆☆==|245edf29于2021-12-29 12:46:53留言☆☆☆\n草！！？？？无语到了","commentTime":"2021-12-29 12:47:49","commentOwner":"。"},{"comment":"我以前专程去看过，以前写的是本评论已经被删除，没有作者两个字，刚去看了，竟然多了作者两个字。\n晋江为什么总是在这种地方坑作者！！！！\n№15 ☆☆☆==|245edf29于2021-12-29 12:46:53留言☆☆☆\n难道我要把删过的评论恢复？TAT不要啊都是ky","commentTime":"2021-12-29 12:48:30","commentOwner":"。"},{"comment":"投诉盗文那个更快","commentTime":"2021-12-29 12:50:28","commentOwner":"。"},{"comment":"我的妈呀，阿晋又背刺我？你显示作者两个字是对你有什么好处吗？？？\n？？？","commentTime":"2021-12-29 12:52:13","commentOwner":"——"},{"comment":"我以前专程去看过，以前写的是本评论已经被删除，没有作者两个字，刚去看了，竟然多了作者两个字。\n晋江为什么总是在这种地方坑作者！！！！\n№15☆☆☆==|245edf29于2021-12-29 12:46:53留言☆☆☆\n啊？？？晋江有病！！！","commentTime":"2021-12-29 12:52:17","commentOwner":"。"},{"comment":"我以前专程去看过，以前写的是本评论已经被删除，没有作者两个字，刚去看了，竟然多了作者两个字。\n晋江为什么总是在这种地方坑作者！！！！\n№15 ☆☆☆==|245edf29于2021-12-29 12:46:53留言☆☆☆\n为了挑起作者和读者的对立呀，","commentTime":"2021-12-29 12:53:20","commentOwner":"罒v罒"}]}