{"id":"e3e66d80-c310-417a-a1b7-dadd7ba29d1f","category":"晋江论坛→网友交流区→碧水江汀 请稍候...","postSubject":"主题：如何让一个有钱有势有权的古代男人一生只爱一人，还特别符合逻辑，没有任何读者能ky排雷？ [31] 【搜索关键词：排雷】","postUrl":"https://bbs.jjwxc.net/showmsg.php?board=17&keyword=%C5%C5%C0%D7&id=1782947","originalPost":"答曰：死得早！","numberOfReplies":31,"comments":[{"comment":"哈哈哈哈哈哈哈哈哈哈哈哈哈哈","commentTime":"2022-03-01 19:24:25","commentOwner":"。"},{"comment":"hhhhhh","commentTime":"2022-03-01 19:24:33","commentOwner":"....."},{"comment":"男主只爱一个人都要被排雷？","commentTime":"2022-03-01 19:27:26","commentOwner":"。"},{"comment":"此贴在网友评审中被判定为不通过，专审人员正在进行复审，暂时屏蔽，请稍候！\n№0 ☆☆☆==|ecd3759d于2022-03-01 19:24:05留言☆☆☆\n被屏蔽了\n答曰：死得早！","commentTime":"2022-03-01 19:27:58","commentOwner":"=="},{"comment":"他羊尾，只有这个女人能让他簸箕","commentTime":"2022-03-01 19:28:02","commentOwner":"。"},{"comment":"蹲蹲","commentTime":"2022-03-01 19:28:27","commentOwner":"。"},{"comment":"男主只爱一个人都要被排雷？\n№3 ☆☆☆。|2ab7dbeb于2022-03-01 19:27:26留言☆☆☆\n这是主角爹","commentTime":"2022-03-01 19:29:16","commentOwner":"=="},{"comment":"他就不能人挺好确实只爱一个人吗？\n只爱一个人需要找什么理由？","commentTime":"2022-03-01 19:29:31","commentOwner":"=="},{"comment":"明代皇帝还有一夫一妻的呢，都什么读者啊","commentTime":"2022-03-01 19:31:01","commentOwner":"。"},{"comment":"他就不能人挺好确实只爱一个人吗？\n只爱一个人需要找什么理由？\n№8 ☆☆☆==|1b9a1ffb于2022-03-01 19:29:31留言☆☆☆\n。","commentTime":"2022-03-01 19:31:06","commentOwner":"。"},{"comment":"历史上都有……比如赵士程","commentTime":"2022-03-01 19:32:19","commentOwner":"。"},{"comment":"前面写的很厉害很厉害，结局因为厌倦了朝堂，归隐!我就是打算这么写的嘿嘿","commentTime":"2022-03-01 19:33:57","commentOwner":"圪垯"},{"comment":"祖训？","commentTime":"2022-03-01 19:34:17","commentOwner":"= ="},{"comment":"就是对别人都不觉得喜欢呗。\n克制欲望或许在古代情况下不好说，但直接不喜欢别人，没有欲望，不就好了吗","commentTime":"2022-03-01 19:34:20","commentOwner":"——"},{"comment":"如果是女尊，我也只爱一个人，只和一个人在一起。\n但是我特别不想看那种，前期男主睡后宫，后期男女主1v1的“甜文”。","commentTime":"2022-03-01 19:35:15","commentOwner":"。"},{"comment":"家族祖训","commentTime":"2022-03-01 19:37:16","commentOwner":"。"},{"comment":"洁癖，精神+生理方面都有的严重洁癖，只有女主能被他在意被他接受呗。","commentTime":"2022-03-01 19:37:31","commentOwner":"= ="},{"comment":"他就不能人挺好确实只爱一个人吗？\n只爱一个人需要找什么理由？\n№8 ☆☆☆==|1b9a1ffb于2022-03-01 19:29:31留言☆☆☆\n。","commentTime":"2022-03-01 19:37:56","commentOwner":"。。"},{"comment":"有理想，对自己道德要求高","commentTime":"2022-03-01 19:38:20","commentOwner":"= ="},{"comment":"家规严，四十无子才可纳妾，男主父母相亲相爱特别美满，男主也向往这种一生一世一双人的爱情婚姻","commentTime":"2022-03-01 19:40:16","commentOwner":"。"},{"comment":"想到了明宪宗和万贵妃","commentTime":"2022-03-01 19:40:57","commentOwner":"。"},{"comment":"也不知道你对剧情的逻辑有没有对让男主有别的女人的合理化的逻辑强","commentTime":"2022-03-01 19:41:35","commentOwner":"。。"},{"comment":"童年对小妾有阴影","commentTime":"2022-03-01 19:41:54","commentOwner":"= ="},{"comment":"也不知道你对剧情的逻辑有没有对让男主有别的女人的合理化的逻辑强\n№22 ☆☆☆。。|c6cf7bea于2022-03-01 19:41:35留言☆☆☆\n不好意思...看叉了，以为说男主","commentTime":"2022-03-01 19:42:39","commentOwner":"。。"},{"comment":"这个人品性高洁，事业心很强，把这个人物的人设搞到一种极端，一直在为为事业燃烧生命，知道自己无法为人停留，所以一直禁欲。","commentTime":"2022-03-01 19:45:47","commentOwner":"miuio"},{"comment":"因为太抠了，不想养太多老婆","commentTime":"2022-03-01 19:46:21","commentOwner":"，，"},{"comment":"人设立好就行，事业心或者脾性方面比较极端，爱一个人就是一生啥的很好理解。","commentTime":"2022-03-01 19:46:46","commentOwner":"miuio"},{"comment":"他想。\n就跟为啥爱吃香菜一样。","commentTime":"2022-03-01 19:47:08","commentOwner":"。"},{"comment":"因为太抠了，不想养太多老婆\n№26 ☆☆☆，，|3e3b65ec于2022-03-01 19:46:21留言☆☆☆\n他可以让老婆养他？","commentTime":"2022-03-01 19:47:16","commentOwner":"miuio"},{"comment":"历史引用 展开全部▼\n他可以让老婆养他？\n№29 ☆☆☆miuio|0198256d于2022-03-01 19:47:16留言☆☆☆\n对，这不挺好吗，只有女主公开表明愿意养他，于是他爱上了霸总女主。","commentTime":"2022-03-01 19:51:02","commentOwner":"从今日一夜暴富"},{"comment":"我男主。是皇上都只爱一个，也只娶一个，我的文我说的算","commentTime":"2022-03-01 19:53:15","commentOwner":"……"}]}