{"id":"8eda5fdc-0f7c-4392-8bf7-1d15b80a1357","category":"晋江论坛→网友交流区→碧水江汀 欢迎回来：53088456  退 出","postSubject":"主题：作者有详细排雷的义务吗 [30] 【搜索关键词：排雷】","postUrl":"https://bbs.jjwxc.net/showmsg.php?board=17&keyword=%C5%C5%C0%D7&id=1941590","originalPost":"rt，我以为一直是想排就排不想排就不排的","numberOfReplies":30,"comments":[{"comment":"没有，不要被xn。","commentTime":"2022-06-12 16:55:14","commentOwner":"。"},{"comment":"等你当读者就知道了","commentTime":"2022-06-12 16:55:20","commentOwner":"。"},{"comment":"没有，但很有争议的我也会排一下，因为有时候会想到自己是读者还是希望这种剧情排一下的\n其它我觉得没争议的就不排，仁至义尽","commentTime":"2022-06-12 16:55:29","commentOwner":"=="},{"comment":"希望有，但不合适","commentTime":"2022-06-12 16:55:54","commentOwner":"阿拉蕾"},{"comment":"我排雷是希望筛选读者，对大家都好哦，但被筛掉得读者不仅不看还要骂我…","commentTime":"2022-06-12 16:56:00","commentOwner":"。"},{"comment":"谁tm知道你雷点是什么，我才不排","commentTime":"2022-06-12 16:56:03","commentOwner":"。"},{"comment":"看情况，不毒不雷没事，有情况说明下","commentTime":"2022-06-12 16:56:32","commentOwner":"。"},{"comment":"没有，有人的雷点是配角名和她一样\n作者把命赔给她呗？","commentTime":"2022-06-12 16:56:35","commentOwner":"。"},{"comment":"没有，但是我当读者的时候还是希望有争议性的剧情可以提前预警一下","commentTime":"2022-06-12 16:57:13","commentOwner":"。"},{"comment":"你可以觉得没有，但是别人也可以因为被雷到而差评","commentTime":"2022-06-12 16:57:29","commentOwner":"= ="},{"comment":"不排，但我不太介意评论区排，排随便，不涉及人身攻击就行，反正我写的蛮爽","commentTime":"2022-06-12 16:57:39","commentOwner":"。"},{"comment":"没有。而且这玩意你想排也排不完，只有你想不到，没有所有人都不觉得雷的","commentTime":"2022-06-12 16:57:56","commentOwner":"。"},{"comment":"我会排雷，问心无愧。\n仅代表个人。","commentTime":"2022-06-12 16:58:00","commentOwner":"。"},{"comment":"我感觉如果自认写了天雷还是排一下，一般没啥雷的文不用排了吧？就是如果be的话还是排一下？虽然我自己也是作者，但我也不太受得了最后be喂shi，除此之外，我作为读者几乎没啥特别雷的了","commentTime":"2022-06-12 16:58:00","commentOwner":"。"},{"comment":"你可以觉得没有，但是别人也可以因为被雷到而差评\n№10 ☆☆☆= =|64aa8343于2022-06-12 16:57:29留言☆☆☆\n排，入v之后就是商品了","commentTime":"2022-06-12 16:58:08","commentOwner":"。"},{"comment":"我排雷的作用就是遇到不看排雷还有骂我的我就直接骂回去（有理有据）","commentTime":"2022-06-12 16:58:15","commentOwner":"。"},{"comment":"我排雷的作用就是遇到不看排雷还有骂我的我就直接骂回去（有理有据）\n№16 ☆☆☆ 。|e1b68833于2022-06-12 16:58:15留言☆☆☆\n好有道理","commentTime":"2022-06-12 16:58:29","commentOwner":"。"},{"comment":"作者有不用拍雷的自由\n读者被雷到有打负的自由\n合理而完美","commentTime":"2022-06-12 16:59:08","commentOwner":"= ="},{"comment":"都行，主要看你。我喜欢写，也不算排雷，就是写出一些设定（甚至是个人比较喜欢的地方），可以筛选一下读者吧","commentTime":"2022-06-12 16:59:17","commentOwner":"。"},{"comment":"没有","commentTime":"2022-06-12 16:59:21","commentOwner":"。"},{"comment":"没有\n№20☆☆☆。|ab48355a于2022-06-12 16:59:21留言☆☆☆\n内容没违法也没违反道德，雷到了只能说读者口味独特了","commentTime":"2022-06-12 17:00:16","commentOwner":"。"},{"comment":"没有，我看文不需要排雷，除了he，be","commentTime":"2022-06-12 17:00:59","commentOwner":"=="},{"comment":"不管排不排，反正肯定不是义务","commentTime":"2022-06-12 17:01:19","commentOwner":"。"},{"comment":"纯读者时期的我雷点极少，就算偶尔被雷到也只会直接弃文，最多在好友圈不带名字吐槽……看见文案一大串排雷还会觉得这个作者有点敏感\n\n开始写文才知道人家有多不容易，害怕被骂最好还是多排一点","commentTime":"2022-06-12 17:02:25","commentOwner":"。"},{"comment":"总有一天晋江的排雷会比正文长。\n正文前三章都拿来排雷","commentTime":"2022-06-12 17:03:09","commentOwner":"。"},{"comment":"我觉得无所谓，因为我当读者的时候没排雷也会看，雷到了自己就走了\n给自己穿长衣长裤也禁不住人渣找茬……","commentTime":"2022-06-12 17:03:11","commentOwner":"今天吃的什么呢"},{"comment":"没有义务，排雷就是双向筛选，如果有作者不想筛选读者也可以不排","commentTime":"2022-06-12 17:03:46","commentOwner":"。"},{"comment":"be oe 要排","commentTime":"2022-06-12 17:04:44","commentOwner":"。"},{"comment":"不排，我写的都是我喜欢且我不觉得雷的，她觉得雷她可以不看，这是双向挑选，我又没限制读者的人身自由，来去自由。都想开一点，接受不同的存在。","commentTime":"2022-06-12 17:05:20","commentOwner":"=="},{"comment":"我没排过","commentTime":"2022-06-12 17:06:01","commentOwner":"小狗勾吃鲨鱼"}]}