{"id":"ff442c80-2b3f-4d92-afed-0e2bb96fd8a6","category":"晋江论坛→网友交流区→碧水江汀 欢迎回来：53088456  退 出","postSubject":"主题：被读者用从未想过的理由排雷（？）了，点烟 [9] 【搜索关键词：排雷】","postUrl":"https://bbs.jjwxc.net/showmsg.php?board=17&keyword=%C5%C5%C0%D7&id=1959589","originalPost":"rt。\n签约以来从未坑过，专栏非常整洁，之前的文反馈也还蛮好，新文坚持日更。\n结果前两天刷到自己这本被排了，理由是“看专栏隔了几年没写文，感觉会写到一半跑路，等完结了再看”。\n嗯……有没有一种可能，那两年我刚大学毕业正在拼命工作实在没精力写文。\n我又不能冲过去说“不会的！你看我从来没坑过！我的坑品闪亮亮啊宝贝！给你↗我的↘心↗”\n（点烟）或许从读者角度这么判断是有道理的，但还是有一丢丢心塞。\n想问大家真的会觉得没有持续开新意味着作者会跑路吗？","numberOfReplies":9,"comments":[{"comment":"这不算排雷，只是感受吧","commentTime":"2022-06-24 16:25:53","commentOwner":"。"},{"comment":"我的话，应该不会？","commentTime":"2022-06-24 16:25:54","commentOwner":"≌ ≌·"},{"comment":"会的","commentTime":"2022-06-24 16:26:39","commentOwner":"哇喔哇喔"},{"comment":"这不算排雷，只是感受吧\n№1 ☆☆☆。|a233cdb9于2022-06-24 16:25:53留言☆☆☆\n是吧……可是其他读者也会觉得“嗯她说的有道理我也迟疑一下”。\n但我不会坑啊，我要怎么证明（上下比划），我之前的坑品一直很好，以为这样就能给读者信心来着。\n纠结。","commentTime":"2022-06-24 16:29:55","commentOwner":"。"},{"comment":"不会，我追文不追作者，\n我只会看文章发表的时间和到现在为止的更新时间。","commentTime":"2022-06-24 16:30:30","commentOwner":"。"},{"comment":"你可以说啊\n就说你那段吧，真的，有时候读者想要的只是一个态度，你说了读者就信","commentTime":"2022-06-24 16:31:25","commentOwner":"——"},{"comment":"可以直接说，如果是我，看到作者这样回复会忍不住跑过去砸雷然后亲亲抱抱举高高","commentTime":"2022-06-24 16:32:23","commentOwner":"。"},{"comment":"你可以说啊\n就说你那段吧，真的，有时候读者想要的只是一个态度，你说了读者就信\n№6 ☆☆☆——|9f2dd06d于2022-06-24 16:31:25留言☆☆☆\n好！谢谢！今晚就在作话大字加粗（bushi），之前犹豫很久不知道怎么样比较合适。","commentTime":"2022-06-24 16:38:05","commentOwner":"。"},{"comment":"可以直接说，如果是我，看到作者这样回复会忍不住跑过去砸雷然后亲亲抱抱举高高\n№7 ☆☆☆。|afccd73b于2022-06-24 16:32:23留言☆☆☆\n好耶！！谢谢建议，亲亲！","commentTime":"2022-06-24 16:38:20","commentOwner":"。"}]}