{"id":"f37b0473-32a7-4db2-8c1c-7c997e4204f1","category":"晋江论坛→网友交流区→碧水江汀 欢迎回来：53088456  退 出","postSubject":"主题：pbc排雷，话说什么内容需要排雷？ [21] 【搜索关键词：排雷】","postUrl":"https://bbs.jjwxc.net/showmsg.php?board=17&keyword=%C5%C5%C0%D7&id=1853751","originalPost":"rt","numberOfReplies":21,"comments":[{"comment":"目前知道的，不洁，生子，副cp戏份多，be","commentTime":"2022-04-17 16:47:00","commentOwner":"。"},{"comment":"be","commentTime":"2022-04-17 16:47:02","commentOwner":"……"},{"comment":"不是带球文才要排生子？","commentTime":"2022-04-17 16:47:29","commentOwner":"。"},{"comment":"雷点，只有你想不到","commentTime":"2022-04-17 16:47:41","commentOwner":"。。"},{"comment":"be 出轨 男非女c\n我觉得大众雷点需要排一下","commentTime":"2022-04-17 16:47:47","commentOwner":"。"},{"comment":"反攻","commentTime":"2022-04-17 16:47:55","commentOwner":"= ="},{"comment":"生子吧，","commentTime":"2022-04-17 16:47:56","commentOwner":"来也"},{"comment":"雷点千奇百怪，排点大众的得了。","commentTime":"2022-04-17 16:48:42","commentOwner":"。。"},{"comment":"主角圣母/黑深残/有蟹脚番外/有if线be番外/主角被q/恋爱途中，一方出..轨","commentTime":"2022-04-17 16:49:05","commentOwner":"。"},{"comment":"对，出轨感觉也要排一下","commentTime":"2022-04-17 16:49:17","commentOwner":"。"},{"comment":"【副cp，low攻low受，生子，互攻，反攻，日攻，万人迷攻，rz受，渣攻贱受，第一人称，泥塑攻】\n上述是看的有人说要写的雷点合集报社文里说的雷","commentTime":"2022-04-17 16:49:38","commentOwner":"= ="},{"comment":"主角圣母/黑深残/有蟹脚番外/有if线be番外/主角被q/恋爱途中，一方出..轨\n№9 ☆☆☆。|ca725ab1于2022-04-17 16:49:05留言☆☆☆\n求问什么叫蟹脚番外啊……","commentTime":"2022-04-17 16:49:53","commentOwner":"。"},{"comment":"大众雷点呗，以及你写的时候你感觉有啥会有人雷就可以提一句","commentTime":"2022-04-17 16:49:58","commentOwner":"。"},{"comment":"【副cp，low攻low受，生子，互攻，反攻，日攻，万人迷攻，rz受，渣攻贱受，第一人称，泥塑攻】\n上述是看的有人说要写的雷点合集报社文里说的雷\n№11 ☆☆☆= =|23e2ea8a于2022-04-17 16:49:38留言☆☆☆\n哈哈哈哈哈我的妈啊，low攻low受，这个我也不知道自己写得low不low，可能我自我感觉良好……万人迷攻也要排啊，还以为是萌点。求问泥塑攻是什么意思","commentTime":"2022-04-17 16:51:37","commentOwner":"。"},{"comment":"历史引用 展开全部▼\n哈哈哈哈哈我的妈啊，low攻low受，这个我也不知道自己写得low不low，可能我自我感觉良好……万人迷攻也要排啊，还以为是萌点。求问泥塑攻是什么意思\n№14☆☆☆。|7d51c1ff于2022-04-17 16:51:37留言☆☆☆\n这感觉像是gk写的报社文\n主受如果写万人迷攻应该是要排一下","commentTime":"2022-04-17 16:53:03","commentOwner":"。"},{"comment":"雷点千奇百怪。。排不完的","commentTime":"2022-04-17 16:53:09","commentOwner":"。。"},{"comment":"那可多了，比如：主角是人。主角会吃饭。主角得呼吸空气。主角会说话。这是本耽美。这是本言情。","commentTime":"2022-04-17 16:55:47","commentOwner":"。。"},{"comment":"我觉得文案排大众那几个雷点就行，然后内容的允许读者排雷，只要不瞎排、扩大化排、无中生有排雷就ok（偶尔看到读者正常排雷也被一堆腿毛攻击，就很……）","commentTime":"2022-04-17 16:58:07","commentOwner":"。"},{"comment":"Be也是雷点吗？可是如果提前在文案说了不就剧透了吗（我个人觉得会有点剧透……）","commentTime":"2022-04-17 17:21:13","commentOwner":"。"},{"comment":"Be也是雷点吗？可是如果提前在文案说了不就剧透了吗（我个人觉得会有点剧透……）\n№19 ☆☆☆。|3116bc87于2022-04-17 17:21:13留言☆☆☆\n我求求你排be吧，我看过一个文，番外里搁那整受死了攻活着的be，给我气死了","commentTime":"2022-04-17 17:30:25","commentOwner":"，"},{"comment":"可太多了，我看过一个攻抱着受洗澡，读者说雷。","commentTime":"2022-04-17 17:32:59","commentOwner":"。"}]}