{"id":"7cbbd079-859d-4f14-a966-088d61c015d2","category":"晋江论坛→网友交流区→碧水江汀 欢迎回来：53088456  退 出","postSubject":"主题：暴言！那些在虚假排雷和杠精评论下说多谢避雷的读者更令我恶心 [8] 【搜索关键词：排雷】","postUrl":"https://bbs.jjwxc.net/showmsg.php?board=17&keyword=%C5%C5%C0%D7&id=1804621","originalPost":"就像是个趋炎附势的什么东西一样","numberOfReplies":8,"comments":[{"comment":"有没有可能 那个多谢避雷也是同伙？","commentTime":"2022-03-17 01:24:43","commentOwner":"。"},{"comment":"有没有可能 那个多谢避雷也是同伙？\n№1 ☆☆☆。|3e3edc9b于2022-03-17 01:24:43留言☆☆☆\n更恶心了","commentTime":"2022-03-17 01:25:20","commentOwner":"。"},{"comment":"一样 在夹子上被气疯了","commentTime":"2022-03-17 01:25:29","commentOwner":"= ="},{"comment":"一样 在夹子上被气疯了\n№3 ☆☆☆= =|f43c229a于2022-03-17 01:25:29留言☆☆☆\n作者还不能下场啊啊啊啊啊我真的！！气死了！！","commentTime":"2022-03-17 01:25:50","commentOwner":"。"},{"comment":"我遇见过，自己排完雷，换个昵称在下面多谢排雷的，还有多谢完，半小时后又订阅了我最新章催更的","commentTime":"2022-03-17 01:27:04","commentOwner":"。"},{"comment":"我遇见过，自己排完雷，换个昵称在下面多谢排雷的，还有多谢完，半小时后又订阅了我最新章催更的\n№5 ☆☆☆。|7579793e于2022-03-17 01:27:04留言☆☆☆\nwoc这也太恶心了吧啊啊啊啊","commentTime":"2022-03-17 01:28:12","commentOwner":"＝ ＝"},{"comment":"我遇见过，自己排完雷，换个昵称在下面多谢排雷的，还有多谢完，半小时后又订阅了我最新章催更的\n№5 ☆☆☆。|7579793e于2022-03-17 01:27:04留言☆☆☆\n卧槽什么鬼东西","commentTime":"2022-03-17 01:28:59","commentOwner":"。"},{"comment":"非常ex","commentTime":"2022-03-17 01:38:18","commentOwner":"。"}]}