{"id":"54644409-c42a-44d4-a5a8-35bb593cb112","category":"晋江论坛→网友交流区→碧水江汀 请稍候...","postSubject":"主题：夹子那天去人家评论区排雷的读者，多少有点缺那个德 [59] 【搜索关键词：排雷】","postUrl":"https://bbs.jjwxc.net/showmsg.php?board=17&keyword=%C5%C5%C0%D7&id=1681945","originalPost":"其实真正目的不是给大家警示，或者只是占很少一部分，既然网站能过审，也不是反攻之类的大雷点，只是情节不合你口味了\n所以明知道这天很多人会看，为了得到认同和表扬和感谢，像三观小卫士一样，特意在高峰排雷，心里也明知道会给作者带来经济损害\n就。。。祝你们以后工作和上学也被同事向领导“排雷”，被同学向老师“排雷”","numberOfReplies":59,"comments":[{"comment":"最近被排雷的是哪个rr错人，还得gwy妹子在公示期丢工作的吧\nlz觉得反攻是雷点，但不觉得这是雷点吗，真不错。","commentTime":"2021-12-18 13:37:51","commentOwner":"= ="},{"comment":"最近被排雷的是哪个rr错人，还得gwy妹子在公示期丢工作的吧\nlz觉得反攻是雷点，但不觉得这是雷点吗，真不错。\n№1         ☆☆☆= =|a7788a95☆于2021-12-18 13:37:51留言        ☆☆☆\ngz，害得","commentTime":"2021-12-18 13:38:12","commentOwner":"= ="},{"comment":"？？\n认真看得为什么不能排？\n又不是虚假排雷","commentTime":"2021-12-18 13:38:41","commentOwner":"= ="},{"comment":"lz上大号","commentTime":"2021-12-18 13:39:23","commentOwner":"一只小萌新"},{"comment":"？？\n认真看得为什么不能排？\n又不是虚假排雷\n№3☆☆☆= =|26b89a73于2021-12-18 13:38:41留言☆☆☆\n既然是小众，那本身就是排给小众同喜好的姐妹啊\n其他人看了也不会觉得有什么\n所以有何问题吗？","commentTime":"2021-12-18 13:39:50","commentOwner":"= ="},{"comment":"最近被排雷的是哪个rr错人，还得gwy妹子在公示期丢工作的吧\nlz觉得反攻是雷点，但不觉得这是雷点吗，真不错。\n№1☆☆☆= =|a7788a95于2021-12-18 13:37:51留言☆☆☆\n真不错，我今天就看到夹子排雷，后来作者删了楼（不要扒\n你觉得最近排雷的就是那个？你觉得的都是准确的，真不错。","commentTime":"2021-12-18 13:39:54","commentOwner":"= ="},{"comment":"什么认同表扬和感谢？要的就是莲某人收益受损呀，不然你以为呢？","commentTime":"2021-12-18 13:40:10","commentOwner":"= ="},{"comment":"排雷：反攻\n我：大喜，就好这一口。","commentTime":"2021-12-18 13:42:36","commentOwner":"=="},{"comment":"什么认同表扬和感谢？要的就是莲某人收益受损呀，不然你以为呢？\n№7☆☆☆= =|7f00ef0e于2021-12-18 13:40:10留言☆☆☆\n所以缺-德呀，指着这玩意吃饭的，你把人家饭碗砸了，你这边排完雷拍拍屁股走了\n我这个观点就是基于作者角度，你是排雷方当然觉得自己可对了","commentTime":"2021-12-18 13:42:51","commentOwner":"= ="},{"comment":"上大号说好","commentTime":"2021-12-18 13:43:48","commentOwner":"。"},{"comment":"历史引用 展开全部▼\n真不错，我今天就看到夹子排雷，后来作者删了楼（不要扒\n你觉得最近排雷的就是那个？你觉得的都是准确的，真不错。\n№6 ☆☆☆= =|29652736♥于2021-12-18 13:39:54留言☆☆☆\n毕竟你主楼光说个夹子被排雷，谁知道你在说什么呢，那我当然是说自己想到的呀^^当然准确了。","commentTime":"2021-12-18 13:43:49","commentOwner":"= ="},{"comment":"历史引用 展开全部▼\n所以缺-德呀，指着这玩意吃饭的，你把人家饭碗砸了，你这边排完雷拍拍屁股走了\n我这个观点就是基于作者角度，你是排雷方当然觉得自己可对了\n№9 ☆☆☆= =|29652736于2021-12-18 13:42:51留言☆☆☆\n哟，终于承认是给莲某人洗地啦？她rr别人的时候不缺德是吧？","commentTime":"2021-12-18 13:43:53","commentOwner":"= ="},{"comment":"历史引用 展开全部▼\n所以缺-德呀，指着这玩意吃饭的，你把人家饭碗砸了，你这边排完雷拍拍屁股走了\n我这个观点就是基于作者角度，你是排雷方当然觉得自己可对了\n№9 ☆☆☆= =|29652736于2021-12-18 13:42:51留言☆☆☆\n她砸别人饭碗的时候没想过今天吧，活该嘻嘻","commentTime":"2021-12-18 13:44:25","commentOwner":"= ="},{"comment":"…………\n反攻不就是你说的那种情节不合口味吗，算什么大雷点。\n果然双标。","commentTime":"2021-12-18 13:44:40","commentOwner":"。"},{"comment":"……请lz和莲某人锁死，最好承受一下莲某人的“不小心”","commentTime":"2021-12-18 13:44:55","commentOwner":"。"},{"comment":"……请lz和莲某人锁死，最好承受一下莲某人的“不小心”\n№15 ☆☆☆。|b2181c9e于2021-12-18 13:44:55留言☆☆☆\n。","commentTime":"2021-12-18 13:45:14","commentOwner":"= ="},{"comment":"历史引用 展开全部▼\n既然是小众，那本身就是排给小众同喜好的姐妹啊\n其他人看了也不会觉得有什么\n所以有何问题吗？\n№5☆☆☆= =|26b89a73于2021-12-18 13:39:50留言☆☆☆\n读者还要在乎你收益？\n我雷强强攻比受强，这不算大众雷点吧，也不可能要求文案排雷，所以看到了会评论一句，有同样需求的就会说句谢谢，不在意的就不鸟我，作者也觉得没什么啊。\n再比如有人排雷本文是舔狗攻，有人回复劝退了谢谢，但我还是就“谢谢，我冲了！”\n排雷是排给有需要的人，你觉得你收益受损了，那得看看你认为不是大众的雷点其实是不是大众。","commentTime":"2021-12-18 13:45:16","commentOwner":"= ="},{"comment":"……请lz和莲某人锁死，最好承受一下莲某人的“不小心”\n№15 ☆☆☆。|b2181c9e于2021-12-18 13:44:55留言☆☆☆\ndd","commentTime":"2021-12-18 13:45:28","commentOwner":"。。"},{"comment":"历史引用 展开全部▼\n读者还要在乎你收益？\n我雷强强攻比受强，这不算大众雷点吧，也不可能要求文案排雷，所以看到了会评论一句，有同样需求的就会说句谢谢，不在意的就不鸟我，作者也觉得没什么啊。\n再比如有人排雷本文是舔狗攻，有人回复劝退了谢谢，但我还是就“谢谢，我冲了！”\n排雷是排给有需要的人，你觉得你收益受损了，那得看看你认为不是大众的雷点其实是不是大众。\n№17☆☆☆= =|26b89a73于2021-12-18 13:45:16留言☆☆☆\ngz，没有还是","commentTime":"2021-12-18 13:45:57","commentOwner":"= ="},{"comment":"上夹子当天给人bs出道还说不要扒，不就是惺惺作态又当又立？\n楼主你更缺德点","commentTime":"2021-12-18 13:46:07","commentOwner":"= ="},{"comment":"哦哦，原来是个莲某人洗地的\n哈哈，白说了","commentTime":"2021-12-18 13:46:22","commentOwner":"= ="},{"comment":"楼主要是这个贴和莲某人有任何关系，或者内心赞成莲某人，直接出门五百码，我是今天看到有排雷楼所以有感而发，前面已经说过了，眼睛都怎么了","commentTime":"2021-12-18 13:46:30","commentOwner":"= ="},{"comment":"历史引用 展开全部▼\n她砸别人饭碗的时候没想过今天吧，活该嘻嘻\n№13 ☆☆☆= =|7f00ef0e于2021-12-18 13:44:25留言☆☆☆\nlz开一次楼就是提醒一次一个月之后接着去莲某人那里排雷，lz可真是大善人，生怕我把她给忘了","commentTime":"2021-12-18 13:46:30","commentOwner":"= ="},{"comment":"上夹子当天给人bs出道还说不要扒，不就是惺惺作态又当又立？\n楼主你更缺德点\n№20 ☆☆☆= =|f3f03b38于2021-12-18 13:46:07留言☆☆☆\n笑死，隔几天再炒下夹子饭，缺德x2了哦楼主","commentTime":"2021-12-18 13:47:00","commentOwner":"= ="},{"comment":"楼主要是这个贴和莲某人有任何关系，或者内心赞成莲某人，直接出门五百码，我是今天看到有排雷楼所以有感而发，前面已经说过了，眼睛都怎么了\n№22 ☆☆☆= =|29652736于2021-12-18 13:46:30留言☆☆☆\n这不是你回的我排雷莲某人缺德吗？自己说的话你吃了？","commentTime":"2021-12-18 13:47:17","commentOwner":"= ="},{"comment":"最近夹子确实就莲某人","commentTime":"2021-12-18 13:47:40","commentOwner":"= ="},{"comment":"上夹子当天给人bs出道还说不要扒，不就是惺惺作态又当又立？\n楼主你更缺德点\n№20☆☆☆= =|f3f03b38于2021-12-18 13:46:07留言☆☆☆\n好哦，你觉得我缺德也OK呀，我不在乎你怎么想，我说了不要扒，还去扒的人比我还缺德，也不耽误我觉得夹子排雷的人缺德","commentTime":"2021-12-18 13:47:51","commentOwner":"= ="},{"comment":"历史引用 展开全部▼\n好哦，你觉得我缺德也OK呀，我不在乎你怎么想，我说了不要扒，还去扒的人比我还缺德，也不耽误我觉得夹子排雷的人缺德\n№27 ☆☆☆= =|29652736于2021-12-18 13:47:51留言☆☆☆\n比不过楼主呀给人挂bs","commentTime":"2021-12-18 13:48:16","commentOwner":"= ="},{"comment":"楼主要是这个贴和莲某人有任何关系，或者内心赞成莲某人，直接出门五百码，我是今天看到有排雷楼所以有感而发，前面已经说过了，眼睛都怎么了\n№22 ☆☆☆= =|29652736于2021-12-18 13:46:30留言☆☆☆\n你不赞同莲某人，但是骂排雷莲某人的读者缺德，嗯嗯你可真是不赞同她呢","commentTime":"2021-12-18 13:48:31","commentOwner":"= ="},{"comment":"你去读者区说教去，缺德玩意儿洗衣粉成精了吧","commentTime":"2021-12-18 13:50:22","commentOwner":"。"},{"comment":"历史引用 展开全部▼\n好哦，你觉得我缺德也OK呀，我不在乎你怎么想，我说了不要扒，还去扒的人比我还缺德，也不耽误我觉得夹子排雷的人缺德\n№27 ☆☆☆= =|29652736于2021-12-18 13:47:51留言☆☆☆\n9楼被你吃了吗楼主？不是给莲某人洗地你急什么？莲某人缺德还不让别人说是吧？","commentTime":"2021-12-18 13:50:36","commentOwner":"= ="},{"comment":"历史引用 展开全部▼\ngz，没有还是\n№19☆☆☆= =|26b89a73于2021-12-18 13:45:57留言☆☆☆\n所以排雷有什么问题？\n夹子流量大，读者看见了就评论一句\n有需要的就排，没需要的继续看呗\n能到大量收益受损的地步那还不是大众雷点？？","commentTime":"2021-12-18 13:51:52","commentOwner":"= ="},{"comment":"历史引用 展开全部▼\n读者还要在乎你收益？\n我雷强强攻比受强，这不算大众雷点吧，也不可能要求文案排雷，所以看到了会评论一句，有同样需求的就会说句谢谢，不在意的就不鸟我，作者也觉得没什么啊。\n再比如有人排雷本文是舔狗攻，有人回复劝退了谢谢，但我还是就“谢谢，我冲了！”\n排雷是排给有需要的人，你觉得你收益受损了，那得看看你认为不是大众的雷点其实是不是大众。\n№17 ☆☆☆= =|26b89a73于2021-12-18 13:45:16留言☆☆☆\n现在强强，攻比受强也是雷点了吗？有点吓人吧","commentTime":"2021-12-18 13:52:28","commentOwner":"——"},{"comment":"正常不负分不骂人的那种排雷不就是见仁见智？\n人家要是说前排提醒不喜欢XX的人别进，换而言之不就是喜欢XX的人尽情冲冲冲么。\n或者下次换个说法？前排提醒：本文XX，欢迎同好？\n除非写大众雷点给读者喂shi，不然怕什么排雷啊","commentTime":"2021-12-18 13:52:38","commentOwner":"。"},{"comment":"jj都不堵读者的嘴轮得到你个洗涤剂说三道四","commentTime":"2021-12-18 13:52:43","commentOwner":"。"},{"comment":"历史引用 展开全部▼\n所以排雷有什么问题？\n夹子流量大，读者看见了就评论一句\n有需要的就排，没需要的继续看呗\n能到大量收益受损的地步那还不是大众雷点？？\n№32☆☆☆= =|26b89a73于2021-12-18 13:51:52留言☆☆☆\n所以究竟凭什么不能排？\n你就想昧下有雷点但不知道那部分读者的钱然后被打-2吗？","commentTime":"2021-12-18 13:53:03","commentOwner":"= ="},{"comment":"莲某人都不在意还要你个洗涤精基于她角度\n也别说基于其他作者角度，直接基于你的就行，其他作者大众可不愿被你代表","commentTime":"2021-12-18 13:53:27","commentOwner":"= ="},{"comment":"历史引用 展开全部▼\n现在强强，攻比受强也是雷点了吗？有点吓人吧\n№33☆☆☆——|7898cdd9于2021-12-18 13:52:28留言☆☆☆\n我雷啊，爽文我就想看主角最爽，攻出来就压主角了我就不爽了","commentTime":"2021-12-18 13:53:32","commentOwner":"= ="},{"comment":"历史引用 展开全部▼\n现在强强，攻比受强也是雷点了吗？有点吓人吧\n№33 ☆☆☆——|7898cdd9于2021-12-18 13:52:28留言☆☆☆\n有人爱受苏那一口，有人爱攻苏那一口，这有啥好奇怪的。","commentTime":"2021-12-18 13:53:53","commentOwner":"= ="},{"comment":"历史引用 展开全部▼\n我雷啊，爽文我就想看主角最爽，攻出来就压主角了我就不爽了\n№38☆☆☆= =|26b89a73于2021-12-18 13:53:32留言☆☆☆\n我是受苏，不是攻苏\n喜欢舔狗攻，攻也强但没有受强然后在背后默默支持受的\n我要是看见了也只会评论排给有需要的人balabala，作者也不会删我评啊，有同样需求的就点个赞评论句谢谢呗，不在意的还不是继续看\n我也说了这不是大众雷点","commentTime":"2021-12-18 13:55:26","commentOwner":"= ="},{"comment":"莲某人都不在意还要你个洗涤精基于她角度\n也别说基于其他作者角度，直接基于你的就行，其他作者大众可不愿被你代表\n№37 ☆☆☆= =|f3f03b38于2021-12-18 13:53:27留言☆☆☆\n虽然但是，莲某人确实在意，她删评删了一晚上，评论飞速消失。但就是这样，她目测至少被影响了几千收藏，只能说恶有恶报哈哈","commentTime":"2021-12-18 13:55:51","commentOwner":"= ="},{"comment":"？你做生意一般让买家帮你考虑你的饭碗和赚钱方式吗\n买家考虑自己使用体验就行了。\n怎么，你吃面条吃到蟑螂了，还要考虑卖家今天过生日，会不会影响他心情;考虑卖家邀请别人做客，你说有问题会影响人家生意。\n所以你自己默默把蟑螂咽了走？\n你会吗？\n道德绑架谁呢，上来就说人缺德。","commentTime":"2021-12-18 13:57:57","commentOwner":"= ="},{"comment":"历史引用 展开全部▼\n虽然但是，莲某人确实在意，她删评删了一晚上，评论飞速消失。但就是这样，她目测至少被影响了几千收藏，只能说恶有恶报哈哈\n№41 ☆☆☆= =|7f00ef0e于2021-12-18 13:55:51留言☆☆☆\n才几千，不过如此，希望能影响再大点，哈哈哈，她在意就更好了，怀着这份在意狠狠跌下去叭！","commentTime":"2021-12-18 13:58:04","commentOwner":"= ="},{"comment":"lz：排雷的读者好缺德！\n读者：我们怎么缺德了？\nlz：你们居然把他做了什么说出来！","commentTime":"2021-12-18 13:59:12","commentOwner":"= ="},{"comment":"虽然我是作者，但看文的时候我不看排雷都不敢点开文，有时候评论区看不到我想要排雷那种点，不确定到底有没有我也是怂的不敢点开\n排雷这种东西仁者见仁智者见智吧，有时候排雷也是筛选读者啊，不然等他进来发现自己不喜欢的点开骂？","commentTime":"2021-12-18 14:03:20","commentOwner":"。"},{"comment":"看啥雷，排假雷肯定不行，排的真雷凭什么不让说？你都知道是雷上夹子很多人不喜欢看了还想诈骗？","commentTime":"2021-12-18 14:03:23","commentOwner":"浮灯过"},{"comment":"你书里写的东西还怕读者在评论区说吗？","commentTime":"2021-12-18 14:05:31","commentOwner":"、"},{"comment":"lz：排雷的读者好缺德！\n读者：我们怎么缺德了？\nlz：你们居然把他做了什么说出来！\n№44☆☆☆= =|a224aaba于2021-12-18 13:59:12留言☆☆☆\n哈哈哈","commentTime":"2021-12-18 14:06:17","commentOwner":"。"},{"comment":"我上夹子在我底下排雷的 两次点开都是同行了 （但可能其他咕咕的文不是 也有真读者 只是我真的被PTSD怕了）","commentTime":"2021-12-18 14:09:33","commentOwner":"阿飘"},{"comment":"敢写不敢让人说，你当你谁","commentTime":"2021-12-18 14:09:47","commentOwner":"=="},{"comment":"楼主要是这个贴和莲某人有任何关系，或者内心赞成莲某人，直接出门五百码，我是今天看到有排雷楼所以有感而发，前面已经说过了，眼睛都怎么了\n№22 ☆☆☆= =|29652736于2021-12-18 13:46:30留言☆☆☆\n莲某人是谁？","commentTime":"2021-12-18 14:10:57","commentOwner":"咕咕哒鸽鸽哒"},{"comment":"这个事吧，就是夹子那天看的人多，所以喜欢这本的人突然变多，讨厌这本的也突然变多。","commentTime":"2021-12-18 14:14:02","commentOwner":"= ="},{"comment":"夹子上被大规模排雷，一般都是作者自己有点问题的","commentTime":"2021-12-18 14:15:05","commentOwner":"= ="},{"comment":"读者花钱看文的，看到有雷点，你的文确实写了那些，为什么不能排雷？她又没有白。嫖你，然后胡说八道。现在读者什么都不能提了，只能夸夸夸了？","commentTime":"2021-12-18 14:19:05","commentOwner":"。。"},{"comment":"历史引用 展开全部▼\n好哦，你觉得我缺德也OK呀，我不在乎你怎么想，我说了不要扒，还去扒的人比我还缺德，也不耽误我觉得夹子排雷的人缺德\n№27 ☆☆☆= =|29652736于2021-12-18 13:47:51留言☆☆☆\n啊对对对，你觉得缺德不好，你觉得排雷不好，那感情我们读者活该吃shi，活该被雷呗，来来来，大号说话，这样我们都能看见你就绕道了，你也不用怕看到排雷的啦","commentTime":"2021-12-18 14:22:08","commentOwner":"ddbx"},{"comment":"你书里写的东西还怕读者在评论区说吗？\n№47 ☆☆☆、|9b05cf72于2021-12-18 14:05:31留言☆☆☆\n。","commentTime":"2021-12-18 14:24:21","commentOwner":"。"},{"comment":"？？？你是有那个什么大病吗？不说别的排雷是别人的权利哪天都可以，觉得不服自己和jj理论","commentTime":"2021-12-18 14:30:01","commentOwner":"瓜田猹子"},{"comment":"凭啥不能排雷","commentTime":"2021-12-18 14:33:02","commentOwner":"= ="},{"comment":"？？？你是有那个什么大病吗？不说别的排雷是别人的权利哪天都可以，觉得不服自己和jj理论\n№57☆☆☆瓜田猹子|7afc8021于2021-12-18 14:30:01留言☆☆☆\n排假雷自然有人帮你骂回去，能到经济损失或者直接夹子里被顶下去这种地步的必定是大众雷点了，自己这么写就自己承担后果好吗非要读者捧你不捧不是人？","commentTime":"2021-12-18 14:33:37","commentOwner":"瓜田猹子"}]}