{"id":"ef0add9d-3ae0-4d0e-92be-b033f167547a","category":"晋江论坛→网友交流区→碧水江汀 请稍候...","postSubject":"主题：wjby，排雷了重要雷点还是有读者骂脏人身攻击 [1] 【搜索关键词：排雷】","postUrl":"https://bbs.jjwxc.net/showmsg.php?board=17&keyword=%C5%C5%C0%D7&id=1730981","originalPost":"。","numberOfReplies":1,"comments":[{"comment":"完结文的文案有排雷，还有读者排雷指导\n然后指导作者排雷言论被管理删了，却以为是我删的，就换小号去我连载文刷负人身攻击，以为换小号到我连载文人身攻击，作者查不来是吧。\n反正作者怎么排雷，都能碍着某些读者的眼","commentTime":"2022-04-22 10:43:51","commentOwner":"。"}]}