{"id":"15c7eaac-0d52-4dbb-b6d0-916fc196d18f","category":"晋江论坛→网友交流区→碧水江汀 欢迎回来：53088456  退 出","postSubject":"主题：第一章就被排雷了 [3] 【搜索关键词：排雷】","postUrl":"https://bbs.jjwxc.net/showmsg.php?board=17&keyword=%C5%C5%C0%D7&id=1912735","originalPost":"还跟我说再也不见。\n我：………………\n撒贝宁吸氧.jpg","numberOfReplies":3,"comments":[{"comment":"果然就不能看评论区","commentTime":"2022-05-24 12:54:32","commentOwner":"…"},{"comment":"压下去","commentTime":"2022-05-24 13:08:57","commentOwner":"。"},{"comment":"删了","commentTime":"2022-05-24 13:12:42","commentOwner":"。"}]}