{"id":"974ba1f2-aabf-4471-a50e-c2461a9f30b7","category":"晋江论坛→网友交流区→意见建议簿 欢迎回来：53088456  退 出","postSubject":"主题：关于论坛各版块帖子内容对应的所属官方工作人员希望对有关内容进一步处理时的对公处理办法 [1]","postUrl":"https://bbs.jjwxc.net/showmsg.php?board=22&boardpagemsg=1&id=188342","originalPost":"本帖所述内容为我论坛各版块所发帖子内容对应的所属官方工作人员对于相关帖子内容希望进行删除、屏蔽等进一步处理时的对公处理办法。\n\n一、申请人：可提供相关证明材料的官方工作人员；\n二、需提供文件：\n1.盖有公章的证明文件（公函、律师函等），文件内容需包括：申请处理的链接、申请处理原因、相关证明信息等；\n2.艺人本人授权处理此事的授权书；\n3.其他证明材料\n发送方式以邮件附扫描件方式为优，邮件可发送至：help@jjwxc.com，发送邮件时应在邮件标题前标☆，以便我方查阅。\n三、适用范围：\n1.未公开影视作品的提前剧透图片或者视频；\n2.辟谣；\n3.其他违反版规或国家法律的内容。\n四、其他说明：\n我方接到上述材料（纸质或电子扫描件均可）后，会进行相关信息的核实工作，并在信息核实后的两个工作日内对相关帖子进行相应处理。","numberOfReplies":0,"comments":[]}