{"id":"1ee52993-ecba-443a-aa91-91ca22604e16","category":"晋江论坛→网友交流区→碧水江汀 欢迎回来：53088456  退 出","postSubject":"主题：问个问题，不是大圆满结局需要和读者提前排雷吗？ [29] 【搜索关键词：排雷】","postUrl":"https://bbs.jjwxc.net/showmsg.php?board=17&keyword=%C5%C5%C0%D7&id=1626361","originalPost":"RT","numberOfReplies":29,"comments":[{"comment":"男女主be 的意思？要","commentTime":"2021-11-05 12:56:48","commentOwner":"= ="},{"comment":"要","commentTime":"2021-11-05 12:57:18","commentOwner":"小酋皇0.0"},{"comment":"要，不然评论区会负分","commentTime":"2021-11-05 12:57:20","commentOwner":"。"},{"comment":"需要，我要知道作者be结尾怎么也会有个心理准备，确定看不看","commentTime":"2021-11-05 12:57:44","commentOwner":"QwQ"},{"comment":"不是主角BE，他们在一起了，但不是大圆满","commentTime":"2021-11-05 12:58:01","commentOwner":"路人甲想逼逼"},{"comment":"不是主角BE，他们在一起了，但不是大圆满\n№5 ☆☆☆路人甲想逼逼|bb67f190于2021-11-05 12:58:01留言☆☆☆\n就累死，破破烂烂地在一起了","commentTime":"2021-11-05 12:58:19","commentOwner":"路人甲想逼逼"},{"comment":"我一直有个问题，题材那里的那个悲剧是不是默认为BE，如果我选了悲剧，可不可以不单独排BE的雷","commentTime":"2021-11-05 12:58:26","commentOwner":"一一"},{"comment":"历史引用 展开全部▼\n就累死，破破烂烂地在一起了\n№6 ☆☆☆路人甲想逼逼|bb67f190于2021-11-05 12:58:19留言☆☆☆\n改字，类似","commentTime":"2021-11-05 12:58:45","commentOwner":"路人甲想逼逼"},{"comment":"历史引用 展开全部▼\n改字，类似\n№8 ☆☆☆路人甲想逼逼|bb67f190于2021-11-05 12:58:45留言☆☆☆\n噗，还以为累死了","commentTime":"2021-11-05 12:59:32","commentOwner":"一一"},{"comment":"我一直有个问题，题材那里的那个悲剧是不是默认为BE，如果我选了悲剧，可不可以不单独排BE的雷\n№7☆☆☆一一|94b7ca23于2021-11-05 12:58:26留言☆☆☆\n悲剧就是be 的意思吧？","commentTime":"2021-11-05 12:59:38","commentOwner":"= ="},{"comment":"我一直有个问题，题材那里的那个悲剧是不是默认为BE，如果我选了悲剧，可不可以不单独排BE的雷\n№7 ☆☆☆一一|94b7ca23于2021-11-05 12:58:26留言☆☆☆\n我默认悲剧是男女主至少死一个的意思，比be还拒绝","commentTime":"2021-11-05 13:00:14","commentOwner":"小酋皇0.0"},{"comment":"历史引用 展开全部▼\n就累死，破破烂烂地在一起了\n№6☆☆☆路人甲想逼逼|bb67f190于2021-11-05 12:58:19留言☆☆☆\n不是标签甜文的话，这个应该还好。但是破破烂烂在一起到底什么意思……无法想象","commentTime":"2021-11-05 13:00:32","commentOwner":"= ="},{"comment":"历史引用 展开全部▼\n不是标签甜文的话，这个应该还好。但是破破烂烂在一起到底什么意思……无法想象\n№12 ☆☆☆= =|547e4e81于2021-11-05 13:00:32留言☆☆☆\n就，残的残，伤的伤","commentTime":"2021-11-05 13:01:31","commentOwner":"路人甲想逼逼"},{"comment":"我一直有个问题，题材那里的那个悲剧是不是默认为BE，如果我选了悲剧，可不可以不单独排BE的雷\n№7 ☆☆☆一一|94b7ca23于2021-11-05 12:58:26留言☆☆☆\n我是可以接受的，除非你文名文案画风很轻松容易让人误解","commentTime":"2021-11-05 13:01:57","commentOwner":"。"},{"comment":"历史引用 展开全部▼\n就，残的残，伤的伤\n№13☆☆☆路人甲想逼逼|bb67f190于2021-11-05 13:01:31留言☆☆☆\n这……给我整不会了。楼下来吧","commentTime":"2021-11-05 13:03:04","commentOwner":"= ="},{"comment":"我一直有个问题，题材那里的那个悲剧是不是默认为BE，如果我选了悲剧，可不可以不单独排BE的雷\n№7 ☆☆☆一一|94b7ca23于2021-11-05 12:58:26留言☆☆☆\n应该是的，并且整篇文的基调都很悲（我的理解）","commentTime":"2021-11-05 13:03:22","commentOwner":"路人甲想逼逼"},{"comment":"历史引用 展开全部▼\n这……给我整不会了。楼下来吧\n№15 ☆☆☆= =|547e4e81于2021-11-05 13:03:04留言☆☆☆\n这，忽然咯噔","commentTime":"2021-11-05 13:04:12","commentOwner":"路人甲想逼逼"},{"comment":"看人，稳妥且如果不会剧透的话能说\nbe需不需要提前说明这个有争议，有些作者是不会提前说明或者快结局才说明的，读者有的能接受有的不能\n但是如果甜文标签文案，没有任何提示结局be了那肯定会被喷死……","commentTime":"2021-11-05 13:04:27","commentOwner":"。"},{"comment":"看你的标签和前文画风、氛围吧，如果你给人一种主角还有救的错觉那估计会有人骂，如果标签什么的都没问题，画风也一直都是悲伤的压抑的，能有这样的结果是必然的或者已经算好的，那就不会\n哎呀这么一说我自己都快共情了【捂脸】","commentTime":"2021-11-05 13:04:54","commentOwner":"。"},{"comment":"肯定要啊，不然可能会有读者刷负","commentTime":"2021-11-05 13:05:11","commentOwner":"。"},{"comment":"看你的标签和前文画风、氛围吧，如果你给人一种主角还有救的错觉那估计会有人骂，如果标签什么的都没问题，画风也一直都是悲伤的压抑的，能有这样的结果是必然的或者已经算好的，那就不会\n哎呀这么一说我自己都快共情了【捂脸】\n№19 ☆☆☆。|d6258e54于2021-11-05 13:04:54留言☆☆☆\n。be排雷对我而言是剧透","commentTime":"2021-11-05 13:05:53","commentOwner":"。"},{"comment":"双死双活不算be吧\n全文虐，结尾残废没好应该可以，但前面要暗示，讲清楚。","commentTime":"2021-11-05 13:06:01","commentOwner":"=="},{"comment":"看tag，别带甜宠轻松","commentTime":"2021-11-05 13:07:10","commentOwner":"= ="},{"comment":"要的，这种结局的文我不看，看了心梗一周","commentTime":"2021-11-05 13:07:10","commentOwner":"。"},{"comment":"be就是坏结局，如果还是在一起了应该属于虐文he","commentTime":"2021-11-05 13:07:30","commentOwner":"。。"},{"comment":"最好文案里提醒下\n虽然我作为作者和读者，都不喜欢剧透，但是大多数读者，都是要知道结局的\n不然有些人会打负分\n甚至排雷过了，还是会有人因为be结局打负分（别问我怎么知道的哈哈哈哈）","commentTime":"2021-11-05 13:09:54","commentOwner":"。"},{"comment":"不用吧，难道神雕侠侣是悲剧？","commentTime":"2021-11-05 13:11:17","commentOwner":"T^T"},{"comment":"如果选了悲剧可以不排be了咩","commentTime":"2021-11-05 13:55:16","commentOwner":"。。"},{"comment":"楼主你这个，我咋记得看过一个类似的帖子呢。你的主角不会是一个毁容一个瞎了吧","commentTime":"2021-11-05 13:59:03","commentOwner":"。"}]}