{"id":"737a1eac-0f15-4d7b-9ae7-e570e22fb421","category":"晋江论坛→网友交流区→碧水江汀 请稍候...","postSubject":"主题：震惊了，男主是皇帝，普通宫斗文，有孩子需要排雷嘛 [6] 【搜索关键词：排雷】","postUrl":"https://bbs.jjwxc.net/showmsg.php?board=17&keyword=%C5%C5%C0%D7&id=1647929","originalPost":"有读者质问我，我……","numberOfReplies":6,"comments":[{"comment":"按理说是不用。但是有一些人比较疯。为了减少麻烦。一般都建议文案排雷。","commentTime":"2021-11-23 10:33:09","commentOwner":"。"},{"comment":"拍吧","commentTime":"2021-11-23 10:33:31","commentOwner":"。"},{"comment":"一般来说不需要，但是现在氛围不好，遇见一个疯的就有你好受的","commentTime":"2021-11-23 10:33:52","commentOwner":"=="},{"comment":"排一下最好","commentTime":"2021-11-23 10:34:08","commentOwner":"。"},{"comment":"我都完结好久了，笑哭，那我去排一下","commentTime":"2021-11-23 10:37:22","commentOwner":"…"},{"comment":"我以为我设计男主遇见女主后独宠已经够离谱了，没想到读者更离谱，希望我男主是处……可是男主是处怎么宫斗啊，人傻了","commentTime":"2021-11-23 21:30:01","commentOwner":"…"}]}