{"id":"06d57102-21b6-4492-89da-7bcebb1c3380","category":"晋江论坛→网友交流区→碧水江汀 请稍候...","postSubject":"主题：我文案主动排雷后我的小说，收益反而增加 [7] 【搜索关键词：排雷】","postUrl":"https://bbs.jjwxc.net/showmsg.php?board=17&keyword=%C5%C5%C0%D7&id=1686987","originalPost":"。","numberOfReplies":7,"comments":[{"comment":"按照读者骂的排雷，我竟然美了","commentTime":"2021-12-22 01:11:34","commentOwner":"。"},{"comment":"逆反心理","commentTime":"2021-12-22 01:11:39","commentOwner":"= ="},{"comment":"或许你排雷的点刚好是另一部分人的萌点，所以说找准受众很重要","commentTime":"2021-12-22 01:11:39","commentOwner":"= ="},{"comment":"有人会冲着雷点冲进去看文的比如我，以前一些文当我对他们感到疲惫的时候都是把排雷翻出来看看：哦后面还有这个雷啊我又可以了！","commentTime":"2021-12-22 01:18:18","commentOwner":"=="},{"comment":"有人会冲着雷点冲进去看文的比如我，以前一些文当我对他们感到疲惫的时候都是把排雷翻出来看看：哦后面还有这个雷啊我又可以了！\n№4 ☆☆☆==|f8614e1a于2021-12-22 01:18:18留言☆☆☆\n噗，你这猎奇的性格","commentTime":"2021-12-22 01:27:51","commentOwner":"1v"},{"comment":"善良的孩子会有好报","commentTime":"2021-12-22 01:30:03","commentOwner":"= ="},{"comment":"我会看排雷帖找文……所以再一次说明主动排雷多重要，请走不看的，吸引想看的，多好","commentTime":"2021-12-22 01:32:07","commentOwner":"啊这"}]}