{"id":"be200f13-7366-45fa-8c92-695b14b01f29","category":"晋江论坛→网友交流区→碧水江汀 欢迎回来：53088456  退 出","postSubject":"主题：偶早年滴梗都有剧毒，是那种在jj写了被排雷的程度 [2] 【搜索关键词：排雷】","postUrl":"https://bbs.jjwxc.net/showmsg.php?board=17&keyword=%C5%C5%C0%D7&id=1906928","originalPost":"。","numberOfReplies":2,"comments":[{"comment":"有一段时间  不知道为啥  疯狂想写bg掺gl  当然也写了。。。但是没有掀起很大波澜  因为我断更了","commentTime":"2022-05-20 18:40:35","commentOwner":"。"},{"comment":"。","commentTime":"2022-05-21 07:56:34","commentOwner":"jsbb"}]}