{"id":"1ef16ac4-0cc9-4ada-be71-dc81f4a17bff","category":"晋江论坛→网友交流区→碧水江汀 请稍候...","postSubject":"主题：有和我一样从不排雷的咕咕吗？无所谓负分和读者排雷，随便她们怎么说，反正我只有文案 [19] 【搜索关键词：排雷】","postUrl":"https://bbs.jjwxc.net/showmsg.php?board=17&keyword=%C5%C5%C0%D7&id=1714062","originalPost":"因为就算给我负分，也影响不到我什么，就算给我2分，我也爬不了自然榜，所以我就无所谓了","numberOfReplies":19,"comments":[{"comment":"哈哈哈摆烂吗。我还是会拍雷的","commentTime":"2022-01-11 20:55:58","commentOwner":"诱"},{"comment":"好酷哦","commentTime":"2022-01-11 20:56:44","commentOwner":"。"},{"comment":"因为我真的玻璃心做不到无视啊","commentTime":"2022-01-11 20:57:30","commentOwner":"。"},{"comment":"在意的不是自然榜和积分，在意的是自己喜欢的东西被人激情辱骂","commentTime":"2022-01-11 20:58:12","commentOwner":"。"},{"comment":"我从不看评论区排雷，因为自己的喜好和接受程度只有自己知道","commentTime":"2022-01-11 20:58:51","commentOwner":"= ="},{"comment":"我不排雷是因为我不知道那是不是雷OTZ","commentTime":"2022-01-11 21:00:21","commentOwner":"。。"},{"comment":"不在意为什么还要来这里发帖？","commentTime":"2022-01-11 21:02:12","commentOwner":"——"},{"comment":"如果是be，还是建议排雷一下。\n我可以忍受他们各种中间虐恋情深，但是受不了结局be的。","commentTime":"2022-01-11 21:02:20","commentOwner":"= ="},{"comment":"哈哈哈哈哈只要我没有诈骗、挂羊头卖狗肉、突然喂shi，我就无所畏惧","commentTime":"2022-01-11 21:13:13","commentOwner":"。"},{"comment":"不在意为什么还要来这里发帖？\n№7 ☆☆☆——|17800b48于2022-01-11 21:02:12留言☆☆☆\n想发帖就发帖啊，有问题？","commentTime":"2022-01-11 21:54:31","commentOwner":"。"},{"comment":"不在意为什么还要来这里发帖？\n№7 ☆☆☆——|17800b48于2022-01-11 21:02:12留言☆☆☆\n虽然但是，多管闲事（指层主）","commentTime":"2022-01-11 21:55:26","commentOwner":"。"},{"comment":"我也，反正不管写什么排雷最后都会被骂，就干脆全部删掉了","commentTime":"2022-01-11 21:56:41","commentOwner":"= ="},{"comment":"我会排雷（捂脸），因为我的排雷是冷题材爱好者的粮，可以精准搜索","commentTime":"2022-01-11 21:56:41","commentOwner":"。"},{"comment":"我尽量不写雷，但对于那种万事皆可雷就无话可说了","commentTime":"2022-01-11 21:57:34","commentOwner":"？"},{"comment":"我被骂怕了，还是要排个雷的，写的清清楚楚有什么雷。这样子还进来骂我的人我就可以骂回去了quq","commentTime":"2022-01-11 21:59:29","commentOwner":"秃头鸽星"},{"comment":"常规排雷要排\n别的不管","commentTime":"2022-01-11 22:01:33","commentOwner":"。"},{"comment":"常规排雷要排\n别的不管\n№16 ☆☆☆。|d284cd31于2022-01-11 22:01:33留言☆☆☆\n主要别的我有心无力\n建议读者在第一章排","commentTime":"2022-01-11 22:01:58","commentOwner":"。"},{"comment":"我也不排雷，因为我自认为没啥大众雷点orz","commentTime":"2022-01-11 22:02:25","commentOwner":"=="},{"comment":"历史引用 展开全部▼\n主要别的我有心无力\n建议读者在第一章排\n№17 ☆☆☆。|d284cd31于2022-01-11 22:01:58留言☆☆☆\n（啊我玻璃心 怕被骂hh","commentTime":"2022-01-11 22:02:42","commentOwner":"。"}]}